     shots,    errors,  discards, seconds,decoder,strong_id,json_metadata,custom_counts
         1,         0,         0,   0.265,msl-bp,8fbae80d3ef89296897f676a8e47bcb8c2151003b6e39d10606b7ee94914c1d6,"{""A"":""x+1+y"",""B"":""x+1+xy^2"",""basis"":""CX"",""circuit"":""bicycle_bivariate_18_4_3_memory_X"",""d"":3,""distance"":""3"",""error_rate"":""0.001"",""noise_model"":""uniform_circuit"",""p"":0.001,""r"":3,""rounds"":""3"",""stim_path"":""C:\\Users\\User\\Documents\\projects-git\\relay_mother_folder\\relay\\tests\\testdata\\bicycle_bivariate\\circuit=bicycle_bivariate_18_4_3_memory_X,distance=3,rounds=3,error_rate=0.001,noise_model=uniform_circuit,basis=CX,A=x+1+y,B=x+1+xy^2.stim""}",
         1,         0,         0,   0.266,msl-bp-cdamp-0p2,3a1f516d5a607d16a990acfe7beb3feb9c6b6d9127ff6cf3239d14306c8fbcb4,"{""A"":""x+1+y"",""B"":""x+1+xy^2"",""basis"":""CX"",""circuit"":""bicycle_bivariate_18_4_3_memory_X"",""d"":3,""distance"":""3"",""error_rate"":""0.001"",""noise_model"":""uniform_circuit"",""p"":0.001,""r"":3,""rounds"":""3"",""stim_path"":""C:\\Users\\User\\Documents\\projects-git\\relay_mother_folder\\relay\\tests\\testdata\\bicycle_bivariate\\circuit=bicycle_bivariate_18_4_3_memory_X,distance=3,rounds=3,error_rate=0.001,noise_model=uniform_circuit,basis=CX,A=x+1+y,B=x+1+xy^2.stim""}",
         1,         0,         0,   0.203,msl-bp-cdamp-0p8,95aa1299a09cfccca78c2e5a2f09fcb25221cfc03cb6f19befb6662bcc8760f6,"{""A"":""x+1+y"",""B"":""x+1+xy^2"",""basis"":""CX"",""circuit"":""bicycle_bivariate_18_4_3_memory_X"",""d"":3,""distance"":""3"",""error_rate"":""0.001"",""noise_model"":""uniform_circuit"",""p"":0.001,""r"":3,""rounds"":""3"",""stim_path"":""C:\\Users\\User\\Documents\\projects-git\\relay_mother_folder\\relay\\tests\\testdata\\bicycle_bivariate\\circuit=bicycle_bivariate_18_4_3_memory_X,distance=3,rounds=3,error_rate=0.001,noise_model=uniform_circuit,basis=CX,A=x+1+y,B=x+1+xy^2.stim""}",
         1,         0,         0,   0.234,mem-bp-cdamp-0p8,899402286ed484b27cfa99bdff637396ac7709784ac0c8ccfcfed7ee79542de3,"{""A"":""x+1+y"",""B"":""x+1+xy^2"",""basis"":""CX"",""circuit"":""bicycle_bivariate_18_4_3_memory_X"",""d"":3,""distance"":""3"",""error_rate"":""0.001"",""noise_model"":""uniform_circuit"",""p"":0.001,""r"":3,""rounds"":""3"",""stim_path"":""C:\\Users\\User\\Documents\\projects-git\\relay_mother_folder\\relay\\tests\\testdata\\bicycle_bivariate\\circuit=bicycle_bivariate_18_4_3_memory_X,distance=3,rounds=3,error_rate=0.001,noise_model=uniform_circuit,basis=CX,A=x+1+y,B=x+1+xy^2.stim""}",
         1,         0,         0,   0.188,mem-bp,88862465eff4b2d4e75dad9bcf066c29c41d74d8aa9fbb631e277e7728d305a5,"{""A"":""x+1+y"",""B"":""x+1+xy^2"",""basis"":""CX"",""circuit"":""bicycle_bivariate_18_4_3_memory_X"",""d"":3,""distance"":""3"",""error_rate"":""0.001"",""noise_model"":""uniform_circuit"",""p"":0.001,""r"":3,""rounds"":""3"",""stim_path"":""C:\\Users\\User\\Documents\\projects-git\\relay_mother_folder\\relay\\tests\\testdata\\bicycle_bivariate\\circuit=bicycle_bivariate_18_4_3_memory_X,distance=3,rounds=3,error_rate=0.001,noise_model=uniform_circuit,basis=CX,A=x+1+y,B=x+1+xy^2.stim""}",
         1,         0,         0,   0.204,msl-bp-cdamp-0p5,60ed0a6454f75fcc4110dcc67cfc7b494fa12ae46881ff871c282f98ceddb20d,"{""A"":""x+1+y"",""B"":""x+1+xy^2"",""basis"":""CX"",""circuit"":""bicycle_bivariate_18_4_3_memory_X"",""d"":3,""distance"":""3"",""error_rate"":""0.001"",""noise_model"":""uniform_circuit"",""p"":0.001,""r"":3,""rounds"":""3"",""stim_path"":""C:\\Users\\User\\Documents\\projects-git\\relay_mother_folder\\relay\\tests\\testdata\\bicycle_bivariate\\circuit=bicycle_bivariate_18_4_3_memory_X,distance=3,rounds=3,error_rate=0.001,noise_model=uniform_circuit,basis=CX,A=x+1+y,B=x+1+xy^2.stim""}",
         1,         0,         0,   0.219,mem-bp-cdamp-0p2,426797af2e2a88dd9b2b6409d7dee2ce83baf9f9e50a97c8bf4ff8c1293e448f,"{""A"":""x+1+y"",""B"":""x+1+xy^2"",""basis"":""CX"",""circuit"":""bicycle_bivariate_18_4_3_memory_X"",""d"":3,""distance"":""3"",""error_rate"":""0.001"",""noise_model"":""uniform_circuit"",""p"":0.001,""r"":3,""rounds"":""3"",""stim_path"":""C:\\Users\\User\\Documents\\projects-git\\relay_mother_folder\\relay\\tests\\testdata\\bicycle_bivariate\\circuit=bicycle_bivariate_18_4_3_memory_X,distance=3,rounds=3,error_rate=0.001,noise_model=uniform_circuit,basis=CX,A=x+1+y,B=x+1+xy^2.stim""}",
         1,         0,         0,   0.219,mem-bp-cdamp-0p5,006cd8c28742ec24ef0db7d2700424bbe04c9e901d86e040647fcb76a9c9c49b,"{""A"":""x+1+y"",""B"":""x+1+xy^2"",""basis"":""CX"",""circuit"":""bicycle_bivariate_18_4_3_memory_X"",""d"":3,""distance"":""3"",""error_rate"":""0.001"",""noise_model"":""uniform_circuit"",""p"":0.001,""r"":3,""rounds"":""3"",""stim_path"":""C:\\Users\\User\\Documents\\projects-git\\relay_mother_folder\\relay\\tests\\testdata\\bicycle_bivariate\\circuit=bicycle_bivariate_18_4_3_memory_X,distance=3,rounds=3,error_rate=0.001,noise_model=uniform_circuit,basis=CX,A=x+1+y,B=x+1+xy^2.stim""}",
         2,         0,         0,   0.407,msl-bp,8fbae80d3ef89296897f676a8e47bcb8c2151003b6e39d10606b7ee94914c1d6,"{""A"":""x+1+y"",""B"":""x+1+xy^2"",""basis"":""CX"",""circuit"":""bicycle_bivariate_18_4_3_memory_X"",""d"":3,""distance"":""3"",""error_rate"":""0.001"",""noise_model"":""uniform_circuit"",""p"":0.001,""r"":3,""rounds"":""3"",""stim_path"":""C:\\Users\\User\\Documents\\projects-git\\relay_mother_folder\\relay\\tests\\testdata\\bicycle_bivariate\\circuit=bicycle_bivariate_18_4_3_memory_X,distance=3,rounds=3,error_rate=0.001,noise_model=uniform_circuit,basis=CX,A=x+1+y,B=x+1+xy^2.stim""}",
         2,         0,         0,   0.547,msl-bp-cdamp-0p2,3a1f516d5a607d16a990acfe7beb3feb9c6b6d9127ff6cf3239d14306c8fbcb4,"{""A"":""x+1+y"",""B"":""x+1+xy^2"",""basis"":""CX"",""circuit"":""bicycle_bivariate_18_4_3_memory_X"",""d"":3,""distance"":""3"",""error_rate"":""0.001"",""noise_model"":""uniform_circuit"",""p"":0.001,""r"":3,""rounds"":""3"",""stim_path"":""C:\\Users\\User\\Documents\\projects-git\\relay_mother_folder\\relay\\tests\\testdata\\bicycle_bivariate\\circuit=bicycle_bivariate_18_4_3_memory_X,distance=3,rounds=3,error_rate=0.001,noise_model=uniform_circuit,basis=CX,A=x+1+y,B=x+1+xy^2.stim""}",
         2,         0,         0,   0.468,mem-bp-cdamp-0p2,426797af2e2a88dd9b2b6409d7dee2ce83baf9f9e50a97c8bf4ff8c1293e448f,"{""A"":""x+1+y"",""B"":""x+1+xy^2"",""basis"":""CX"",""circuit"":""bicycle_bivariate_18_4_3_memory_X"",""d"":3,""distance"":""3"",""error_rate"":""0.001"",""noise_model"":""uniform_circuit"",""p"":0.001,""r"":3,""rounds"":""3"",""stim_path"":""C:\\Users\\User\\Documents\\projects-git\\relay_mother_folder\\relay\\tests\\testdata\\bicycle_bivariate\\circuit=bicycle_bivariate_18_4_3_memory_X,distance=3,rounds=3,error_rate=0.001,noise_model=uniform_circuit,basis=CX,A=x+1+y,B=x+1+xy^2.stim""}",
         2,         0,         0,   0.515,msl-bp-cdamp-0p8,95aa1299a09cfccca78c2e5a2f09fcb25221cfc03cb6f19befb6662bcc8760f6,"{""A"":""x+1+y"",""B"":""x+1+xy^2"",""basis"":""CX"",""circuit"":""bicycle_bivariate_18_4_3_memory_X"",""d"":3,""distance"":""3"",""error_rate"":""0.001"",""noise_model"":""uniform_circuit"",""p"":0.001,""r"":3,""rounds"":""3"",""stim_path"":""C:\\Users\\User\\Documents\\projects-git\\relay_mother_folder\\relay\\tests\\testdata\\bicycle_bivariate\\circuit=bicycle_bivariate_18_4_3_memory_X,distance=3,rounds=3,error_rate=0.001,noise_model=uniform_circuit,basis=CX,A=x+1+y,B=x+1+xy^2.stim""}",
         2,         0,         0,   0.516,mem-bp-cdamp-0p8,899402286ed484b27cfa99bdff637396ac7709784ac0c8ccfcfed7ee79542de3,"{""A"":""x+1+y"",""B"":""x+1+xy^2"",""basis"":""CX"",""circuit"":""bicycle_bivariate_18_4_3_memory_X"",""d"":3,""distance"":""3"",""error_rate"":""0.001"",""noise_model"":""uniform_circuit"",""p"":0.001,""r"":3,""rounds"":""3"",""stim_path"":""C:\\Users\\User\\Documents\\projects-git\\relay_mother_folder\\relay\\tests\\testdata\\bicycle_bivariate\\circuit=bicycle_bivariate_18_4_3_memory_X,distance=3,rounds=3,error_rate=0.001,noise_model=uniform_circuit,basis=CX,A=x+1+y,B=x+1+xy^2.stim""}",
         2,         0,         0,   0.500,mem-bp,88862465eff4b2d4e75dad9bcf066c29c41d74d8aa9fbb631e277e7728d305a5,"{""A"":""x+1+y"",""B"":""x+1+xy^2"",""basis"":""CX"",""circuit"":""bicycle_bivariate_18_4_3_memory_X"",""d"":3,""distance"":""3"",""error_rate"":""0.001"",""noise_model"":""uniform_circuit"",""p"":0.001,""r"":3,""rounds"":""3"",""stim_path"":""C:\\Users\\User\\Documents\\projects-git\\relay_mother_folder\\relay\\tests\\testdata\\bicycle_bivariate\\circuit=bicycle_bivariate_18_4_3_memory_X,distance=3,rounds=3,error_rate=0.001,noise_model=uniform_circuit,basis=CX,A=x+1+y,B=x+1+xy^2.stim""}",
         2,         0,         0,   0.531,msl-bp-cdamp-0p5,60ed0a6454f75fcc4110dcc67cfc7b494fa12ae46881ff871c282f98ceddb20d,"{""A"":""x+1+y"",""B"":""x+1+xy^2"",""basis"":""CX"",""circuit"":""bicycle_bivariate_18_4_3_memory_X"",""d"":3,""distance"":""3"",""error_rate"":""0.001"",""noise_model"":""uniform_circuit"",""p"":0.001,""r"":3,""rounds"":""3"",""stim_path"":""C:\\Users\\User\\Documents\\projects-git\\relay_mother_folder\\relay\\tests\\testdata\\bicycle_bivariate\\circuit=bicycle_bivariate_18_4_3_memory_X,distance=3,rounds=3,error_rate=0.001,noise_model=uniform_circuit,basis=CX,A=x+1+y,B=x+1+xy^2.stim""}",
         2,         0,         0,   0.546,mem-bp-cdamp-0p5,006cd8c28742ec24ef0db7d2700424bbe04c9e901d86e040647fcb76a9c9c49b,"{""A"":""x+1+y"",""B"":""x+1+xy^2"",""basis"":""CX"",""circuit"":""bicycle_bivariate_18_4_3_memory_X"",""d"":3,""distance"":""3"",""error_rate"":""0.001"",""noise_model"":""uniform_circuit"",""p"":0.001,""r"":3,""rounds"":""3"",""stim_path"":""C:\\Users\\User\\Documents\\projects-git\\relay_mother_folder\\relay\\tests\\testdata\\bicycle_bivariate\\circuit=bicycle_bivariate_18_4_3_memory_X,distance=3,rounds=3,error_rate=0.001,noise_model=uniform_circuit,basis=CX,A=x+1+y,B=x+1+xy^2.stim""}",
         2,         0,         0,   0.375,msl-bp,8fbae80d3ef89296897f676a8e47bcb8c2151003b6e39d10606b7ee94914c1d6,"{""A"":""x+1+y"",""B"":""x+1+xy^2"",""basis"":""CX"",""circuit"":""bicycle_bivariate_18_4_3_memory_X"",""d"":3,""distance"":""3"",""error_rate"":""0.001"",""noise_model"":""uniform_circuit"",""p"":0.001,""r"":3,""rounds"":""3"",""stim_path"":""C:\\Users\\User\\Documents\\projects-git\\relay_mother_folder\\relay\\tests\\testdata\\bicycle_bivariate\\circuit=bicycle_bivariate_18_4_3_memory_X,distance=3,rounds=3,error_rate=0.001,noise_model=uniform_circuit,basis=CX,A=x+1+y,B=x+1+xy^2.stim""}",
         2,         0,         0,   0.391,msl-bp-cdamp-0p2,3a1f516d5a607d16a990acfe7beb3feb9c6b6d9127ff6cf3239d14306c8fbcb4,"{""A"":""x+1+y"",""B"":""x+1+xy^2"",""basis"":""CX"",""circuit"":""bicycle_bivariate_18_4_3_memory_X"",""d"":3,""distance"":""3"",""error_rate"":""0.001"",""noise_model"":""uniform_circuit"",""p"":0.001,""r"":3,""rounds"":""3"",""stim_path"":""C:\\Users\\User\\Documents\\projects-git\\relay_mother_folder\\relay\\tests\\testdata\\bicycle_bivariate\\circuit=bicycle_bivariate_18_4_3_memory_X,distance=3,rounds=3,error_rate=0.001,noise_model=uniform_circuit,basis=CX,A=x+1+y,B=x+1+xy^2.stim""}",
         2,         0,         0,   0.407,mem-bp-cdamp-0p2,426797af2e2a88dd9b2b6409d7dee2ce83baf9f9e50a97c8bf4ff8c1293e448f,"{""A"":""x+1+y"",""B"":""x+1+xy^2"",""basis"":""CX"",""circuit"":""bicycle_bivariate_18_4_3_memory_X"",""d"":3,""distance"":""3"",""error_rate"":""0.001"",""noise_model"":""uniform_circuit"",""p"":0.001,""r"":3,""rounds"":""3"",""stim_path"":""C:\\Users\\User\\Documents\\projects-git\\relay_mother_folder\\relay\\tests\\testdata\\bicycle_bivariate\\circuit=bicycle_bivariate_18_4_3_memory_X,distance=3,rounds=3,error_rate=0.001,noise_model=uniform_circuit,basis=CX,A=x+1+y,B=x+1+xy^2.stim""}",
         2,         0,         0,   0.438,msl-bp-cdamp-0p8,95aa1299a09cfccca78c2e5a2f09fcb25221cfc03cb6f19befb6662bcc8760f6,"{""A"":""x+1+y"",""B"":""x+1+xy^2"",""basis"":""CX"",""circuit"":""bicycle_bivariate_18_4_3_memory_X"",""d"":3,""distance"":""3"",""error_rate"":""0.001"",""noise_model"":""uniform_circuit"",""p"":0.001,""r"":3,""rounds"":""3"",""stim_path"":""C:\\Users\\User\\Documents\\projects-git\\relay_mother_folder\\relay\\tests\\testdata\\bicycle_bivariate\\circuit=bicycle_bivariate_18_4_3_memory_X,distance=3,rounds=3,error_rate=0.001,noise_model=uniform_circuit,basis=CX,A=x+1+y,B=x+1+xy^2.stim""}",
         2,         0,         0,   0.422,mem-bp-cdamp-0p8,899402286ed484b27cfa99bdff637396ac7709784ac0c8ccfcfed7ee79542de3,"{""A"":""x+1+y"",""B"":""x+1+xy^2"",""basis"":""CX"",""circuit"":""bicycle_bivariate_18_4_3_memory_X"",""d"":3,""distance"":""3"",""error_rate"":""0.001"",""noise_model"":""uniform_circuit"",""p"":0.001,""r"":3,""rounds"":""3"",""stim_path"":""C:\\Users\\User\\Documents\\projects-git\\relay_mother_folder\\relay\\tests\\testdata\\bicycle_bivariate\\circuit=bicycle_bivariate_18_4_3_memory_X,distance=3,rounds=3,error_rate=0.001,noise_model=uniform_circuit,basis=CX,A=x+1+y,B=x+1+xy^2.stim""}",
         2,         0,         0,   0.421,mem-bp,88862465eff4b2d4e75dad9bcf066c29c41d74d8aa9fbb631e277e7728d305a5,"{""A"":""x+1+y"",""B"":""x+1+xy^2"",""basis"":""CX"",""circuit"":""bicycle_bivariate_18_4_3_memory_X"",""d"":3,""distance"":""3"",""error_rate"":""0.001"",""noise_model"":""uniform_circuit"",""p"":0.001,""r"":3,""rounds"":""3"",""stim_path"":""C:\\Users\\User\\Documents\\projects-git\\relay_mother_folder\\relay\\tests\\testdata\\bicycle_bivariate\\circuit=bicycle_bivariate_18_4_3_memory_X,distance=3,rounds=3,error_rate=0.001,noise_model=uniform_circuit,basis=CX,A=x+1+y,B=x+1+xy^2.stim""}",
         2,         0,         0,   0.437,msl-bp-cdamp-0p5,60ed0a6454f75fcc4110dcc67cfc7b494fa12ae46881ff871c282f98ceddb20d,"{""A"":""x+1+y"",""B"":""x+1+xy^2"",""basis"":""CX"",""circuit"":""bicycle_bivariate_18_4_3_memory_X"",""d"":3,""distance"":""3"",""error_rate"":""0.001"",""noise_model"":""uniform_circuit"",""p"":0.001,""r"":3,""rounds"":""3"",""stim_path"":""C:\\Users\\User\\Documents\\projects-git\\relay_mother_folder\\relay\\tests\\testdata\\bicycle_bivariate\\circuit=bicycle_bivariate_18_4_3_memory_X,distance=3,rounds=3,error_rate=0.001,noise_model=uniform_circuit,basis=CX,A=x+1+y,B=x+1+xy^2.stim""}",
         2,         0,         0,   0.469,mem-bp-cdamp-0p5,006cd8c28742ec24ef0db7d2700424bbe04c9e901d86e040647fcb76a9c9c49b,"{""A"":""x+1+y"",""B"":""x+1+xy^2"",""basis"":""CX"",""circuit"":""bicycle_bivariate_18_4_3_memory_X"",""d"":3,""distance"":""3"",""error_rate"":""0.001"",""noise_model"":""uniform_circuit"",""p"":0.001,""r"":3,""rounds"":""3"",""stim_path"":""C:\\Users\\User\\Documents\\projects-git\\relay_mother_folder\\relay\\tests\\testdata\\bicycle_bivariate\\circuit=bicycle_bivariate_18_4_3_memory_X,distance=3,rounds=3,error_rate=0.001,noise_model=uniform_circuit,basis=CX,A=x+1+y,B=x+1+xy^2.stim""}",
         2,         0,         0,   0.391,msl-bp,8fbae80d3ef89296897f676a8e47bcb8c2151003b6e39d10606b7ee94914c1d6,"{""A"":""x+1+y"",""B"":""x+1+xy^2"",""basis"":""CX"",""circuit"":""bicycle_bivariate_18_4_3_memory_X"",""d"":3,""distance"":""3"",""error_rate"":""0.001"",""noise_model"":""uniform_circuit"",""p"":0.001,""r"":3,""rounds"":""3"",""stim_path"":""C:\\Users\\User\\Documents\\projects-git\\relay_mother_folder\\relay\\tests\\testdata\\bicycle_bivariate\\circuit=bicycle_bivariate_18_4_3_memory_X,distance=3,rounds=3,error_rate=0.001,noise_model=uniform_circuit,basis=CX,A=x+1+y,B=x+1+xy^2.stim""}",
         2,         0,         0,   0.422,msl-bp-cdamp-0p2,3a1f516d5a607d16a990acfe7beb3feb9c6b6d9127ff6cf3239d14306c8fbcb4,"{""A"":""x+1+y"",""B"":""x+1+xy^2"",""basis"":""CX"",""circuit"":""bicycle_bivariate_18_4_3_memory_X"",""d"":3,""distance"":""3"",""error_rate"":""0.001"",""noise_model"":""uniform_circuit"",""p"":0.001,""r"":3,""rounds"":""3"",""stim_path"":""C:\\Users\\User\\Documents\\projects-git\\relay_mother_folder\\relay\\tests\\testdata\\bicycle_bivariate\\circuit=bicycle_bivariate_18_4_3_memory_X,distance=3,rounds=3,error_rate=0.001,noise_model=uniform_circuit,basis=CX,A=x+1+y,B=x+1+xy^2.stim""}",
         2,         0,         0,   0.453,msl-bp-cdamp-0p8,95aa1299a09cfccca78c2e5a2f09fcb25221cfc03cb6f19befb6662bcc8760f6,"{""A"":""x+1+y"",""B"":""x+1+xy^2"",""basis"":""CX"",""circuit"":""bicycle_bivariate_18_4_3_memory_X"",""d"":3,""distance"":""3"",""error_rate"":""0.001"",""noise_model"":""uniform_circuit"",""p"":0.001,""r"":3,""rounds"":""3"",""stim_path"":""C:\\Users\\User\\Documents\\projects-git\\relay_mother_folder\\relay\\tests\\testdata\\bicycle_bivariate\\circuit=bicycle_bivariate_18_4_3_memory_X,distance=3,rounds=3,error_rate=0.001,noise_model=uniform_circuit,basis=CX,A=x+1+y,B=x+1+xy^2.stim""}",
         2,         0,         0,   0.438,mem-bp,88862465eff4b2d4e75dad9bcf066c29c41d74d8aa9fbb631e277e7728d305a5,"{""A"":""x+1+y"",""B"":""x+1+xy^2"",""basis"":""CX"",""circuit"":""bicycle_bivariate_18_4_3_memory_X"",""d"":3,""distance"":""3"",""error_rate"":""0.001"",""noise_model"":""uniform_circuit"",""p"":0.001,""r"":3,""rounds"":""3"",""stim_path"":""C:\\Users\\User\\Documents\\projects-git\\relay_mother_folder\\relay\\tests\\testdata\\bicycle_bivariate\\circuit=bicycle_bivariate_18_4_3_memory_X,distance=3,rounds=3,error_rate=0.001,noise_model=uniform_circuit,basis=CX,A=x+1+y,B=x+1+xy^2.stim""}",
         2,         0,         0,   0.484,mem-bp-cdamp-0p2,426797af2e2a88dd9b2b6409d7dee2ce83baf9f9e50a97c8bf4ff8c1293e448f,"{""A"":""x+1+y"",""B"":""x+1+xy^2"",""basis"":""CX"",""circuit"":""bicycle_bivariate_18_4_3_memory_X"",""d"":3,""distance"":""3"",""error_rate"":""0.001"",""noise_model"":""uniform_circuit"",""p"":0.001,""r"":3,""rounds"":""3"",""stim_path"":""C:\\Users\\User\\Documents\\projects-git\\relay_mother_folder\\relay\\tests\\testdata\\bicycle_bivariate\\circuit=bicycle_bivariate_18_4_3_memory_X,distance=3,rounds=3,error_rate=0.001,noise_model=uniform_circuit,basis=CX,A=x+1+y,B=x+1+xy^2.stim""}",
         2,         0,         0,   0.469,mem-bp-cdamp-0p8,899402286ed484b27cfa99bdff637396ac7709784ac0c8ccfcfed7ee79542de3,"{""A"":""x+1+y"",""B"":""x+1+xy^2"",""basis"":""CX"",""circuit"":""bicycle_bivariate_18_4_3_memory_X"",""d"":3,""distance"":""3"",""error_rate"":""0.001"",""noise_model"":""uniform_circuit"",""p"":0.001,""r"":3,""rounds"":""3"",""stim_path"":""C:\\Users\\User\\Documents\\projects-git\\relay_mother_folder\\relay\\tests\\testdata\\bicycle_bivariate\\circuit=bicycle_bivariate_18_4_3_memory_X,distance=3,rounds=3,error_rate=0.001,noise_model=uniform_circuit,basis=CX,A=x+1+y,B=x+1+xy^2.stim""}",
         2,         0,         0,   0.406,msl-bp,8fbae80d3ef89296897f676a8e47bcb8c2151003b6e39d10606b7ee94914c1d6,"{""A"":""x+1+y"",""B"":""x+1+xy^2"",""basis"":""CX"",""circuit"":""bicycle_bivariate_18_4_3_memory_X"",""d"":3,""distance"":""3"",""error_rate"":""0.001"",""noise_model"":""uniform_circuit"",""p"":0.001,""r"":3,""rounds"":""3"",""stim_path"":""C:\\Users\\User\\Documents\\projects-git\\relay_mother_folder\\relay\\tests\\testdata\\bicycle_bivariate\\circuit=bicycle_bivariate_18_4_3_memory_X,distance=3,rounds=3,error_rate=0.001,noise_model=uniform_circuit,basis=CX,A=x+1+y,B=x+1+xy^2.stim""}",
         2,         0,         0,   0.469,msl-bp-cdamp-0p5,60ed0a6454f75fcc4110dcc67cfc7b494fa12ae46881ff871c282f98ceddb20d,"{""A"":""x+1+y"",""B"":""x+1+xy^2"",""basis"":""CX"",""circuit"":""bicycle_bivariate_18_4_3_memory_X"",""d"":3,""distance"":""3"",""error_rate"":""0.001"",""noise_model"":""uniform_circuit"",""p"":0.001,""r"":3,""rounds"":""3"",""stim_path"":""C:\\Users\\User\\Documents\\projects-git\\relay_mother_folder\\relay\\tests\\testdata\\bicycle_bivariate\\circuit=bicycle_bivariate_18_4_3_memory_X,distance=3,rounds=3,error_rate=0.001,noise_model=uniform_circuit,basis=CX,A=x+1+y,B=x+1+xy^2.stim""}",
         2,         0,         0,   0.500,mem-bp-cdamp-0p5,006cd8c28742ec24ef0db7d2700424bbe04c9e901d86e040647fcb76a9c9c49b,"{""A"":""x+1+y"",""B"":""x+1+xy^2"",""basis"":""CX"",""circuit"":""bicycle_bivariate_18_4_3_memory_X"",""d"":3,""distance"":""3"",""error_rate"":""0.001"",""noise_model"":""uniform_circuit"",""p"":0.001,""r"":3,""rounds"":""3"",""stim_path"":""C:\\Users\\User\\Documents\\projects-git\\relay_mother_folder\\relay\\tests\\testdata\\bicycle_bivariate\\circuit=bicycle_bivariate_18_4_3_memory_X,distance=3,rounds=3,error_rate=0.001,noise_model=uniform_circuit,basis=CX,A=x+1+y,B=x+1+xy^2.stim""}",
         2,         0,         0,   0.484,msl-bp-cdamp-0p2,3a1f516d5a607d16a990acfe7beb3feb9c6b6d9127ff6cf3239d14306c8fbcb4,"{""A"":""x+1+y"",""B"":""x+1+xy^2"",""basis"":""CX"",""circuit"":""bicycle_bivariate_18_4_3_memory_X"",""d"":3,""distance"":""3"",""error_rate"":""0.001"",""noise_model"":""uniform_circuit"",""p"":0.001,""r"":3,""rounds"":""3"",""stim_path"":""C:\\Users\\User\\Documents\\projects-git\\relay_mother_folder\\relay\\tests\\testdata\\bicycle_bivariate\\circuit=bicycle_bivariate_18_4_3_memory_X,distance=3,rounds=3,error_rate=0.001,noise_model=uniform_circuit,basis=CX,A=x+1+y,B=x+1+xy^2.stim""}",
         2,         0,         0,   0.469,mem-bp,88862465eff4b2d4e75dad9bcf066c29c41d74d8aa9fbb631e277e7728d305a5,"{""A"":""x+1+y"",""B"":""x+1+xy^2"",""basis"":""CX"",""circuit"":""bicycle_bivariate_18_4_3_memory_X"",""d"":3,""distance"":""3"",""error_rate"":""0.001"",""noise_model"":""uniform_circuit"",""p"":0.001,""r"":3,""rounds"":""3"",""stim_path"":""C:\\Users\\User\\Documents\\projects-git\\relay_mother_folder\\relay\\tests\\testdata\\bicycle_bivariate\\circuit=bicycle_bivariate_18_4_3_memory_X,distance=3,rounds=3,error_rate=0.001,noise_model=uniform_circuit,basis=CX,A=x+1+y,B=x+1+xy^2.stim""}",
         2,         0,         0,   0.484,msl-bp-cdamp-0p8,95aa1299a09cfccca78c2e5a2f09fcb25221cfc03cb6f19befb6662bcc8760f6,"{""A"":""x+1+y"",""B"":""x+1+xy^2"",""basis"":""CX"",""circuit"":""bicycle_bivariate_18_4_3_memory_X"",""d"":3,""distance"":""3"",""error_rate"":""0.001"",""noise_model"":""uniform_circuit"",""p"":0.001,""r"":3,""rounds"":""3"",""stim_path"":""C:\\Users\\User\\Documents\\projects-git\\relay_mother_folder\\relay\\tests\\testdata\\bicycle_bivariate\\circuit=bicycle_bivariate_18_4_3_memory_X,distance=3,rounds=3,error_rate=0.001,noise_model=uniform_circuit,basis=CX,A=x+1+y,B=x+1+xy^2.stim""}",
         2,         0,         0,   0.500,mem-bp-cdamp-0p2,426797af2e2a88dd9b2b6409d7dee2ce83baf9f9e50a97c8bf4ff8c1293e448f,"{""A"":""x+1+y"",""B"":""x+1+xy^2"",""basis"":""CX"",""circuit"":""bicycle_bivariate_18_4_3_memory_X"",""d"":3,""distance"":""3"",""error_rate"":""0.001"",""noise_model"":""uniform_circuit"",""p"":0.001,""r"":3,""rounds"":""3"",""stim_path"":""C:\\Users\\User\\Documents\\projects-git\\relay_mother_folder\\relay\\tests\\testdata\\bicycle_bivariate\\circuit=bicycle_bivariate_18_4_3_memory_X,distance=3,rounds=3,error_rate=0.001,noise_model=uniform_circuit,basis=CX,A=x+1+y,B=x+1+xy^2.stim""}",
         2,         0,         0,   0.484,mem-bp-cdamp-0p8,899402286ed484b27cfa99bdff637396ac7709784ac0c8ccfcfed7ee79542de3,"{""A"":""x+1+y"",""B"":""x+1+xy^2"",""basis"":""CX"",""circuit"":""bicycle_bivariate_18_4_3_memory_X"",""d"":3,""distance"":""3"",""error_rate"":""0.001"",""noise_model"":""uniform_circuit"",""p"":0.001,""r"":3,""rounds"":""3"",""stim_path"":""C:\\Users\\User\\Documents\\projects-git\\relay_mother_folder\\relay\\tests\\testdata\\bicycle_bivariate\\circuit=bicycle_bivariate_18_4_3_memory_X,distance=3,rounds=3,error_rate=0.001,noise_model=uniform_circuit,basis=CX,A=x+1+y,B=x+1+xy^2.stim""}",
         2,         0,         0,   0.438,msl-bp,8fbae80d3ef89296897f676a8e47bcb8c2151003b6e39d10606b7ee94914c1d6,"{""A"":""x+1+y"",""B"":""x+1+xy^2"",""basis"":""CX"",""circuit"":""bicycle_bivariate_18_4_3_memory_X"",""d"":3,""distance"":""3"",""error_rate"":""0.001"",""noise_model"":""uniform_circuit"",""p"":0.001,""r"":3,""rounds"":""3"",""stim_path"":""C:\\Users\\User\\Documents\\projects-git\\relay_mother_folder\\relay\\tests\\testdata\\bicycle_bivariate\\circuit=bicycle_bivariate_18_4_3_memory_X,distance=3,rounds=3,error_rate=0.001,noise_model=uniform_circuit,basis=CX,A=x+1+y,B=x+1+xy^2.stim""}",
         2,         0,         0,   0.531,msl-bp-cdamp-0p5,60ed0a6454f75fcc4110dcc67cfc7b494fa12ae46881ff871c282f98ceddb20d,"{""A"":""x+1+y"",""B"":""x+1+xy^2"",""basis"":""CX"",""circuit"":""bicycle_bivariate_18_4_3_memory_X"",""d"":3,""distance"":""3"",""error_rate"":""0.001"",""noise_model"":""uniform_circuit"",""p"":0.001,""r"":3,""rounds"":""3"",""stim_path"":""C:\\Users\\User\\Documents\\projects-git\\relay_mother_folder\\relay\\tests\\testdata\\bicycle_bivariate\\circuit=bicycle_bivariate_18_4_3_memory_X,distance=3,rounds=3,error_rate=0.001,noise_model=uniform_circuit,basis=CX,A=x+1+y,B=x+1+xy^2.stim""}",
         2,         0,         0,   0.516,mem-bp-cdamp-0p5,006cd8c28742ec24ef0db7d2700424bbe04c9e901d86e040647fcb76a9c9c49b,"{""A"":""x+1+y"",""B"":""x+1+xy^2"",""basis"":""CX"",""circuit"":""bicycle_bivariate_18_4_3_memory_X"",""d"":3,""distance"":""3"",""error_rate"":""0.001"",""noise_model"":""uniform_circuit"",""p"":0.001,""r"":3,""rounds"":""3"",""stim_path"":""C:\\Users\\User\\Documents\\projects-git\\relay_mother_folder\\relay\\tests\\testdata\\bicycle_bivariate\\circuit=bicycle_bivariate_18_4_3_memory_X,distance=3,rounds=3,error_rate=0.001,noise_model=uniform_circuit,basis=CX,A=x+1+y,B=x+1+xy^2.stim""}",
         2,         0,         0,   0.407,msl-bp-cdamp-0p2,3a1f516d5a607d16a990acfe7beb3feb9c6b6d9127ff6cf3239d14306c8fbcb4,"{""A"":""x+1+y"",""B"":""x+1+xy^2"",""basis"":""CX"",""circuit"":""bicycle_bivariate_18_4_3_memory_X"",""d"":3,""distance"":""3"",""error_rate"":""0.001"",""noise_model"":""uniform_circuit"",""p"":0.001,""r"":3,""rounds"":""3"",""stim_path"":""C:\\Users\\User\\Documents\\projects-git\\relay_mother_folder\\relay\\tests\\testdata\\bicycle_bivariate\\circuit=bicycle_bivariate_18_4_3_memory_X,distance=3,rounds=3,error_rate=0.001,noise_model=uniform_circuit,basis=CX,A=x+1+y,B=x+1+xy^2.stim""}",
         2,         0,         0,   0.453,mem-bp,88862465eff4b2d4e75dad9bcf066c29c41d74d8aa9fbb631e277e7728d305a5,"{""A"":""x+1+y"",""B"":""x+1+xy^2"",""basis"":""CX"",""circuit"":""bicycle_bivariate_18_4_3_memory_X"",""d"":3,""distance"":""3"",""error_rate"":""0.001"",""noise_model"":""uniform_circuit"",""p"":0.001,""r"":3,""rounds"":""3"",""stim_path"":""C:\\Users\\User\\Documents\\projects-git\\relay_mother_folder\\relay\\tests\\testdata\\bicycle_bivariate\\circuit=bicycle_bivariate_18_4_3_memory_X,distance=3,rounds=3,error_rate=0.001,noise_model=uniform_circuit,basis=CX,A=x+1+y,B=x+1+xy^2.stim""}",
         2,         0,         0,   0.406,msl-bp,8fbae80d3ef89296897f676a8e47bcb8c2151003b6e39d10606b7ee94914c1d6,"{""A"":""x+1+y"",""B"":""x+1+xy^2"",""basis"":""CX"",""circuit"":""bicycle_bivariate_18_4_3_memory_X"",""d"":3,""distance"":""3"",""error_rate"":""0.001"",""noise_model"":""uniform_circuit"",""p"":0.001,""r"":3,""rounds"":""3"",""stim_path"":""C:\\Users\\User\\Documents\\projects-git\\relay_mother_folder\\relay\\tests\\testdata\\bicycle_bivariate\\circuit=bicycle_bivariate_18_4_3_memory_X,distance=3,rounds=3,error_rate=0.001,noise_model=uniform_circuit,basis=CX,A=x+1+y,B=x+1+xy^2.stim""}",
         2,         0,         0,   0.453,msl-bp-cdamp-0p8,95aa1299a09cfccca78c2e5a2f09fcb25221cfc03cb6f19befb6662bcc8760f6,"{""A"":""x+1+y"",""B"":""x+1+xy^2"",""basis"":""CX"",""circuit"":""bicycle_bivariate_18_4_3_memory_X"",""d"":3,""distance"":""3"",""error_rate"":""0.001"",""noise_model"":""uniform_circuit"",""p"":0.001,""r"":3,""rounds"":""3"",""stim_path"":""C:\\Users\\User\\Documents\\projects-git\\relay_mother_folder\\relay\\tests\\testdata\\bicycle_bivariate\\circuit=bicycle_bivariate_18_4_3_memory_X,distance=3,rounds=3,error_rate=0.001,noise_model=uniform_circuit,basis=CX,A=x+1+y,B=x+1+xy^2.stim""}",
         2,         0,         0,   0.469,mem-bp-cdamp-0p2,426797af2e2a88dd9b2b6409d7dee2ce83baf9f9e50a97c8bf4ff8c1293e448f,"{""A"":""x+1+y"",""B"":""x+1+xy^2"",""basis"":""CX"",""circuit"":""bicycle_bivariate_18_4_3_memory_X"",""d"":3,""distance"":""3"",""error_rate"":""0.001"",""noise_model"":""uniform_circuit"",""p"":0.001,""r"":3,""rounds"":""3"",""stim_path"":""C:\\Users\\User\\Documents\\projects-git\\relay_mother_folder\\relay\\tests\\testdata\\bicycle_bivariate\\circuit=bicycle_bivariate_18_4_3_memory_X,distance=3,rounds=3,error_rate=0.001,noise_model=uniform_circuit,basis=CX,A=x+1+y,B=x+1+xy^2.stim""}",
         2,         0,         0,   0.484,mem-bp-cdamp-0p8,899402286ed484b27cfa99bdff637396ac7709784ac0c8ccfcfed7ee79542de3,"{""A"":""x+1+y"",""B"":""x+1+xy^2"",""basis"":""CX"",""circuit"":""bicycle_bivariate_18_4_3_memory_X"",""d"":3,""distance"":""3"",""error_rate"":""0.001"",""noise_model"":""uniform_circuit"",""p"":0.001,""r"":3,""rounds"":""3"",""stim_path"":""C:\\Users\\User\\Documents\\projects-git\\relay_mother_folder\\relay\\tests\\testdata\\bicycle_bivariate\\circuit=bicycle_bivariate_18_4_3_memory_X,distance=3,rounds=3,error_rate=0.001,noise_model=uniform_circuit,basis=CX,A=x+1+y,B=x+1+xy^2.stim""}",
         2,         0,         0,   0.438,msl-bp-cdamp-0p5,60ed0a6454f75fcc4110dcc67cfc7b494fa12ae46881ff871c282f98ceddb20d,"{""A"":""x+1+y"",""B"":""x+1+xy^2"",""basis"":""CX"",""circuit"":""bicycle_bivariate_18_4_3_memory_X"",""d"":3,""distance"":""3"",""error_rate"":""0.001"",""noise_model"":""uniform_circuit"",""p"":0.001,""r"":3,""rounds"":""3"",""stim_path"":""C:\\Users\\User\\Documents\\projects-git\\relay_mother_folder\\relay\\tests\\testdata\\bicycle_bivariate\\circuit=bicycle_bivariate_18_4_3_memory_X,distance=3,rounds=3,error_rate=0.001,noise_model=uniform_circuit,basis=CX,A=x+1+y,B=x+1+xy^2.stim""}",
         2,         0,         0,   0.469,mem-bp-cdamp-0p5,006cd8c28742ec24ef0db7d2700424bbe04c9e901d86e040647fcb76a9c9c49b,"{""A"":""x+1+y"",""B"":""x+1+xy^2"",""basis"":""CX"",""circuit"":""bicycle_bivariate_18_4_3_memory_X"",""d"":3,""distance"":""3"",""error_rate"":""0.001"",""noise_model"":""uniform_circuit"",""p"":0.001,""r"":3,""rounds"":""3"",""stim_path"":""C:\\Users\\User\\Documents\\projects-git\\relay_mother_folder\\relay\\tests\\testdata\\bicycle_bivariate\\circuit=bicycle_bivariate_18_4_3_memory_X,distance=3,rounds=3,error_rate=0.001,noise_model=uniform_circuit,basis=CX,A=x+1+y,B=x+1+xy^2.stim""}",
         2,         0,         0,   0.468,msl-bp-cdamp-0p2,3a1f516d5a607d16a990acfe7beb3feb9c6b6d9127ff6cf3239d14306c8fbcb4,"{""A"":""x+1+y"",""B"":""x+1+xy^2"",""basis"":""CX"",""circuit"":""bicycle_bivariate_18_4_3_memory_X"",""d"":3,""distance"":""3"",""error_rate"":""0.001"",""noise_model"":""uniform_circuit"",""p"":0.001,""r"":3,""rounds"":""3"",""stim_path"":""C:\\Users\\User\\Documents\\projects-git\\relay_mother_folder\\relay\\tests\\testdata\\bicycle_bivariate\\circuit=bicycle_bivariate_18_4_3_memory_X,distance=3,rounds=3,error_rate=0.001,noise_model=uniform_circuit,basis=CX,A=x+1+y,B=x+1+xy^2.stim""}",
         2,         0,         0,   0.359,msl-bp,8fbae80d3ef89296897f676a8e47bcb8c2151003b6e39d10606b7ee94914c1d6,"{""A"":""x+1+y"",""B"":""x+1+xy^2"",""basis"":""CX"",""circuit"":""bicycle_bivariate_18_4_3_memory_X"",""d"":3,""distance"":""3"",""error_rate"":""0.001"",""noise_model"":""uniform_circuit"",""p"":0.001,""r"":3,""rounds"":""3"",""stim_path"":""C:\\Users\\User\\Documents\\projects-git\\relay_mother_folder\\relay\\tests\\testdata\\bicycle_bivariate\\circuit=bicycle_bivariate_18_4_3_memory_X,distance=3,rounds=3,error_rate=0.001,noise_model=uniform_circuit,basis=CX,A=x+1+y,B=x+1+xy^2.stim""}",
         2,         0,         0,   0.406,mem-bp,88862465eff4b2d4e75dad9bcf066c29c41d74d8aa9fbb631e277e7728d305a5,"{""A"":""x+1+y"",""B"":""x+1+xy^2"",""basis"":""CX"",""circuit"":""bicycle_bivariate_18_4_3_memory_X"",""d"":3,""distance"":""3"",""error_rate"":""0.001"",""noise_model"":""uniform_circuit"",""p"":0.001,""r"":3,""rounds"":""3"",""stim_path"":""C:\\Users\\User\\Documents\\projects-git\\relay_mother_folder\\relay\\tests\\testdata\\bicycle_bivariate\\circuit=bicycle_bivariate_18_4_3_memory_X,distance=3,rounds=3,error_rate=0.001,noise_model=uniform_circuit,basis=CX,A=x+1+y,B=x+1+xy^2.stim""}",
         2,         0,         0,   0.422,mem-bp-cdamp-0p8,899402286ed484b27cfa99bdff637396ac7709784ac0c8ccfcfed7ee79542de3,"{""A"":""x+1+y"",""B"":""x+1+xy^2"",""basis"":""CX"",""circuit"":""bicycle_bivariate_18_4_3_memory_X"",""d"":3,""distance"":""3"",""error_rate"":""0.001"",""noise_model"":""uniform_circuit"",""p"":0.001,""r"":3,""rounds"":""3"",""stim_path"":""C:\\Users\\User\\Documents\\projects-git\\relay_mother_folder\\relay\\tests\\testdata\\bicycle_bivariate\\circuit=bicycle_bivariate_18_4_3_memory_X,distance=3,rounds=3,error_rate=0.001,noise_model=uniform_circuit,basis=CX,A=x+1+y,B=x+1+xy^2.stim""}",
         2,         0,         0,   0.453,mem-bp-cdamp-0p2,426797af2e2a88dd9b2b6409d7dee2ce83baf9f9e50a97c8bf4ff8c1293e448f,"{""A"":""x+1+y"",""B"":""x+1+xy^2"",""basis"":""CX"",""circuit"":""bicycle_bivariate_18_4_3_memory_X"",""d"":3,""distance"":""3"",""error_rate"":""0.001"",""noise_model"":""uniform_circuit"",""p"":0.001,""r"":3,""rounds"":""3"",""stim_path"":""C:\\Users\\User\\Documents\\projects-git\\relay_mother_folder\\relay\\tests\\testdata\\bicycle_bivariate\\circuit=bicycle_bivariate_18_4_3_memory_X,distance=3,rounds=3,error_rate=0.001,noise_model=uniform_circuit,basis=CX,A=x+1+y,B=x+1+xy^2.stim""}",
         2,         0,         0,   0.500,msl-bp-cdamp-0p8,95aa1299a09cfccca78c2e5a2f09fcb25221cfc03cb6f19befb6662bcc8760f6,"{""A"":""x+1+y"",""B"":""x+1+xy^2"",""basis"":""CX"",""circuit"":""bicycle_bivariate_18_4_3_memory_X"",""d"":3,""distance"":""3"",""error_rate"":""0.001"",""noise_model"":""uniform_circuit"",""p"":0.001,""r"":3,""rounds"":""3"",""stim_path"":""C:\\Users\\User\\Documents\\projects-git\\relay_mother_folder\\relay\\tests\\testdata\\bicycle_bivariate\\circuit=bicycle_bivariate_18_4_3_memory_X,distance=3,rounds=3,error_rate=0.001,noise_model=uniform_circuit,basis=CX,A=x+1+y,B=x+1+xy^2.stim""}",
         2,         0,         0,   0.453,msl-bp-cdamp-0p5,60ed0a6454f75fcc4110dcc67cfc7b494fa12ae46881ff871c282f98ceddb20d,"{""A"":""x+1+y"",""B"":""x+1+xy^2"",""basis"":""CX"",""circuit"":""bicycle_bivariate_18_4_3_memory_X"",""d"":3,""distance"":""3"",""error_rate"":""0.001"",""noise_model"":""uniform_circuit"",""p"":0.001,""r"":3,""rounds"":""3"",""stim_path"":""C:\\Users\\User\\Documents\\projects-git\\relay_mother_folder\\relay\\tests\\testdata\\bicycle_bivariate\\circuit=bicycle_bivariate_18_4_3_memory_X,distance=3,rounds=3,error_rate=0.001,noise_model=uniform_circuit,basis=CX,A=x+1+y,B=x+1+xy^2.stim""}",
         2,         0,         0,   0.484,mem-bp-cdamp-0p5,006cd8c28742ec24ef0db7d2700424bbe04c9e901d86e040647fcb76a9c9c49b,"{""A"":""x+1+y"",""B"":""x+1+xy^2"",""basis"":""CX"",""circuit"":""bicycle_bivariate_18_4_3_memory_X"",""d"":3,""distance"":""3"",""error_rate"":""0.001"",""noise_model"":""uniform_circuit"",""p"":0.001,""r"":3,""rounds"":""3"",""stim_path"":""C:\\Users\\User\\Documents\\projects-git\\relay_mother_folder\\relay\\tests\\testdata\\bicycle_bivariate\\circuit=bicycle_bivariate_18_4_3_memory_X,distance=3,rounds=3,error_rate=0.001,noise_model=uniform_circuit,basis=CX,A=x+1+y,B=x+1+xy^2.stim""}",
         2,         0,         0,   0.422,msl-bp-cdamp-0p2,3a1f516d5a607d16a990acfe7beb3feb9c6b6d9127ff6cf3239d14306c8fbcb4,"{""A"":""x+1+y"",""B"":""x+1+xy^2"",""basis"":""CX"",""circuit"":""bicycle_bivariate_18_4_3_memory_X"",""d"":3,""distance"":""3"",""error_rate"":""0.001"",""noise_model"":""uniform_circuit"",""p"":0.001,""r"":3,""rounds"":""3"",""stim_path"":""C:\\Users\\User\\Documents\\projects-git\\relay_mother_folder\\relay\\tests\\testdata\\bicycle_bivariate\\circuit=bicycle_bivariate_18_4_3_memory_X,distance=3,rounds=3,error_rate=0.001,noise_model=uniform_circuit,basis=CX,A=x+1+y,B=x+1+xy^2.stim""}",
         2,         0,         0,   0.391,msl-bp,8fbae80d3ef89296897f676a8e47bcb8c2151003b6e39d10606b7ee94914c1d6,"{""A"":""x+1+y"",""B"":""x+1+xy^2"",""basis"":""CX"",""circuit"":""bicycle_bivariate_18_4_3_memory_X"",""d"":3,""distance"":""3"",""error_rate"":""0.001"",""noise_model"":""uniform_circuit"",""p"":0.001,""r"":3,""rounds"":""3"",""stim_path"":""C:\\Users\\User\\Documents\\projects-git\\relay_mother_folder\\relay\\tests\\testdata\\bicycle_bivariate\\circuit=bicycle_bivariate_18_4_3_memory_X,distance=3,rounds=3,error_rate=0.001,noise_model=uniform_circuit,basis=CX,A=x+1+y,B=x+1+xy^2.stim""}",
         2,         0,         0,   0.438,mem-bp,88862465eff4b2d4e75dad9bcf066c29c41d74d8aa9fbb631e277e7728d305a5,"{""A"":""x+1+y"",""B"":""x+1+xy^2"",""basis"":""CX"",""circuit"":""bicycle_bivariate_18_4_3_memory_X"",""d"":3,""distance"":""3"",""error_rate"":""0.001"",""noise_model"":""uniform_circuit"",""p"":0.001,""r"":3,""rounds"":""3"",""stim_path"":""C:\\Users\\User\\Documents\\projects-git\\relay_mother_folder\\relay\\tests\\testdata\\bicycle_bivariate\\circuit=bicycle_bivariate_18_4_3_memory_X,distance=3,rounds=3,error_rate=0.001,noise_model=uniform_circuit,basis=CX,A=x+1+y,B=x+1+xy^2.stim""}",
         2,         0,         0,   0.422,mem-bp-cdamp-0p2,426797af2e2a88dd9b2b6409d7dee2ce83baf9f9e50a97c8bf4ff8c1293e448f,"{""A"":""x+1+y"",""B"":""x+1+xy^2"",""basis"":""CX"",""circuit"":""bicycle_bivariate_18_4_3_memory_X"",""d"":3,""distance"":""3"",""error_rate"":""0.001"",""noise_model"":""uniform_circuit"",""p"":0.001,""r"":3,""rounds"":""3"",""stim_path"":""C:\\Users\\User\\Documents\\projects-git\\relay_mother_folder\\relay\\tests\\testdata\\bicycle_bivariate\\circuit=bicycle_bivariate_18_4_3_memory_X,distance=3,rounds=3,error_rate=0.001,noise_model=uniform_circuit,basis=CX,A=x+1+y,B=x+1+xy^2.stim""}",
         2,         0,         0,   0.453,mem-bp-cdamp-0p8,899402286ed484b27cfa99bdff637396ac7709784ac0c8ccfcfed7ee79542de3,"{""A"":""x+1+y"",""B"":""x+1+xy^2"",""basis"":""CX"",""circuit"":""bicycle_bivariate_18_4_3_memory_X"",""d"":3,""distance"":""3"",""error_rate"":""0.001"",""noise_model"":""uniform_circuit"",""p"":0.001,""r"":3,""rounds"":""3"",""stim_path"":""C:\\Users\\User\\Documents\\projects-git\\relay_mother_folder\\relay\\tests\\testdata\\bicycle_bivariate\\circuit=bicycle_bivariate_18_4_3_memory_X,distance=3,rounds=3,error_rate=0.001,noise_model=uniform_circuit,basis=CX,A=x+1+y,B=x+1+xy^2.stim""}",
         2,         0,         0,   0.454,msl-bp-cdamp-0p8,95aa1299a09cfccca78c2e5a2f09fcb25221cfc03cb6f19befb6662bcc8760f6,"{""A"":""x+1+y"",""B"":""x+1+xy^2"",""basis"":""CX"",""circuit"":""bicycle_bivariate_18_4_3_memory_X"",""d"":3,""distance"":""3"",""error_rate"":""0.001"",""noise_model"":""uniform_circuit"",""p"":0.001,""r"":3,""rounds"":""3"",""stim_path"":""C:\\Users\\User\\Documents\\projects-git\\relay_mother_folder\\relay\\tests\\testdata\\bicycle_bivariate\\circuit=bicycle_bivariate_18_4_3_memory_X,distance=3,rounds=3,error_rate=0.001,noise_model=uniform_circuit,basis=CX,A=x+1+y,B=x+1+xy^2.stim""}",
         2,         0,         0,   0.484,msl-bp-cdamp-0p5,60ed0a6454f75fcc4110dcc67cfc7b494fa12ae46881ff871c282f98ceddb20d,"{""A"":""x+1+y"",""B"":""x+1+xy^2"",""basis"":""CX"",""circuit"":""bicycle_bivariate_18_4_3_memory_X"",""d"":3,""distance"":""3"",""error_rate"":""0.001"",""noise_model"":""uniform_circuit"",""p"":0.001,""r"":3,""rounds"":""3"",""stim_path"":""C:\\Users\\User\\Documents\\projects-git\\relay_mother_folder\\relay\\tests\\testdata\\bicycle_bivariate\\circuit=bicycle_bivariate_18_4_3_memory_X,distance=3,rounds=3,error_rate=0.001,noise_model=uniform_circuit,basis=CX,A=x+1+y,B=x+1+xy^2.stim""}",
         2,         0,         0,   0.437,msl-bp,8fbae80d3ef89296897f676a8e47bcb8c2151003b6e39d10606b7ee94914c1d6,"{""A"":""x+1+y"",""B"":""x+1+xy^2"",""basis"":""CX"",""circuit"":""bicycle_bivariate_18_4_3_memory_X"",""d"":3,""distance"":""3"",""error_rate"":""0.001"",""noise_model"":""uniform_circuit"",""p"":0.001,""r"":3,""rounds"":""3"",""stim_path"":""C:\\Users\\User\\Documents\\projects-git\\relay_mother_folder\\relay\\tests\\testdata\\bicycle_bivariate\\circuit=bicycle_bivariate_18_4_3_memory_X,distance=3,rounds=3,error_rate=0.001,noise_model=uniform_circuit,basis=CX,A=x+1+y,B=x+1+xy^2.stim""}",
         2,         0,         0,   0.516,mem-bp-cdamp-0p5,006cd8c28742ec24ef0db7d2700424bbe04c9e901d86e040647fcb76a9c9c49b,"{""A"":""x+1+y"",""B"":""x+1+xy^2"",""basis"":""CX"",""circuit"":""bicycle_bivariate_18_4_3_memory_X"",""d"":3,""distance"":""3"",""error_rate"":""0.001"",""noise_model"":""uniform_circuit"",""p"":0.001,""r"":3,""rounds"":""3"",""stim_path"":""C:\\Users\\User\\Documents\\projects-git\\relay_mother_folder\\relay\\tests\\testdata\\bicycle_bivariate\\circuit=bicycle_bivariate_18_4_3_memory_X,distance=3,rounds=3,error_rate=0.001,noise_model=uniform_circuit,basis=CX,A=x+1+y,B=x+1+xy^2.stim""}",
         2,         0,         0,   0.500,msl-bp-cdamp-0p2,3a1f516d5a607d16a990acfe7beb3feb9c6b6d9127ff6cf3239d14306c8fbcb4,"{""A"":""x+1+y"",""B"":""x+1+xy^2"",""basis"":""CX"",""circuit"":""bicycle_bivariate_18_4_3_memory_X"",""d"":3,""distance"":""3"",""error_rate"":""0.001"",""noise_model"":""uniform_circuit"",""p"":0.001,""r"":3,""rounds"":""3"",""stim_path"":""C:\\Users\\User\\Documents\\projects-git\\relay_mother_folder\\relay\\tests\\testdata\\bicycle_bivariate\\circuit=bicycle_bivariate_18_4_3_memory_X,distance=3,rounds=3,error_rate=0.001,noise_model=uniform_circuit,basis=CX,A=x+1+y,B=x+1+xy^2.stim""}",
         2,         0,         0,   0.531,mem-bp,88862465eff4b2d4e75dad9bcf066c29c41d74d8aa9fbb631e277e7728d305a5,"{""A"":""x+1+y"",""B"":""x+1+xy^2"",""basis"":""CX"",""circuit"":""bicycle_bivariate_18_4_3_memory_X"",""d"":3,""distance"":""3"",""error_rate"":""0.001"",""noise_model"":""uniform_circuit"",""p"":0.001,""r"":3,""rounds"":""3"",""stim_path"":""C:\\Users\\User\\Documents\\projects-git\\relay_mother_folder\\relay\\tests\\testdata\\bicycle_bivariate\\circuit=bicycle_bivariate_18_4_3_memory_X,distance=3,rounds=3,error_rate=0.001,noise_model=uniform_circuit,basis=CX,A=x+1+y,B=x+1+xy^2.stim""}",
         2,         0,         0,   0.500,mem-bp-cdamp-0p8,899402286ed484b27cfa99bdff637396ac7709784ac0c8ccfcfed7ee79542de3,"{""A"":""x+1+y"",""B"":""x+1+xy^2"",""basis"":""CX"",""circuit"":""bicycle_bivariate_18_4_3_memory_X"",""d"":3,""distance"":""3"",""error_rate"":""0.001"",""noise_model"":""uniform_circuit"",""p"":0.001,""r"":3,""rounds"":""3"",""stim_path"":""C:\\Users\\User\\Documents\\projects-git\\relay_mother_folder\\relay\\tests\\testdata\\bicycle_bivariate\\circuit=bicycle_bivariate_18_4_3_memory_X,distance=3,rounds=3,error_rate=0.001,noise_model=uniform_circuit,basis=CX,A=x+1+y,B=x+1+xy^2.stim""}",
         2,         0,         0,   0.500,msl-bp-cdamp-0p8,95aa1299a09cfccca78c2e5a2f09fcb25221cfc03cb6f19befb6662bcc8760f6,"{""A"":""x+1+y"",""B"":""x+1+xy^2"",""basis"":""CX"",""circuit"":""bicycle_bivariate_18_4_3_memory_X"",""d"":3,""distance"":""3"",""error_rate"":""0.001"",""noise_model"":""uniform_circuit"",""p"":0.001,""r"":3,""rounds"":""3"",""stim_path"":""C:\\Users\\User\\Documents\\projects-git\\relay_mother_folder\\relay\\tests\\testdata\\bicycle_bivariate\\circuit=bicycle_bivariate_18_4_3_memory_X,distance=3,rounds=3,error_rate=0.001,noise_model=uniform_circuit,basis=CX,A=x+1+y,B=x+1+xy^2.stim""}",
         2,         0,         0,   0.547,mem-bp-cdamp-0p2,426797af2e2a88dd9b2b6409d7dee2ce83baf9f9e50a97c8bf4ff8c1293e448f,"{""A"":""x+1+y"",""B"":""x+1+xy^2"",""basis"":""CX"",""circuit"":""bicycle_bivariate_18_4_3_memory_X"",""d"":3,""distance"":""3"",""error_rate"":""0.001"",""noise_model"":""uniform_circuit"",""p"":0.001,""r"":3,""rounds"":""3"",""stim_path"":""C:\\Users\\User\\Documents\\projects-git\\relay_mother_folder\\relay\\tests\\testdata\\bicycle_bivariate\\circuit=bicycle_bivariate_18_4_3_memory_X,distance=3,rounds=3,error_rate=0.001,noise_model=uniform_circuit,basis=CX,A=x+1+y,B=x+1+xy^2.stim""}",
         2,         0,         0,   0.375,msl-bp,8fbae80d3ef89296897f676a8e47bcb8c2151003b6e39d10606b7ee94914c1d6,"{""A"":""x+1+y"",""B"":""x+1+xy^2"",""basis"":""CX"",""circuit"":""bicycle_bivariate_18_4_3_memory_X"",""d"":3,""distance"":""3"",""error_rate"":""0.001"",""noise_model"":""uniform_circuit"",""p"":0.001,""r"":3,""rounds"":""3"",""stim_path"":""C:\\Users\\User\\Documents\\projects-git\\relay_mother_folder\\relay\\tests\\testdata\\bicycle_bivariate\\circuit=bicycle_bivariate_18_4_3_memory_X,distance=3,rounds=3,error_rate=0.001,noise_model=uniform_circuit,basis=CX,A=x+1+y,B=x+1+xy^2.stim""}",
         2,         0,         0,   0.532,msl-bp-cdamp-0p5,60ed0a6454f75fcc4110dcc67cfc7b494fa12ae46881ff871c282f98ceddb20d,"{""A"":""x+1+y"",""B"":""x+1+xy^2"",""basis"":""CX"",""circuit"":""bicycle_bivariate_18_4_3_memory_X"",""d"":3,""distance"":""3"",""error_rate"":""0.001"",""noise_model"":""uniform_circuit"",""p"":0.001,""r"":3,""rounds"":""3"",""stim_path"":""C:\\Users\\User\\Documents\\projects-git\\relay_mother_folder\\relay\\tests\\testdata\\bicycle_bivariate\\circuit=bicycle_bivariate_18_4_3_memory_X,distance=3,rounds=3,error_rate=0.001,noise_model=uniform_circuit,basis=CX,A=x+1+y,B=x+1+xy^2.stim""}",
         2,         0,         0,   0.438,msl-bp-cdamp-0p2,3a1f516d5a607d16a990acfe7beb3feb9c6b6d9127ff6cf3239d14306c8fbcb4,"{""A"":""x+1+y"",""B"":""x+1+xy^2"",""basis"":""CX"",""circuit"":""bicycle_bivariate_18_4_3_memory_X"",""d"":3,""distance"":""3"",""error_rate"":""0.001"",""noise_model"":""uniform_circuit"",""p"":0.001,""r"":3,""rounds"":""3"",""stim_path"":""C:\\Users\\User\\Documents\\projects-git\\relay_mother_folder\\relay\\tests\\testdata\\bicycle_bivariate\\circuit=bicycle_bivariate_18_4_3_memory_X,distance=3,rounds=3,error_rate=0.001,noise_model=uniform_circuit,basis=CX,A=x+1+y,B=x+1+xy^2.stim""}",
         2,         1,         0,   0.500,mem-bp-cdamp-0p5,006cd8c28742ec24ef0db7d2700424bbe04c9e901d86e040647fcb76a9c9c49b,"{""A"":""x+1+y"",""B"":""x+1+xy^2"",""basis"":""CX"",""circuit"":""bicycle_bivariate_18_4_3_memory_X"",""d"":3,""distance"":""3"",""error_rate"":""0.001"",""noise_model"":""uniform_circuit"",""p"":0.001,""r"":3,""rounds"":""3"",""stim_path"":""C:\\Users\\User\\Documents\\projects-git\\relay_mother_folder\\relay\\tests\\testdata\\bicycle_bivariate\\circuit=bicycle_bivariate_18_4_3_memory_X,distance=3,rounds=3,error_rate=0.001,noise_model=uniform_circuit,basis=CX,A=x+1+y,B=x+1+xy^2.stim""}",
         2,         0,         0,   0.437,mem-bp,88862465eff4b2d4e75dad9bcf066c29c41d74d8aa9fbb631e277e7728d305a5,"{""A"":""x+1+y"",""B"":""x+1+xy^2"",""basis"":""CX"",""circuit"":""bicycle_bivariate_18_4_3_memory_X"",""d"":3,""distance"":""3"",""error_rate"":""0.001"",""noise_model"":""uniform_circuit"",""p"":0.001,""r"":3,""rounds"":""3"",""stim_path"":""C:\\Users\\User\\Documents\\projects-git\\relay_mother_folder\\relay\\tests\\testdata\\bicycle_bivariate\\circuit=bicycle_bivariate_18_4_3_memory_X,distance=3,rounds=3,error_rate=0.001,noise_model=uniform_circuit,basis=CX,A=x+1+y,B=x+1+xy^2.stim""}",
         2,         0,         0,   0.422,mem-bp-cdamp-0p8,899402286ed484b27cfa99bdff637396ac7709784ac0c8ccfcfed7ee79542de3,"{""A"":""x+1+y"",""B"":""x+1+xy^2"",""basis"":""CX"",""circuit"":""bicycle_bivariate_18_4_3_memory_X"",""d"":3,""distance"":""3"",""error_rate"":""0.001"",""noise_model"":""uniform_circuit"",""p"":0.001,""r"":3,""rounds"":""3"",""stim_path"":""C:\\Users\\User\\Documents\\projects-git\\relay_mother_folder\\relay\\tests\\testdata\\bicycle_bivariate\\circuit=bicycle_bivariate_18_4_3_memory_X,distance=3,rounds=3,error_rate=0.001,noise_model=uniform_circuit,basis=CX,A=x+1+y,B=x+1+xy^2.stim""}",
         2,         0,         0,   0.437,msl-bp-cdamp-0p8,95aa1299a09cfccca78c2e5a2f09fcb25221cfc03cb6f19befb6662bcc8760f6,"{""A"":""x+1+y"",""B"":""x+1+xy^2"",""basis"":""CX"",""circuit"":""bicycle_bivariate_18_4_3_memory_X"",""d"":3,""distance"":""3"",""error_rate"":""0.001"",""noise_model"":""uniform_circuit"",""p"":0.001,""r"":3,""rounds"":""3"",""stim_path"":""C:\\Users\\User\\Documents\\projects-git\\relay_mother_folder\\relay\\tests\\testdata\\bicycle_bivariate\\circuit=bicycle_bivariate_18_4_3_memory_X,distance=3,rounds=3,error_rate=0.001,noise_model=uniform_circuit,basis=CX,A=x+1+y,B=x+1+xy^2.stim""}",
         2,         0,         0,   0.468,mem-bp-cdamp-0p2,426797af2e2a88dd9b2b6409d7dee2ce83baf9f9e50a97c8bf4ff8c1293e448f,"{""A"":""x+1+y"",""B"":""x+1+xy^2"",""basis"":""CX"",""circuit"":""bicycle_bivariate_18_4_3_memory_X"",""d"":3,""distance"":""3"",""error_rate"":""0.001"",""noise_model"":""uniform_circuit"",""p"":0.001,""r"":3,""rounds"":""3"",""stim_path"":""C:\\Users\\User\\Documents\\projects-git\\relay_mother_folder\\relay\\tests\\testdata\\bicycle_bivariate\\circuit=bicycle_bivariate_18_4_3_memory_X,distance=3,rounds=3,error_rate=0.001,noise_model=uniform_circuit,basis=CX,A=x+1+y,B=x+1+xy^2.stim""}",
         2,         0,         0,   0.578,msl-bp-cdamp-0p5,60ed0a6454f75fcc4110dcc67cfc7b494fa12ae46881ff871c282f98ceddb20d,"{""A"":""x+1+y"",""B"":""x+1+xy^2"",""basis"":""CX"",""circuit"":""bicycle_bivariate_18_4_3_memory_X"",""d"":3,""distance"":""3"",""error_rate"":""0.001"",""noise_model"":""uniform_circuit"",""p"":0.001,""r"":3,""rounds"":""3"",""stim_path"":""C:\\Users\\User\\Documents\\projects-git\\relay_mother_folder\\relay\\tests\\testdata\\bicycle_bivariate\\circuit=bicycle_bivariate_18_4_3_memory_X,distance=3,rounds=3,error_rate=0.001,noise_model=uniform_circuit,basis=CX,A=x+1+y,B=x+1+xy^2.stim""}",
         2,         0,         0,   0.531,msl-bp-cdamp-0p2,3a1f516d5a607d16a990acfe7beb3feb9c6b6d9127ff6cf3239d14306c8fbcb4,"{""A"":""x+1+y"",""B"":""x+1+xy^2"",""basis"":""CX"",""circuit"":""bicycle_bivariate_18_4_3_memory_X"",""d"":3,""distance"":""3"",""error_rate"":""0.001"",""noise_model"":""uniform_circuit"",""p"":0.001,""r"":3,""rounds"":""3"",""stim_path"":""C:\\Users\\User\\Documents\\projects-git\\relay_mother_folder\\relay\\tests\\testdata\\bicycle_bivariate\\circuit=bicycle_bivariate_18_4_3_memory_X,distance=3,rounds=3,error_rate=0.001,noise_model=uniform_circuit,basis=CX,A=x+1+y,B=x+1+xy^2.stim""}",
         2,         0,         0,   0.593,mem-bp-cdamp-0p5,006cd8c28742ec24ef0db7d2700424bbe04c9e901d86e040647fcb76a9c9c49b,"{""A"":""x+1+y"",""B"":""x+1+xy^2"",""basis"":""CX"",""circuit"":""bicycle_bivariate_18_4_3_memory_X"",""d"":3,""distance"":""3"",""error_rate"":""0.001"",""noise_model"":""uniform_circuit"",""p"":0.001,""r"":3,""rounds"":""3"",""stim_path"":""C:\\Users\\User\\Documents\\projects-git\\relay_mother_folder\\relay\\tests\\testdata\\bicycle_bivariate\\circuit=bicycle_bivariate_18_4_3_memory_X,distance=3,rounds=3,error_rate=0.001,noise_model=uniform_circuit,basis=CX,A=x+1+y,B=x+1+xy^2.stim""}",
         2,         0,         0,   0.532,mem-bp,88862465eff4b2d4e75dad9bcf066c29c41d74d8aa9fbb631e277e7728d305a5,"{""A"":""x+1+y"",""B"":""x+1+xy^2"",""basis"":""CX"",""circuit"":""bicycle_bivariate_18_4_3_memory_X"",""d"":3,""distance"":""3"",""error_rate"":""0.001"",""noise_model"":""uniform_circuit"",""p"":0.001,""r"":3,""rounds"":""3"",""stim_path"":""C:\\Users\\User\\Documents\\projects-git\\relay_mother_folder\\relay\\tests\\testdata\\bicycle_bivariate\\circuit=bicycle_bivariate_18_4_3_memory_X,distance=3,rounds=3,error_rate=0.001,noise_model=uniform_circuit,basis=CX,A=x+1+y,B=x+1+xy^2.stim""}",
         2,         0,         0,   0.547,mem-bp-cdamp-0p8,899402286ed484b27cfa99bdff637396ac7709784ac0c8ccfcfed7ee79542de3,"{""A"":""x+1+y"",""B"":""x+1+xy^2"",""basis"":""CX"",""circuit"":""bicycle_bivariate_18_4_3_memory_X"",""d"":3,""distance"":""3"",""error_rate"":""0.001"",""noise_model"":""uniform_circuit"",""p"":0.001,""r"":3,""rounds"":""3"",""stim_path"":""C:\\Users\\User\\Documents\\projects-git\\relay_mother_folder\\relay\\tests\\testdata\\bicycle_bivariate\\circuit=bicycle_bivariate_18_4_3_memory_X,distance=3,rounds=3,error_rate=0.001,noise_model=uniform_circuit,basis=CX,A=x+1+y,B=x+1+xy^2.stim""}",
         4,         0,         0,   0.860,msl-bp,8fbae80d3ef89296897f676a8e47bcb8c2151003b6e39d10606b7ee94914c1d6,"{""A"":""x+1+y"",""B"":""x+1+xy^2"",""basis"":""CX"",""circuit"":""bicycle_bivariate_18_4_3_memory_X"",""d"":3,""distance"":""3"",""error_rate"":""0.001"",""noise_model"":""uniform_circuit"",""p"":0.001,""r"":3,""rounds"":""3"",""stim_path"":""C:\\Users\\User\\Documents\\projects-git\\relay_mother_folder\\relay\\tests\\testdata\\bicycle_bivariate\\circuit=bicycle_bivariate_18_4_3_memory_X,distance=3,rounds=3,error_rate=0.001,noise_model=uniform_circuit,basis=CX,A=x+1+y,B=x+1+xy^2.stim""}",
         2,         0,         0,   0.531,msl-bp-cdamp-0p8,95aa1299a09cfccca78c2e5a2f09fcb25221cfc03cb6f19befb6662bcc8760f6,"{""A"":""x+1+y"",""B"":""x+1+xy^2"",""basis"":""CX"",""circuit"":""bicycle_bivariate_18_4_3_memory_X"",""d"":3,""distance"":""3"",""error_rate"":""0.001"",""noise_model"":""uniform_circuit"",""p"":0.001,""r"":3,""rounds"":""3"",""stim_path"":""C:\\Users\\User\\Documents\\projects-git\\relay_mother_folder\\relay\\tests\\testdata\\bicycle_bivariate\\circuit=bicycle_bivariate_18_4_3_memory_X,distance=3,rounds=3,error_rate=0.001,noise_model=uniform_circuit,basis=CX,A=x+1+y,B=x+1+xy^2.stim""}",
         2,         0,         0,   0.547,mem-bp-cdamp-0p2,426797af2e2a88dd9b2b6409d7dee2ce83baf9f9e50a97c8bf4ff8c1293e448f,"{""A"":""x+1+y"",""B"":""x+1+xy^2"",""basis"":""CX"",""circuit"":""bicycle_bivariate_18_4_3_memory_X"",""d"":3,""distance"":""3"",""error_rate"":""0.001"",""noise_model"":""uniform_circuit"",""p"":0.001,""r"":3,""rounds"":""3"",""stim_path"":""C:\\Users\\User\\Documents\\projects-git\\relay_mother_folder\\relay\\tests\\testdata\\bicycle_bivariate\\circuit=bicycle_bivariate_18_4_3_memory_X,distance=3,rounds=3,error_rate=0.001,noise_model=uniform_circuit,basis=CX,A=x+1+y,B=x+1+xy^2.stim""}",
         2,         0,         0,   0.422,msl-bp-cdamp-0p2,3a1f516d5a607d16a990acfe7beb3feb9c6b6d9127ff6cf3239d14306c8fbcb4,"{""A"":""x+1+y"",""B"":""x+1+xy^2"",""basis"":""CX"",""circuit"":""bicycle_bivariate_18_4_3_memory_X"",""d"":3,""distance"":""3"",""error_rate"":""0.001"",""noise_model"":""uniform_circuit"",""p"":0.001,""r"":3,""rounds"":""3"",""stim_path"":""C:\\Users\\User\\Documents\\projects-git\\relay_mother_folder\\relay\\tests\\testdata\\bicycle_bivariate\\circuit=bicycle_bivariate_18_4_3_memory_X,distance=3,rounds=3,error_rate=0.001,noise_model=uniform_circuit,basis=CX,A=x+1+y,B=x+1+xy^2.stim""}",
         2,         0,         0,   0.515,msl-bp-cdamp-0p5,60ed0a6454f75fcc4110dcc67cfc7b494fa12ae46881ff871c282f98ceddb20d,"{""A"":""x+1+y"",""B"":""x+1+xy^2"",""basis"":""CX"",""circuit"":""bicycle_bivariate_18_4_3_memory_X"",""d"":3,""distance"":""3"",""error_rate"":""0.001"",""noise_model"":""uniform_circuit"",""p"":0.001,""r"":3,""rounds"":""3"",""stim_path"":""C:\\Users\\User\\Documents\\projects-git\\relay_mother_folder\\relay\\tests\\testdata\\bicycle_bivariate\\circuit=bicycle_bivariate_18_4_3_memory_X,distance=3,rounds=3,error_rate=0.001,noise_model=uniform_circuit,basis=CX,A=x+1+y,B=x+1+xy^2.stim""}",
         2,         0,         0,   0.453,mem-bp,88862465eff4b2d4e75dad9bcf066c29c41d74d8aa9fbb631e277e7728d305a5,"{""A"":""x+1+y"",""B"":""x+1+xy^2"",""basis"":""CX"",""circuit"":""bicycle_bivariate_18_4_3_memory_X"",""d"":3,""distance"":""3"",""error_rate"":""0.001"",""noise_model"":""uniform_circuit"",""p"":0.001,""r"":3,""rounds"":""3"",""stim_path"":""C:\\Users\\User\\Documents\\projects-git\\relay_mother_folder\\relay\\tests\\testdata\\bicycle_bivariate\\circuit=bicycle_bivariate_18_4_3_memory_X,distance=3,rounds=3,error_rate=0.001,noise_model=uniform_circuit,basis=CX,A=x+1+y,B=x+1+xy^2.stim""}",
         2,         0,         0,   0.485,mem-bp-cdamp-0p5,006cd8c28742ec24ef0db7d2700424bbe04c9e901d86e040647fcb76a9c9c49b,"{""A"":""x+1+y"",""B"":""x+1+xy^2"",""basis"":""CX"",""circuit"":""bicycle_bivariate_18_4_3_memory_X"",""d"":3,""distance"":""3"",""error_rate"":""0.001"",""noise_model"":""uniform_circuit"",""p"":0.001,""r"":3,""rounds"":""3"",""stim_path"":""C:\\Users\\User\\Documents\\projects-git\\relay_mother_folder\\relay\\tests\\testdata\\bicycle_bivariate\\circuit=bicycle_bivariate_18_4_3_memory_X,distance=3,rounds=3,error_rate=0.001,noise_model=uniform_circuit,basis=CX,A=x+1+y,B=x+1+xy^2.stim""}",
         2,         0,         0,   0.453,mem-bp-cdamp-0p8,899402286ed484b27cfa99bdff637396ac7709784ac0c8ccfcfed7ee79542de3,"{""A"":""x+1+y"",""B"":""x+1+xy^2"",""basis"":""CX"",""circuit"":""bicycle_bivariate_18_4_3_memory_X"",""d"":3,""distance"":""3"",""error_rate"":""0.001"",""noise_model"":""uniform_circuit"",""p"":0.001,""r"":3,""rounds"":""3"",""stim_path"":""C:\\Users\\User\\Documents\\projects-git\\relay_mother_folder\\relay\\tests\\testdata\\bicycle_bivariate\\circuit=bicycle_bivariate_18_4_3_memory_X,distance=3,rounds=3,error_rate=0.001,noise_model=uniform_circuit,basis=CX,A=x+1+y,B=x+1+xy^2.stim""}",
         2,         0,         0,   0.453,msl-bp-cdamp-0p8,95aa1299a09cfccca78c2e5a2f09fcb25221cfc03cb6f19befb6662bcc8760f6,"{""A"":""x+1+y"",""B"":""x+1+xy^2"",""basis"":""CX"",""circuit"":""bicycle_bivariate_18_4_3_memory_X"",""d"":3,""distance"":""3"",""error_rate"":""0.001"",""noise_model"":""uniform_circuit"",""p"":0.001,""r"":3,""rounds"":""3"",""stim_path"":""C:\\Users\\User\\Documents\\projects-git\\relay_mother_folder\\relay\\tests\\testdata\\bicycle_bivariate\\circuit=bicycle_bivariate_18_4_3_memory_X,distance=3,rounds=3,error_rate=0.001,noise_model=uniform_circuit,basis=CX,A=x+1+y,B=x+1+xy^2.stim""}",
         2,         0,         0,   0.516,mem-bp-cdamp-0p2,426797af2e2a88dd9b2b6409d7dee2ce83baf9f9e50a97c8bf4ff8c1293e448f,"{""A"":""x+1+y"",""B"":""x+1+xy^2"",""basis"":""CX"",""circuit"":""bicycle_bivariate_18_4_3_memory_X"",""d"":3,""distance"":""3"",""error_rate"":""0.001"",""noise_model"":""uniform_circuit"",""p"":0.001,""r"":3,""rounds"":""3"",""stim_path"":""C:\\Users\\User\\Documents\\projects-git\\relay_mother_folder\\relay\\tests\\testdata\\bicycle_bivariate\\circuit=bicycle_bivariate_18_4_3_memory_X,distance=3,rounds=3,error_rate=0.001,noise_model=uniform_circuit,basis=CX,A=x+1+y,B=x+1+xy^2.stim""}",
         2,         0,         0,   0.578,msl-bp-cdamp-0p5,60ed0a6454f75fcc4110dcc67cfc7b494fa12ae46881ff871c282f98ceddb20d,"{""A"":""x+1+y"",""B"":""x+1+xy^2"",""basis"":""CX"",""circuit"":""bicycle_bivariate_18_4_3_memory_X"",""d"":3,""distance"":""3"",""error_rate"":""0.001"",""noise_model"":""uniform_circuit"",""p"":0.001,""r"":3,""rounds"":""3"",""stim_path"":""C:\\Users\\User\\Documents\\projects-git\\relay_mother_folder\\relay\\tests\\testdata\\bicycle_bivariate\\circuit=bicycle_bivariate_18_4_3_memory_X,distance=3,rounds=3,error_rate=0.001,noise_model=uniform_circuit,basis=CX,A=x+1+y,B=x+1+xy^2.stim""}",
         4,         0,         0,   0.859,msl-bp,8fbae80d3ef89296897f676a8e47bcb8c2151003b6e39d10606b7ee94914c1d6,"{""A"":""x+1+y"",""B"":""x+1+xy^2"",""basis"":""CX"",""circuit"":""bicycle_bivariate_18_4_3_memory_X"",""d"":3,""distance"":""3"",""error_rate"":""0.001"",""noise_model"":""uniform_circuit"",""p"":0.001,""r"":3,""rounds"":""3"",""stim_path"":""C:\\Users\\User\\Documents\\projects-git\\relay_mother_folder\\relay\\tests\\testdata\\bicycle_bivariate\\circuit=bicycle_bivariate_18_4_3_memory_X,distance=3,rounds=3,error_rate=0.001,noise_model=uniform_circuit,basis=CX,A=x+1+y,B=x+1+xy^2.stim""}",
         2,         0,         0,   0.531,mem-bp-cdamp-0p5,006cd8c28742ec24ef0db7d2700424bbe04c9e901d86e040647fcb76a9c9c49b,"{""A"":""x+1+y"",""B"":""x+1+xy^2"",""basis"":""CX"",""circuit"":""bicycle_bivariate_18_4_3_memory_X"",""d"":3,""distance"":""3"",""error_rate"":""0.001"",""noise_model"":""uniform_circuit"",""p"":0.001,""r"":3,""rounds"":""3"",""stim_path"":""C:\\Users\\User\\Documents\\projects-git\\relay_mother_folder\\relay\\tests\\testdata\\bicycle_bivariate\\circuit=bicycle_bivariate_18_4_3_memory_X,distance=3,rounds=3,error_rate=0.001,noise_model=uniform_circuit,basis=CX,A=x+1+y,B=x+1+xy^2.stim""}",
         2,         0,         0,   0.594,msl-bp-cdamp-0p8,95aa1299a09cfccca78c2e5a2f09fcb25221cfc03cb6f19befb6662bcc8760f6,"{""A"":""x+1+y"",""B"":""x+1+xy^2"",""basis"":""CX"",""circuit"":""bicycle_bivariate_18_4_3_memory_X"",""d"":3,""distance"":""3"",""error_rate"":""0.001"",""noise_model"":""uniform_circuit"",""p"":0.001,""r"":3,""rounds"":""3"",""stim_path"":""C:\\Users\\User\\Documents\\projects-git\\relay_mother_folder\\relay\\tests\\testdata\\bicycle_bivariate\\circuit=bicycle_bivariate_18_4_3_memory_X,distance=3,rounds=3,error_rate=0.001,noise_model=uniform_circuit,basis=CX,A=x+1+y,B=x+1+xy^2.stim""}",
         4,         0,         0,   0.922,msl-bp-cdamp-0p2,3a1f516d5a607d16a990acfe7beb3feb9c6b6d9127ff6cf3239d14306c8fbcb4,"{""A"":""x+1+y"",""B"":""x+1+xy^2"",""basis"":""CX"",""circuit"":""bicycle_bivariate_18_4_3_memory_X"",""d"":3,""distance"":""3"",""error_rate"":""0.001"",""noise_model"":""uniform_circuit"",""p"":0.001,""r"":3,""rounds"":""3"",""stim_path"":""C:\\Users\\User\\Documents\\projects-git\\relay_mother_folder\\relay\\tests\\testdata\\bicycle_bivariate\\circuit=bicycle_bivariate_18_4_3_memory_X,distance=3,rounds=3,error_rate=0.001,noise_model=uniform_circuit,basis=CX,A=x+1+y,B=x+1+xy^2.stim""}",
         4,         0,         0,    1.08,mem-bp,88862465eff4b2d4e75dad9bcf066c29c41d74d8aa9fbb631e277e7728d305a5,"{""A"":""x+1+y"",""B"":""x+1+xy^2"",""basis"":""CX"",""circuit"":""bicycle_bivariate_18_4_3_memory_X"",""d"":3,""distance"":""3"",""error_rate"":""0.001"",""noise_model"":""uniform_circuit"",""p"":0.001,""r"":3,""rounds"":""3"",""stim_path"":""C:\\Users\\User\\Documents\\projects-git\\relay_mother_folder\\relay\\tests\\testdata\\bicycle_bivariate\\circuit=bicycle_bivariate_18_4_3_memory_X,distance=3,rounds=3,error_rate=0.001,noise_model=uniform_circuit,basis=CX,A=x+1+y,B=x+1+xy^2.stim""}",
         2,         0,         0,   0.578,mem-bp-cdamp-0p5,006cd8c28742ec24ef0db7d2700424bbe04c9e901d86e040647fcb76a9c9c49b,"{""A"":""x+1+y"",""B"":""x+1+xy^2"",""basis"":""CX"",""circuit"":""bicycle_bivariate_18_4_3_memory_X"",""d"":3,""distance"":""3"",""error_rate"":""0.001"",""noise_model"":""uniform_circuit"",""p"":0.001,""r"":3,""rounds"":""3"",""stim_path"":""C:\\Users\\User\\Documents\\projects-git\\relay_mother_folder\\relay\\tests\\testdata\\bicycle_bivariate\\circuit=bicycle_bivariate_18_4_3_memory_X,distance=3,rounds=3,error_rate=0.001,noise_model=uniform_circuit,basis=CX,A=x+1+y,B=x+1+xy^2.stim""}",
         4,         0,         0,    1.14,mem-bp-cdamp-0p8,899402286ed484b27cfa99bdff637396ac7709784ac0c8ccfcfed7ee79542de3,"{""A"":""x+1+y"",""B"":""x+1+xy^2"",""basis"":""CX"",""circuit"":""bicycle_bivariate_18_4_3_memory_X"",""d"":3,""distance"":""3"",""error_rate"":""0.001"",""noise_model"":""uniform_circuit"",""p"":0.001,""r"":3,""rounds"":""3"",""stim_path"":""C:\\Users\\User\\Documents\\projects-git\\relay_mother_folder\\relay\\tests\\testdata\\bicycle_bivariate\\circuit=bicycle_bivariate_18_4_3_memory_X,distance=3,rounds=3,error_rate=0.001,noise_model=uniform_circuit,basis=CX,A=x+1+y,B=x+1+xy^2.stim""}",
         4,         0,         0,    1.11,mem-bp-cdamp-0p2,426797af2e2a88dd9b2b6409d7dee2ce83baf9f9e50a97c8bf4ff8c1293e448f,"{""A"":""x+1+y"",""B"":""x+1+xy^2"",""basis"":""CX"",""circuit"":""bicycle_bivariate_18_4_3_memory_X"",""d"":3,""distance"":""3"",""error_rate"":""0.001"",""noise_model"":""uniform_circuit"",""p"":0.001,""r"":3,""rounds"":""3"",""stim_path"":""C:\\Users\\User\\Documents\\projects-git\\relay_mother_folder\\relay\\tests\\testdata\\bicycle_bivariate\\circuit=bicycle_bivariate_18_4_3_memory_X,distance=3,rounds=3,error_rate=0.001,noise_model=uniform_circuit,basis=CX,A=x+1+y,B=x+1+xy^2.stim""}",
         4,         0,         0,   0.984,msl-bp,8fbae80d3ef89296897f676a8e47bcb8c2151003b6e39d10606b7ee94914c1d6,"{""A"":""x+1+y"",""B"":""x+1+xy^2"",""basis"":""CX"",""circuit"":""bicycle_bivariate_18_4_3_memory_X"",""d"":3,""distance"":""3"",""error_rate"":""0.001"",""noise_model"":""uniform_circuit"",""p"":0.001,""r"":3,""rounds"":""3"",""stim_path"":""C:\\Users\\User\\Documents\\projects-git\\relay_mother_folder\\relay\\tests\\testdata\\bicycle_bivariate\\circuit=bicycle_bivariate_18_4_3_memory_X,distance=3,rounds=3,error_rate=0.001,noise_model=uniform_circuit,basis=CX,A=x+1+y,B=x+1+xy^2.stim""}",
         4,         1,         0,    1.08,msl-bp-cdamp-0p5,60ed0a6454f75fcc4110dcc67cfc7b494fa12ae46881ff871c282f98ceddb20d,"{""A"":""x+1+y"",""B"":""x+1+xy^2"",""basis"":""CX"",""circuit"":""bicycle_bivariate_18_4_3_memory_X"",""d"":3,""distance"":""3"",""error_rate"":""0.001"",""noise_model"":""uniform_circuit"",""p"":0.001,""r"":3,""rounds"":""3"",""stim_path"":""C:\\Users\\User\\Documents\\projects-git\\relay_mother_folder\\relay\\tests\\testdata\\bicycle_bivariate\\circuit=bicycle_bivariate_18_4_3_memory_X,distance=3,rounds=3,error_rate=0.001,noise_model=uniform_circuit,basis=CX,A=x+1+y,B=x+1+xy^2.stim""}",
         4,         0,         0,    1.08,msl-bp-cdamp-0p8,95aa1299a09cfccca78c2e5a2f09fcb25221cfc03cb6f19befb6662bcc8760f6,"{""A"":""x+1+y"",""B"":""x+1+xy^2"",""basis"":""CX"",""circuit"":""bicycle_bivariate_18_4_3_memory_X"",""d"":3,""distance"":""3"",""error_rate"":""0.001"",""noise_model"":""uniform_circuit"",""p"":0.001,""r"":3,""rounds"":""3"",""stim_path"":""C:\\Users\\User\\Documents\\projects-git\\relay_mother_folder\\relay\\tests\\testdata\\bicycle_bivariate\\circuit=bicycle_bivariate_18_4_3_memory_X,distance=3,rounds=3,error_rate=0.001,noise_model=uniform_circuit,basis=CX,A=x+1+y,B=x+1+xy^2.stim""}",
         4,         0,         0,    1.03,msl-bp-cdamp-0p2,3a1f516d5a607d16a990acfe7beb3feb9c6b6d9127ff6cf3239d14306c8fbcb4,"{""A"":""x+1+y"",""B"":""x+1+xy^2"",""basis"":""CX"",""circuit"":""bicycle_bivariate_18_4_3_memory_X"",""d"":3,""distance"":""3"",""error_rate"":""0.001"",""noise_model"":""uniform_circuit"",""p"":0.001,""r"":3,""rounds"":""3"",""stim_path"":""C:\\Users\\User\\Documents\\projects-git\\relay_mother_folder\\relay\\tests\\testdata\\bicycle_bivariate\\circuit=bicycle_bivariate_18_4_3_memory_X,distance=3,rounds=3,error_rate=0.001,noise_model=uniform_circuit,basis=CX,A=x+1+y,B=x+1+xy^2.stim""}",
         4,         0,         0,    1.05,mem-bp,88862465eff4b2d4e75dad9bcf066c29c41d74d8aa9fbb631e277e7728d305a5,"{""A"":""x+1+y"",""B"":""x+1+xy^2"",""basis"":""CX"",""circuit"":""bicycle_bivariate_18_4_3_memory_X"",""d"":3,""distance"":""3"",""error_rate"":""0.001"",""noise_model"":""uniform_circuit"",""p"":0.001,""r"":3,""rounds"":""3"",""stim_path"":""C:\\Users\\User\\Documents\\projects-git\\relay_mother_folder\\relay\\tests\\testdata\\bicycle_bivariate\\circuit=bicycle_bivariate_18_4_3_memory_X,distance=3,rounds=3,error_rate=0.001,noise_model=uniform_circuit,basis=CX,A=x+1+y,B=x+1+xy^2.stim""}",
         4,         0,         0,   0.984,mem-bp-cdamp-0p8,899402286ed484b27cfa99bdff637396ac7709784ac0c8ccfcfed7ee79542de3,"{""A"":""x+1+y"",""B"":""x+1+xy^2"",""basis"":""CX"",""circuit"":""bicycle_bivariate_18_4_3_memory_X"",""d"":3,""distance"":""3"",""error_rate"":""0.001"",""noise_model"":""uniform_circuit"",""p"":0.001,""r"":3,""rounds"":""3"",""stim_path"":""C:\\Users\\User\\Documents\\projects-git\\relay_mother_folder\\relay\\tests\\testdata\\bicycle_bivariate\\circuit=bicycle_bivariate_18_4_3_memory_X,distance=3,rounds=3,error_rate=0.001,noise_model=uniform_circuit,basis=CX,A=x+1+y,B=x+1+xy^2.stim""}",
         4,         0,         0,    1.11,mem-bp-cdamp-0p5,006cd8c28742ec24ef0db7d2700424bbe04c9e901d86e040647fcb76a9c9c49b,"{""A"":""x+1+y"",""B"":""x+1+xy^2"",""basis"":""CX"",""circuit"":""bicycle_bivariate_18_4_3_memory_X"",""d"":3,""distance"":""3"",""error_rate"":""0.001"",""noise_model"":""uniform_circuit"",""p"":0.001,""r"":3,""rounds"":""3"",""stim_path"":""C:\\Users\\User\\Documents\\projects-git\\relay_mother_folder\\relay\\tests\\testdata\\bicycle_bivariate\\circuit=bicycle_bivariate_18_4_3_memory_X,distance=3,rounds=3,error_rate=0.001,noise_model=uniform_circuit,basis=CX,A=x+1+y,B=x+1+xy^2.stim""}",
         4,         0,         0,   0.969,mem-bp-cdamp-0p2,426797af2e2a88dd9b2b6409d7dee2ce83baf9f9e50a97c8bf4ff8c1293e448f,"{""A"":""x+1+y"",""B"":""x+1+xy^2"",""basis"":""CX"",""circuit"":""bicycle_bivariate_18_4_3_memory_X"",""d"":3,""distance"":""3"",""error_rate"":""0.001"",""noise_model"":""uniform_circuit"",""p"":0.001,""r"":3,""rounds"":""3"",""stim_path"":""C:\\Users\\User\\Documents\\projects-git\\relay_mother_folder\\relay\\tests\\testdata\\bicycle_bivariate\\circuit=bicycle_bivariate_18_4_3_memory_X,distance=3,rounds=3,error_rate=0.001,noise_model=uniform_circuit,basis=CX,A=x+1+y,B=x+1+xy^2.stim""}",
         4,         1,         0,   0.921,msl-bp-cdamp-0p5,60ed0a6454f75fcc4110dcc67cfc7b494fa12ae46881ff871c282f98ceddb20d,"{""A"":""x+1+y"",""B"":""x+1+xy^2"",""basis"":""CX"",""circuit"":""bicycle_bivariate_18_4_3_memory_X"",""d"":3,""distance"":""3"",""error_rate"":""0.001"",""noise_model"":""uniform_circuit"",""p"":0.001,""r"":3,""rounds"":""3"",""stim_path"":""C:\\Users\\User\\Documents\\projects-git\\relay_mother_folder\\relay\\tests\\testdata\\bicycle_bivariate\\circuit=bicycle_bivariate_18_4_3_memory_X,distance=3,rounds=3,error_rate=0.001,noise_model=uniform_circuit,basis=CX,A=x+1+y,B=x+1+xy^2.stim""}",
         6,         0,         0,    1.24,msl-bp,8fbae80d3ef89296897f676a8e47bcb8c2151003b6e39d10606b7ee94914c1d6,"{""A"":""x+1+y"",""B"":""x+1+xy^2"",""basis"":""CX"",""circuit"":""bicycle_bivariate_18_4_3_memory_X"",""d"":3,""distance"":""3"",""error_rate"":""0.001"",""noise_model"":""uniform_circuit"",""p"":0.001,""r"":3,""rounds"":""3"",""stim_path"":""C:\\Users\\User\\Documents\\projects-git\\relay_mother_folder\\relay\\tests\\testdata\\bicycle_bivariate\\circuit=bicycle_bivariate_18_4_3_memory_X,distance=3,rounds=3,error_rate=0.001,noise_model=uniform_circuit,basis=CX,A=x+1+y,B=x+1+xy^2.stim""}",
         6,         0,         0,    1.34,msl-bp-cdamp-0p2,3a1f516d5a607d16a990acfe7beb3feb9c6b6d9127ff6cf3239d14306c8fbcb4,"{""A"":""x+1+y"",""B"":""x+1+xy^2"",""basis"":""CX"",""circuit"":""bicycle_bivariate_18_4_3_memory_X"",""d"":3,""distance"":""3"",""error_rate"":""0.001"",""noise_model"":""uniform_circuit"",""p"":0.001,""r"":3,""rounds"":""3"",""stim_path"":""C:\\Users\\User\\Documents\\projects-git\\relay_mother_folder\\relay\\tests\\testdata\\bicycle_bivariate\\circuit=bicycle_bivariate_18_4_3_memory_X,distance=3,rounds=3,error_rate=0.001,noise_model=uniform_circuit,basis=CX,A=x+1+y,B=x+1+xy^2.stim""}",
         6,         0,         0,    1.39,msl-bp-cdamp-0p8,95aa1299a09cfccca78c2e5a2f09fcb25221cfc03cb6f19befb6662bcc8760f6,"{""A"":""x+1+y"",""B"":""x+1+xy^2"",""basis"":""CX"",""circuit"":""bicycle_bivariate_18_4_3_memory_X"",""d"":3,""distance"":""3"",""error_rate"":""0.001"",""noise_model"":""uniform_circuit"",""p"":0.001,""r"":3,""rounds"":""3"",""stim_path"":""C:\\Users\\User\\Documents\\projects-git\\relay_mother_folder\\relay\\tests\\testdata\\bicycle_bivariate\\circuit=bicycle_bivariate_18_4_3_memory_X,distance=3,rounds=3,error_rate=0.001,noise_model=uniform_circuit,basis=CX,A=x+1+y,B=x+1+xy^2.stim""}",
         6,         0,         0,    1.30,mem-bp,88862465eff4b2d4e75dad9bcf066c29c41d74d8aa9fbb631e277e7728d305a5,"{""A"":""x+1+y"",""B"":""x+1+xy^2"",""basis"":""CX"",""circuit"":""bicycle_bivariate_18_4_3_memory_X"",""d"":3,""distance"":""3"",""error_rate"":""0.001"",""noise_model"":""uniform_circuit"",""p"":0.001,""r"":3,""rounds"":""3"",""stim_path"":""C:\\Users\\User\\Documents\\projects-git\\relay_mother_folder\\relay\\tests\\testdata\\bicycle_bivariate\\circuit=bicycle_bivariate_18_4_3_memory_X,distance=3,rounds=3,error_rate=0.001,noise_model=uniform_circuit,basis=CX,A=x+1+y,B=x+1+xy^2.stim""}",
         6,         0,         0,    1.34,mem-bp-cdamp-0p8,899402286ed484b27cfa99bdff637396ac7709784ac0c8ccfcfed7ee79542de3,"{""A"":""x+1+y"",""B"":""x+1+xy^2"",""basis"":""CX"",""circuit"":""bicycle_bivariate_18_4_3_memory_X"",""d"":3,""distance"":""3"",""error_rate"":""0.001"",""noise_model"":""uniform_circuit"",""p"":0.001,""r"":3,""rounds"":""3"",""stim_path"":""C:\\Users\\User\\Documents\\projects-git\\relay_mother_folder\\relay\\tests\\testdata\\bicycle_bivariate\\circuit=bicycle_bivariate_18_4_3_memory_X,distance=3,rounds=3,error_rate=0.001,noise_model=uniform_circuit,basis=CX,A=x+1+y,B=x+1+xy^2.stim""}",
         6,         0,         0,    1.42,mem-bp-cdamp-0p5,006cd8c28742ec24ef0db7d2700424bbe04c9e901d86e040647fcb76a9c9c49b,"{""A"":""x+1+y"",""B"":""x+1+xy^2"",""basis"":""CX"",""circuit"":""bicycle_bivariate_18_4_3_memory_X"",""d"":3,""distance"":""3"",""error_rate"":""0.001"",""noise_model"":""uniform_circuit"",""p"":0.001,""r"":3,""rounds"":""3"",""stim_path"":""C:\\Users\\User\\Documents\\projects-git\\relay_mother_folder\\relay\\tests\\testdata\\bicycle_bivariate\\circuit=bicycle_bivariate_18_4_3_memory_X,distance=3,rounds=3,error_rate=0.001,noise_model=uniform_circuit,basis=CX,A=x+1+y,B=x+1+xy^2.stim""}",
         6,         0,         0,    1.55,mem-bp-cdamp-0p2,426797af2e2a88dd9b2b6409d7dee2ce83baf9f9e50a97c8bf4ff8c1293e448f,"{""A"":""x+1+y"",""B"":""x+1+xy^2"",""basis"":""CX"",""circuit"":""bicycle_bivariate_18_4_3_memory_X"",""d"":3,""distance"":""3"",""error_rate"":""0.001"",""noise_model"":""uniform_circuit"",""p"":0.001,""r"":3,""rounds"":""3"",""stim_path"":""C:\\Users\\User\\Documents\\projects-git\\relay_mother_folder\\relay\\tests\\testdata\\bicycle_bivariate\\circuit=bicycle_bivariate_18_4_3_memory_X,distance=3,rounds=3,error_rate=0.001,noise_model=uniform_circuit,basis=CX,A=x+1+y,B=x+1+xy^2.stim""}",
         6,         0,         0,    1.41,msl-bp-cdamp-0p5,60ed0a6454f75fcc4110dcc67cfc7b494fa12ae46881ff871c282f98ceddb20d,"{""A"":""x+1+y"",""B"":""x+1+xy^2"",""basis"":""CX"",""circuit"":""bicycle_bivariate_18_4_3_memory_X"",""d"":3,""distance"":""3"",""error_rate"":""0.001"",""noise_model"":""uniform_circuit"",""p"":0.001,""r"":3,""rounds"":""3"",""stim_path"":""C:\\Users\\User\\Documents\\projects-git\\relay_mother_folder\\relay\\tests\\testdata\\bicycle_bivariate\\circuit=bicycle_bivariate_18_4_3_memory_X,distance=3,rounds=3,error_rate=0.001,noise_model=uniform_circuit,basis=CX,A=x+1+y,B=x+1+xy^2.stim""}",
         8,         0,         0,    1.61,msl-bp,8fbae80d3ef89296897f676a8e47bcb8c2151003b6e39d10606b7ee94914c1d6,"{""A"":""x+1+y"",""B"":""x+1+xy^2"",""basis"":""CX"",""circuit"":""bicycle_bivariate_18_4_3_memory_X"",""d"":3,""distance"":""3"",""error_rate"":""0.001"",""noise_model"":""uniform_circuit"",""p"":0.001,""r"":3,""rounds"":""3"",""stim_path"":""C:\\Users\\User\\Documents\\projects-git\\relay_mother_folder\\relay\\tests\\testdata\\bicycle_bivariate\\circuit=bicycle_bivariate_18_4_3_memory_X,distance=3,rounds=3,error_rate=0.001,noise_model=uniform_circuit,basis=CX,A=x+1+y,B=x+1+xy^2.stim""}",
         6,         0,         0,    1.64,msl-bp-cdamp-0p8,95aa1299a09cfccca78c2e5a2f09fcb25221cfc03cb6f19befb6662bcc8760f6,"{""A"":""x+1+y"",""B"":""x+1+xy^2"",""basis"":""CX"",""circuit"":""bicycle_bivariate_18_4_3_memory_X"",""d"":3,""distance"":""3"",""error_rate"":""0.001"",""noise_model"":""uniform_circuit"",""p"":0.001,""r"":3,""rounds"":""3"",""stim_path"":""C:\\Users\\User\\Documents\\projects-git\\relay_mother_folder\\relay\\tests\\testdata\\bicycle_bivariate\\circuit=bicycle_bivariate_18_4_3_memory_X,distance=3,rounds=3,error_rate=0.001,noise_model=uniform_circuit,basis=CX,A=x+1+y,B=x+1+xy^2.stim""}",
         6,         0,         0,    1.62,mem-bp,88862465eff4b2d4e75dad9bcf066c29c41d74d8aa9fbb631e277e7728d305a5,"{""A"":""x+1+y"",""B"":""x+1+xy^2"",""basis"":""CX"",""circuit"":""bicycle_bivariate_18_4_3_memory_X"",""d"":3,""distance"":""3"",""error_rate"":""0.001"",""noise_model"":""uniform_circuit"",""p"":0.001,""r"":3,""rounds"":""3"",""stim_path"":""C:\\Users\\User\\Documents\\projects-git\\relay_mother_folder\\relay\\tests\\testdata\\bicycle_bivariate\\circuit=bicycle_bivariate_18_4_3_memory_X,distance=3,rounds=3,error_rate=0.001,noise_model=uniform_circuit,basis=CX,A=x+1+y,B=x+1+xy^2.stim""}",
         8,         0,         0,    1.97,msl-bp-cdamp-0p2,3a1f516d5a607d16a990acfe7beb3feb9c6b6d9127ff6cf3239d14306c8fbcb4,"{""A"":""x+1+y"",""B"":""x+1+xy^2"",""basis"":""CX"",""circuit"":""bicycle_bivariate_18_4_3_memory_X"",""d"":3,""distance"":""3"",""error_rate"":""0.001"",""noise_model"":""uniform_circuit"",""p"":0.001,""r"":3,""rounds"":""3"",""stim_path"":""C:\\Users\\User\\Documents\\projects-git\\relay_mother_folder\\relay\\tests\\testdata\\bicycle_bivariate\\circuit=bicycle_bivariate_18_4_3_memory_X,distance=3,rounds=3,error_rate=0.001,noise_model=uniform_circuit,basis=CX,A=x+1+y,B=x+1+xy^2.stim""}",
         6,         0,         0,    1.69,mem-bp-cdamp-0p8,899402286ed484b27cfa99bdff637396ac7709784ac0c8ccfcfed7ee79542de3,"{""A"":""x+1+y"",""B"":""x+1+xy^2"",""basis"":""CX"",""circuit"":""bicycle_bivariate_18_4_3_memory_X"",""d"":3,""distance"":""3"",""error_rate"":""0.001"",""noise_model"":""uniform_circuit"",""p"":0.001,""r"":3,""rounds"":""3"",""stim_path"":""C:\\Users\\User\\Documents\\projects-git\\relay_mother_folder\\relay\\tests\\testdata\\bicycle_bivariate\\circuit=bicycle_bivariate_18_4_3_memory_X,distance=3,rounds=3,error_rate=0.001,noise_model=uniform_circuit,basis=CX,A=x+1+y,B=x+1+xy^2.stim""}",
         6,         0,         0,    1.58,mem-bp-cdamp-0p2,426797af2e2a88dd9b2b6409d7dee2ce83baf9f9e50a97c8bf4ff8c1293e448f,"{""A"":""x+1+y"",""B"":""x+1+xy^2"",""basis"":""CX"",""circuit"":""bicycle_bivariate_18_4_3_memory_X"",""d"":3,""distance"":""3"",""error_rate"":""0.001"",""noise_model"":""uniform_circuit"",""p"":0.001,""r"":3,""rounds"":""3"",""stim_path"":""C:\\Users\\User\\Documents\\projects-git\\relay_mother_folder\\relay\\tests\\testdata\\bicycle_bivariate\\circuit=bicycle_bivariate_18_4_3_memory_X,distance=3,rounds=3,error_rate=0.001,noise_model=uniform_circuit,basis=CX,A=x+1+y,B=x+1+xy^2.stim""}",
         6,         0,         0,    1.78,mem-bp-cdamp-0p5,006cd8c28742ec24ef0db7d2700424bbe04c9e901d86e040647fcb76a9c9c49b,"{""A"":""x+1+y"",""B"":""x+1+xy^2"",""basis"":""CX"",""circuit"":""bicycle_bivariate_18_4_3_memory_X"",""d"":3,""distance"":""3"",""error_rate"":""0.001"",""noise_model"":""uniform_circuit"",""p"":0.001,""r"":3,""rounds"":""3"",""stim_path"":""C:\\Users\\User\\Documents\\projects-git\\relay_mother_folder\\relay\\tests\\testdata\\bicycle_bivariate\\circuit=bicycle_bivariate_18_4_3_memory_X,distance=3,rounds=3,error_rate=0.001,noise_model=uniform_circuit,basis=CX,A=x+1+y,B=x+1+xy^2.stim""}",
         6,         1,         0,    1.59,msl-bp-cdamp-0p5,60ed0a6454f75fcc4110dcc67cfc7b494fa12ae46881ff871c282f98ceddb20d,"{""A"":""x+1+y"",""B"":""x+1+xy^2"",""basis"":""CX"",""circuit"":""bicycle_bivariate_18_4_3_memory_X"",""d"":3,""distance"":""3"",""error_rate"":""0.001"",""noise_model"":""uniform_circuit"",""p"":0.001,""r"":3,""rounds"":""3"",""stim_path"":""C:\\Users\\User\\Documents\\projects-git\\relay_mother_folder\\relay\\tests\\testdata\\bicycle_bivariate\\circuit=bicycle_bivariate_18_4_3_memory_X,distance=3,rounds=3,error_rate=0.001,noise_model=uniform_circuit,basis=CX,A=x+1+y,B=x+1+xy^2.stim""}",
        10,         0,         0,    2.36,msl-bp,8fbae80d3ef89296897f676a8e47bcb8c2151003b6e39d10606b7ee94914c1d6,"{""A"":""x+1+y"",""B"":""x+1+xy^2"",""basis"":""CX"",""circuit"":""bicycle_bivariate_18_4_3_memory_X"",""d"":3,""distance"":""3"",""error_rate"":""0.001"",""noise_model"":""uniform_circuit"",""p"":0.001,""r"":3,""rounds"":""3"",""stim_path"":""C:\\Users\\User\\Documents\\projects-git\\relay_mother_folder\\relay\\tests\\testdata\\bicycle_bivariate\\circuit=bicycle_bivariate_18_4_3_memory_X,distance=3,rounds=3,error_rate=0.001,noise_model=uniform_circuit,basis=CX,A=x+1+y,B=x+1+xy^2.stim""}",
        10,         0,         0,    2.55,msl-bp-cdamp-0p8,95aa1299a09cfccca78c2e5a2f09fcb25221cfc03cb6f19befb6662bcc8760f6,"{""A"":""x+1+y"",""B"":""x+1+xy^2"",""basis"":""CX"",""circuit"":""bicycle_bivariate_18_4_3_memory_X"",""d"":3,""distance"":""3"",""error_rate"":""0.001"",""noise_model"":""uniform_circuit"",""p"":0.001,""r"":3,""rounds"":""3"",""stim_path"":""C:\\Users\\User\\Documents\\projects-git\\relay_mother_folder\\relay\\tests\\testdata\\bicycle_bivariate\\circuit=bicycle_bivariate_18_4_3_memory_X,distance=3,rounds=3,error_rate=0.001,noise_model=uniform_circuit,basis=CX,A=x+1+y,B=x+1+xy^2.stim""}",
        10,         0,         0,    2.41,mem-bp,88862465eff4b2d4e75dad9bcf066c29c41d74d8aa9fbb631e277e7728d305a5,"{""A"":""x+1+y"",""B"":""x+1+xy^2"",""basis"":""CX"",""circuit"":""bicycle_bivariate_18_4_3_memory_X"",""d"":3,""distance"":""3"",""error_rate"":""0.001"",""noise_model"":""uniform_circuit"",""p"":0.001,""r"":3,""rounds"":""3"",""stim_path"":""C:\\Users\\User\\Documents\\projects-git\\relay_mother_folder\\relay\\tests\\testdata\\bicycle_bivariate\\circuit=bicycle_bivariate_18_4_3_memory_X,distance=3,rounds=3,error_rate=0.001,noise_model=uniform_circuit,basis=CX,A=x+1+y,B=x+1+xy^2.stim""}",
        10,         0,         0,    2.38,msl-bp-cdamp-0p2,3a1f516d5a607d16a990acfe7beb3feb9c6b6d9127ff6cf3239d14306c8fbcb4,"{""A"":""x+1+y"",""B"":""x+1+xy^2"",""basis"":""CX"",""circuit"":""bicycle_bivariate_18_4_3_memory_X"",""d"":3,""distance"":""3"",""error_rate"":""0.001"",""noise_model"":""uniform_circuit"",""p"":0.001,""r"":3,""rounds"":""3"",""stim_path"":""C:\\Users\\User\\Documents\\projects-git\\relay_mother_folder\\relay\\tests\\testdata\\bicycle_bivariate\\circuit=bicycle_bivariate_18_4_3_memory_X,distance=3,rounds=3,error_rate=0.001,noise_model=uniform_circuit,basis=CX,A=x+1+y,B=x+1+xy^2.stim""}",
        10,         0,         0,    2.52,mem-bp-cdamp-0p8,899402286ed484b27cfa99bdff637396ac7709784ac0c8ccfcfed7ee79542de3,"{""A"":""x+1+y"",""B"":""x+1+xy^2"",""basis"":""CX"",""circuit"":""bicycle_bivariate_18_4_3_memory_X"",""d"":3,""distance"":""3"",""error_rate"":""0.001"",""noise_model"":""uniform_circuit"",""p"":0.001,""r"":3,""rounds"":""3"",""stim_path"":""C:\\Users\\User\\Documents\\projects-git\\relay_mother_folder\\relay\\tests\\testdata\\bicycle_bivariate\\circuit=bicycle_bivariate_18_4_3_memory_X,distance=3,rounds=3,error_rate=0.001,noise_model=uniform_circuit,basis=CX,A=x+1+y,B=x+1+xy^2.stim""}",
        10,         1,         0,    2.48,msl-bp-cdamp-0p5,60ed0a6454f75fcc4110dcc67cfc7b494fa12ae46881ff871c282f98ceddb20d,"{""A"":""x+1+y"",""B"":""x+1+xy^2"",""basis"":""CX"",""circuit"":""bicycle_bivariate_18_4_3_memory_X"",""d"":3,""distance"":""3"",""error_rate"":""0.001"",""noise_model"":""uniform_circuit"",""p"":0.001,""r"":3,""rounds"":""3"",""stim_path"":""C:\\Users\\User\\Documents\\projects-git\\relay_mother_folder\\relay\\tests\\testdata\\bicycle_bivariate\\circuit=bicycle_bivariate_18_4_3_memory_X,distance=3,rounds=3,error_rate=0.001,noise_model=uniform_circuit,basis=CX,A=x+1+y,B=x+1+xy^2.stim""}",
        10,         0,         0,    2.58,mem-bp-cdamp-0p2,426797af2e2a88dd9b2b6409d7dee2ce83baf9f9e50a97c8bf4ff8c1293e448f,"{""A"":""x+1+y"",""B"":""x+1+xy^2"",""basis"":""CX"",""circuit"":""bicycle_bivariate_18_4_3_memory_X"",""d"":3,""distance"":""3"",""error_rate"":""0.001"",""noise_model"":""uniform_circuit"",""p"":0.001,""r"":3,""rounds"":""3"",""stim_path"":""C:\\Users\\User\\Documents\\projects-git\\relay_mother_folder\\relay\\tests\\testdata\\bicycle_bivariate\\circuit=bicycle_bivariate_18_4_3_memory_X,distance=3,rounds=3,error_rate=0.001,noise_model=uniform_circuit,basis=CX,A=x+1+y,B=x+1+xy^2.stim""}",
        10,         0,         0,    2.83,mem-bp-cdamp-0p5,006cd8c28742ec24ef0db7d2700424bbe04c9e901d86e040647fcb76a9c9c49b,"{""A"":""x+1+y"",""B"":""x+1+xy^2"",""basis"":""CX"",""circuit"":""bicycle_bivariate_18_4_3_memory_X"",""d"":3,""distance"":""3"",""error_rate"":""0.001"",""noise_model"":""uniform_circuit"",""p"":0.001,""r"":3,""rounds"":""3"",""stim_path"":""C:\\Users\\User\\Documents\\projects-git\\relay_mother_folder\\relay\\tests\\testdata\\bicycle_bivariate\\circuit=bicycle_bivariate_18_4_3_memory_X,distance=3,rounds=3,error_rate=0.001,noise_model=uniform_circuit,basis=CX,A=x+1+y,B=x+1+xy^2.stim""}",
        16,         0,         0,    3.44,msl-bp,8fbae80d3ef89296897f676a8e47bcb8c2151003b6e39d10606b7ee94914c1d6,"{""A"":""x+1+y"",""B"":""x+1+xy^2"",""basis"":""CX"",""circuit"":""bicycle_bivariate_18_4_3_memory_X"",""d"":3,""distance"":""3"",""error_rate"":""0.001"",""noise_model"":""uniform_circuit"",""p"":0.001,""r"":3,""rounds"":""3"",""stim_path"":""C:\\Users\\User\\Documents\\projects-git\\relay_mother_folder\\relay\\tests\\testdata\\bicycle_bivariate\\circuit=bicycle_bivariate_18_4_3_memory_X,distance=3,rounds=3,error_rate=0.001,noise_model=uniform_circuit,basis=CX,A=x+1+y,B=x+1+xy^2.stim""}",
        12,         1,         0,    3.14,msl-bp-cdamp-0p8,95aa1299a09cfccca78c2e5a2f09fcb25221cfc03cb6f19befb6662bcc8760f6,"{""A"":""x+1+y"",""B"":""x+1+xy^2"",""basis"":""CX"",""circuit"":""bicycle_bivariate_18_4_3_memory_X"",""d"":3,""distance"":""3"",""error_rate"":""0.001"",""noise_model"":""uniform_circuit"",""p"":0.001,""r"":3,""rounds"":""3"",""stim_path"":""C:\\Users\\User\\Documents\\projects-git\\relay_mother_folder\\relay\\tests\\testdata\\bicycle_bivariate\\circuit=bicycle_bivariate_18_4_3_memory_X,distance=3,rounds=3,error_rate=0.001,noise_model=uniform_circuit,basis=CX,A=x+1+y,B=x+1+xy^2.stim""}",
        14,         0,         0,    3.30,mem-bp,88862465eff4b2d4e75dad9bcf066c29c41d74d8aa9fbb631e277e7728d305a5,"{""A"":""x+1+y"",""B"":""x+1+xy^2"",""basis"":""CX"",""circuit"":""bicycle_bivariate_18_4_3_memory_X"",""d"":3,""distance"":""3"",""error_rate"":""0.001"",""noise_model"":""uniform_circuit"",""p"":0.001,""r"":3,""rounds"":""3"",""stim_path"":""C:\\Users\\User\\Documents\\projects-git\\relay_mother_folder\\relay\\tests\\testdata\\bicycle_bivariate\\circuit=bicycle_bivariate_18_4_3_memory_X,distance=3,rounds=3,error_rate=0.001,noise_model=uniform_circuit,basis=CX,A=x+1+y,B=x+1+xy^2.stim""}",
        14,         0,         0,    3.34,msl-bp-cdamp-0p2,3a1f516d5a607d16a990acfe7beb3feb9c6b6d9127ff6cf3239d14306c8fbcb4,"{""A"":""x+1+y"",""B"":""x+1+xy^2"",""basis"":""CX"",""circuit"":""bicycle_bivariate_18_4_3_memory_X"",""d"":3,""distance"":""3"",""error_rate"":""0.001"",""noise_model"":""uniform_circuit"",""p"":0.001,""r"":3,""rounds"":""3"",""stim_path"":""C:\\Users\\User\\Documents\\projects-git\\relay_mother_folder\\relay\\tests\\testdata\\bicycle_bivariate\\circuit=bicycle_bivariate_18_4_3_memory_X,distance=3,rounds=3,error_rate=0.001,noise_model=uniform_circuit,basis=CX,A=x+1+y,B=x+1+xy^2.stim""}",
        14,         0,         0,    3.45,mem-bp-cdamp-0p8,899402286ed484b27cfa99bdff637396ac7709784ac0c8ccfcfed7ee79542de3,"{""A"":""x+1+y"",""B"":""x+1+xy^2"",""basis"":""CX"",""circuit"":""bicycle_bivariate_18_4_3_memory_X"",""d"":3,""distance"":""3"",""error_rate"":""0.001"",""noise_model"":""uniform_circuit"",""p"":0.001,""r"":3,""rounds"":""3"",""stim_path"":""C:\\Users\\User\\Documents\\projects-git\\relay_mother_folder\\relay\\tests\\testdata\\bicycle_bivariate\\circuit=bicycle_bivariate_18_4_3_memory_X,distance=3,rounds=3,error_rate=0.001,noise_model=uniform_circuit,basis=CX,A=x+1+y,B=x+1+xy^2.stim""}",
        12,         0,         0,    3.06,mem-bp-cdamp-0p5,006cd8c28742ec24ef0db7d2700424bbe04c9e901d86e040647fcb76a9c9c49b,"{""A"":""x+1+y"",""B"":""x+1+xy^2"",""basis"":""CX"",""circuit"":""bicycle_bivariate_18_4_3_memory_X"",""d"":3,""distance"":""3"",""error_rate"":""0.001"",""noise_model"":""uniform_circuit"",""p"":0.001,""r"":3,""rounds"":""3"",""stim_path"":""C:\\Users\\User\\Documents\\projects-git\\relay_mother_folder\\relay\\tests\\testdata\\bicycle_bivariate\\circuit=bicycle_bivariate_18_4_3_memory_X,distance=3,rounds=3,error_rate=0.001,noise_model=uniform_circuit,basis=CX,A=x+1+y,B=x+1+xy^2.stim""}",
        14,         0,         0,    3.36,msl-bp-cdamp-0p5,60ed0a6454f75fcc4110dcc67cfc7b494fa12ae46881ff871c282f98ceddb20d,"{""A"":""x+1+y"",""B"":""x+1+xy^2"",""basis"":""CX"",""circuit"":""bicycle_bivariate_18_4_3_memory_X"",""d"":3,""distance"":""3"",""error_rate"":""0.001"",""noise_model"":""uniform_circuit"",""p"":0.001,""r"":3,""rounds"":""3"",""stim_path"":""C:\\Users\\User\\Documents\\projects-git\\relay_mother_folder\\relay\\tests\\testdata\\bicycle_bivariate\\circuit=bicycle_bivariate_18_4_3_memory_X,distance=3,rounds=3,error_rate=0.001,noise_model=uniform_circuit,basis=CX,A=x+1+y,B=x+1+xy^2.stim""}",
        14,         0,         0,    3.50,mem-bp-cdamp-0p2,426797af2e2a88dd9b2b6409d7dee2ce83baf9f9e50a97c8bf4ff8c1293e448f,"{""A"":""x+1+y"",""B"":""x+1+xy^2"",""basis"":""CX"",""circuit"":""bicycle_bivariate_18_4_3_memory_X"",""d"":3,""distance"":""3"",""error_rate"":""0.001"",""noise_model"":""uniform_circuit"",""p"":0.001,""r"":3,""rounds"":""3"",""stim_path"":""C:\\Users\\User\\Documents\\projects-git\\relay_mother_folder\\relay\\tests\\testdata\\bicycle_bivariate\\circuit=bicycle_bivariate_18_4_3_memory_X,distance=3,rounds=3,error_rate=0.001,noise_model=uniform_circuit,basis=CX,A=x+1+y,B=x+1+xy^2.stim""}",
        22,         1,         0,    4.47,msl-bp,8fbae80d3ef89296897f676a8e47bcb8c2151003b6e39d10606b7ee94914c1d6,"{""A"":""x+1+y"",""B"":""x+1+xy^2"",""basis"":""CX"",""circuit"":""bicycle_bivariate_18_4_3_memory_X"",""d"":3,""distance"":""3"",""error_rate"":""0.001"",""noise_model"":""uniform_circuit"",""p"":0.001,""r"":3,""rounds"":""3"",""stim_path"":""C:\\Users\\User\\Documents\\projects-git\\relay_mother_folder\\relay\\tests\\testdata\\bicycle_bivariate\\circuit=bicycle_bivariate_18_4_3_memory_X,distance=3,rounds=3,error_rate=0.001,noise_model=uniform_circuit,basis=CX,A=x+1+y,B=x+1+xy^2.stim""}",
        20,         0,         0,    4.61,msl-bp-cdamp-0p8,95aa1299a09cfccca78c2e5a2f09fcb25221cfc03cb6f19befb6662bcc8760f6,"{""A"":""x+1+y"",""B"":""x+1+xy^2"",""basis"":""CX"",""circuit"":""bicycle_bivariate_18_4_3_memory_X"",""d"":3,""distance"":""3"",""error_rate"":""0.001"",""noise_model"":""uniform_circuit"",""p"":0.001,""r"":3,""rounds"":""3"",""stim_path"":""C:\\Users\\User\\Documents\\projects-git\\relay_mother_folder\\relay\\tests\\testdata\\bicycle_bivariate\\circuit=bicycle_bivariate_18_4_3_memory_X,distance=3,rounds=3,error_rate=0.001,noise_model=uniform_circuit,basis=CX,A=x+1+y,B=x+1+xy^2.stim""}",
        20,         0,         0,    4.44,mem-bp,88862465eff4b2d4e75dad9bcf066c29c41d74d8aa9fbb631e277e7728d305a5,"{""A"":""x+1+y"",""B"":""x+1+xy^2"",""basis"":""CX"",""circuit"":""bicycle_bivariate_18_4_3_memory_X"",""d"":3,""distance"":""3"",""error_rate"":""0.001"",""noise_model"":""uniform_circuit"",""p"":0.001,""r"":3,""rounds"":""3"",""stim_path"":""C:\\Users\\User\\Documents\\projects-git\\relay_mother_folder\\relay\\tests\\testdata\\bicycle_bivariate\\circuit=bicycle_bivariate_18_4_3_memory_X,distance=3,rounds=3,error_rate=0.001,noise_model=uniform_circuit,basis=CX,A=x+1+y,B=x+1+xy^2.stim""}",
        20,         0,         0,    4.49,msl-bp-cdamp-0p2,3a1f516d5a607d16a990acfe7beb3feb9c6b6d9127ff6cf3239d14306c8fbcb4,"{""A"":""x+1+y"",""B"":""x+1+xy^2"",""basis"":""CX"",""circuit"":""bicycle_bivariate_18_4_3_memory_X"",""d"":3,""distance"":""3"",""error_rate"":""0.001"",""noise_model"":""uniform_circuit"",""p"":0.001,""r"":3,""rounds"":""3"",""stim_path"":""C:\\Users\\User\\Documents\\projects-git\\relay_mother_folder\\relay\\tests\\testdata\\bicycle_bivariate\\circuit=bicycle_bivariate_18_4_3_memory_X,distance=3,rounds=3,error_rate=0.001,noise_model=uniform_circuit,basis=CX,A=x+1+y,B=x+1+xy^2.stim""}",
        18,         0,         0,    4.31,mem-bp-cdamp-0p5,006cd8c28742ec24ef0db7d2700424bbe04c9e901d86e040647fcb76a9c9c49b,"{""A"":""x+1+y"",""B"":""x+1+xy^2"",""basis"":""CX"",""circuit"":""bicycle_bivariate_18_4_3_memory_X"",""d"":3,""distance"":""3"",""error_rate"":""0.001"",""noise_model"":""uniform_circuit"",""p"":0.001,""r"":3,""rounds"":""3"",""stim_path"":""C:\\Users\\User\\Documents\\projects-git\\relay_mother_folder\\relay\\tests\\testdata\\bicycle_bivariate\\circuit=bicycle_bivariate_18_4_3_memory_X,distance=3,rounds=3,error_rate=0.001,noise_model=uniform_circuit,basis=CX,A=x+1+y,B=x+1+xy^2.stim""}",
        20,         0,         0,    4.59,msl-bp-cdamp-0p5,60ed0a6454f75fcc4110dcc67cfc7b494fa12ae46881ff871c282f98ceddb20d,"{""A"":""x+1+y"",""B"":""x+1+xy^2"",""basis"":""CX"",""circuit"":""bicycle_bivariate_18_4_3_memory_X"",""d"":3,""distance"":""3"",""error_rate"":""0.001"",""noise_model"":""uniform_circuit"",""p"":0.001,""r"":3,""rounds"":""3"",""stim_path"":""C:\\Users\\User\\Documents\\projects-git\\relay_mother_folder\\relay\\tests\\testdata\\bicycle_bivariate\\circuit=bicycle_bivariate_18_4_3_memory_X,distance=3,rounds=3,error_rate=0.001,noise_model=uniform_circuit,basis=CX,A=x+1+y,B=x+1+xy^2.stim""}",
        20,         0,         0,    4.81,mem-bp-cdamp-0p8,899402286ed484b27cfa99bdff637396ac7709784ac0c8ccfcfed7ee79542de3,"{""A"":""x+1+y"",""B"":""x+1+xy^2"",""basis"":""CX"",""circuit"":""bicycle_bivariate_18_4_3_memory_X"",""d"":3,""distance"":""3"",""error_rate"":""0.001"",""noise_model"":""uniform_circuit"",""p"":0.001,""r"":3,""rounds"":""3"",""stim_path"":""C:\\Users\\User\\Documents\\projects-git\\relay_mother_folder\\relay\\tests\\testdata\\bicycle_bivariate\\circuit=bicycle_bivariate_18_4_3_memory_X,distance=3,rounds=3,error_rate=0.001,noise_model=uniform_circuit,basis=CX,A=x+1+y,B=x+1+xy^2.stim""}",
        18,         0,         0,    4.58,mem-bp-cdamp-0p2,426797af2e2a88dd9b2b6409d7dee2ce83baf9f9e50a97c8bf4ff8c1293e448f,"{""A"":""x+1+y"",""B"":""x+1+xy^2"",""basis"":""CX"",""circuit"":""bicycle_bivariate_18_4_3_memory_X"",""d"":3,""distance"":""3"",""error_rate"":""0.001"",""noise_model"":""uniform_circuit"",""p"":0.001,""r"":3,""rounds"":""3"",""stim_path"":""C:\\Users\\User\\Documents\\projects-git\\relay_mother_folder\\relay\\tests\\testdata\\bicycle_bivariate\\circuit=bicycle_bivariate_18_4_3_memory_X,distance=3,rounds=3,error_rate=0.001,noise_model=uniform_circuit,basis=CX,A=x+1+y,B=x+1+xy^2.stim""}",
        30,         1,         0,    6.09,msl-bp,8fbae80d3ef89296897f676a8e47bcb8c2151003b6e39d10606b7ee94914c1d6,"{""A"":""x+1+y"",""B"":""x+1+xy^2"",""basis"":""CX"",""circuit"":""bicycle_bivariate_18_4_3_memory_X"",""d"":3,""distance"":""3"",""error_rate"":""0.001"",""noise_model"":""uniform_circuit"",""p"":0.001,""r"":3,""rounds"":""3"",""stim_path"":""C:\\Users\\User\\Documents\\projects-git\\relay_mother_folder\\relay\\tests\\testdata\\bicycle_bivariate\\circuit=bicycle_bivariate_18_4_3_memory_X,distance=3,rounds=3,error_rate=0.001,noise_model=uniform_circuit,basis=CX,A=x+1+y,B=x+1+xy^2.stim""}",
        28,         0,         0,    6.02,mem-bp,88862465eff4b2d4e75dad9bcf066c29c41d74d8aa9fbb631e277e7728d305a5,"{""A"":""x+1+y"",""B"":""x+1+xy^2"",""basis"":""CX"",""circuit"":""bicycle_bivariate_18_4_3_memory_X"",""d"":3,""distance"":""3"",""error_rate"":""0.001"",""noise_model"":""uniform_circuit"",""p"":0.001,""r"":3,""rounds"":""3"",""stim_path"":""C:\\Users\\User\\Documents\\projects-git\\relay_mother_folder\\relay\\tests\\testdata\\bicycle_bivariate\\circuit=bicycle_bivariate_18_4_3_memory_X,distance=3,rounds=3,error_rate=0.001,noise_model=uniform_circuit,basis=CX,A=x+1+y,B=x+1+xy^2.stim""}",
        28,         1,         0,    6.25,msl-bp-cdamp-0p8,95aa1299a09cfccca78c2e5a2f09fcb25221cfc03cb6f19befb6662bcc8760f6,"{""A"":""x+1+y"",""B"":""x+1+xy^2"",""basis"":""CX"",""circuit"":""bicycle_bivariate_18_4_3_memory_X"",""d"":3,""distance"":""3"",""error_rate"":""0.001"",""noise_model"":""uniform_circuit"",""p"":0.001,""r"":3,""rounds"":""3"",""stim_path"":""C:\\Users\\User\\Documents\\projects-git\\relay_mother_folder\\relay\\tests\\testdata\\bicycle_bivariate\\circuit=bicycle_bivariate_18_4_3_memory_X,distance=3,rounds=3,error_rate=0.001,noise_model=uniform_circuit,basis=CX,A=x+1+y,B=x+1+xy^2.stim""}",
        24,         0,         0,    6.06,mem-bp-cdamp-0p5,006cd8c28742ec24ef0db7d2700424bbe04c9e901d86e040647fcb76a9c9c49b,"{""A"":""x+1+y"",""B"":""x+1+xy^2"",""basis"":""CX"",""circuit"":""bicycle_bivariate_18_4_3_memory_X"",""d"":3,""distance"":""3"",""error_rate"":""0.001"",""noise_model"":""uniform_circuit"",""p"":0.001,""r"":3,""rounds"":""3"",""stim_path"":""C:\\Users\\User\\Documents\\projects-git\\relay_mother_folder\\relay\\tests\\testdata\\bicycle_bivariate\\circuit=bicycle_bivariate_18_4_3_memory_X,distance=3,rounds=3,error_rate=0.001,noise_model=uniform_circuit,basis=CX,A=x+1+y,B=x+1+xy^2.stim""}",
        28,         0,         0,    6.48,msl-bp-cdamp-0p2,3a1f516d5a607d16a990acfe7beb3feb9c6b6d9127ff6cf3239d14306c8fbcb4,"{""A"":""x+1+y"",""B"":""x+1+xy^2"",""basis"":""CX"",""circuit"":""bicycle_bivariate_18_4_3_memory_X"",""d"":3,""distance"":""3"",""error_rate"":""0.001"",""noise_model"":""uniform_circuit"",""p"":0.001,""r"":3,""rounds"":""3"",""stim_path"":""C:\\Users\\User\\Documents\\projects-git\\relay_mother_folder\\relay\\tests\\testdata\\bicycle_bivariate\\circuit=bicycle_bivariate_18_4_3_memory_X,distance=3,rounds=3,error_rate=0.001,noise_model=uniform_circuit,basis=CX,A=x+1+y,B=x+1+xy^2.stim""}",
        28,         0,         0,    6.22,msl-bp-cdamp-0p5,60ed0a6454f75fcc4110dcc67cfc7b494fa12ae46881ff871c282f98ceddb20d,"{""A"":""x+1+y"",""B"":""x+1+xy^2"",""basis"":""CX"",""circuit"":""bicycle_bivariate_18_4_3_memory_X"",""d"":3,""distance"":""3"",""error_rate"":""0.001"",""noise_model"":""uniform_circuit"",""p"":0.001,""r"":3,""rounds"":""3"",""stim_path"":""C:\\Users\\User\\Documents\\projects-git\\relay_mother_folder\\relay\\tests\\testdata\\bicycle_bivariate\\circuit=bicycle_bivariate_18_4_3_memory_X,distance=3,rounds=3,error_rate=0.001,noise_model=uniform_circuit,basis=CX,A=x+1+y,B=x+1+xy^2.stim""}",
        26,         0,         0,    6.84,mem-bp-cdamp-0p8,899402286ed484b27cfa99bdff637396ac7709784ac0c8ccfcfed7ee79542de3,"{""A"":""x+1+y"",""B"":""x+1+xy^2"",""basis"":""CX"",""circuit"":""bicycle_bivariate_18_4_3_memory_X"",""d"":3,""distance"":""3"",""error_rate"":""0.001"",""noise_model"":""uniform_circuit"",""p"":0.001,""r"":3,""rounds"":""3"",""stim_path"":""C:\\Users\\User\\Documents\\projects-git\\relay_mother_folder\\relay\\tests\\testdata\\bicycle_bivariate\\circuit=bicycle_bivariate_18_4_3_memory_X,distance=3,rounds=3,error_rate=0.001,noise_model=uniform_circuit,basis=CX,A=x+1+y,B=x+1+xy^2.stim""}",
        26,         0,         0,    6.84,mem-bp-cdamp-0p2,426797af2e2a88dd9b2b6409d7dee2ce83baf9f9e50a97c8bf4ff8c1293e448f,"{""A"":""x+1+y"",""B"":""x+1+xy^2"",""basis"":""CX"",""circuit"":""bicycle_bivariate_18_4_3_memory_X"",""d"":3,""distance"":""3"",""error_rate"":""0.001"",""noise_model"":""uniform_circuit"",""p"":0.001,""r"":3,""rounds"":""3"",""stim_path"":""C:\\Users\\User\\Documents\\projects-git\\relay_mother_folder\\relay\\tests\\testdata\\bicycle_bivariate\\circuit=bicycle_bivariate_18_4_3_memory_X,distance=3,rounds=3,error_rate=0.001,noise_model=uniform_circuit,basis=CX,A=x+1+y,B=x+1+xy^2.stim""}",
        34,         0,         0,    8.61,msl-bp,8fbae80d3ef89296897f676a8e47bcb8c2151003b6e39d10606b7ee94914c1d6,"{""A"":""x+1+y"",""B"":""x+1+xy^2"",""basis"":""CX"",""circuit"":""bicycle_bivariate_18_4_3_memory_X"",""d"":3,""distance"":""3"",""error_rate"":""0.001"",""noise_model"":""uniform_circuit"",""p"":0.001,""r"":3,""rounds"":""3"",""stim_path"":""C:\\Users\\User\\Documents\\projects-git\\relay_mother_folder\\relay\\tests\\testdata\\bicycle_bivariate\\circuit=bicycle_bivariate_18_4_3_memory_X,distance=3,rounds=3,error_rate=0.001,noise_model=uniform_circuit,basis=CX,A=x+1+y,B=x+1+xy^2.stim""}",
        38,         0,         0,    8.59,mem-bp,88862465eff4b2d4e75dad9bcf066c29c41d74d8aa9fbb631e277e7728d305a5,"{""A"":""x+1+y"",""B"":""x+1+xy^2"",""basis"":""CX"",""circuit"":""bicycle_bivariate_18_4_3_memory_X"",""d"":3,""distance"":""3"",""error_rate"":""0.001"",""noise_model"":""uniform_circuit"",""p"":0.001,""r"":3,""rounds"":""3"",""stim_path"":""C:\\Users\\User\\Documents\\projects-git\\relay_mother_folder\\relay\\tests\\testdata\\bicycle_bivariate\\circuit=bicycle_bivariate_18_4_3_memory_X,distance=3,rounds=3,error_rate=0.001,noise_model=uniform_circuit,basis=CX,A=x+1+y,B=x+1+xy^2.stim""}",
        32,         0,         0,    8.81,msl-bp-cdamp-0p8,95aa1299a09cfccca78c2e5a2f09fcb25221cfc03cb6f19befb6662bcc8760f6,"{""A"":""x+1+y"",""B"":""x+1+xy^2"",""basis"":""CX"",""circuit"":""bicycle_bivariate_18_4_3_memory_X"",""d"":3,""distance"":""3"",""error_rate"":""0.001"",""noise_model"":""uniform_circuit"",""p"":0.001,""r"":3,""rounds"":""3"",""stim_path"":""C:\\Users\\User\\Documents\\projects-git\\relay_mother_folder\\relay\\tests\\testdata\\bicycle_bivariate\\circuit=bicycle_bivariate_18_4_3_memory_X,distance=3,rounds=3,error_rate=0.001,noise_model=uniform_circuit,basis=CX,A=x+1+y,B=x+1+xy^2.stim""}",
        32,         0,         0,    8.48,msl-bp-cdamp-0p2,3a1f516d5a607d16a990acfe7beb3feb9c6b6d9127ff6cf3239d14306c8fbcb4,"{""A"":""x+1+y"",""B"":""x+1+xy^2"",""basis"":""CX"",""circuit"":""bicycle_bivariate_18_4_3_memory_X"",""d"":3,""distance"":""3"",""error_rate"":""0.001"",""noise_model"":""uniform_circuit"",""p"":0.001,""r"":3,""rounds"":""3"",""stim_path"":""C:\\Users\\User\\Documents\\projects-git\\relay_mother_folder\\relay\\tests\\testdata\\bicycle_bivariate\\circuit=bicycle_bivariate_18_4_3_memory_X,distance=3,rounds=3,error_rate=0.001,noise_model=uniform_circuit,basis=CX,A=x+1+y,B=x+1+xy^2.stim""}",
        24,         0,         0,    8.61,mem-bp-cdamp-0p5,006cd8c28742ec24ef0db7d2700424bbe04c9e901d86e040647fcb76a9c9c49b,"{""A"":""x+1+y"",""B"":""x+1+xy^2"",""basis"":""CX"",""circuit"":""bicycle_bivariate_18_4_3_memory_X"",""d"":3,""distance"":""3"",""error_rate"":""0.001"",""noise_model"":""uniform_circuit"",""p"":0.001,""r"":3,""rounds"":""3"",""stim_path"":""C:\\Users\\User\\Documents\\projects-git\\relay_mother_folder\\relay\\tests\\testdata\\bicycle_bivariate\\circuit=bicycle_bivariate_18_4_3_memory_X,distance=3,rounds=3,error_rate=0.001,noise_model=uniform_circuit,basis=CX,A=x+1+y,B=x+1+xy^2.stim""}",
        30,         0,         0,    8.70,msl-bp-cdamp-0p5,60ed0a6454f75fcc4110dcc67cfc7b494fa12ae46881ff871c282f98ceddb20d,"{""A"":""x+1+y"",""B"":""x+1+xy^2"",""basis"":""CX"",""circuit"":""bicycle_bivariate_18_4_3_memory_X"",""d"":3,""distance"":""3"",""error_rate"":""0.001"",""noise_model"":""uniform_circuit"",""p"":0.001,""r"":3,""rounds"":""3"",""stim_path"":""C:\\Users\\User\\Documents\\projects-git\\relay_mother_folder\\relay\\tests\\testdata\\bicycle_bivariate\\circuit=bicycle_bivariate_18_4_3_memory_X,distance=3,rounds=3,error_rate=0.001,noise_model=uniform_circuit,basis=CX,A=x+1+y,B=x+1+xy^2.stim""}",
        30,         0,         0,    8.69,mem-bp-cdamp-0p8,899402286ed484b27cfa99bdff637396ac7709784ac0c8ccfcfed7ee79542de3,"{""A"":""x+1+y"",""B"":""x+1+xy^2"",""basis"":""CX"",""circuit"":""bicycle_bivariate_18_4_3_memory_X"",""d"":3,""distance"":""3"",""error_rate"":""0.001"",""noise_model"":""uniform_circuit"",""p"":0.001,""r"":3,""rounds"":""3"",""stim_path"":""C:\\Users\\User\\Documents\\projects-git\\relay_mother_folder\\relay\\tests\\testdata\\bicycle_bivariate\\circuit=bicycle_bivariate_18_4_3_memory_X,distance=3,rounds=3,error_rate=0.001,noise_model=uniform_circuit,basis=CX,A=x+1+y,B=x+1+xy^2.stim""}",
        30,         0,         0,    8.67,mem-bp-cdamp-0p2,426797af2e2a88dd9b2b6409d7dee2ce83baf9f9e50a97c8bf4ff8c1293e448f,"{""A"":""x+1+y"",""B"":""x+1+xy^2"",""basis"":""CX"",""circuit"":""bicycle_bivariate_18_4_3_memory_X"",""d"":3,""distance"":""3"",""error_rate"":""0.001"",""noise_model"":""uniform_circuit"",""p"":0.001,""r"":3,""rounds"":""3"",""stim_path"":""C:\\Users\\User\\Documents\\projects-git\\relay_mother_folder\\relay\\tests\\testdata\\bicycle_bivariate\\circuit=bicycle_bivariate_18_4_3_memory_X,distance=3,rounds=3,error_rate=0.001,noise_model=uniform_circuit,basis=CX,A=x+1+y,B=x+1+xy^2.stim""}",
        56,         1,         0,    11.9,msl-bp,8fbae80d3ef89296897f676a8e47bcb8c2151003b6e39d10606b7ee94914c1d6,"{""A"":""x+1+y"",""B"":""x+1+xy^2"",""basis"":""CX"",""circuit"":""bicycle_bivariate_18_4_3_memory_X"",""d"":3,""distance"":""3"",""error_rate"":""0.001"",""noise_model"":""uniform_circuit"",""p"":0.001,""r"":3,""rounds"":""3"",""stim_path"":""C:\\Users\\User\\Documents\\projects-git\\relay_mother_folder\\relay\\tests\\testdata\\bicycle_bivariate\\circuit=bicycle_bivariate_18_4_3_memory_X,distance=3,rounds=3,error_rate=0.001,noise_model=uniform_circuit,basis=CX,A=x+1+y,B=x+1+xy^2.stim""}",
        58,         0,         0,    12.0,mem-bp,88862465eff4b2d4e75dad9bcf066c29c41d74d8aa9fbb631e277e7728d305a5,"{""A"":""x+1+y"",""B"":""x+1+xy^2"",""basis"":""CX"",""circuit"":""bicycle_bivariate_18_4_3_memory_X"",""d"":3,""distance"":""3"",""error_rate"":""0.001"",""noise_model"":""uniform_circuit"",""p"":0.001,""r"":3,""rounds"":""3"",""stim_path"":""C:\\Users\\User\\Documents\\projects-git\\relay_mother_folder\\relay\\tests\\testdata\\bicycle_bivariate\\circuit=bicycle_bivariate_18_4_3_memory_X,distance=3,rounds=3,error_rate=0.001,noise_model=uniform_circuit,basis=CX,A=x+1+y,B=x+1+xy^2.stim""}",
        50,         3,         0,    11.8,msl-bp-cdamp-0p8,95aa1299a09cfccca78c2e5a2f09fcb25221cfc03cb6f19befb6662bcc8760f6,"{""A"":""x+1+y"",""B"":""x+1+xy^2"",""basis"":""CX"",""circuit"":""bicycle_bivariate_18_4_3_memory_X"",""d"":3,""distance"":""3"",""error_rate"":""0.001"",""noise_model"":""uniform_circuit"",""p"":0.001,""r"":3,""rounds"":""3"",""stim_path"":""C:\\Users\\User\\Documents\\projects-git\\relay_mother_folder\\relay\\tests\\testdata\\bicycle_bivariate\\circuit=bicycle_bivariate_18_4_3_memory_X,distance=3,rounds=3,error_rate=0.001,noise_model=uniform_circuit,basis=CX,A=x+1+y,B=x+1+xy^2.stim""}",
        50,         0,         0,    11.8,mem-bp-cdamp-0p5,006cd8c28742ec24ef0db7d2700424bbe04c9e901d86e040647fcb76a9c9c49b,"{""A"":""x+1+y"",""B"":""x+1+xy^2"",""basis"":""CX"",""circuit"":""bicycle_bivariate_18_4_3_memory_X"",""d"":3,""distance"":""3"",""error_rate"":""0.001"",""noise_model"":""uniform_circuit"",""p"":0.001,""r"":3,""rounds"":""3"",""stim_path"":""C:\\Users\\User\\Documents\\projects-git\\relay_mother_folder\\relay\\tests\\testdata\\bicycle_bivariate\\circuit=bicycle_bivariate_18_4_3_memory_X,distance=3,rounds=3,error_rate=0.001,noise_model=uniform_circuit,basis=CX,A=x+1+y,B=x+1+xy^2.stim""}",
        54,         2,         0,    12.3,msl-bp-cdamp-0p2,3a1f516d5a607d16a990acfe7beb3feb9c6b6d9127ff6cf3239d14306c8fbcb4,"{""A"":""x+1+y"",""B"":""x+1+xy^2"",""basis"":""CX"",""circuit"":""bicycle_bivariate_18_4_3_memory_X"",""d"":3,""distance"":""3"",""error_rate"":""0.001"",""noise_model"":""uniform_circuit"",""p"":0.001,""r"":3,""rounds"":""3"",""stim_path"":""C:\\Users\\User\\Documents\\projects-git\\relay_mother_folder\\relay\\tests\\testdata\\bicycle_bivariate\\circuit=bicycle_bivariate_18_4_3_memory_X,distance=3,rounds=3,error_rate=0.001,noise_model=uniform_circuit,basis=CX,A=x+1+y,B=x+1+xy^2.stim""}",
        56,         0,         0,    11.7,msl-bp-cdamp-0p5,60ed0a6454f75fcc4110dcc67cfc7b494fa12ae46881ff871c282f98ceddb20d,"{""A"":""x+1+y"",""B"":""x+1+xy^2"",""basis"":""CX"",""circuit"":""bicycle_bivariate_18_4_3_memory_X"",""d"":3,""distance"":""3"",""error_rate"":""0.001"",""noise_model"":""uniform_circuit"",""p"":0.001,""r"":3,""rounds"":""3"",""stim_path"":""C:\\Users\\User\\Documents\\projects-git\\relay_mother_folder\\relay\\tests\\testdata\\bicycle_bivariate\\circuit=bicycle_bivariate_18_4_3_memory_X,distance=3,rounds=3,error_rate=0.001,noise_model=uniform_circuit,basis=CX,A=x+1+y,B=x+1+xy^2.stim""}",
        48,         0,         0,    12.0,mem-bp-cdamp-0p8,899402286ed484b27cfa99bdff637396ac7709784ac0c8ccfcfed7ee79542de3,"{""A"":""x+1+y"",""B"":""x+1+xy^2"",""basis"":""CX"",""circuit"":""bicycle_bivariate_18_4_3_memory_X"",""d"":3,""distance"":""3"",""error_rate"":""0.001"",""noise_model"":""uniform_circuit"",""p"":0.001,""r"":3,""rounds"":""3"",""stim_path"":""C:\\Users\\User\\Documents\\projects-git\\relay_mother_folder\\relay\\tests\\testdata\\bicycle_bivariate\\circuit=bicycle_bivariate_18_4_3_memory_X,distance=3,rounds=3,error_rate=0.001,noise_model=uniform_circuit,basis=CX,A=x+1+y,B=x+1+xy^2.stim""}",
        52,         1,         0,    11.9,mem-bp-cdamp-0p2,426797af2e2a88dd9b2b6409d7dee2ce83baf9f9e50a97c8bf4ff8c1293e448f,"{""A"":""x+1+y"",""B"":""x+1+xy^2"",""basis"":""CX"",""circuit"":""bicycle_bivariate_18_4_3_memory_X"",""d"":3,""distance"":""3"",""error_rate"":""0.001"",""noise_model"":""uniform_circuit"",""p"":0.001,""r"":3,""rounds"":""3"",""stim_path"":""C:\\Users\\User\\Documents\\projects-git\\relay_mother_folder\\relay\\tests\\testdata\\bicycle_bivariate\\circuit=bicycle_bivariate_18_4_3_memory_X,distance=3,rounds=3,error_rate=0.001,noise_model=uniform_circuit,basis=CX,A=x+1+y,B=x+1+xy^2.stim""}",
        80,         0,         0,    16.7,msl-bp,8fbae80d3ef89296897f676a8e47bcb8c2151003b6e39d10606b7ee94914c1d6,"{""A"":""x+1+y"",""B"":""x+1+xy^2"",""basis"":""CX"",""circuit"":""bicycle_bivariate_18_4_3_memory_X"",""d"":3,""distance"":""3"",""error_rate"":""0.001"",""noise_model"":""uniform_circuit"",""p"":0.001,""r"":3,""rounds"":""3"",""stim_path"":""C:\\Users\\User\\Documents\\projects-git\\relay_mother_folder\\relay\\tests\\testdata\\bicycle_bivariate\\circuit=bicycle_bivariate_18_4_3_memory_X,distance=3,rounds=3,error_rate=0.001,noise_model=uniform_circuit,basis=CX,A=x+1+y,B=x+1+xy^2.stim""}",
        64,         1,         0,    16.6,msl-bp-cdamp-0p8,95aa1299a09cfccca78c2e5a2f09fcb25221cfc03cb6f19befb6662bcc8760f6,"{""A"":""x+1+y"",""B"":""x+1+xy^2"",""basis"":""CX"",""circuit"":""bicycle_bivariate_18_4_3_memory_X"",""d"":3,""distance"":""3"",""error_rate"":""0.001"",""noise_model"":""uniform_circuit"",""p"":0.001,""r"":3,""rounds"":""3"",""stim_path"":""C:\\Users\\User\\Documents\\projects-git\\relay_mother_folder\\relay\\tests\\testdata\\bicycle_bivariate\\circuit=bicycle_bivariate_18_4_3_memory_X,distance=3,rounds=3,error_rate=0.001,noise_model=uniform_circuit,basis=CX,A=x+1+y,B=x+1+xy^2.stim""}",
        60,         0,         0,    16.5,mem-bp-cdamp-0p5,006cd8c28742ec24ef0db7d2700424bbe04c9e901d86e040647fcb76a9c9c49b,"{""A"":""x+1+y"",""B"":""x+1+xy^2"",""basis"":""CX"",""circuit"":""bicycle_bivariate_18_4_3_memory_X"",""d"":3,""distance"":""3"",""error_rate"":""0.001"",""noise_model"":""uniform_circuit"",""p"":0.001,""r"":3,""rounds"":""3"",""stim_path"":""C:\\Users\\User\\Documents\\projects-git\\relay_mother_folder\\relay\\tests\\testdata\\bicycle_bivariate\\circuit=bicycle_bivariate_18_4_3_memory_X,distance=3,rounds=3,error_rate=0.001,noise_model=uniform_circuit,basis=CX,A=x+1+y,B=x+1+xy^2.stim""}",
        70,         0,         0,    16.9,mem-bp,88862465eff4b2d4e75dad9bcf066c29c41d74d8aa9fbb631e277e7728d305a5,"{""A"":""x+1+y"",""B"":""x+1+xy^2"",""basis"":""CX"",""circuit"":""bicycle_bivariate_18_4_3_memory_X"",""d"":3,""distance"":""3"",""error_rate"":""0.001"",""noise_model"":""uniform_circuit"",""p"":0.001,""r"":3,""rounds"":""3"",""stim_path"":""C:\\Users\\User\\Documents\\projects-git\\relay_mother_folder\\relay\\tests\\testdata\\bicycle_bivariate\\circuit=bicycle_bivariate_18_4_3_memory_X,distance=3,rounds=3,error_rate=0.001,noise_model=uniform_circuit,basis=CX,A=x+1+y,B=x+1+xy^2.stim""}",
        70,         1,         0,    16.8,msl-bp-cdamp-0p2,3a1f516d5a607d16a990acfe7beb3feb9c6b6d9127ff6cf3239d14306c8fbcb4,"{""A"":""x+1+y"",""B"":""x+1+xy^2"",""basis"":""CX"",""circuit"":""bicycle_bivariate_18_4_3_memory_X"",""d"":3,""distance"":""3"",""error_rate"":""0.001"",""noise_model"":""uniform_circuit"",""p"":0.001,""r"":3,""rounds"":""3"",""stim_path"":""C:\\Users\\User\\Documents\\projects-git\\relay_mother_folder\\relay\\tests\\testdata\\bicycle_bivariate\\circuit=bicycle_bivariate_18_4_3_memory_X,distance=3,rounds=3,error_rate=0.001,noise_model=uniform_circuit,basis=CX,A=x+1+y,B=x+1+xy^2.stim""}",
        72,         0,         0,    16.9,msl-bp-cdamp-0p5,60ed0a6454f75fcc4110dcc67cfc7b494fa12ae46881ff871c282f98ceddb20d,"{""A"":""x+1+y"",""B"":""x+1+xy^2"",""basis"":""CX"",""circuit"":""bicycle_bivariate_18_4_3_memory_X"",""d"":3,""distance"":""3"",""error_rate"":""0.001"",""noise_model"":""uniform_circuit"",""p"":0.001,""r"":3,""rounds"":""3"",""stim_path"":""C:\\Users\\User\\Documents\\projects-git\\relay_mother_folder\\relay\\tests\\testdata\\bicycle_bivariate\\circuit=bicycle_bivariate_18_4_3_memory_X,distance=3,rounds=3,error_rate=0.001,noise_model=uniform_circuit,basis=CX,A=x+1+y,B=x+1+xy^2.stim""}",
        60,         0,         0,    16.7,mem-bp-cdamp-0p8,899402286ed484b27cfa99bdff637396ac7709784ac0c8ccfcfed7ee79542de3,"{""A"":""x+1+y"",""B"":""x+1+xy^2"",""basis"":""CX"",""circuit"":""bicycle_bivariate_18_4_3_memory_X"",""d"":3,""distance"":""3"",""error_rate"":""0.001"",""noise_model"":""uniform_circuit"",""p"":0.001,""r"":3,""rounds"":""3"",""stim_path"":""C:\\Users\\User\\Documents\\projects-git\\relay_mother_folder\\relay\\tests\\testdata\\bicycle_bivariate\\circuit=bicycle_bivariate_18_4_3_memory_X,distance=3,rounds=3,error_rate=0.001,noise_model=uniform_circuit,basis=CX,A=x+1+y,B=x+1+xy^2.stim""}",
        68,         0,         0,    16.8,mem-bp-cdamp-0p2,426797af2e2a88dd9b2b6409d7dee2ce83baf9f9e50a97c8bf4ff8c1293e448f,"{""A"":""x+1+y"",""B"":""x+1+xy^2"",""basis"":""CX"",""circuit"":""bicycle_bivariate_18_4_3_memory_X"",""d"":3,""distance"":""3"",""error_rate"":""0.001"",""noise_model"":""uniform_circuit"",""p"":0.001,""r"":3,""rounds"":""3"",""stim_path"":""C:\\Users\\User\\Documents\\projects-git\\relay_mother_folder\\relay\\tests\\testdata\\bicycle_bivariate\\circuit=bicycle_bivariate_18_4_3_memory_X,distance=3,rounds=3,error_rate=0.001,noise_model=uniform_circuit,basis=CX,A=x+1+y,B=x+1+xy^2.stim""}",
       112,         2,         0,    23.4,msl-bp,8fbae80d3ef89296897f676a8e47bcb8c2151003b6e39d10606b7ee94914c1d6,"{""A"":""x+1+y"",""B"":""x+1+xy^2"",""basis"":""CX"",""circuit"":""bicycle_bivariate_18_4_3_memory_X"",""d"":3,""distance"":""3"",""error_rate"":""0.001"",""noise_model"":""uniform_circuit"",""p"":0.001,""r"":3,""rounds"":""3"",""stim_path"":""C:\\Users\\User\\Documents\\projects-git\\relay_mother_folder\\relay\\tests\\testdata\\bicycle_bivariate\\circuit=bicycle_bivariate_18_4_3_memory_X,distance=3,rounds=3,error_rate=0.001,noise_model=uniform_circuit,basis=CX,A=x+1+y,B=x+1+xy^2.stim""}",
       100,         2,         0,    23.3,msl-bp-cdamp-0p8,95aa1299a09cfccca78c2e5a2f09fcb25221cfc03cb6f19befb6662bcc8760f6,"{""A"":""x+1+y"",""B"":""x+1+xy^2"",""basis"":""CX"",""circuit"":""bicycle_bivariate_18_4_3_memory_X"",""d"":3,""distance"":""3"",""error_rate"":""0.001"",""noise_model"":""uniform_circuit"",""p"":0.001,""r"":3,""rounds"":""3"",""stim_path"":""C:\\Users\\User\\Documents\\projects-git\\relay_mother_folder\\relay\\tests\\testdata\\bicycle_bivariate\\circuit=bicycle_bivariate_18_4_3_memory_X,distance=3,rounds=3,error_rate=0.001,noise_model=uniform_circuit,basis=CX,A=x+1+y,B=x+1+xy^2.stim""}",
       102,         1,         0,    23.3,mem-bp,88862465eff4b2d4e75dad9bcf066c29c41d74d8aa9fbb631e277e7728d305a5,"{""A"":""x+1+y"",""B"":""x+1+xy^2"",""basis"":""CX"",""circuit"":""bicycle_bivariate_18_4_3_memory_X"",""d"":3,""distance"":""3"",""error_rate"":""0.001"",""noise_model"":""uniform_circuit"",""p"":0.001,""r"":3,""rounds"":""3"",""stim_path"":""C:\\Users\\User\\Documents\\projects-git\\relay_mother_folder\\relay\\tests\\testdata\\bicycle_bivariate\\circuit=bicycle_bivariate_18_4_3_memory_X,distance=3,rounds=3,error_rate=0.001,noise_model=uniform_circuit,basis=CX,A=x+1+y,B=x+1+xy^2.stim""}",
        90,         0,         0,    23.4,mem-bp-cdamp-0p5,006cd8c28742ec24ef0db7d2700424bbe04c9e901d86e040647fcb76a9c9c49b,"{""A"":""x+1+y"",""B"":""x+1+xy^2"",""basis"":""CX"",""circuit"":""bicycle_bivariate_18_4_3_memory_X"",""d"":3,""distance"":""3"",""error_rate"":""0.001"",""noise_model"":""uniform_circuit"",""p"":0.001,""r"":3,""rounds"":""3"",""stim_path"":""C:\\Users\\User\\Documents\\projects-git\\relay_mother_folder\\relay\\tests\\testdata\\bicycle_bivariate\\circuit=bicycle_bivariate_18_4_3_memory_X,distance=3,rounds=3,error_rate=0.001,noise_model=uniform_circuit,basis=CX,A=x+1+y,B=x+1+xy^2.stim""}",
       104,         1,         0,    23.1,msl-bp-cdamp-0p2,3a1f516d5a607d16a990acfe7beb3feb9c6b6d9127ff6cf3239d14306c8fbcb4,"{""A"":""x+1+y"",""B"":""x+1+xy^2"",""basis"":""CX"",""circuit"":""bicycle_bivariate_18_4_3_memory_X"",""d"":3,""distance"":""3"",""error_rate"":""0.001"",""noise_model"":""uniform_circuit"",""p"":0.001,""r"":3,""rounds"":""3"",""stim_path"":""C:\\Users\\User\\Documents\\projects-git\\relay_mother_folder\\relay\\tests\\testdata\\bicycle_bivariate\\circuit=bicycle_bivariate_18_4_3_memory_X,distance=3,rounds=3,error_rate=0.001,noise_model=uniform_circuit,basis=CX,A=x+1+y,B=x+1+xy^2.stim""}",
        94,         0,         0,    23.5,msl-bp-cdamp-0p5,60ed0a6454f75fcc4110dcc67cfc7b494fa12ae46881ff871c282f98ceddb20d,"{""A"":""x+1+y"",""B"":""x+1+xy^2"",""basis"":""CX"",""circuit"":""bicycle_bivariate_18_4_3_memory_X"",""d"":3,""distance"":""3"",""error_rate"":""0.001"",""noise_model"":""uniform_circuit"",""p"":0.001,""r"":3,""rounds"":""3"",""stim_path"":""C:\\Users\\User\\Documents\\projects-git\\relay_mother_folder\\relay\\tests\\testdata\\bicycle_bivariate\\circuit=bicycle_bivariate_18_4_3_memory_X,distance=3,rounds=3,error_rate=0.001,noise_model=uniform_circuit,basis=CX,A=x+1+y,B=x+1+xy^2.stim""}",
        96,         2,         0,    23.0,mem-bp-cdamp-0p2,426797af2e2a88dd9b2b6409d7dee2ce83baf9f9e50a97c8bf4ff8c1293e448f,"{""A"":""x+1+y"",""B"":""x+1+xy^2"",""basis"":""CX"",""circuit"":""bicycle_bivariate_18_4_3_memory_X"",""d"":3,""distance"":""3"",""error_rate"":""0.001"",""noise_model"":""uniform_circuit"",""p"":0.001,""r"":3,""rounds"":""3"",""stim_path"":""C:\\Users\\User\\Documents\\projects-git\\relay_mother_folder\\relay\\tests\\testdata\\bicycle_bivariate\\circuit=bicycle_bivariate_18_4_3_memory_X,distance=3,rounds=3,error_rate=0.001,noise_model=uniform_circuit,basis=CX,A=x+1+y,B=x+1+xy^2.stim""}",
        94,         0,         0,    23.4,mem-bp-cdamp-0p8,899402286ed484b27cfa99bdff637396ac7709784ac0c8ccfcfed7ee79542de3,"{""A"":""x+1+y"",""B"":""x+1+xy^2"",""basis"":""CX"",""circuit"":""bicycle_bivariate_18_4_3_memory_X"",""d"":3,""distance"":""3"",""error_rate"":""0.001"",""noise_model"":""uniform_circuit"",""p"":0.001,""r"":3,""rounds"":""3"",""stim_path"":""C:\\Users\\User\\Documents\\projects-git\\relay_mother_folder\\relay\\tests\\testdata\\bicycle_bivariate\\circuit=bicycle_bivariate_18_4_3_memory_X,distance=3,rounds=3,error_rate=0.001,noise_model=uniform_circuit,basis=CX,A=x+1+y,B=x+1+xy^2.stim""}",
       144,         3,         0,    32.5,msl-bp,8fbae80d3ef89296897f676a8e47bcb8c2151003b6e39d10606b7ee94914c1d6,"{""A"":""x+1+y"",""B"":""x+1+xy^2"",""basis"":""CX"",""circuit"":""bicycle_bivariate_18_4_3_memory_X"",""d"":3,""distance"":""3"",""error_rate"":""0.001"",""noise_model"":""uniform_circuit"",""p"":0.001,""r"":3,""rounds"":""3"",""stim_path"":""C:\\Users\\User\\Documents\\projects-git\\relay_mother_folder\\relay\\tests\\testdata\\bicycle_bivariate\\circuit=bicycle_bivariate_18_4_3_memory_X,distance=3,rounds=3,error_rate=0.001,noise_model=uniform_circuit,basis=CX,A=x+1+y,B=x+1+xy^2.stim""}",
       130,         4,         0,    32.4,msl-bp-cdamp-0p8,95aa1299a09cfccca78c2e5a2f09fcb25221cfc03cb6f19befb6662bcc8760f6,"{""A"":""x+1+y"",""B"":""x+1+xy^2"",""basis"":""CX"",""circuit"":""bicycle_bivariate_18_4_3_memory_X"",""d"":3,""distance"":""3"",""error_rate"":""0.001"",""noise_model"":""uniform_circuit"",""p"":0.001,""r"":3,""rounds"":""3"",""stim_path"":""C:\\Users\\User\\Documents\\projects-git\\relay_mother_folder\\relay\\tests\\testdata\\bicycle_bivariate\\circuit=bicycle_bivariate_18_4_3_memory_X,distance=3,rounds=3,error_rate=0.001,noise_model=uniform_circuit,basis=CX,A=x+1+y,B=x+1+xy^2.stim""}",
       146,         0,         0,    32.4,mem-bp,88862465eff4b2d4e75dad9bcf066c29c41d74d8aa9fbb631e277e7728d305a5,"{""A"":""x+1+y"",""B"":""x+1+xy^2"",""basis"":""CX"",""circuit"":""bicycle_bivariate_18_4_3_memory_X"",""d"":3,""distance"":""3"",""error_rate"":""0.001"",""noise_model"":""uniform_circuit"",""p"":0.001,""r"":3,""rounds"":""3"",""stim_path"":""C:\\Users\\User\\Documents\\projects-git\\relay_mother_folder\\relay\\tests\\testdata\\bicycle_bivariate\\circuit=bicycle_bivariate_18_4_3_memory_X,distance=3,rounds=3,error_rate=0.001,noise_model=uniform_circuit,basis=CX,A=x+1+y,B=x+1+xy^2.stim""}",
       124,         0,         0,    32.4,mem-bp-cdamp-0p5,006cd8c28742ec24ef0db7d2700424bbe04c9e901d86e040647fcb76a9c9c49b,"{""A"":""x+1+y"",""B"":""x+1+xy^2"",""basis"":""CX"",""circuit"":""bicycle_bivariate_18_4_3_memory_X"",""d"":3,""distance"":""3"",""error_rate"":""0.001"",""noise_model"":""uniform_circuit"",""p"":0.001,""r"":3,""rounds"":""3"",""stim_path"":""C:\\Users\\User\\Documents\\projects-git\\relay_mother_folder\\relay\\tests\\testdata\\bicycle_bivariate\\circuit=bicycle_bivariate_18_4_3_memory_X,distance=3,rounds=3,error_rate=0.001,noise_model=uniform_circuit,basis=CX,A=x+1+y,B=x+1+xy^2.stim""}",
       136,         0,         0,    32.5,msl-bp-cdamp-0p2,3a1f516d5a607d16a990acfe7beb3feb9c6b6d9127ff6cf3239d14306c8fbcb4,"{""A"":""x+1+y"",""B"":""x+1+xy^2"",""basis"":""CX"",""circuit"":""bicycle_bivariate_18_4_3_memory_X"",""d"":3,""distance"":""3"",""error_rate"":""0.001"",""noise_model"":""uniform_circuit"",""p"":0.001,""r"":3,""rounds"":""3"",""stim_path"":""C:\\Users\\User\\Documents\\projects-git\\relay_mother_folder\\relay\\tests\\testdata\\bicycle_bivariate\\circuit=bicycle_bivariate_18_4_3_memory_X,distance=3,rounds=3,error_rate=0.001,noise_model=uniform_circuit,basis=CX,A=x+1+y,B=x+1+xy^2.stim""}",
       134,         0,         0,    32.4,msl-bp-cdamp-0p5,60ed0a6454f75fcc4110dcc67cfc7b494fa12ae46881ff871c282f98ceddb20d,"{""A"":""x+1+y"",""B"":""x+1+xy^2"",""basis"":""CX"",""circuit"":""bicycle_bivariate_18_4_3_memory_X"",""d"":3,""distance"":""3"",""error_rate"":""0.001"",""noise_model"":""uniform_circuit"",""p"":0.001,""r"":3,""rounds"":""3"",""stim_path"":""C:\\Users\\User\\Documents\\projects-git\\relay_mother_folder\\relay\\tests\\testdata\\bicycle_bivariate\\circuit=bicycle_bivariate_18_4_3_memory_X,distance=3,rounds=3,error_rate=0.001,noise_model=uniform_circuit,basis=CX,A=x+1+y,B=x+1+xy^2.stim""}",
       134,         0,         0,    32.4,mem-bp-cdamp-0p8,899402286ed484b27cfa99bdff637396ac7709784ac0c8ccfcfed7ee79542de3,"{""A"":""x+1+y"",""B"":""x+1+xy^2"",""basis"":""CX"",""circuit"":""bicycle_bivariate_18_4_3_memory_X"",""d"":3,""distance"":""3"",""error_rate"":""0.001"",""noise_model"":""uniform_circuit"",""p"":0.001,""r"":3,""rounds"":""3"",""stim_path"":""C:\\Users\\User\\Documents\\projects-git\\relay_mother_folder\\relay\\tests\\testdata\\bicycle_bivariate\\circuit=bicycle_bivariate_18_4_3_memory_X,distance=3,rounds=3,error_rate=0.001,noise_model=uniform_circuit,basis=CX,A=x+1+y,B=x+1+xy^2.stim""}",
       136,         0,         0,    32.7,mem-bp-cdamp-0p2,426797af2e2a88dd9b2b6409d7dee2ce83baf9f9e50a97c8bf4ff8c1293e448f,"{""A"":""x+1+y"",""B"":""x+1+xy^2"",""basis"":""CX"",""circuit"":""bicycle_bivariate_18_4_3_memory_X"",""d"":3,""distance"":""3"",""error_rate"":""0.001"",""noise_model"":""uniform_circuit"",""p"":0.001,""r"":3,""rounds"":""3"",""stim_path"":""C:\\Users\\User\\Documents\\projects-git\\relay_mother_folder\\relay\\tests\\testdata\\bicycle_bivariate\\circuit=bicycle_bivariate_18_4_3_memory_X,distance=3,rounds=3,error_rate=0.001,noise_model=uniform_circuit,basis=CX,A=x+1+y,B=x+1+xy^2.stim""}",
       210,         5,         0,    45.0,msl-bp,8fbae80d3ef89296897f676a8e47bcb8c2151003b6e39d10606b7ee94914c1d6,"{""A"":""x+1+y"",""B"":""x+1+xy^2"",""basis"":""CX"",""circuit"":""bicycle_bivariate_18_4_3_memory_X"",""d"":3,""distance"":""3"",""error_rate"":""0.001"",""noise_model"":""uniform_circuit"",""p"":0.001,""r"":3,""rounds"":""3"",""stim_path"":""C:\\Users\\User\\Documents\\projects-git\\relay_mother_folder\\relay\\tests\\testdata\\bicycle_bivariate\\circuit=bicycle_bivariate_18_4_3_memory_X,distance=3,rounds=3,error_rate=0.001,noise_model=uniform_circuit,basis=CX,A=x+1+y,B=x+1+xy^2.stim""}",
       194,         3,         0,    45.3,msl-bp-cdamp-0p8,95aa1299a09cfccca78c2e5a2f09fcb25221cfc03cb6f19befb6662bcc8760f6,"{""A"":""x+1+y"",""B"":""x+1+xy^2"",""basis"":""CX"",""circuit"":""bicycle_bivariate_18_4_3_memory_X"",""d"":3,""distance"":""3"",""error_rate"":""0.001"",""noise_model"":""uniform_circuit"",""p"":0.001,""r"":3,""rounds"":""3"",""stim_path"":""C:\\Users\\User\\Documents\\projects-git\\relay_mother_folder\\relay\\tests\\testdata\\bicycle_bivariate\\circuit=bicycle_bivariate_18_4_3_memory_X,distance=3,rounds=3,error_rate=0.001,noise_model=uniform_circuit,basis=CX,A=x+1+y,B=x+1+xy^2.stim""}",
       200,         1,         0,    45.0,mem-bp,88862465eff4b2d4e75dad9bcf066c29c41d74d8aa9fbb631e277e7728d305a5,"{""A"":""x+1+y"",""B"":""x+1+xy^2"",""basis"":""CX"",""circuit"":""bicycle_bivariate_18_4_3_memory_X"",""d"":3,""distance"":""3"",""error_rate"":""0.001"",""noise_model"":""uniform_circuit"",""p"":0.001,""r"":3,""rounds"":""3"",""stim_path"":""C:\\Users\\User\\Documents\\projects-git\\relay_mother_folder\\relay\\tests\\testdata\\bicycle_bivariate\\circuit=bicycle_bivariate_18_4_3_memory_X,distance=3,rounds=3,error_rate=0.001,noise_model=uniform_circuit,basis=CX,A=x+1+y,B=x+1+xy^2.stim""}",
       196,         1,         0,    45.4,mem-bp-cdamp-0p5,006cd8c28742ec24ef0db7d2700424bbe04c9e901d86e040647fcb76a9c9c49b,"{""A"":""x+1+y"",""B"":""x+1+xy^2"",""basis"":""CX"",""circuit"":""bicycle_bivariate_18_4_3_memory_X"",""d"":3,""distance"":""3"",""error_rate"":""0.001"",""noise_model"":""uniform_circuit"",""p"":0.001,""r"":3,""rounds"":""3"",""stim_path"":""C:\\Users\\User\\Documents\\projects-git\\relay_mother_folder\\relay\\tests\\testdata\\bicycle_bivariate\\circuit=bicycle_bivariate_18_4_3_memory_X,distance=3,rounds=3,error_rate=0.001,noise_model=uniform_circuit,basis=CX,A=x+1+y,B=x+1+xy^2.stim""}",
       202,         0,         0,    45.0,msl-bp-cdamp-0p2,3a1f516d5a607d16a990acfe7beb3feb9c6b6d9127ff6cf3239d14306c8fbcb4,"{""A"":""x+1+y"",""B"":""x+1+xy^2"",""basis"":""CX"",""circuit"":""bicycle_bivariate_18_4_3_memory_X"",""d"":3,""distance"":""3"",""error_rate"":""0.001"",""noise_model"":""uniform_circuit"",""p"":0.001,""r"":3,""rounds"":""3"",""stim_path"":""C:\\Users\\User\\Documents\\projects-git\\relay_mother_folder\\relay\\tests\\testdata\\bicycle_bivariate\\circuit=bicycle_bivariate_18_4_3_memory_X,distance=3,rounds=3,error_rate=0.001,noise_model=uniform_circuit,basis=CX,A=x+1+y,B=x+1+xy^2.stim""}",
       206,         1,         0,    45.1,msl-bp-cdamp-0p5,60ed0a6454f75fcc4110dcc67cfc7b494fa12ae46881ff871c282f98ceddb20d,"{""A"":""x+1+y"",""B"":""x+1+xy^2"",""basis"":""CX"",""circuit"":""bicycle_bivariate_18_4_3_memory_X"",""d"":3,""distance"":""3"",""error_rate"":""0.001"",""noise_model"":""uniform_circuit"",""p"":0.001,""r"":3,""rounds"":""3"",""stim_path"":""C:\\Users\\User\\Documents\\projects-git\\relay_mother_folder\\relay\\tests\\testdata\\bicycle_bivariate\\circuit=bicycle_bivariate_18_4_3_memory_X,distance=3,rounds=3,error_rate=0.001,noise_model=uniform_circuit,basis=CX,A=x+1+y,B=x+1+xy^2.stim""}",
       194,         0,         0,    45.2,mem-bp-cdamp-0p8,899402286ed484b27cfa99bdff637396ac7709784ac0c8ccfcfed7ee79542de3,"{""A"":""x+1+y"",""B"":""x+1+xy^2"",""basis"":""CX"",""circuit"":""bicycle_bivariate_18_4_3_memory_X"",""d"":3,""distance"":""3"",""error_rate"":""0.001"",""noise_model"":""uniform_circuit"",""p"":0.001,""r"":3,""rounds"":""3"",""stim_path"":""C:\\Users\\User\\Documents\\projects-git\\relay_mother_folder\\relay\\tests\\testdata\\bicycle_bivariate\\circuit=bicycle_bivariate_18_4_3_memory_X,distance=3,rounds=3,error_rate=0.001,noise_model=uniform_circuit,basis=CX,A=x+1+y,B=x+1+xy^2.stim""}",
       194,         2,         0,    45.3,mem-bp-cdamp-0p2,426797af2e2a88dd9b2b6409d7dee2ce83baf9f9e50a97c8bf4ff8c1293e448f,"{""A"":""x+1+y"",""B"":""x+1+xy^2"",""basis"":""CX"",""circuit"":""bicycle_bivariate_18_4_3_memory_X"",""d"":3,""distance"":""3"",""error_rate"":""0.001"",""noise_model"":""uniform_circuit"",""p"":0.001,""r"":3,""rounds"":""3"",""stim_path"":""C:\\Users\\User\\Documents\\projects-git\\relay_mother_folder\\relay\\tests\\testdata\\bicycle_bivariate\\circuit=bicycle_bivariate_18_4_3_memory_X,distance=3,rounds=3,error_rate=0.001,noise_model=uniform_circuit,basis=CX,A=x+1+y,B=x+1+xy^2.stim""}",
       310,         3,         0,    63.3,msl-bp,8fbae80d3ef89296897f676a8e47bcb8c2151003b6e39d10606b7ee94914c1d6,"{""A"":""x+1+y"",""B"":""x+1+xy^2"",""basis"":""CX"",""circuit"":""bicycle_bivariate_18_4_3_memory_X"",""d"":3,""distance"":""3"",""error_rate"":""0.001"",""noise_model"":""uniform_circuit"",""p"":0.001,""r"":3,""rounds"":""3"",""stim_path"":""C:\\Users\\User\\Documents\\projects-git\\relay_mother_folder\\relay\\tests\\testdata\\bicycle_bivariate\\circuit=bicycle_bivariate_18_4_3_memory_X,distance=3,rounds=3,error_rate=0.001,noise_model=uniform_circuit,basis=CX,A=x+1+y,B=x+1+xy^2.stim""}",
       280,         0,         0,    63.0,mem-bp,88862465eff4b2d4e75dad9bcf066c29c41d74d8aa9fbb631e277e7728d305a5,"{""A"":""x+1+y"",""B"":""x+1+xy^2"",""basis"":""CX"",""circuit"":""bicycle_bivariate_18_4_3_memory_X"",""d"":3,""distance"":""3"",""error_rate"":""0.001"",""noise_model"":""uniform_circuit"",""p"":0.001,""r"":3,""rounds"":""3"",""stim_path"":""C:\\Users\\User\\Documents\\projects-git\\relay_mother_folder\\relay\\tests\\testdata\\bicycle_bivariate\\circuit=bicycle_bivariate_18_4_3_memory_X,distance=3,rounds=3,error_rate=0.001,noise_model=uniform_circuit,basis=CX,A=x+1+y,B=x+1+xy^2.stim""}",
       274,         4,         0,    63.2,msl-bp-cdamp-0p8,95aa1299a09cfccca78c2e5a2f09fcb25221cfc03cb6f19befb6662bcc8760f6,"{""A"":""x+1+y"",""B"":""x+1+xy^2"",""basis"":""CX"",""circuit"":""bicycle_bivariate_18_4_3_memory_X"",""d"":3,""distance"":""3"",""error_rate"":""0.001"",""noise_model"":""uniform_circuit"",""p"":0.001,""r"":3,""rounds"":""3"",""stim_path"":""C:\\Users\\User\\Documents\\projects-git\\relay_mother_folder\\relay\\tests\\testdata\\bicycle_bivariate\\circuit=bicycle_bivariate_18_4_3_memory_X,distance=3,rounds=3,error_rate=0.001,noise_model=uniform_circuit,basis=CX,A=x+1+y,B=x+1+xy^2.stim""}",
       254,         0,         0,    63.0,mem-bp-cdamp-0p5,006cd8c28742ec24ef0db7d2700424bbe04c9e901d86e040647fcb76a9c9c49b,"{""A"":""x+1+y"",""B"":""x+1+xy^2"",""basis"":""CX"",""circuit"":""bicycle_bivariate_18_4_3_memory_X"",""d"":3,""distance"":""3"",""error_rate"":""0.001"",""noise_model"":""uniform_circuit"",""p"":0.001,""r"":3,""rounds"":""3"",""stim_path"":""C:\\Users\\User\\Documents\\projects-git\\relay_mother_folder\\relay\\tests\\testdata\\bicycle_bivariate\\circuit=bicycle_bivariate_18_4_3_memory_X,distance=3,rounds=3,error_rate=0.001,noise_model=uniform_circuit,basis=CX,A=x+1+y,B=x+1+xy^2.stim""}",
       278,         1,         0,    63.1,msl-bp-cdamp-0p2,3a1f516d5a607d16a990acfe7beb3feb9c6b6d9127ff6cf3239d14306c8fbcb4,"{""A"":""x+1+y"",""B"":""x+1+xy^2"",""basis"":""CX"",""circuit"":""bicycle_bivariate_18_4_3_memory_X"",""d"":3,""distance"":""3"",""error_rate"":""0.001"",""noise_model"":""uniform_circuit"",""p"":0.001,""r"":3,""rounds"":""3"",""stim_path"":""C:\\Users\\User\\Documents\\projects-git\\relay_mother_folder\\relay\\tests\\testdata\\bicycle_bivariate\\circuit=bicycle_bivariate_18_4_3_memory_X,distance=3,rounds=3,error_rate=0.001,noise_model=uniform_circuit,basis=CX,A=x+1+y,B=x+1+xy^2.stim""}",
       276,         3,         0,    63.1,msl-bp-cdamp-0p5,60ed0a6454f75fcc4110dcc67cfc7b494fa12ae46881ff871c282f98ceddb20d,"{""A"":""x+1+y"",""B"":""x+1+xy^2"",""basis"":""CX"",""circuit"":""bicycle_bivariate_18_4_3_memory_X"",""d"":3,""distance"":""3"",""error_rate"":""0.001"",""noise_model"":""uniform_circuit"",""p"":0.001,""r"":3,""rounds"":""3"",""stim_path"":""C:\\Users\\User\\Documents\\projects-git\\relay_mother_folder\\relay\\tests\\testdata\\bicycle_bivariate\\circuit=bicycle_bivariate_18_4_3_memory_X,distance=3,rounds=3,error_rate=0.001,noise_model=uniform_circuit,basis=CX,A=x+1+y,B=x+1+xy^2.stim""}",
       272,         1,         0,    63.0,mem-bp-cdamp-0p8,899402286ed484b27cfa99bdff637396ac7709784ac0c8ccfcfed7ee79542de3,"{""A"":""x+1+y"",""B"":""x+1+xy^2"",""basis"":""CX"",""circuit"":""bicycle_bivariate_18_4_3_memory_X"",""d"":3,""distance"":""3"",""error_rate"":""0.001"",""noise_model"":""uniform_circuit"",""p"":0.001,""r"":3,""rounds"":""3"",""stim_path"":""C:\\Users\\User\\Documents\\projects-git\\relay_mother_folder\\relay\\tests\\testdata\\bicycle_bivariate\\circuit=bicycle_bivariate_18_4_3_memory_X,distance=3,rounds=3,error_rate=0.001,noise_model=uniform_circuit,basis=CX,A=x+1+y,B=x+1+xy^2.stim""}",
       262,         1,         0,    63.1,mem-bp-cdamp-0p2,426797af2e2a88dd9b2b6409d7dee2ce83baf9f9e50a97c8bf4ff8c1293e448f,"{""A"":""x+1+y"",""B"":""x+1+xy^2"",""basis"":""CX"",""circuit"":""bicycle_bivariate_18_4_3_memory_X"",""d"":3,""distance"":""3"",""error_rate"":""0.001"",""noise_model"":""uniform_circuit"",""p"":0.001,""r"":3,""rounds"":""3"",""stim_path"":""C:\\Users\\User\\Documents\\projects-git\\relay_mother_folder\\relay\\tests\\testdata\\bicycle_bivariate\\circuit=bicycle_bivariate_18_4_3_memory_X,distance=3,rounds=3,error_rate=0.001,noise_model=uniform_circuit,basis=CX,A=x+1+y,B=x+1+xy^2.stim""}",
       452,         8,         0,    88.3,msl-bp,8fbae80d3ef89296897f676a8e47bcb8c2151003b6e39d10606b7ee94914c1d6,"{""A"":""x+1+y"",""B"":""x+1+xy^2"",""basis"":""CX"",""circuit"":""bicycle_bivariate_18_4_3_memory_X"",""d"":3,""distance"":""3"",""error_rate"":""0.001"",""noise_model"":""uniform_circuit"",""p"":0.001,""r"":3,""rounds"":""3"",""stim_path"":""C:\\Users\\User\\Documents\\projects-git\\relay_mother_folder\\relay\\tests\\testdata\\bicycle_bivariate\\circuit=bicycle_bivariate_18_4_3_memory_X,distance=3,rounds=3,error_rate=0.001,noise_model=uniform_circuit,basis=CX,A=x+1+y,B=x+1+xy^2.stim""}",
       438,         1,         0,    88.4,mem-bp,88862465eff4b2d4e75dad9bcf066c29c41d74d8aa9fbb631e277e7728d305a5,"{""A"":""x+1+y"",""B"":""x+1+xy^2"",""basis"":""CX"",""circuit"":""bicycle_bivariate_18_4_3_memory_X"",""d"":3,""distance"":""3"",""error_rate"":""0.001"",""noise_model"":""uniform_circuit"",""p"":0.001,""r"":3,""rounds"":""3"",""stim_path"":""C:\\Users\\User\\Documents\\projects-git\\relay_mother_folder\\relay\\tests\\testdata\\bicycle_bivariate\\circuit=bicycle_bivariate_18_4_3_memory_X,distance=3,rounds=3,error_rate=0.001,noise_model=uniform_circuit,basis=CX,A=x+1+y,B=x+1+xy^2.stim""}",
       388,         3,         0,    88.3,mem-bp-cdamp-0p5,006cd8c28742ec24ef0db7d2700424bbe04c9e901d86e040647fcb76a9c9c49b,"{""A"":""x+1+y"",""B"":""x+1+xy^2"",""basis"":""CX"",""circuit"":""bicycle_bivariate_18_4_3_memory_X"",""d"":3,""distance"":""3"",""error_rate"":""0.001"",""noise_model"":""uniform_circuit"",""p"":0.001,""r"":3,""rounds"":""3"",""stim_path"":""C:\\Users\\User\\Documents\\projects-git\\relay_mother_folder\\relay\\tests\\testdata\\bicycle_bivariate\\circuit=bicycle_bivariate_18_4_3_memory_X,distance=3,rounds=3,error_rate=0.001,noise_model=uniform_circuit,basis=CX,A=x+1+y,B=x+1+xy^2.stim""}",
       412,         4,         0,    88.6,msl-bp-cdamp-0p8,95aa1299a09cfccca78c2e5a2f09fcb25221cfc03cb6f19befb6662bcc8760f6,"{""A"":""x+1+y"",""B"":""x+1+xy^2"",""basis"":""CX"",""circuit"":""bicycle_bivariate_18_4_3_memory_X"",""d"":3,""distance"":""3"",""error_rate"":""0.001"",""noise_model"":""uniform_circuit"",""p"":0.001,""r"":3,""rounds"":""3"",""stim_path"":""C:\\Users\\User\\Documents\\projects-git\\relay_mother_folder\\relay\\tests\\testdata\\bicycle_bivariate\\circuit=bicycle_bivariate_18_4_3_memory_X,distance=3,rounds=3,error_rate=0.001,noise_model=uniform_circuit,basis=CX,A=x+1+y,B=x+1+xy^2.stim""}",
       412,         0,         0,    88.6,msl-bp-cdamp-0p2,3a1f516d5a607d16a990acfe7beb3feb9c6b6d9127ff6cf3239d14306c8fbcb4,"{""A"":""x+1+y"",""B"":""x+1+xy^2"",""basis"":""CX"",""circuit"":""bicycle_bivariate_18_4_3_memory_X"",""d"":3,""distance"":""3"",""error_rate"":""0.001"",""noise_model"":""uniform_circuit"",""p"":0.001,""r"":3,""rounds"":""3"",""stim_path"":""C:\\Users\\User\\Documents\\projects-git\\relay_mother_folder\\relay\\tests\\testdata\\bicycle_bivariate\\circuit=bicycle_bivariate_18_4_3_memory_X,distance=3,rounds=3,error_rate=0.001,noise_model=uniform_circuit,basis=CX,A=x+1+y,B=x+1+xy^2.stim""}",
       422,         1,         0,    88.4,msl-bp-cdamp-0p5,60ed0a6454f75fcc4110dcc67cfc7b494fa12ae46881ff871c282f98ceddb20d,"{""A"":""x+1+y"",""B"":""x+1+xy^2"",""basis"":""CX"",""circuit"":""bicycle_bivariate_18_4_3_memory_X"",""d"":3,""distance"":""3"",""error_rate"":""0.001"",""noise_model"":""uniform_circuit"",""p"":0.001,""r"":3,""rounds"":""3"",""stim_path"":""C:\\Users\\User\\Documents\\projects-git\\relay_mother_folder\\relay\\tests\\testdata\\bicycle_bivariate\\circuit=bicycle_bivariate_18_4_3_memory_X,distance=3,rounds=3,error_rate=0.001,noise_model=uniform_circuit,basis=CX,A=x+1+y,B=x+1+xy^2.stim""}",
       402,         3,         0,    88.6,mem-bp-cdamp-0p8,899402286ed484b27cfa99bdff637396ac7709784ac0c8ccfcfed7ee79542de3,"{""A"":""x+1+y"",""B"":""x+1+xy^2"",""basis"":""CX"",""circuit"":""bicycle_bivariate_18_4_3_memory_X"",""d"":3,""distance"":""3"",""error_rate"":""0.001"",""noise_model"":""uniform_circuit"",""p"":0.001,""r"":3,""rounds"":""3"",""stim_path"":""C:\\Users\\User\\Documents\\projects-git\\relay_mother_folder\\relay\\tests\\testdata\\bicycle_bivariate\\circuit=bicycle_bivariate_18_4_3_memory_X,distance=3,rounds=3,error_rate=0.001,noise_model=uniform_circuit,basis=CX,A=x+1+y,B=x+1+xy^2.stim""}",
       392,         1,         0,    88.5,mem-bp-cdamp-0p2,426797af2e2a88dd9b2b6409d7dee2ce83baf9f9e50a97c8bf4ff8c1293e448f,"{""A"":""x+1+y"",""B"":""x+1+xy^2"",""basis"":""CX"",""circuit"":""bicycle_bivariate_18_4_3_memory_X"",""d"":3,""distance"":""3"",""error_rate"":""0.001"",""noise_model"":""uniform_circuit"",""p"":0.001,""r"":3,""rounds"":""3"",""stim_path"":""C:\\Users\\User\\Documents\\projects-git\\relay_mother_folder\\relay\\tests\\testdata\\bicycle_bivariate\\circuit=bicycle_bivariate_18_4_3_memory_X,distance=3,rounds=3,error_rate=0.001,noise_model=uniform_circuit,basis=CX,A=x+1+y,B=x+1+xy^2.stim""}",
       628,         7,         0,   120.3,msl-bp,8fbae80d3ef89296897f676a8e47bcb8c2151003b6e39d10606b7ee94914c1d6,"{""A"":""x+1+y"",""B"":""x+1+xy^2"",""basis"":""CX"",""circuit"":""bicycle_bivariate_18_4_3_memory_X"",""d"":3,""distance"":""3"",""error_rate"":""0.001"",""noise_model"":""uniform_circuit"",""p"":0.001,""r"":3,""rounds"":""3"",""stim_path"":""C:\\Users\\User\\Documents\\projects-git\\relay_mother_folder\\relay\\tests\\testdata\\bicycle_bivariate\\circuit=bicycle_bivariate_18_4_3_memory_X,distance=3,rounds=3,error_rate=0.001,noise_model=uniform_circuit,basis=CX,A=x+1+y,B=x+1+xy^2.stim""}",
       590,         3,         0,   120.1,mem-bp,88862465eff4b2d4e75dad9bcf066c29c41d74d8aa9fbb631e277e7728d305a5,"{""A"":""x+1+y"",""B"":""x+1+xy^2"",""basis"":""CX"",""circuit"":""bicycle_bivariate_18_4_3_memory_X"",""d"":3,""distance"":""3"",""error_rate"":""0.001"",""noise_model"":""uniform_circuit"",""p"":0.001,""r"":3,""rounds"":""3"",""stim_path"":""C:\\Users\\User\\Documents\\projects-git\\relay_mother_folder\\relay\\tests\\testdata\\bicycle_bivariate\\circuit=bicycle_bivariate_18_4_3_memory_X,distance=3,rounds=3,error_rate=0.001,noise_model=uniform_circuit,basis=CX,A=x+1+y,B=x+1+xy^2.stim""}",
       560,         5,         0,   120.1,msl-bp-cdamp-0p8,95aa1299a09cfccca78c2e5a2f09fcb25221cfc03cb6f19befb6662bcc8760f6,"{""A"":""x+1+y"",""B"":""x+1+xy^2"",""basis"":""CX"",""circuit"":""bicycle_bivariate_18_4_3_memory_X"",""d"":3,""distance"":""3"",""error_rate"":""0.001"",""noise_model"":""uniform_circuit"",""p"":0.001,""r"":3,""rounds"":""3"",""stim_path"":""C:\\Users\\User\\Documents\\projects-git\\relay_mother_folder\\relay\\tests\\testdata\\bicycle_bivariate\\circuit=bicycle_bivariate_18_4_3_memory_X,distance=3,rounds=3,error_rate=0.001,noise_model=uniform_circuit,basis=CX,A=x+1+y,B=x+1+xy^2.stim""}",
       530,         5,         0,   120.3,mem-bp-cdamp-0p5,006cd8c28742ec24ef0db7d2700424bbe04c9e901d86e040647fcb76a9c9c49b,"{""A"":""x+1+y"",""B"":""x+1+xy^2"",""basis"":""CX"",""circuit"":""bicycle_bivariate_18_4_3_memory_X"",""d"":3,""distance"":""3"",""error_rate"":""0.001"",""noise_model"":""uniform_circuit"",""p"":0.001,""r"":3,""rounds"":""3"",""stim_path"":""C:\\Users\\User\\Documents\\projects-git\\relay_mother_folder\\relay\\tests\\testdata\\bicycle_bivariate\\circuit=bicycle_bivariate_18_4_3_memory_X,distance=3,rounds=3,error_rate=0.001,noise_model=uniform_circuit,basis=CX,A=x+1+y,B=x+1+xy^2.stim""}",
       568,         2,         0,   120.3,msl-bp-cdamp-0p2,3a1f516d5a607d16a990acfe7beb3feb9c6b6d9127ff6cf3239d14306c8fbcb4,"{""A"":""x+1+y"",""B"":""x+1+xy^2"",""basis"":""CX"",""circuit"":""bicycle_bivariate_18_4_3_memory_X"",""d"":3,""distance"":""3"",""error_rate"":""0.001"",""noise_model"":""uniform_circuit"",""p"":0.001,""r"":3,""rounds"":""3"",""stim_path"":""C:\\Users\\User\\Documents\\projects-git\\relay_mother_folder\\relay\\tests\\testdata\\bicycle_bivariate\\circuit=bicycle_bivariate_18_4_3_memory_X,distance=3,rounds=3,error_rate=0.001,noise_model=uniform_circuit,basis=CX,A=x+1+y,B=x+1+xy^2.stim""}",
       574,         3,         0,   120.0,msl-bp-cdamp-0p5,60ed0a6454f75fcc4110dcc67cfc7b494fa12ae46881ff871c282f98ceddb20d,"{""A"":""x+1+y"",""B"":""x+1+xy^2"",""basis"":""CX"",""circuit"":""bicycle_bivariate_18_4_3_memory_X"",""d"":3,""distance"":""3"",""error_rate"":""0.001"",""noise_model"":""uniform_circuit"",""p"":0.001,""r"":3,""rounds"":""3"",""stim_path"":""C:\\Users\\User\\Documents\\projects-git\\relay_mother_folder\\relay\\tests\\testdata\\bicycle_bivariate\\circuit=bicycle_bivariate_18_4_3_memory_X,distance=3,rounds=3,error_rate=0.001,noise_model=uniform_circuit,basis=CX,A=x+1+y,B=x+1+xy^2.stim""}",
       538,         2,         0,   120.3,mem-bp-cdamp-0p8,899402286ed484b27cfa99bdff637396ac7709784ac0c8ccfcfed7ee79542de3,"{""A"":""x+1+y"",""B"":""x+1+xy^2"",""basis"":""CX"",""circuit"":""bicycle_bivariate_18_4_3_memory_X"",""d"":3,""distance"":""3"",""error_rate"":""0.001"",""noise_model"":""uniform_circuit"",""p"":0.001,""r"":3,""rounds"":""3"",""stim_path"":""C:\\Users\\User\\Documents\\projects-git\\relay_mother_folder\\relay\\tests\\testdata\\bicycle_bivariate\\circuit=bicycle_bivariate_18_4_3_memory_X,distance=3,rounds=3,error_rate=0.001,noise_model=uniform_circuit,basis=CX,A=x+1+y,B=x+1+xy^2.stim""}",
       538,         0,         0,   120.4,mem-bp-cdamp-0p2,426797af2e2a88dd9b2b6409d7dee2ce83baf9f9e50a97c8bf4ff8c1293e448f,"{""A"":""x+1+y"",""B"":""x+1+xy^2"",""basis"":""CX"",""circuit"":""bicycle_bivariate_18_4_3_memory_X"",""d"":3,""distance"":""3"",""error_rate"":""0.001"",""noise_model"":""uniform_circuit"",""p"":0.001,""r"":3,""rounds"":""3"",""stim_path"":""C:\\Users\\User\\Documents\\projects-git\\relay_mother_folder\\relay\\tests\\testdata\\bicycle_bivariate\\circuit=bicycle_bivariate_18_4_3_memory_X,distance=3,rounds=3,error_rate=0.001,noise_model=uniform_circuit,basis=CX,A=x+1+y,B=x+1+xy^2.stim""}",
       628,        10,         0,   120.0,msl-bp,8fbae80d3ef89296897f676a8e47bcb8c2151003b6e39d10606b7ee94914c1d6,"{""A"":""x+1+y"",""B"":""x+1+xy^2"",""basis"":""CX"",""circuit"":""bicycle_bivariate_18_4_3_memory_X"",""d"":3,""distance"":""3"",""error_rate"":""0.001"",""noise_model"":""uniform_circuit"",""p"":0.001,""r"":3,""rounds"":""3"",""stim_path"":""C:\\Users\\User\\Documents\\projects-git\\relay_mother_folder\\relay\\tests\\testdata\\bicycle_bivariate\\circuit=bicycle_bivariate_18_4_3_memory_X,distance=3,rounds=3,error_rate=0.001,noise_model=uniform_circuit,basis=CX,A=x+1+y,B=x+1+xy^2.stim""}",
       594,         3,         0,   120.2,mem-bp,88862465eff4b2d4e75dad9bcf066c29c41d74d8aa9fbb631e277e7728d305a5,"{""A"":""x+1+y"",""B"":""x+1+xy^2"",""basis"":""CX"",""circuit"":""bicycle_bivariate_18_4_3_memory_X"",""d"":3,""distance"":""3"",""error_rate"":""0.001"",""noise_model"":""uniform_circuit"",""p"":0.001,""r"":3,""rounds"":""3"",""stim_path"":""C:\\Users\\User\\Documents\\projects-git\\relay_mother_folder\\relay\\tests\\testdata\\bicycle_bivariate\\circuit=bicycle_bivariate_18_4_3_memory_X,distance=3,rounds=3,error_rate=0.001,noise_model=uniform_circuit,basis=CX,A=x+1+y,B=x+1+xy^2.stim""}",
       546,         4,         0,   120.2,mem-bp-cdamp-0p5,006cd8c28742ec24ef0db7d2700424bbe04c9e901d86e040647fcb76a9c9c49b,"{""A"":""x+1+y"",""B"":""x+1+xy^2"",""basis"":""CX"",""circuit"":""bicycle_bivariate_18_4_3_memory_X"",""d"":3,""distance"":""3"",""error_rate"":""0.001"",""noise_model"":""uniform_circuit"",""p"":0.001,""r"":3,""rounds"":""3"",""stim_path"":""C:\\Users\\User\\Documents\\projects-git\\relay_mother_folder\\relay\\tests\\testdata\\bicycle_bivariate\\circuit=bicycle_bivariate_18_4_3_memory_X,distance=3,rounds=3,error_rate=0.001,noise_model=uniform_circuit,basis=CX,A=x+1+y,B=x+1+xy^2.stim""}",
       576,        15,         0,   120.3,msl-bp-cdamp-0p8,95aa1299a09cfccca78c2e5a2f09fcb25221cfc03cb6f19befb6662bcc8760f6,"{""A"":""x+1+y"",""B"":""x+1+xy^2"",""basis"":""CX"",""circuit"":""bicycle_bivariate_18_4_3_memory_X"",""d"":3,""distance"":""3"",""error_rate"":""0.001"",""noise_model"":""uniform_circuit"",""p"":0.001,""r"":3,""rounds"":""3"",""stim_path"":""C:\\Users\\User\\Documents\\projects-git\\relay_mother_folder\\relay\\tests\\testdata\\bicycle_bivariate\\circuit=bicycle_bivariate_18_4_3_memory_X,distance=3,rounds=3,error_rate=0.001,noise_model=uniform_circuit,basis=CX,A=x+1+y,B=x+1+xy^2.stim""}",
       572,         2,         0,   120.0,msl-bp-cdamp-0p2,3a1f516d5a607d16a990acfe7beb3feb9c6b6d9127ff6cf3239d14306c8fbcb4,"{""A"":""x+1+y"",""B"":""x+1+xy^2"",""basis"":""CX"",""circuit"":""bicycle_bivariate_18_4_3_memory_X"",""d"":3,""distance"":""3"",""error_rate"":""0.001"",""noise_model"":""uniform_circuit"",""p"":0.001,""r"":3,""rounds"":""3"",""stim_path"":""C:\\Users\\User\\Documents\\projects-git\\relay_mother_folder\\relay\\tests\\testdata\\bicycle_bivariate\\circuit=bicycle_bivariate_18_4_3_memory_X,distance=3,rounds=3,error_rate=0.001,noise_model=uniform_circuit,basis=CX,A=x+1+y,B=x+1+xy^2.stim""}",
       572,         2,         0,   120.3,msl-bp-cdamp-0p5,60ed0a6454f75fcc4110dcc67cfc7b494fa12ae46881ff871c282f98ceddb20d,"{""A"":""x+1+y"",""B"":""x+1+xy^2"",""basis"":""CX"",""circuit"":""bicycle_bivariate_18_4_3_memory_X"",""d"":3,""distance"":""3"",""error_rate"":""0.001"",""noise_model"":""uniform_circuit"",""p"":0.001,""r"":3,""rounds"":""3"",""stim_path"":""C:\\Users\\User\\Documents\\projects-git\\relay_mother_folder\\relay\\tests\\testdata\\bicycle_bivariate\\circuit=bicycle_bivariate_18_4_3_memory_X,distance=3,rounds=3,error_rate=0.001,noise_model=uniform_circuit,basis=CX,A=x+1+y,B=x+1+xy^2.stim""}",
       540,         1,         0,   120.3,mem-bp-cdamp-0p8,899402286ed484b27cfa99bdff637396ac7709784ac0c8ccfcfed7ee79542de3,"{""A"":""x+1+y"",""B"":""x+1+xy^2"",""basis"":""CX"",""circuit"":""bicycle_bivariate_18_4_3_memory_X"",""d"":3,""distance"":""3"",""error_rate"":""0.001"",""noise_model"":""uniform_circuit"",""p"":0.001,""r"":3,""rounds"":""3"",""stim_path"":""C:\\Users\\User\\Documents\\projects-git\\relay_mother_folder\\relay\\tests\\testdata\\bicycle_bivariate\\circuit=bicycle_bivariate_18_4_3_memory_X,distance=3,rounds=3,error_rate=0.001,noise_model=uniform_circuit,basis=CX,A=x+1+y,B=x+1+xy^2.stim""}",
       548,         2,         0,   120.4,mem-bp-cdamp-0p2,426797af2e2a88dd9b2b6409d7dee2ce83baf9f9e50a97c8bf4ff8c1293e448f,"{""A"":""x+1+y"",""B"":""x+1+xy^2"",""basis"":""CX"",""circuit"":""bicycle_bivariate_18_4_3_memory_X"",""d"":3,""distance"":""3"",""error_rate"":""0.001"",""noise_model"":""uniform_circuit"",""p"":0.001,""r"":3,""rounds"":""3"",""stim_path"":""C:\\Users\\User\\Documents\\projects-git\\relay_mother_folder\\relay\\tests\\testdata\\bicycle_bivariate\\circuit=bicycle_bivariate_18_4_3_memory_X,distance=3,rounds=3,error_rate=0.001,noise_model=uniform_circuit,basis=CX,A=x+1+y,B=x+1+xy^2.stim""}",
       634,         3,         0,   120.2,msl-bp,8fbae80d3ef89296897f676a8e47bcb8c2151003b6e39d10606b7ee94914c1d6,"{""A"":""x+1+y"",""B"":""x+1+xy^2"",""basis"":""CX"",""circuit"":""bicycle_bivariate_18_4_3_memory_X"",""d"":3,""distance"":""3"",""error_rate"":""0.001"",""noise_model"":""uniform_circuit"",""p"":0.001,""r"":3,""rounds"":""3"",""stim_path"":""C:\\Users\\User\\Documents\\projects-git\\relay_mother_folder\\relay\\tests\\testdata\\bicycle_bivariate\\circuit=bicycle_bivariate_18_4_3_memory_X,distance=3,rounds=3,error_rate=0.001,noise_model=uniform_circuit,basis=CX,A=x+1+y,B=x+1+xy^2.stim""}",
       582,         0,         0,   120.2,mem-bp,88862465eff4b2d4e75dad9bcf066c29c41d74d8aa9fbb631e277e7728d305a5,"{""A"":""x+1+y"",""B"":""x+1+xy^2"",""basis"":""CX"",""circuit"":""bicycle_bivariate_18_4_3_memory_X"",""d"":3,""distance"":""3"",""error_rate"":""0.001"",""noise_model"":""uniform_circuit"",""p"":0.001,""r"":3,""rounds"":""3"",""stim_path"":""C:\\Users\\User\\Documents\\projects-git\\relay_mother_folder\\relay\\tests\\testdata\\bicycle_bivariate\\circuit=bicycle_bivariate_18_4_3_memory_X,distance=3,rounds=3,error_rate=0.001,noise_model=uniform_circuit,basis=CX,A=x+1+y,B=x+1+xy^2.stim""}",
       536,         2,         0,   120.1,mem-bp-cdamp-0p5,006cd8c28742ec24ef0db7d2700424bbe04c9e901d86e040647fcb76a9c9c49b,"{""A"":""x+1+y"",""B"":""x+1+xy^2"",""basis"":""CX"",""circuit"":""bicycle_bivariate_18_4_3_memory_X"",""d"":3,""distance"":""3"",""error_rate"":""0.001"",""noise_model"":""uniform_circuit"",""p"":0.001,""r"":3,""rounds"":""3"",""stim_path"":""C:\\Users\\User\\Documents\\projects-git\\relay_mother_folder\\relay\\tests\\testdata\\bicycle_bivariate\\circuit=bicycle_bivariate_18_4_3_memory_X,distance=3,rounds=3,error_rate=0.001,noise_model=uniform_circuit,basis=CX,A=x+1+y,B=x+1+xy^2.stim""}",
       580,         3,         0,   120.1,msl-bp-cdamp-0p2,3a1f516d5a607d16a990acfe7beb3feb9c6b6d9127ff6cf3239d14306c8fbcb4,"{""A"":""x+1+y"",""B"":""x+1+xy^2"",""basis"":""CX"",""circuit"":""bicycle_bivariate_18_4_3_memory_X"",""d"":3,""distance"":""3"",""error_rate"":""0.001"",""noise_model"":""uniform_circuit"",""p"":0.001,""r"":3,""rounds"":""3"",""stim_path"":""C:\\Users\\User\\Documents\\projects-git\\relay_mother_folder\\relay\\tests\\testdata\\bicycle_bivariate\\circuit=bicycle_bivariate_18_4_3_memory_X,distance=3,rounds=3,error_rate=0.001,noise_model=uniform_circuit,basis=CX,A=x+1+y,B=x+1+xy^2.stim""}",
       568,         2,         0,   120.5,msl-bp-cdamp-0p8,95aa1299a09cfccca78c2e5a2f09fcb25221cfc03cb6f19befb6662bcc8760f6,"{""A"":""x+1+y"",""B"":""x+1+xy^2"",""basis"":""CX"",""circuit"":""bicycle_bivariate_18_4_3_memory_X"",""d"":3,""distance"":""3"",""error_rate"":""0.001"",""noise_model"":""uniform_circuit"",""p"":0.001,""r"":3,""rounds"":""3"",""stim_path"":""C:\\Users\\User\\Documents\\projects-git\\relay_mother_folder\\relay\\tests\\testdata\\bicycle_bivariate\\circuit=bicycle_bivariate_18_4_3_memory_X,distance=3,rounds=3,error_rate=0.001,noise_model=uniform_circuit,basis=CX,A=x+1+y,B=x+1+xy^2.stim""}",
       562,         1,         0,   120.2,msl-bp-cdamp-0p5,60ed0a6454f75fcc4110dcc67cfc7b494fa12ae46881ff871c282f98ceddb20d,"{""A"":""x+1+y"",""B"":""x+1+xy^2"",""basis"":""CX"",""circuit"":""bicycle_bivariate_18_4_3_memory_X"",""d"":3,""distance"":""3"",""error_rate"":""0.001"",""noise_model"":""uniform_circuit"",""p"":0.001,""r"":3,""rounds"":""3"",""stim_path"":""C:\\Users\\User\\Documents\\projects-git\\relay_mother_folder\\relay\\tests\\testdata\\bicycle_bivariate\\circuit=bicycle_bivariate_18_4_3_memory_X,distance=3,rounds=3,error_rate=0.001,noise_model=uniform_circuit,basis=CX,A=x+1+y,B=x+1+xy^2.stim""}",
       544,         3,         0,   120.4,mem-bp-cdamp-0p8,899402286ed484b27cfa99bdff637396ac7709784ac0c8ccfcfed7ee79542de3,"{""A"":""x+1+y"",""B"":""x+1+xy^2"",""basis"":""CX"",""circuit"":""bicycle_bivariate_18_4_3_memory_X"",""d"":3,""distance"":""3"",""error_rate"":""0.001"",""noise_model"":""uniform_circuit"",""p"":0.001,""r"":3,""rounds"":""3"",""stim_path"":""C:\\Users\\User\\Documents\\projects-git\\relay_mother_folder\\relay\\tests\\testdata\\bicycle_bivariate\\circuit=bicycle_bivariate_18_4_3_memory_X,distance=3,rounds=3,error_rate=0.001,noise_model=uniform_circuit,basis=CX,A=x+1+y,B=x+1+xy^2.stim""}",
       536,         2,         0,   120.4,mem-bp-cdamp-0p2,426797af2e2a88dd9b2b6409d7dee2ce83baf9f9e50a97c8bf4ff8c1293e448f,"{""A"":""x+1+y"",""B"":""x+1+xy^2"",""basis"":""CX"",""circuit"":""bicycle_bivariate_18_4_3_memory_X"",""d"":3,""distance"":""3"",""error_rate"":""0.001"",""noise_model"":""uniform_circuit"",""p"":0.001,""r"":3,""rounds"":""3"",""stim_path"":""C:\\Users\\User\\Documents\\projects-git\\relay_mother_folder\\relay\\tests\\testdata\\bicycle_bivariate\\circuit=bicycle_bivariate_18_4_3_memory_X,distance=3,rounds=3,error_rate=0.001,noise_model=uniform_circuit,basis=CX,A=x+1+y,B=x+1+xy^2.stim""}",
       634,        12,         0,   120.1,msl-bp,8fbae80d3ef89296897f676a8e47bcb8c2151003b6e39d10606b7ee94914c1d6,"{""A"":""x+1+y"",""B"":""x+1+xy^2"",""basis"":""CX"",""circuit"":""bicycle_bivariate_18_4_3_memory_X"",""d"":3,""distance"":""3"",""error_rate"":""0.001"",""noise_model"":""uniform_circuit"",""p"":0.001,""r"":3,""rounds"":""3"",""stim_path"":""C:\\Users\\User\\Documents\\projects-git\\relay_mother_folder\\relay\\tests\\testdata\\bicycle_bivariate\\circuit=bicycle_bivariate_18_4_3_memory_X,distance=3,rounds=3,error_rate=0.001,noise_model=uniform_circuit,basis=CX,A=x+1+y,B=x+1+xy^2.stim""}",
       602,         4,         0,   120.0,mem-bp,88862465eff4b2d4e75dad9bcf066c29c41d74d8aa9fbb631e277e7728d305a5,"{""A"":""x+1+y"",""B"":""x+1+xy^2"",""basis"":""CX"",""circuit"":""bicycle_bivariate_18_4_3_memory_X"",""d"":3,""distance"":""3"",""error_rate"":""0.001"",""noise_model"":""uniform_circuit"",""p"":0.001,""r"":3,""rounds"":""3"",""stim_path"":""C:\\Users\\User\\Documents\\projects-git\\relay_mother_folder\\relay\\tests\\testdata\\bicycle_bivariate\\circuit=bicycle_bivariate_18_4_3_memory_X,distance=3,rounds=3,error_rate=0.001,noise_model=uniform_circuit,basis=CX,A=x+1+y,B=x+1+xy^2.stim""}",
       550,         0,         0,   120.4,mem-bp-cdamp-0p5,006cd8c28742ec24ef0db7d2700424bbe04c9e901d86e040647fcb76a9c9c49b,"{""A"":""x+1+y"",""B"":""x+1+xy^2"",""basis"":""CX"",""circuit"":""bicycle_bivariate_18_4_3_memory_X"",""d"":3,""distance"":""3"",""error_rate"":""0.001"",""noise_model"":""uniform_circuit"",""p"":0.001,""r"":3,""rounds"":""3"",""stim_path"":""C:\\Users\\User\\Documents\\projects-git\\relay_mother_folder\\relay\\tests\\testdata\\bicycle_bivariate\\circuit=bicycle_bivariate_18_4_3_memory_X,distance=3,rounds=3,error_rate=0.001,noise_model=uniform_circuit,basis=CX,A=x+1+y,B=x+1+xy^2.stim""}",
       580,        11,         0,   120.2,msl-bp-cdamp-0p8,95aa1299a09cfccca78c2e5a2f09fcb25221cfc03cb6f19befb6662bcc8760f6,"{""A"":""x+1+y"",""B"":""x+1+xy^2"",""basis"":""CX"",""circuit"":""bicycle_bivariate_18_4_3_memory_X"",""d"":3,""distance"":""3"",""error_rate"":""0.001"",""noise_model"":""uniform_circuit"",""p"":0.001,""r"":3,""rounds"":""3"",""stim_path"":""C:\\Users\\User\\Documents\\projects-git\\relay_mother_folder\\relay\\tests\\testdata\\bicycle_bivariate\\circuit=bicycle_bivariate_18_4_3_memory_X,distance=3,rounds=3,error_rate=0.001,noise_model=uniform_circuit,basis=CX,A=x+1+y,B=x+1+xy^2.stim""}",
       576,         1,         0,   120.5,msl-bp-cdamp-0p2,3a1f516d5a607d16a990acfe7beb3feb9c6b6d9127ff6cf3239d14306c8fbcb4,"{""A"":""x+1+y"",""B"":""x+1+xy^2"",""basis"":""CX"",""circuit"":""bicycle_bivariate_18_4_3_memory_X"",""d"":3,""distance"":""3"",""error_rate"":""0.001"",""noise_model"":""uniform_circuit"",""p"":0.001,""r"":3,""rounds"":""3"",""stim_path"":""C:\\Users\\User\\Documents\\projects-git\\relay_mother_folder\\relay\\tests\\testdata\\bicycle_bivariate\\circuit=bicycle_bivariate_18_4_3_memory_X,distance=3,rounds=3,error_rate=0.001,noise_model=uniform_circuit,basis=CX,A=x+1+y,B=x+1+xy^2.stim""}",
       578,         3,         0,   120.2,msl-bp-cdamp-0p5,60ed0a6454f75fcc4110dcc67cfc7b494fa12ae46881ff871c282f98ceddb20d,"{""A"":""x+1+y"",""B"":""x+1+xy^2"",""basis"":""CX"",""circuit"":""bicycle_bivariate_18_4_3_memory_X"",""d"":3,""distance"":""3"",""error_rate"":""0.001"",""noise_model"":""uniform_circuit"",""p"":0.001,""r"":3,""rounds"":""3"",""stim_path"":""C:\\Users\\User\\Documents\\projects-git\\relay_mother_folder\\relay\\tests\\testdata\\bicycle_bivariate\\circuit=bicycle_bivariate_18_4_3_memory_X,distance=3,rounds=3,error_rate=0.001,noise_model=uniform_circuit,basis=CX,A=x+1+y,B=x+1+xy^2.stim""}",
       544,         3,         0,   120.4,mem-bp-cdamp-0p8,899402286ed484b27cfa99bdff637396ac7709784ac0c8ccfcfed7ee79542de3,"{""A"":""x+1+y"",""B"":""x+1+xy^2"",""basis"":""CX"",""circuit"":""bicycle_bivariate_18_4_3_memory_X"",""d"":3,""distance"":""3"",""error_rate"":""0.001"",""noise_model"":""uniform_circuit"",""p"":0.001,""r"":3,""rounds"":""3"",""stim_path"":""C:\\Users\\User\\Documents\\projects-git\\relay_mother_folder\\relay\\tests\\testdata\\bicycle_bivariate\\circuit=bicycle_bivariate_18_4_3_memory_X,distance=3,rounds=3,error_rate=0.001,noise_model=uniform_circuit,basis=CX,A=x+1+y,B=x+1+xy^2.stim""}",
       554,         3,         0,   120.4,mem-bp-cdamp-0p2,426797af2e2a88dd9b2b6409d7dee2ce83baf9f9e50a97c8bf4ff8c1293e448f,"{""A"":""x+1+y"",""B"":""x+1+xy^2"",""basis"":""CX"",""circuit"":""bicycle_bivariate_18_4_3_memory_X"",""d"":3,""distance"":""3"",""error_rate"":""0.001"",""noise_model"":""uniform_circuit"",""p"":0.001,""r"":3,""rounds"":""3"",""stim_path"":""C:\\Users\\User\\Documents\\projects-git\\relay_mother_folder\\relay\\tests\\testdata\\bicycle_bivariate\\circuit=bicycle_bivariate_18_4_3_memory_X,distance=3,rounds=3,error_rate=0.001,noise_model=uniform_circuit,basis=CX,A=x+1+y,B=x+1+xy^2.stim""}",
       634,         6,         0,   120.2,msl-bp,8fbae80d3ef89296897f676a8e47bcb8c2151003b6e39d10606b7ee94914c1d6,"{""A"":""x+1+y"",""B"":""x+1+xy^2"",""basis"":""CX"",""circuit"":""bicycle_bivariate_18_4_3_memory_X"",""d"":3,""distance"":""3"",""error_rate"":""0.001"",""noise_model"":""uniform_circuit"",""p"":0.001,""r"":3,""rounds"":""3"",""stim_path"":""C:\\Users\\User\\Documents\\projects-git\\relay_mother_folder\\relay\\tests\\testdata\\bicycle_bivariate\\circuit=bicycle_bivariate_18_4_3_memory_X,distance=3,rounds=3,error_rate=0.001,noise_model=uniform_circuit,basis=CX,A=x+1+y,B=x+1+xy^2.stim""}",
       592,         2,         0,   120.2,mem-bp,88862465eff4b2d4e75dad9bcf066c29c41d74d8aa9fbb631e277e7728d305a5,"{""A"":""x+1+y"",""B"":""x+1+xy^2"",""basis"":""CX"",""circuit"":""bicycle_bivariate_18_4_3_memory_X"",""d"":3,""distance"":""3"",""error_rate"":""0.001"",""noise_model"":""uniform_circuit"",""p"":0.001,""r"":3,""rounds"":""3"",""stim_path"":""C:\\Users\\User\\Documents\\projects-git\\relay_mother_folder\\relay\\tests\\testdata\\bicycle_bivariate\\circuit=bicycle_bivariate_18_4_3_memory_X,distance=3,rounds=3,error_rate=0.001,noise_model=uniform_circuit,basis=CX,A=x+1+y,B=x+1+xy^2.stim""}",
       546,         3,         0,   120.2,mem-bp-cdamp-0p5,006cd8c28742ec24ef0db7d2700424bbe04c9e901d86e040647fcb76a9c9c49b,"{""A"":""x+1+y"",""B"":""x+1+xy^2"",""basis"":""CX"",""circuit"":""bicycle_bivariate_18_4_3_memory_X"",""d"":3,""distance"":""3"",""error_rate"":""0.001"",""noise_model"":""uniform_circuit"",""p"":0.001,""r"":3,""rounds"":""3"",""stim_path"":""C:\\Users\\User\\Documents\\projects-git\\relay_mother_folder\\relay\\tests\\testdata\\bicycle_bivariate\\circuit=bicycle_bivariate_18_4_3_memory_X,distance=3,rounds=3,error_rate=0.001,noise_model=uniform_circuit,basis=CX,A=x+1+y,B=x+1+xy^2.stim""}",
       570,         2,         0,   120.0,msl-bp-cdamp-0p2,3a1f516d5a607d16a990acfe7beb3feb9c6b6d9127ff6cf3239d14306c8fbcb4,"{""A"":""x+1+y"",""B"":""x+1+xy^2"",""basis"":""CX"",""circuit"":""bicycle_bivariate_18_4_3_memory_X"",""d"":3,""distance"":""3"",""error_rate"":""0.001"",""noise_model"":""uniform_circuit"",""p"":0.001,""r"":3,""rounds"":""3"",""stim_path"":""C:\\Users\\User\\Documents\\projects-git\\relay_mother_folder\\relay\\tests\\testdata\\bicycle_bivariate\\circuit=bicycle_bivariate_18_4_3_memory_X,distance=3,rounds=3,error_rate=0.001,noise_model=uniform_circuit,basis=CX,A=x+1+y,B=x+1+xy^2.stim""}",
       578,        10,         0,   120.5,msl-bp-cdamp-0p8,95aa1299a09cfccca78c2e5a2f09fcb25221cfc03cb6f19befb6662bcc8760f6,"{""A"":""x+1+y"",""B"":""x+1+xy^2"",""basis"":""CX"",""circuit"":""bicycle_bivariate_18_4_3_memory_X"",""d"":3,""distance"":""3"",""error_rate"":""0.001"",""noise_model"":""uniform_circuit"",""p"":0.001,""r"":3,""rounds"":""3"",""stim_path"":""C:\\Users\\User\\Documents\\projects-git\\relay_mother_folder\\relay\\tests\\testdata\\bicycle_bivariate\\circuit=bicycle_bivariate_18_4_3_memory_X,distance=3,rounds=3,error_rate=0.001,noise_model=uniform_circuit,basis=CX,A=x+1+y,B=x+1+xy^2.stim""}",
       576,         1,         0,   120.1,msl-bp-cdamp-0p5,60ed0a6454f75fcc4110dcc67cfc7b494fa12ae46881ff871c282f98ceddb20d,"{""A"":""x+1+y"",""B"":""x+1+xy^2"",""basis"":""CX"",""circuit"":""bicycle_bivariate_18_4_3_memory_X"",""d"":3,""distance"":""3"",""error_rate"":""0.001"",""noise_model"":""uniform_circuit"",""p"":0.001,""r"":3,""rounds"":""3"",""stim_path"":""C:\\Users\\User\\Documents\\projects-git\\relay_mother_folder\\relay\\tests\\testdata\\bicycle_bivariate\\circuit=bicycle_bivariate_18_4_3_memory_X,distance=3,rounds=3,error_rate=0.001,noise_model=uniform_circuit,basis=CX,A=x+1+y,B=x+1+xy^2.stim""}",
       544,         3,         0,   120.0,mem-bp-cdamp-0p8,899402286ed484b27cfa99bdff637396ac7709784ac0c8ccfcfed7ee79542de3,"{""A"":""x+1+y"",""B"":""x+1+xy^2"",""basis"":""CX"",""circuit"":""bicycle_bivariate_18_4_3_memory_X"",""d"":3,""distance"":""3"",""error_rate"":""0.001"",""noise_model"":""uniform_circuit"",""p"":0.001,""r"":3,""rounds"":""3"",""stim_path"":""C:\\Users\\User\\Documents\\projects-git\\relay_mother_folder\\relay\\tests\\testdata\\bicycle_bivariate\\circuit=bicycle_bivariate_18_4_3_memory_X,distance=3,rounds=3,error_rate=0.001,noise_model=uniform_circuit,basis=CX,A=x+1+y,B=x+1+xy^2.stim""}",
       552,         2,         0,   120.0,mem-bp-cdamp-0p2,426797af2e2a88dd9b2b6409d7dee2ce83baf9f9e50a97c8bf4ff8c1293e448f,"{""A"":""x+1+y"",""B"":""x+1+xy^2"",""basis"":""CX"",""circuit"":""bicycle_bivariate_18_4_3_memory_X"",""d"":3,""distance"":""3"",""error_rate"":""0.001"",""noise_model"":""uniform_circuit"",""p"":0.001,""r"":3,""rounds"":""3"",""stim_path"":""C:\\Users\\User\\Documents\\projects-git\\relay_mother_folder\\relay\\tests\\testdata\\bicycle_bivariate\\circuit=bicycle_bivariate_18_4_3_memory_X,distance=3,rounds=3,error_rate=0.001,noise_model=uniform_circuit,basis=CX,A=x+1+y,B=x+1+xy^2.stim""}",
       630,         8,         0,   120.3,msl-bp,8fbae80d3ef89296897f676a8e47bcb8c2151003b6e39d10606b7ee94914c1d6,"{""A"":""x+1+y"",""B"":""x+1+xy^2"",""basis"":""CX"",""circuit"":""bicycle_bivariate_18_4_3_memory_X"",""d"":3,""distance"":""3"",""error_rate"":""0.001"",""noise_model"":""uniform_circuit"",""p"":0.001,""r"":3,""rounds"":""3"",""stim_path"":""C:\\Users\\User\\Documents\\projects-git\\relay_mother_folder\\relay\\tests\\testdata\\bicycle_bivariate\\circuit=bicycle_bivariate_18_4_3_memory_X,distance=3,rounds=3,error_rate=0.001,noise_model=uniform_circuit,basis=CX,A=x+1+y,B=x+1+xy^2.stim""}",
       584,         3,         0,   120.3,mem-bp,88862465eff4b2d4e75dad9bcf066c29c41d74d8aa9fbb631e277e7728d305a5,"{""A"":""x+1+y"",""B"":""x+1+xy^2"",""basis"":""CX"",""circuit"":""bicycle_bivariate_18_4_3_memory_X"",""d"":3,""distance"":""3"",""error_rate"":""0.001"",""noise_model"":""uniform_circuit"",""p"":0.001,""r"":3,""rounds"":""3"",""stim_path"":""C:\\Users\\User\\Documents\\projects-git\\relay_mother_folder\\relay\\tests\\testdata\\bicycle_bivariate\\circuit=bicycle_bivariate_18_4_3_memory_X,distance=3,rounds=3,error_rate=0.001,noise_model=uniform_circuit,basis=CX,A=x+1+y,B=x+1+xy^2.stim""}",
       562,         0,         0,   120.1,msl-bp-cdamp-0p2,3a1f516d5a607d16a990acfe7beb3feb9c6b6d9127ff6cf3239d14306c8fbcb4,"{""A"":""x+1+y"",""B"":""x+1+xy^2"",""basis"":""CX"",""circuit"":""bicycle_bivariate_18_4_3_memory_X"",""d"":3,""distance"":""3"",""error_rate"":""0.001"",""noise_model"":""uniform_circuit"",""p"":0.001,""r"":3,""rounds"":""3"",""stim_path"":""C:\\Users\\User\\Documents\\projects-git\\relay_mother_folder\\relay\\tests\\testdata\\bicycle_bivariate\\circuit=bicycle_bivariate_18_4_3_memory_X,distance=3,rounds=3,error_rate=0.001,noise_model=uniform_circuit,basis=CX,A=x+1+y,B=x+1+xy^2.stim""}",
       542,         3,         0,   120.4,mem-bp-cdamp-0p5,006cd8c28742ec24ef0db7d2700424bbe04c9e901d86e040647fcb76a9c9c49b,"{""A"":""x+1+y"",""B"":""x+1+xy^2"",""basis"":""CX"",""circuit"":""bicycle_bivariate_18_4_3_memory_X"",""d"":3,""distance"":""3"",""error_rate"":""0.001"",""noise_model"":""uniform_circuit"",""p"":0.001,""r"":3,""rounds"":""3"",""stim_path"":""C:\\Users\\User\\Documents\\projects-git\\relay_mother_folder\\relay\\tests\\testdata\\bicycle_bivariate\\circuit=bicycle_bivariate_18_4_3_memory_X,distance=3,rounds=3,error_rate=0.001,noise_model=uniform_circuit,basis=CX,A=x+1+y,B=x+1+xy^2.stim""}",
       560,         6,         0,   120.2,msl-bp-cdamp-0p8,95aa1299a09cfccca78c2e5a2f09fcb25221cfc03cb6f19befb6662bcc8760f6,"{""A"":""x+1+y"",""B"":""x+1+xy^2"",""basis"":""CX"",""circuit"":""bicycle_bivariate_18_4_3_memory_X"",""d"":3,""distance"":""3"",""error_rate"":""0.001"",""noise_model"":""uniform_circuit"",""p"":0.001,""r"":3,""rounds"":""3"",""stim_path"":""C:\\Users\\User\\Documents\\projects-git\\relay_mother_folder\\relay\\tests\\testdata\\bicycle_bivariate\\circuit=bicycle_bivariate_18_4_3_memory_X,distance=3,rounds=3,error_rate=0.001,noise_model=uniform_circuit,basis=CX,A=x+1+y,B=x+1+xy^2.stim""}",
       570,         2,         0,   120.2,msl-bp-cdamp-0p5,60ed0a6454f75fcc4110dcc67cfc7b494fa12ae46881ff871c282f98ceddb20d,"{""A"":""x+1+y"",""B"":""x+1+xy^2"",""basis"":""CX"",""circuit"":""bicycle_bivariate_18_4_3_memory_X"",""d"":3,""distance"":""3"",""error_rate"":""0.001"",""noise_model"":""uniform_circuit"",""p"":0.001,""r"":3,""rounds"":""3"",""stim_path"":""C:\\Users\\User\\Documents\\projects-git\\relay_mother_folder\\relay\\tests\\testdata\\bicycle_bivariate\\circuit=bicycle_bivariate_18_4_3_memory_X,distance=3,rounds=3,error_rate=0.001,noise_model=uniform_circuit,basis=CX,A=x+1+y,B=x+1+xy^2.stim""}",
       530,         2,         0,   120.0,mem-bp-cdamp-0p8,899402286ed484b27cfa99bdff637396ac7709784ac0c8ccfcfed7ee79542de3,"{""A"":""x+1+y"",""B"":""x+1+xy^2"",""basis"":""CX"",""circuit"":""bicycle_bivariate_18_4_3_memory_X"",""d"":3,""distance"":""3"",""error_rate"":""0.001"",""noise_model"":""uniform_circuit"",""p"":0.001,""r"":3,""rounds"":""3"",""stim_path"":""C:\\Users\\User\\Documents\\projects-git\\relay_mother_folder\\relay\\tests\\testdata\\bicycle_bivariate\\circuit=bicycle_bivariate_18_4_3_memory_X,distance=3,rounds=3,error_rate=0.001,noise_model=uniform_circuit,basis=CX,A=x+1+y,B=x+1+xy^2.stim""}",
       536,         0,         0,   120.3,mem-bp-cdamp-0p2,426797af2e2a88dd9b2b6409d7dee2ce83baf9f9e50a97c8bf4ff8c1293e448f,"{""A"":""x+1+y"",""B"":""x+1+xy^2"",""basis"":""CX"",""circuit"":""bicycle_bivariate_18_4_3_memory_X"",""d"":3,""distance"":""3"",""error_rate"":""0.001"",""noise_model"":""uniform_circuit"",""p"":0.001,""r"":3,""rounds"":""3"",""stim_path"":""C:\\Users\\User\\Documents\\projects-git\\relay_mother_folder\\relay\\tests\\testdata\\bicycle_bivariate\\circuit=bicycle_bivariate_18_4_3_memory_X,distance=3,rounds=3,error_rate=0.001,noise_model=uniform_circuit,basis=CX,A=x+1+y,B=x+1+xy^2.stim""}",
       634,         5,         0,   120.2,msl-bp,8fbae80d3ef89296897f676a8e47bcb8c2151003b6e39d10606b7ee94914c1d6,"{""A"":""x+1+y"",""B"":""x+1+xy^2"",""basis"":""CX"",""circuit"":""bicycle_bivariate_18_4_3_memory_X"",""d"":3,""distance"":""3"",""error_rate"":""0.001"",""noise_model"":""uniform_circuit"",""p"":0.001,""r"":3,""rounds"":""3"",""stim_path"":""C:\\Users\\User\\Documents\\projects-git\\relay_mother_folder\\relay\\tests\\testdata\\bicycle_bivariate\\circuit=bicycle_bivariate_18_4_3_memory_X,distance=3,rounds=3,error_rate=0.001,noise_model=uniform_circuit,basis=CX,A=x+1+y,B=x+1+xy^2.stim""}",
       600,         0,         0,   120.0,mem-bp,88862465eff4b2d4e75dad9bcf066c29c41d74d8aa9fbb631e277e7728d305a5,"{""A"":""x+1+y"",""B"":""x+1+xy^2"",""basis"":""CX"",""circuit"":""bicycle_bivariate_18_4_3_memory_X"",""d"":3,""distance"":""3"",""error_rate"":""0.001"",""noise_model"":""uniform_circuit"",""p"":0.001,""r"":3,""rounds"":""3"",""stim_path"":""C:\\Users\\User\\Documents\\projects-git\\relay_mother_folder\\relay\\tests\\testdata\\bicycle_bivariate\\circuit=bicycle_bivariate_18_4_3_memory_X,distance=3,rounds=3,error_rate=0.001,noise_model=uniform_circuit,basis=CX,A=x+1+y,B=x+1+xy^2.stim""}",
       576,         0,         0,   120.2,msl-bp-cdamp-0p2,3a1f516d5a607d16a990acfe7beb3feb9c6b6d9127ff6cf3239d14306c8fbcb4,"{""A"":""x+1+y"",""B"":""x+1+xy^2"",""basis"":""CX"",""circuit"":""bicycle_bivariate_18_4_3_memory_X"",""d"":3,""distance"":""3"",""error_rate"":""0.001"",""noise_model"":""uniform_circuit"",""p"":0.001,""r"":3,""rounds"":""3"",""stim_path"":""C:\\Users\\User\\Documents\\projects-git\\relay_mother_folder\\relay\\tests\\testdata\\bicycle_bivariate\\circuit=bicycle_bivariate_18_4_3_memory_X,distance=3,rounds=3,error_rate=0.001,noise_model=uniform_circuit,basis=CX,A=x+1+y,B=x+1+xy^2.stim""}",
       574,        10,         0,   120.0,msl-bp-cdamp-0p8,95aa1299a09cfccca78c2e5a2f09fcb25221cfc03cb6f19befb6662bcc8760f6,"{""A"":""x+1+y"",""B"":""x+1+xy^2"",""basis"":""CX"",""circuit"":""bicycle_bivariate_18_4_3_memory_X"",""d"":3,""distance"":""3"",""error_rate"":""0.001"",""noise_model"":""uniform_circuit"",""p"":0.001,""r"":3,""rounds"":""3"",""stim_path"":""C:\\Users\\User\\Documents\\projects-git\\relay_mother_folder\\relay\\tests\\testdata\\bicycle_bivariate\\circuit=bicycle_bivariate_18_4_3_memory_X,distance=3,rounds=3,error_rate=0.001,noise_model=uniform_circuit,basis=CX,A=x+1+y,B=x+1+xy^2.stim""}",
       558,         3,         0,   120.5,mem-bp-cdamp-0p5,006cd8c28742ec24ef0db7d2700424bbe04c9e901d86e040647fcb76a9c9c49b,"{""A"":""x+1+y"",""B"":""x+1+xy^2"",""basis"":""CX"",""circuit"":""bicycle_bivariate_18_4_3_memory_X"",""d"":3,""distance"":""3"",""error_rate"":""0.001"",""noise_model"":""uniform_circuit"",""p"":0.001,""r"":3,""rounds"":""3"",""stim_path"":""C:\\Users\\User\\Documents\\projects-git\\relay_mother_folder\\relay\\tests\\testdata\\bicycle_bivariate\\circuit=bicycle_bivariate_18_4_3_memory_X,distance=3,rounds=3,error_rate=0.001,noise_model=uniform_circuit,basis=CX,A=x+1+y,B=x+1+xy^2.stim""}",
       582,         1,         0,   120.0,msl-bp-cdamp-0p5,60ed0a6454f75fcc4110dcc67cfc7b494fa12ae46881ff871c282f98ceddb20d,"{""A"":""x+1+y"",""B"":""x+1+xy^2"",""basis"":""CX"",""circuit"":""bicycle_bivariate_18_4_3_memory_X"",""d"":3,""distance"":""3"",""error_rate"":""0.001"",""noise_model"":""uniform_circuit"",""p"":0.001,""r"":3,""rounds"":""3"",""stim_path"":""C:\\Users\\User\\Documents\\projects-git\\relay_mother_folder\\relay\\tests\\testdata\\bicycle_bivariate\\circuit=bicycle_bivariate_18_4_3_memory_X,distance=3,rounds=3,error_rate=0.001,noise_model=uniform_circuit,basis=CX,A=x+1+y,B=x+1+xy^2.stim""}",
       548,         3,         0,   120.4,mem-bp-cdamp-0p8,899402286ed484b27cfa99bdff637396ac7709784ac0c8ccfcfed7ee79542de3,"{""A"":""x+1+y"",""B"":""x+1+xy^2"",""basis"":""CX"",""circuit"":""bicycle_bivariate_18_4_3_memory_X"",""d"":3,""distance"":""3"",""error_rate"":""0.001"",""noise_model"":""uniform_circuit"",""p"":0.001,""r"":3,""rounds"":""3"",""stim_path"":""C:\\Users\\User\\Documents\\projects-git\\relay_mother_folder\\relay\\tests\\testdata\\bicycle_bivariate\\circuit=bicycle_bivariate_18_4_3_memory_X,distance=3,rounds=3,error_rate=0.001,noise_model=uniform_circuit,basis=CX,A=x+1+y,B=x+1+xy^2.stim""}",
       560,         5,         0,   120.4,mem-bp-cdamp-0p2,426797af2e2a88dd9b2b6409d7dee2ce83baf9f9e50a97c8bf4ff8c1293e448f,"{""A"":""x+1+y"",""B"":""x+1+xy^2"",""basis"":""CX"",""circuit"":""bicycle_bivariate_18_4_3_memory_X"",""d"":3,""distance"":""3"",""error_rate"":""0.001"",""noise_model"":""uniform_circuit"",""p"":0.001,""r"":3,""rounds"":""3"",""stim_path"":""C:\\Users\\User\\Documents\\projects-git\\relay_mother_folder\\relay\\tests\\testdata\\bicycle_bivariate\\circuit=bicycle_bivariate_18_4_3_memory_X,distance=3,rounds=3,error_rate=0.001,noise_model=uniform_circuit,basis=CX,A=x+1+y,B=x+1+xy^2.stim""}",
       648,         7,         0,   120.2,msl-bp,8fbae80d3ef89296897f676a8e47bcb8c2151003b6e39d10606b7ee94914c1d6,"{""A"":""x+1+y"",""B"":""x+1+xy^2"",""basis"":""CX"",""circuit"":""bicycle_bivariate_18_4_3_memory_X"",""d"":3,""distance"":""3"",""error_rate"":""0.001"",""noise_model"":""uniform_circuit"",""p"":0.001,""r"":3,""rounds"":""3"",""stim_path"":""C:\\Users\\User\\Documents\\projects-git\\relay_mother_folder\\relay\\tests\\testdata\\bicycle_bivariate\\circuit=bicycle_bivariate_18_4_3_memory_X,distance=3,rounds=3,error_rate=0.001,noise_model=uniform_circuit,basis=CX,A=x+1+y,B=x+1+xy^2.stim""}",
       606,         2,         0,   120.2,mem-bp,88862465eff4b2d4e75dad9bcf066c29c41d74d8aa9fbb631e277e7728d305a5,"{""A"":""x+1+y"",""B"":""x+1+xy^2"",""basis"":""CX"",""circuit"":""bicycle_bivariate_18_4_3_memory_X"",""d"":3,""distance"":""3"",""error_rate"":""0.001"",""noise_model"":""uniform_circuit"",""p"":0.001,""r"":3,""rounds"":""3"",""stim_path"":""C:\\Users\\User\\Documents\\projects-git\\relay_mother_folder\\relay\\tests\\testdata\\bicycle_bivariate\\circuit=bicycle_bivariate_18_4_3_memory_X,distance=3,rounds=3,error_rate=0.001,noise_model=uniform_circuit,basis=CX,A=x+1+y,B=x+1+xy^2.stim""}",
       584,         7,         0,   120.1,msl-bp-cdamp-0p8,95aa1299a09cfccca78c2e5a2f09fcb25221cfc03cb6f19befb6662bcc8760f6,"{""A"":""x+1+y"",""B"":""x+1+xy^2"",""basis"":""CX"",""circuit"":""bicycle_bivariate_18_4_3_memory_X"",""d"":3,""distance"":""3"",""error_rate"":""0.001"",""noise_model"":""uniform_circuit"",""p"":0.001,""r"":3,""rounds"":""3"",""stim_path"":""C:\\Users\\User\\Documents\\projects-git\\relay_mother_folder\\relay\\tests\\testdata\\bicycle_bivariate\\circuit=bicycle_bivariate_18_4_3_memory_X,distance=3,rounds=3,error_rate=0.001,noise_model=uniform_circuit,basis=CX,A=x+1+y,B=x+1+xy^2.stim""}",
       586,         4,         0,   120.4,msl-bp-cdamp-0p2,3a1f516d5a607d16a990acfe7beb3feb9c6b6d9127ff6cf3239d14306c8fbcb4,"{""A"":""x+1+y"",""B"":""x+1+xy^2"",""basis"":""CX"",""circuit"":""bicycle_bivariate_18_4_3_memory_X"",""d"":3,""distance"":""3"",""error_rate"":""0.001"",""noise_model"":""uniform_circuit"",""p"":0.001,""r"":3,""rounds"":""3"",""stim_path"":""C:\\Users\\User\\Documents\\projects-git\\relay_mother_folder\\relay\\tests\\testdata\\bicycle_bivariate\\circuit=bicycle_bivariate_18_4_3_memory_X,distance=3,rounds=3,error_rate=0.001,noise_model=uniform_circuit,basis=CX,A=x+1+y,B=x+1+xy^2.stim""}",
       556,         0,         0,   120.1,mem-bp-cdamp-0p5,006cd8c28742ec24ef0db7d2700424bbe04c9e901d86e040647fcb76a9c9c49b,"{""A"":""x+1+y"",""B"":""x+1+xy^2"",""basis"":""CX"",""circuit"":""bicycle_bivariate_18_4_3_memory_X"",""d"":3,""distance"":""3"",""error_rate"":""0.001"",""noise_model"":""uniform_circuit"",""p"":0.001,""r"":3,""rounds"":""3"",""stim_path"":""C:\\Users\\User\\Documents\\projects-git\\relay_mother_folder\\relay\\tests\\testdata\\bicycle_bivariate\\circuit=bicycle_bivariate_18_4_3_memory_X,distance=3,rounds=3,error_rate=0.001,noise_model=uniform_circuit,basis=CX,A=x+1+y,B=x+1+xy^2.stim""}",
       588,         2,         0,   120.4,msl-bp-cdamp-0p5,60ed0a6454f75fcc4110dcc67cfc7b494fa12ae46881ff871c282f98ceddb20d,"{""A"":""x+1+y"",""B"":""x+1+xy^2"",""basis"":""CX"",""circuit"":""bicycle_bivariate_18_4_3_memory_X"",""d"":3,""distance"":""3"",""error_rate"":""0.001"",""noise_model"":""uniform_circuit"",""p"":0.001,""r"":3,""rounds"":""3"",""stim_path"":""C:\\Users\\User\\Documents\\projects-git\\relay_mother_folder\\relay\\tests\\testdata\\bicycle_bivariate\\circuit=bicycle_bivariate_18_4_3_memory_X,distance=3,rounds=3,error_rate=0.001,noise_model=uniform_circuit,basis=CX,A=x+1+y,B=x+1+xy^2.stim""}",
       554,         3,         0,   120.0,mem-bp-cdamp-0p8,899402286ed484b27cfa99bdff637396ac7709784ac0c8ccfcfed7ee79542de3,"{""A"":""x+1+y"",""B"":""x+1+xy^2"",""basis"":""CX"",""circuit"":""bicycle_bivariate_18_4_3_memory_X"",""d"":3,""distance"":""3"",""error_rate"":""0.001"",""noise_model"":""uniform_circuit"",""p"":0.001,""r"":3,""rounds"":""3"",""stim_path"":""C:\\Users\\User\\Documents\\projects-git\\relay_mother_folder\\relay\\tests\\testdata\\bicycle_bivariate\\circuit=bicycle_bivariate_18_4_3_memory_X,distance=3,rounds=3,error_rate=0.001,noise_model=uniform_circuit,basis=CX,A=x+1+y,B=x+1+xy^2.stim""}",
       558,         1,         0,   120.1,mem-bp-cdamp-0p2,426797af2e2a88dd9b2b6409d7dee2ce83baf9f9e50a97c8bf4ff8c1293e448f,"{""A"":""x+1+y"",""B"":""x+1+xy^2"",""basis"":""CX"",""circuit"":""bicycle_bivariate_18_4_3_memory_X"",""d"":3,""distance"":""3"",""error_rate"":""0.001"",""noise_model"":""uniform_circuit"",""p"":0.001,""r"":3,""rounds"":""3"",""stim_path"":""C:\\Users\\User\\Documents\\projects-git\\relay_mother_folder\\relay\\tests\\testdata\\bicycle_bivariate\\circuit=bicycle_bivariate_18_4_3_memory_X,distance=3,rounds=3,error_rate=0.001,noise_model=uniform_circuit,basis=CX,A=x+1+y,B=x+1+xy^2.stim""}",
       640,         9,         0,   120.1,msl-bp,8fbae80d3ef89296897f676a8e47bcb8c2151003b6e39d10606b7ee94914c1d6,"{""A"":""x+1+y"",""B"":""x+1+xy^2"",""basis"":""CX"",""circuit"":""bicycle_bivariate_18_4_3_memory_X"",""d"":3,""distance"":""3"",""error_rate"":""0.001"",""noise_model"":""uniform_circuit"",""p"":0.001,""r"":3,""rounds"":""3"",""stim_path"":""C:\\Users\\User\\Documents\\projects-git\\relay_mother_folder\\relay\\tests\\testdata\\bicycle_bivariate\\circuit=bicycle_bivariate_18_4_3_memory_X,distance=3,rounds=3,error_rate=0.001,noise_model=uniform_circuit,basis=CX,A=x+1+y,B=x+1+xy^2.stim""}",
       588,         2,         0,   120.2,mem-bp,88862465eff4b2d4e75dad9bcf066c29c41d74d8aa9fbb631e277e7728d305a5,"{""A"":""x+1+y"",""B"":""x+1+xy^2"",""basis"":""CX"",""circuit"":""bicycle_bivariate_18_4_3_memory_X"",""d"":3,""distance"":""3"",""error_rate"":""0.001"",""noise_model"":""uniform_circuit"",""p"":0.001,""r"":3,""rounds"":""3"",""stim_path"":""C:\\Users\\User\\Documents\\projects-git\\relay_mother_folder\\relay\\tests\\testdata\\bicycle_bivariate\\circuit=bicycle_bivariate_18_4_3_memory_X,distance=3,rounds=3,error_rate=0.001,noise_model=uniform_circuit,basis=CX,A=x+1+y,B=x+1+xy^2.stim""}",
       570,         6,         0,   119.9,msl-bp-cdamp-0p8,95aa1299a09cfccca78c2e5a2f09fcb25221cfc03cb6f19befb6662bcc8760f6,"{""A"":""x+1+y"",""B"":""x+1+xy^2"",""basis"":""CX"",""circuit"":""bicycle_bivariate_18_4_3_memory_X"",""d"":3,""distance"":""3"",""error_rate"":""0.001"",""noise_model"":""uniform_circuit"",""p"":0.001,""r"":3,""rounds"":""3"",""stim_path"":""C:\\Users\\User\\Documents\\projects-git\\relay_mother_folder\\relay\\tests\\testdata\\bicycle_bivariate\\circuit=bicycle_bivariate_18_4_3_memory_X,distance=3,rounds=3,error_rate=0.001,noise_model=uniform_circuit,basis=CX,A=x+1+y,B=x+1+xy^2.stim""}",
       536,         1,         0,   120.2,mem-bp-cdamp-0p5,006cd8c28742ec24ef0db7d2700424bbe04c9e901d86e040647fcb76a9c9c49b,"{""A"":""x+1+y"",""B"":""x+1+xy^2"",""basis"":""CX"",""circuit"":""bicycle_bivariate_18_4_3_memory_X"",""d"":3,""distance"":""3"",""error_rate"":""0.001"",""noise_model"":""uniform_circuit"",""p"":0.001,""r"":3,""rounds"":""3"",""stim_path"":""C:\\Users\\User\\Documents\\projects-git\\relay_mother_folder\\relay\\tests\\testdata\\bicycle_bivariate\\circuit=bicycle_bivariate_18_4_3_memory_X,distance=3,rounds=3,error_rate=0.001,noise_model=uniform_circuit,basis=CX,A=x+1+y,B=x+1+xy^2.stim""}",
       576,         1,         0,   120.3,msl-bp-cdamp-0p2,3a1f516d5a607d16a990acfe7beb3feb9c6b6d9127ff6cf3239d14306c8fbcb4,"{""A"":""x+1+y"",""B"":""x+1+xy^2"",""basis"":""CX"",""circuit"":""bicycle_bivariate_18_4_3_memory_X"",""d"":3,""distance"":""3"",""error_rate"":""0.001"",""noise_model"":""uniform_circuit"",""p"":0.001,""r"":3,""rounds"":""3"",""stim_path"":""C:\\Users\\User\\Documents\\projects-git\\relay_mother_folder\\relay\\tests\\testdata\\bicycle_bivariate\\circuit=bicycle_bivariate_18_4_3_memory_X,distance=3,rounds=3,error_rate=0.001,noise_model=uniform_circuit,basis=CX,A=x+1+y,B=x+1+xy^2.stim""}",
       578,         0,         0,   120.0,msl-bp-cdamp-0p5,60ed0a6454f75fcc4110dcc67cfc7b494fa12ae46881ff871c282f98ceddb20d,"{""A"":""x+1+y"",""B"":""x+1+xy^2"",""basis"":""CX"",""circuit"":""bicycle_bivariate_18_4_3_memory_X"",""d"":3,""distance"":""3"",""error_rate"":""0.001"",""noise_model"":""uniform_circuit"",""p"":0.001,""r"":3,""rounds"":""3"",""stim_path"":""C:\\Users\\User\\Documents\\projects-git\\relay_mother_folder\\relay\\tests\\testdata\\bicycle_bivariate\\circuit=bicycle_bivariate_18_4_3_memory_X,distance=3,rounds=3,error_rate=0.001,noise_model=uniform_circuit,basis=CX,A=x+1+y,B=x+1+xy^2.stim""}",
       538,         4,         0,   120.2,mem-bp-cdamp-0p8,899402286ed484b27cfa99bdff637396ac7709784ac0c8ccfcfed7ee79542de3,"{""A"":""x+1+y"",""B"":""x+1+xy^2"",""basis"":""CX"",""circuit"":""bicycle_bivariate_18_4_3_memory_X"",""d"":3,""distance"":""3"",""error_rate"":""0.001"",""noise_model"":""uniform_circuit"",""p"":0.001,""r"":3,""rounds"":""3"",""stim_path"":""C:\\Users\\User\\Documents\\projects-git\\relay_mother_folder\\relay\\tests\\testdata\\bicycle_bivariate\\circuit=bicycle_bivariate_18_4_3_memory_X,distance=3,rounds=3,error_rate=0.001,noise_model=uniform_circuit,basis=CX,A=x+1+y,B=x+1+xy^2.stim""}",
       560,         3,         0,   120.4,mem-bp-cdamp-0p2,426797af2e2a88dd9b2b6409d7dee2ce83baf9f9e50a97c8bf4ff8c1293e448f,"{""A"":""x+1+y"",""B"":""x+1+xy^2"",""basis"":""CX"",""circuit"":""bicycle_bivariate_18_4_3_memory_X"",""d"":3,""distance"":""3"",""error_rate"":""0.001"",""noise_model"":""uniform_circuit"",""p"":0.001,""r"":3,""rounds"":""3"",""stim_path"":""C:\\Users\\User\\Documents\\projects-git\\relay_mother_folder\\relay\\tests\\testdata\\bicycle_bivariate\\circuit=bicycle_bivariate_18_4_3_memory_X,distance=3,rounds=3,error_rate=0.001,noise_model=uniform_circuit,basis=CX,A=x+1+y,B=x+1+xy^2.stim""}",
       638,        11,         0,   120.0,msl-bp,8fbae80d3ef89296897f676a8e47bcb8c2151003b6e39d10606b7ee94914c1d6,"{""A"":""x+1+y"",""B"":""x+1+xy^2"",""basis"":""CX"",""circuit"":""bicycle_bivariate_18_4_3_memory_X"",""d"":3,""distance"":""3"",""error_rate"":""0.001"",""noise_model"":""uniform_circuit"",""p"":0.001,""r"":3,""rounds"":""3"",""stim_path"":""C:\\Users\\User\\Documents\\projects-git\\relay_mother_folder\\relay\\tests\\testdata\\bicycle_bivariate\\circuit=bicycle_bivariate_18_4_3_memory_X,distance=3,rounds=3,error_rate=0.001,noise_model=uniform_circuit,basis=CX,A=x+1+y,B=x+1+xy^2.stim""}",
       602,         2,         0,   120.2,mem-bp,88862465eff4b2d4e75dad9bcf066c29c41d74d8aa9fbb631e277e7728d305a5,"{""A"":""x+1+y"",""B"":""x+1+xy^2"",""basis"":""CX"",""circuit"":""bicycle_bivariate_18_4_3_memory_X"",""d"":3,""distance"":""3"",""error_rate"":""0.001"",""noise_model"":""uniform_circuit"",""p"":0.001,""r"":3,""rounds"":""3"",""stim_path"":""C:\\Users\\User\\Documents\\projects-git\\relay_mother_folder\\relay\\tests\\testdata\\bicycle_bivariate\\circuit=bicycle_bivariate_18_4_3_memory_X,distance=3,rounds=3,error_rate=0.001,noise_model=uniform_circuit,basis=CX,A=x+1+y,B=x+1+xy^2.stim""}",
       578,         8,         0,   120.0,msl-bp-cdamp-0p8,95aa1299a09cfccca78c2e5a2f09fcb25221cfc03cb6f19befb6662bcc8760f6,"{""A"":""x+1+y"",""B"":""x+1+xy^2"",""basis"":""CX"",""circuit"":""bicycle_bivariate_18_4_3_memory_X"",""d"":3,""distance"":""3"",""error_rate"":""0.001"",""noise_model"":""uniform_circuit"",""p"":0.001,""r"":3,""rounds"":""3"",""stim_path"":""C:\\Users\\User\\Documents\\projects-git\\relay_mother_folder\\relay\\tests\\testdata\\bicycle_bivariate\\circuit=bicycle_bivariate_18_4_3_memory_X,distance=3,rounds=3,error_rate=0.001,noise_model=uniform_circuit,basis=CX,A=x+1+y,B=x+1+xy^2.stim""}",
       582,         4,         0,   120.1,msl-bp-cdamp-0p2,3a1f516d5a607d16a990acfe7beb3feb9c6b6d9127ff6cf3239d14306c8fbcb4,"{""A"":""x+1+y"",""B"":""x+1+xy^2"",""basis"":""CX"",""circuit"":""bicycle_bivariate_18_4_3_memory_X"",""d"":3,""distance"":""3"",""error_rate"":""0.001"",""noise_model"":""uniform_circuit"",""p"":0.001,""r"":3,""rounds"":""3"",""stim_path"":""C:\\Users\\User\\Documents\\projects-git\\relay_mother_folder\\relay\\tests\\testdata\\bicycle_bivariate\\circuit=bicycle_bivariate_18_4_3_memory_X,distance=3,rounds=3,error_rate=0.001,noise_model=uniform_circuit,basis=CX,A=x+1+y,B=x+1+xy^2.stim""}",
       548,         0,         0,   120.3,mem-bp-cdamp-0p5,006cd8c28742ec24ef0db7d2700424bbe04c9e901d86e040647fcb76a9c9c49b,"{""A"":""x+1+y"",""B"":""x+1+xy^2"",""basis"":""CX"",""circuit"":""bicycle_bivariate_18_4_3_memory_X"",""d"":3,""distance"":""3"",""error_rate"":""0.001"",""noise_model"":""uniform_circuit"",""p"":0.001,""r"":3,""rounds"":""3"",""stim_path"":""C:\\Users\\User\\Documents\\projects-git\\relay_mother_folder\\relay\\tests\\testdata\\bicycle_bivariate\\circuit=bicycle_bivariate_18_4_3_memory_X,distance=3,rounds=3,error_rate=0.001,noise_model=uniform_circuit,basis=CX,A=x+1+y,B=x+1+xy^2.stim""}",
       584,         4,         0,   120.3,msl-bp-cdamp-0p5,60ed0a6454f75fcc4110dcc67cfc7b494fa12ae46881ff871c282f98ceddb20d,"{""A"":""x+1+y"",""B"":""x+1+xy^2"",""basis"":""CX"",""circuit"":""bicycle_bivariate_18_4_3_memory_X"",""d"":3,""distance"":""3"",""error_rate"":""0.001"",""noise_model"":""uniform_circuit"",""p"":0.001,""r"":3,""rounds"":""3"",""stim_path"":""C:\\Users\\User\\Documents\\projects-git\\relay_mother_folder\\relay\\tests\\testdata\\bicycle_bivariate\\circuit=bicycle_bivariate_18_4_3_memory_X,distance=3,rounds=3,error_rate=0.001,noise_model=uniform_circuit,basis=CX,A=x+1+y,B=x+1+xy^2.stim""}",
       554,         2,         0,   120.3,mem-bp-cdamp-0p8,899402286ed484b27cfa99bdff637396ac7709784ac0c8ccfcfed7ee79542de3,"{""A"":""x+1+y"",""B"":""x+1+xy^2"",""basis"":""CX"",""circuit"":""bicycle_bivariate_18_4_3_memory_X"",""d"":3,""distance"":""3"",""error_rate"":""0.001"",""noise_model"":""uniform_circuit"",""p"":0.001,""r"":3,""rounds"":""3"",""stim_path"":""C:\\Users\\User\\Documents\\projects-git\\relay_mother_folder\\relay\\tests\\testdata\\bicycle_bivariate\\circuit=bicycle_bivariate_18_4_3_memory_X,distance=3,rounds=3,error_rate=0.001,noise_model=uniform_circuit,basis=CX,A=x+1+y,B=x+1+xy^2.stim""}",
       560,         3,         0,   120.4,mem-bp-cdamp-0p2,426797af2e2a88dd9b2b6409d7dee2ce83baf9f9e50a97c8bf4ff8c1293e448f,"{""A"":""x+1+y"",""B"":""x+1+xy^2"",""basis"":""CX"",""circuit"":""bicycle_bivariate_18_4_3_memory_X"",""d"":3,""distance"":""3"",""error_rate"":""0.001"",""noise_model"":""uniform_circuit"",""p"":0.001,""r"":3,""rounds"":""3"",""stim_path"":""C:\\Users\\User\\Documents\\projects-git\\relay_mother_folder\\relay\\tests\\testdata\\bicycle_bivariate\\circuit=bicycle_bivariate_18_4_3_memory_X,distance=3,rounds=3,error_rate=0.001,noise_model=uniform_circuit,basis=CX,A=x+1+y,B=x+1+xy^2.stim""}",
       638,        10,         0,   120.1,msl-bp,8fbae80d3ef89296897f676a8e47bcb8c2151003b6e39d10606b7ee94914c1d6,"{""A"":""x+1+y"",""B"":""x+1+xy^2"",""basis"":""CX"",""circuit"":""bicycle_bivariate_18_4_3_memory_X"",""d"":3,""distance"":""3"",""error_rate"":""0.001"",""noise_model"":""uniform_circuit"",""p"":0.001,""r"":3,""rounds"":""3"",""stim_path"":""C:\\Users\\User\\Documents\\projects-git\\relay_mother_folder\\relay\\tests\\testdata\\bicycle_bivariate\\circuit=bicycle_bivariate_18_4_3_memory_X,distance=3,rounds=3,error_rate=0.001,noise_model=uniform_circuit,basis=CX,A=x+1+y,B=x+1+xy^2.stim""}",
       580,        13,         0,   119.9,msl-bp-cdamp-0p8,95aa1299a09cfccca78c2e5a2f09fcb25221cfc03cb6f19befb6662bcc8760f6,"{""A"":""x+1+y"",""B"":""x+1+xy^2"",""basis"":""CX"",""circuit"":""bicycle_bivariate_18_4_3_memory_X"",""d"":3,""distance"":""3"",""error_rate"":""0.001"",""noise_model"":""uniform_circuit"",""p"":0.001,""r"":3,""rounds"":""3"",""stim_path"":""C:\\Users\\User\\Documents\\projects-git\\relay_mother_folder\\relay\\tests\\testdata\\bicycle_bivariate\\circuit=bicycle_bivariate_18_4_3_memory_X,distance=3,rounds=3,error_rate=0.001,noise_model=uniform_circuit,basis=CX,A=x+1+y,B=x+1+xy^2.stim""}",
       602,         1,         0,   120.3,mem-bp,88862465eff4b2d4e75dad9bcf066c29c41d74d8aa9fbb631e277e7728d305a5,"{""A"":""x+1+y"",""B"":""x+1+xy^2"",""basis"":""CX"",""circuit"":""bicycle_bivariate_18_4_3_memory_X"",""d"":3,""distance"":""3"",""error_rate"":""0.001"",""noise_model"":""uniform_circuit"",""p"":0.001,""r"":3,""rounds"":""3"",""stim_path"":""C:\\Users\\User\\Documents\\projects-git\\relay_mother_folder\\relay\\tests\\testdata\\bicycle_bivariate\\circuit=bicycle_bivariate_18_4_3_memory_X,distance=3,rounds=3,error_rate=0.001,noise_model=uniform_circuit,basis=CX,A=x+1+y,B=x+1+xy^2.stim""}",
       584,         2,         0,   120.4,msl-bp-cdamp-0p2,3a1f516d5a607d16a990acfe7beb3feb9c6b6d9127ff6cf3239d14306c8fbcb4,"{""A"":""x+1+y"",""B"":""x+1+xy^2"",""basis"":""CX"",""circuit"":""bicycle_bivariate_18_4_3_memory_X"",""d"":3,""distance"":""3"",""error_rate"":""0.001"",""noise_model"":""uniform_circuit"",""p"":0.001,""r"":3,""rounds"":""3"",""stim_path"":""C:\\Users\\User\\Documents\\projects-git\\relay_mother_folder\\relay\\tests\\testdata\\bicycle_bivariate\\circuit=bicycle_bivariate_18_4_3_memory_X,distance=3,rounds=3,error_rate=0.001,noise_model=uniform_circuit,basis=CX,A=x+1+y,B=x+1+xy^2.stim""}",
       550,         2,         0,   120.3,mem-bp-cdamp-0p5,006cd8c28742ec24ef0db7d2700424bbe04c9e901d86e040647fcb76a9c9c49b,"{""A"":""x+1+y"",""B"":""x+1+xy^2"",""basis"":""CX"",""circuit"":""bicycle_bivariate_18_4_3_memory_X"",""d"":3,""distance"":""3"",""error_rate"":""0.001"",""noise_model"":""uniform_circuit"",""p"":0.001,""r"":3,""rounds"":""3"",""stim_path"":""C:\\Users\\User\\Documents\\projects-git\\relay_mother_folder\\relay\\tests\\testdata\\bicycle_bivariate\\circuit=bicycle_bivariate_18_4_3_memory_X,distance=3,rounds=3,error_rate=0.001,noise_model=uniform_circuit,basis=CX,A=x+1+y,B=x+1+xy^2.stim""}",
       582,         1,         0,   120.0,msl-bp-cdamp-0p5,60ed0a6454f75fcc4110dcc67cfc7b494fa12ae46881ff871c282f98ceddb20d,"{""A"":""x+1+y"",""B"":""x+1+xy^2"",""basis"":""CX"",""circuit"":""bicycle_bivariate_18_4_3_memory_X"",""d"":3,""distance"":""3"",""error_rate"":""0.001"",""noise_model"":""uniform_circuit"",""p"":0.001,""r"":3,""rounds"":""3"",""stim_path"":""C:\\Users\\User\\Documents\\projects-git\\relay_mother_folder\\relay\\tests\\testdata\\bicycle_bivariate\\circuit=bicycle_bivariate_18_4_3_memory_X,distance=3,rounds=3,error_rate=0.001,noise_model=uniform_circuit,basis=CX,A=x+1+y,B=x+1+xy^2.stim""}",
       554,         2,         0,   120.2,mem-bp-cdamp-0p8,899402286ed484b27cfa99bdff637396ac7709784ac0c8ccfcfed7ee79542de3,"{""A"":""x+1+y"",""B"":""x+1+xy^2"",""basis"":""CX"",""circuit"":""bicycle_bivariate_18_4_3_memory_X"",""d"":3,""distance"":""3"",""error_rate"":""0.001"",""noise_model"":""uniform_circuit"",""p"":0.001,""r"":3,""rounds"":""3"",""stim_path"":""C:\\Users\\User\\Documents\\projects-git\\relay_mother_folder\\relay\\tests\\testdata\\bicycle_bivariate\\circuit=bicycle_bivariate_18_4_3_memory_X,distance=3,rounds=3,error_rate=0.001,noise_model=uniform_circuit,basis=CX,A=x+1+y,B=x+1+xy^2.stim""}",
       554,         2,         0,   120.5,mem-bp-cdamp-0p2,426797af2e2a88dd9b2b6409d7dee2ce83baf9f9e50a97c8bf4ff8c1293e448f,"{""A"":""x+1+y"",""B"":""x+1+xy^2"",""basis"":""CX"",""circuit"":""bicycle_bivariate_18_4_3_memory_X"",""d"":3,""distance"":""3"",""error_rate"":""0.001"",""noise_model"":""uniform_circuit"",""p"":0.001,""r"":3,""rounds"":""3"",""stim_path"":""C:\\Users\\User\\Documents\\projects-git\\relay_mother_folder\\relay\\tests\\testdata\\bicycle_bivariate\\circuit=bicycle_bivariate_18_4_3_memory_X,distance=3,rounds=3,error_rate=0.001,noise_model=uniform_circuit,basis=CX,A=x+1+y,B=x+1+xy^2.stim""}",
       640,        12,         0,   120.2,msl-bp,8fbae80d3ef89296897f676a8e47bcb8c2151003b6e39d10606b7ee94914c1d6,"{""A"":""x+1+y"",""B"":""x+1+xy^2"",""basis"":""CX"",""circuit"":""bicycle_bivariate_18_4_3_memory_X"",""d"":3,""distance"":""3"",""error_rate"":""0.001"",""noise_model"":""uniform_circuit"",""p"":0.001,""r"":3,""rounds"":""3"",""stim_path"":""C:\\Users\\User\\Documents\\projects-git\\relay_mother_folder\\relay\\tests\\testdata\\bicycle_bivariate\\circuit=bicycle_bivariate_18_4_3_memory_X,distance=3,rounds=3,error_rate=0.001,noise_model=uniform_circuit,basis=CX,A=x+1+y,B=x+1+xy^2.stim""}",
       572,         6,         0,   120.0,msl-bp-cdamp-0p8,95aa1299a09cfccca78c2e5a2f09fcb25221cfc03cb6f19befb6662bcc8760f6,"{""A"":""x+1+y"",""B"":""x+1+xy^2"",""basis"":""CX"",""circuit"":""bicycle_bivariate_18_4_3_memory_X"",""d"":3,""distance"":""3"",""error_rate"":""0.001"",""noise_model"":""uniform_circuit"",""p"":0.001,""r"":3,""rounds"":""3"",""stim_path"":""C:\\Users\\User\\Documents\\projects-git\\relay_mother_folder\\relay\\tests\\testdata\\bicycle_bivariate\\circuit=bicycle_bivariate_18_4_3_memory_X,distance=3,rounds=3,error_rate=0.001,noise_model=uniform_circuit,basis=CX,A=x+1+y,B=x+1+xy^2.stim""}",
       598,         2,         0,   120.3,mem-bp,88862465eff4b2d4e75dad9bcf066c29c41d74d8aa9fbb631e277e7728d305a5,"{""A"":""x+1+y"",""B"":""x+1+xy^2"",""basis"":""CX"",""circuit"":""bicycle_bivariate_18_4_3_memory_X"",""d"":3,""distance"":""3"",""error_rate"":""0.001"",""noise_model"":""uniform_circuit"",""p"":0.001,""r"":3,""rounds"":""3"",""stim_path"":""C:\\Users\\User\\Documents\\projects-git\\relay_mother_folder\\relay\\tests\\testdata\\bicycle_bivariate\\circuit=bicycle_bivariate_18_4_3_memory_X,distance=3,rounds=3,error_rate=0.001,noise_model=uniform_circuit,basis=CX,A=x+1+y,B=x+1+xy^2.stim""}",
       546,         1,         0,   120.2,mem-bp-cdamp-0p5,006cd8c28742ec24ef0db7d2700424bbe04c9e901d86e040647fcb76a9c9c49b,"{""A"":""x+1+y"",""B"":""x+1+xy^2"",""basis"":""CX"",""circuit"":""bicycle_bivariate_18_4_3_memory_X"",""d"":3,""distance"":""3"",""error_rate"":""0.001"",""noise_model"":""uniform_circuit"",""p"":0.001,""r"":3,""rounds"":""3"",""stim_path"":""C:\\Users\\User\\Documents\\projects-git\\relay_mother_folder\\relay\\tests\\testdata\\bicycle_bivariate\\circuit=bicycle_bivariate_18_4_3_memory_X,distance=3,rounds=3,error_rate=0.001,noise_model=uniform_circuit,basis=CX,A=x+1+y,B=x+1+xy^2.stim""}",
       576,         2,         0,   120.3,msl-bp-cdamp-0p2,3a1f516d5a607d16a990acfe7beb3feb9c6b6d9127ff6cf3239d14306c8fbcb4,"{""A"":""x+1+y"",""B"":""x+1+xy^2"",""basis"":""CX"",""circuit"":""bicycle_bivariate_18_4_3_memory_X"",""d"":3,""distance"":""3"",""error_rate"":""0.001"",""noise_model"":""uniform_circuit"",""p"":0.001,""r"":3,""rounds"":""3"",""stim_path"":""C:\\Users\\User\\Documents\\projects-git\\relay_mother_folder\\relay\\tests\\testdata\\bicycle_bivariate\\circuit=bicycle_bivariate_18_4_3_memory_X,distance=3,rounds=3,error_rate=0.001,noise_model=uniform_circuit,basis=CX,A=x+1+y,B=x+1+xy^2.stim""}",
       578,         3,         0,   120.3,msl-bp-cdamp-0p5,60ed0a6454f75fcc4110dcc67cfc7b494fa12ae46881ff871c282f98ceddb20d,"{""A"":""x+1+y"",""B"":""x+1+xy^2"",""basis"":""CX"",""circuit"":""bicycle_bivariate_18_4_3_memory_X"",""d"":3,""distance"":""3"",""error_rate"":""0.001"",""noise_model"":""uniform_circuit"",""p"":0.001,""r"":3,""rounds"":""3"",""stim_path"":""C:\\Users\\User\\Documents\\projects-git\\relay_mother_folder\\relay\\tests\\testdata\\bicycle_bivariate\\circuit=bicycle_bivariate_18_4_3_memory_X,distance=3,rounds=3,error_rate=0.001,noise_model=uniform_circuit,basis=CX,A=x+1+y,B=x+1+xy^2.stim""}",
       546,         4,         0,   120.1,mem-bp-cdamp-0p8,899402286ed484b27cfa99bdff637396ac7709784ac0c8ccfcfed7ee79542de3,"{""A"":""x+1+y"",""B"":""x+1+xy^2"",""basis"":""CX"",""circuit"":""bicycle_bivariate_18_4_3_memory_X"",""d"":3,""distance"":""3"",""error_rate"":""0.001"",""noise_model"":""uniform_circuit"",""p"":0.001,""r"":3,""rounds"":""3"",""stim_path"":""C:\\Users\\User\\Documents\\projects-git\\relay_mother_folder\\relay\\tests\\testdata\\bicycle_bivariate\\circuit=bicycle_bivariate_18_4_3_memory_X,distance=3,rounds=3,error_rate=0.001,noise_model=uniform_circuit,basis=CX,A=x+1+y,B=x+1+xy^2.stim""}",
       540,         2,         0,   120.2,mem-bp-cdamp-0p2,426797af2e2a88dd9b2b6409d7dee2ce83baf9f9e50a97c8bf4ff8c1293e448f,"{""A"":""x+1+y"",""B"":""x+1+xy^2"",""basis"":""CX"",""circuit"":""bicycle_bivariate_18_4_3_memory_X"",""d"":3,""distance"":""3"",""error_rate"":""0.001"",""noise_model"":""uniform_circuit"",""p"":0.001,""r"":3,""rounds"":""3"",""stim_path"":""C:\\Users\\User\\Documents\\projects-git\\relay_mother_folder\\relay\\tests\\testdata\\bicycle_bivariate\\circuit=bicycle_bivariate_18_4_3_memory_X,distance=3,rounds=3,error_rate=0.001,noise_model=uniform_circuit,basis=CX,A=x+1+y,B=x+1+xy^2.stim""}",
       644,         9,         0,   120.2,msl-bp,8fbae80d3ef89296897f676a8e47bcb8c2151003b6e39d10606b7ee94914c1d6,"{""A"":""x+1+y"",""B"":""x+1+xy^2"",""basis"":""CX"",""circuit"":""bicycle_bivariate_18_4_3_memory_X"",""d"":3,""distance"":""3"",""error_rate"":""0.001"",""noise_model"":""uniform_circuit"",""p"":0.001,""r"":3,""rounds"":""3"",""stim_path"":""C:\\Users\\User\\Documents\\projects-git\\relay_mother_folder\\relay\\tests\\testdata\\bicycle_bivariate\\circuit=bicycle_bivariate_18_4_3_memory_X,distance=3,rounds=3,error_rate=0.001,noise_model=uniform_circuit,basis=CX,A=x+1+y,B=x+1+xy^2.stim""}",
       580,         6,         0,   120.3,msl-bp-cdamp-0p8,95aa1299a09cfccca78c2e5a2f09fcb25221cfc03cb6f19befb6662bcc8760f6,"{""A"":""x+1+y"",""B"":""x+1+xy^2"",""basis"":""CX"",""circuit"":""bicycle_bivariate_18_4_3_memory_X"",""d"":3,""distance"":""3"",""error_rate"":""0.001"",""noise_model"":""uniform_circuit"",""p"":0.001,""r"":3,""rounds"":""3"",""stim_path"":""C:\\Users\\User\\Documents\\projects-git\\relay_mother_folder\\relay\\tests\\testdata\\bicycle_bivariate\\circuit=bicycle_bivariate_18_4_3_memory_X,distance=3,rounds=3,error_rate=0.001,noise_model=uniform_circuit,basis=CX,A=x+1+y,B=x+1+xy^2.stim""}",
       604,         2,         0,   120.3,mem-bp,88862465eff4b2d4e75dad9bcf066c29c41d74d8aa9fbb631e277e7728d305a5,"{""A"":""x+1+y"",""B"":""x+1+xy^2"",""basis"":""CX"",""circuit"":""bicycle_bivariate_18_4_3_memory_X"",""d"":3,""distance"":""3"",""error_rate"":""0.001"",""noise_model"":""uniform_circuit"",""p"":0.001,""r"":3,""rounds"":""3"",""stim_path"":""C:\\Users\\User\\Documents\\projects-git\\relay_mother_folder\\relay\\tests\\testdata\\bicycle_bivariate\\circuit=bicycle_bivariate_18_4_3_memory_X,distance=3,rounds=3,error_rate=0.001,noise_model=uniform_circuit,basis=CX,A=x+1+y,B=x+1+xy^2.stim""}",
       546,         3,         0,   120.1,mem-bp-cdamp-0p5,006cd8c28742ec24ef0db7d2700424bbe04c9e901d86e040647fcb76a9c9c49b,"{""A"":""x+1+y"",""B"":""x+1+xy^2"",""basis"":""CX"",""circuit"":""bicycle_bivariate_18_4_3_memory_X"",""d"":3,""distance"":""3"",""error_rate"":""0.001"",""noise_model"":""uniform_circuit"",""p"":0.001,""r"":3,""rounds"":""3"",""stim_path"":""C:\\Users\\User\\Documents\\projects-git\\relay_mother_folder\\relay\\tests\\testdata\\bicycle_bivariate\\circuit=bicycle_bivariate_18_4_3_memory_X,distance=3,rounds=3,error_rate=0.001,noise_model=uniform_circuit,basis=CX,A=x+1+y,B=x+1+xy^2.stim""}",
       580,         3,         0,   120.1,msl-bp-cdamp-0p5,60ed0a6454f75fcc4110dcc67cfc7b494fa12ae46881ff871c282f98ceddb20d,"{""A"":""x+1+y"",""B"":""x+1+xy^2"",""basis"":""CX"",""circuit"":""bicycle_bivariate_18_4_3_memory_X"",""d"":3,""distance"":""3"",""error_rate"":""0.001"",""noise_model"":""uniform_circuit"",""p"":0.001,""r"":3,""rounds"":""3"",""stim_path"":""C:\\Users\\User\\Documents\\projects-git\\relay_mother_folder\\relay\\tests\\testdata\\bicycle_bivariate\\circuit=bicycle_bivariate_18_4_3_memory_X,distance=3,rounds=3,error_rate=0.001,noise_model=uniform_circuit,basis=CX,A=x+1+y,B=x+1+xy^2.stim""}",
       576,         2,         0,   120.4,msl-bp-cdamp-0p2,3a1f516d5a607d16a990acfe7beb3feb9c6b6d9127ff6cf3239d14306c8fbcb4,"{""A"":""x+1+y"",""B"":""x+1+xy^2"",""basis"":""CX"",""circuit"":""bicycle_bivariate_18_4_3_memory_X"",""d"":3,""distance"":""3"",""error_rate"":""0.001"",""noise_model"":""uniform_circuit"",""p"":0.001,""r"":3,""rounds"":""3"",""stim_path"":""C:\\Users\\User\\Documents\\projects-git\\relay_mother_folder\\relay\\tests\\testdata\\bicycle_bivariate\\circuit=bicycle_bivariate_18_4_3_memory_X,distance=3,rounds=3,error_rate=0.001,noise_model=uniform_circuit,basis=CX,A=x+1+y,B=x+1+xy^2.stim""}",
       552,         2,         0,   120.0,mem-bp-cdamp-0p8,899402286ed484b27cfa99bdff637396ac7709784ac0c8ccfcfed7ee79542de3,"{""A"":""x+1+y"",""B"":""x+1+xy^2"",""basis"":""CX"",""circuit"":""bicycle_bivariate_18_4_3_memory_X"",""d"":3,""distance"":""3"",""error_rate"":""0.001"",""noise_model"":""uniform_circuit"",""p"":0.001,""r"":3,""rounds"":""3"",""stim_path"":""C:\\Users\\User\\Documents\\projects-git\\relay_mother_folder\\relay\\tests\\testdata\\bicycle_bivariate\\circuit=bicycle_bivariate_18_4_3_memory_X,distance=3,rounds=3,error_rate=0.001,noise_model=uniform_circuit,basis=CX,A=x+1+y,B=x+1+xy^2.stim""}",
       550,         2,         0,   120.1,mem-bp-cdamp-0p2,426797af2e2a88dd9b2b6409d7dee2ce83baf9f9e50a97c8bf4ff8c1293e448f,"{""A"":""x+1+y"",""B"":""x+1+xy^2"",""basis"":""CX"",""circuit"":""bicycle_bivariate_18_4_3_memory_X"",""d"":3,""distance"":""3"",""error_rate"":""0.001"",""noise_model"":""uniform_circuit"",""p"":0.001,""r"":3,""rounds"":""3"",""stim_path"":""C:\\Users\\User\\Documents\\projects-git\\relay_mother_folder\\relay\\tests\\testdata\\bicycle_bivariate\\circuit=bicycle_bivariate_18_4_3_memory_X,distance=3,rounds=3,error_rate=0.001,noise_model=uniform_circuit,basis=CX,A=x+1+y,B=x+1+xy^2.stim""}",
       644,        13,         0,   120.3,msl-bp,8fbae80d3ef89296897f676a8e47bcb8c2151003b6e39d10606b7ee94914c1d6,"{""A"":""x+1+y"",""B"":""x+1+xy^2"",""basis"":""CX"",""circuit"":""bicycle_bivariate_18_4_3_memory_X"",""d"":3,""distance"":""3"",""error_rate"":""0.001"",""noise_model"":""uniform_circuit"",""p"":0.001,""r"":3,""rounds"":""3"",""stim_path"":""C:\\Users\\User\\Documents\\projects-git\\relay_mother_folder\\relay\\tests\\testdata\\bicycle_bivariate\\circuit=bicycle_bivariate_18_4_3_memory_X,distance=3,rounds=3,error_rate=0.001,noise_model=uniform_circuit,basis=CX,A=x+1+y,B=x+1+xy^2.stim""}",
       584,        10,         0,   120.2,msl-bp-cdamp-0p8,95aa1299a09cfccca78c2e5a2f09fcb25221cfc03cb6f19befb6662bcc8760f6,"{""A"":""x+1+y"",""B"":""x+1+xy^2"",""basis"":""CX"",""circuit"":""bicycle_bivariate_18_4_3_memory_X"",""d"":3,""distance"":""3"",""error_rate"":""0.001"",""noise_model"":""uniform_circuit"",""p"":0.001,""r"":3,""rounds"":""3"",""stim_path"":""C:\\Users\\User\\Documents\\projects-git\\relay_mother_folder\\relay\\tests\\testdata\\bicycle_bivariate\\circuit=bicycle_bivariate_18_4_3_memory_X,distance=3,rounds=3,error_rate=0.001,noise_model=uniform_circuit,basis=CX,A=x+1+y,B=x+1+xy^2.stim""}",
       608,         2,         0,   120.3,mem-bp,88862465eff4b2d4e75dad9bcf066c29c41d74d8aa9fbb631e277e7728d305a5,"{""A"":""x+1+y"",""B"":""x+1+xy^2"",""basis"":""CX"",""circuit"":""bicycle_bivariate_18_4_3_memory_X"",""d"":3,""distance"":""3"",""error_rate"":""0.001"",""noise_model"":""uniform_circuit"",""p"":0.001,""r"":3,""rounds"":""3"",""stim_path"":""C:\\Users\\User\\Documents\\projects-git\\relay_mother_folder\\relay\\tests\\testdata\\bicycle_bivariate\\circuit=bicycle_bivariate_18_4_3_memory_X,distance=3,rounds=3,error_rate=0.001,noise_model=uniform_circuit,basis=CX,A=x+1+y,B=x+1+xy^2.stim""}",
       552,         2,         0,   120.2,mem-bp-cdamp-0p5,006cd8c28742ec24ef0db7d2700424bbe04c9e901d86e040647fcb76a9c9c49b,"{""A"":""x+1+y"",""B"":""x+1+xy^2"",""basis"":""CX"",""circuit"":""bicycle_bivariate_18_4_3_memory_X"",""d"":3,""distance"":""3"",""error_rate"":""0.001"",""noise_model"":""uniform_circuit"",""p"":0.001,""r"":3,""rounds"":""3"",""stim_path"":""C:\\Users\\User\\Documents\\projects-git\\relay_mother_folder\\relay\\tests\\testdata\\bicycle_bivariate\\circuit=bicycle_bivariate_18_4_3_memory_X,distance=3,rounds=3,error_rate=0.001,noise_model=uniform_circuit,basis=CX,A=x+1+y,B=x+1+xy^2.stim""}",
       582,         3,         0,   119.9,msl-bp-cdamp-0p2,3a1f516d5a607d16a990acfe7beb3feb9c6b6d9127ff6cf3239d14306c8fbcb4,"{""A"":""x+1+y"",""B"":""x+1+xy^2"",""basis"":""CX"",""circuit"":""bicycle_bivariate_18_4_3_memory_X"",""d"":3,""distance"":""3"",""error_rate"":""0.001"",""noise_model"":""uniform_circuit"",""p"":0.001,""r"":3,""rounds"":""3"",""stim_path"":""C:\\Users\\User\\Documents\\projects-git\\relay_mother_folder\\relay\\tests\\testdata\\bicycle_bivariate\\circuit=bicycle_bivariate_18_4_3_memory_X,distance=3,rounds=3,error_rate=0.001,noise_model=uniform_circuit,basis=CX,A=x+1+y,B=x+1+xy^2.stim""}",
       584,         2,         0,   120.5,msl-bp-cdamp-0p5,60ed0a6454f75fcc4110dcc67cfc7b494fa12ae46881ff871c282f98ceddb20d,"{""A"":""x+1+y"",""B"":""x+1+xy^2"",""basis"":""CX"",""circuit"":""bicycle_bivariate_18_4_3_memory_X"",""d"":3,""distance"":""3"",""error_rate"":""0.001"",""noise_model"":""uniform_circuit"",""p"":0.001,""r"":3,""rounds"":""3"",""stim_path"":""C:\\Users\\User\\Documents\\projects-git\\relay_mother_folder\\relay\\tests\\testdata\\bicycle_bivariate\\circuit=bicycle_bivariate_18_4_3_memory_X,distance=3,rounds=3,error_rate=0.001,noise_model=uniform_circuit,basis=CX,A=x+1+y,B=x+1+xy^2.stim""}",
       554,         3,         0,   120.1,mem-bp-cdamp-0p8,899402286ed484b27cfa99bdff637396ac7709784ac0c8ccfcfed7ee79542de3,"{""A"":""x+1+y"",""B"":""x+1+xy^2"",""basis"":""CX"",""circuit"":""bicycle_bivariate_18_4_3_memory_X"",""d"":3,""distance"":""3"",""error_rate"":""0.001"",""noise_model"":""uniform_circuit"",""p"":0.001,""r"":3,""rounds"":""3"",""stim_path"":""C:\\Users\\User\\Documents\\projects-git\\relay_mother_folder\\relay\\tests\\testdata\\bicycle_bivariate\\circuit=bicycle_bivariate_18_4_3_memory_X,distance=3,rounds=3,error_rate=0.001,noise_model=uniform_circuit,basis=CX,A=x+1+y,B=x+1+xy^2.stim""}",
       558,         5,         0,   120.1,mem-bp-cdamp-0p2,426797af2e2a88dd9b2b6409d7dee2ce83baf9f9e50a97c8bf4ff8c1293e448f,"{""A"":""x+1+y"",""B"":""x+1+xy^2"",""basis"":""CX"",""circuit"":""bicycle_bivariate_18_4_3_memory_X"",""d"":3,""distance"":""3"",""error_rate"":""0.001"",""noise_model"":""uniform_circuit"",""p"":0.001,""r"":3,""rounds"":""3"",""stim_path"":""C:\\Users\\User\\Documents\\projects-git\\relay_mother_folder\\relay\\tests\\testdata\\bicycle_bivariate\\circuit=bicycle_bivariate_18_4_3_memory_X,distance=3,rounds=3,error_rate=0.001,noise_model=uniform_circuit,basis=CX,A=x+1+y,B=x+1+xy^2.stim""}",
       606,        10,         0,   120.2,msl-bp,8fbae80d3ef89296897f676a8e47bcb8c2151003b6e39d10606b7ee94914c1d6,"{""A"":""x+1+y"",""B"":""x+1+xy^2"",""basis"":""CX"",""circuit"":""bicycle_bivariate_18_4_3_memory_X"",""d"":3,""distance"":""3"",""error_rate"":""0.001"",""noise_model"":""uniform_circuit"",""p"":0.001,""r"":3,""rounds"":""3"",""stim_path"":""C:\\Users\\User\\Documents\\projects-git\\relay_mother_folder\\relay\\tests\\testdata\\bicycle_bivariate\\circuit=bicycle_bivariate_18_4_3_memory_X,distance=3,rounds=3,error_rate=0.001,noise_model=uniform_circuit,basis=CX,A=x+1+y,B=x+1+xy^2.stim""}",
       550,         9,         0,   120.1,msl-bp-cdamp-0p8,95aa1299a09cfccca78c2e5a2f09fcb25221cfc03cb6f19befb6662bcc8760f6,"{""A"":""x+1+y"",""B"":""x+1+xy^2"",""basis"":""CX"",""circuit"":""bicycle_bivariate_18_4_3_memory_X"",""d"":3,""distance"":""3"",""error_rate"":""0.001"",""noise_model"":""uniform_circuit"",""p"":0.001,""r"":3,""rounds"":""3"",""stim_path"":""C:\\Users\\User\\Documents\\projects-git\\relay_mother_folder\\relay\\tests\\testdata\\bicycle_bivariate\\circuit=bicycle_bivariate_18_4_3_memory_X,distance=3,rounds=3,error_rate=0.001,noise_model=uniform_circuit,basis=CX,A=x+1+y,B=x+1+xy^2.stim""}",
       570,         3,         0,   120.1,mem-bp,88862465eff4b2d4e75dad9bcf066c29c41d74d8aa9fbb631e277e7728d305a5,"{""A"":""x+1+y"",""B"":""x+1+xy^2"",""basis"":""CX"",""circuit"":""bicycle_bivariate_18_4_3_memory_X"",""d"":3,""distance"":""3"",""error_rate"":""0.001"",""noise_model"":""uniform_circuit"",""p"":0.001,""r"":3,""rounds"":""3"",""stim_path"":""C:\\Users\\User\\Documents\\projects-git\\relay_mother_folder\\relay\\tests\\testdata\\bicycle_bivariate\\circuit=bicycle_bivariate_18_4_3_memory_X,distance=3,rounds=3,error_rate=0.001,noise_model=uniform_circuit,basis=CX,A=x+1+y,B=x+1+xy^2.stim""}",
       520,         3,         0,   120.4,mem-bp-cdamp-0p5,006cd8c28742ec24ef0db7d2700424bbe04c9e901d86e040647fcb76a9c9c49b,"{""A"":""x+1+y"",""B"":""x+1+xy^2"",""basis"":""CX"",""circuit"":""bicycle_bivariate_18_4_3_memory_X"",""d"":3,""distance"":""3"",""error_rate"":""0.001"",""noise_model"":""uniform_circuit"",""p"":0.001,""r"":3,""rounds"":""3"",""stim_path"":""C:\\Users\\User\\Documents\\projects-git\\relay_mother_folder\\relay\\tests\\testdata\\bicycle_bivariate\\circuit=bicycle_bivariate_18_4_3_memory_X,distance=3,rounds=3,error_rate=0.001,noise_model=uniform_circuit,basis=CX,A=x+1+y,B=x+1+xy^2.stim""}",
       546,         3,         0,   120.3,msl-bp-cdamp-0p2,3a1f516d5a607d16a990acfe7beb3feb9c6b6d9127ff6cf3239d14306c8fbcb4,"{""A"":""x+1+y"",""B"":""x+1+xy^2"",""basis"":""CX"",""circuit"":""bicycle_bivariate_18_4_3_memory_X"",""d"":3,""distance"":""3"",""error_rate"":""0.001"",""noise_model"":""uniform_circuit"",""p"":0.001,""r"":3,""rounds"":""3"",""stim_path"":""C:\\Users\\User\\Documents\\projects-git\\relay_mother_folder\\relay\\tests\\testdata\\bicycle_bivariate\\circuit=bicycle_bivariate_18_4_3_memory_X,distance=3,rounds=3,error_rate=0.001,noise_model=uniform_circuit,basis=CX,A=x+1+y,B=x+1+xy^2.stim""}",
       552,         4,         0,   120.2,msl-bp-cdamp-0p5,60ed0a6454f75fcc4110dcc67cfc7b494fa12ae46881ff871c282f98ceddb20d,"{""A"":""x+1+y"",""B"":""x+1+xy^2"",""basis"":""CX"",""circuit"":""bicycle_bivariate_18_4_3_memory_X"",""d"":3,""distance"":""3"",""error_rate"":""0.001"",""noise_model"":""uniform_circuit"",""p"":0.001,""r"":3,""rounds"":""3"",""stim_path"":""C:\\Users\\User\\Documents\\projects-git\\relay_mother_folder\\relay\\tests\\testdata\\bicycle_bivariate\\circuit=bicycle_bivariate_18_4_3_memory_X,distance=3,rounds=3,error_rate=0.001,noise_model=uniform_circuit,basis=CX,A=x+1+y,B=x+1+xy^2.stim""}",
       518,         4,         0,   120.3,mem-bp-cdamp-0p8,899402286ed484b27cfa99bdff637396ac7709784ac0c8ccfcfed7ee79542de3,"{""A"":""x+1+y"",""B"":""x+1+xy^2"",""basis"":""CX"",""circuit"":""bicycle_bivariate_18_4_3_memory_X"",""d"":3,""distance"":""3"",""error_rate"":""0.001"",""noise_model"":""uniform_circuit"",""p"":0.001,""r"":3,""rounds"":""3"",""stim_path"":""C:\\Users\\User\\Documents\\projects-git\\relay_mother_folder\\relay\\tests\\testdata\\bicycle_bivariate\\circuit=bicycle_bivariate_18_4_3_memory_X,distance=3,rounds=3,error_rate=0.001,noise_model=uniform_circuit,basis=CX,A=x+1+y,B=x+1+xy^2.stim""}",
       522,         1,         0,   120.4,mem-bp-cdamp-0p2,426797af2e2a88dd9b2b6409d7dee2ce83baf9f9e50a97c8bf4ff8c1293e448f,"{""A"":""x+1+y"",""B"":""x+1+xy^2"",""basis"":""CX"",""circuit"":""bicycle_bivariate_18_4_3_memory_X"",""d"":3,""distance"":""3"",""error_rate"":""0.001"",""noise_model"":""uniform_circuit"",""p"":0.001,""r"":3,""rounds"":""3"",""stim_path"":""C:\\Users\\User\\Documents\\projects-git\\relay_mother_folder\\relay\\tests\\testdata\\bicycle_bivariate\\circuit=bicycle_bivariate_18_4_3_memory_X,distance=3,rounds=3,error_rate=0.001,noise_model=uniform_circuit,basis=CX,A=x+1+y,B=x+1+xy^2.stim""}",
       642,        13,         0,   120.2,msl-bp,8fbae80d3ef89296897f676a8e47bcb8c2151003b6e39d10606b7ee94914c1d6,"{""A"":""x+1+y"",""B"":""x+1+xy^2"",""basis"":""CX"",""circuit"":""bicycle_bivariate_18_4_3_memory_X"",""d"":3,""distance"":""3"",""error_rate"":""0.001"",""noise_model"":""uniform_circuit"",""p"":0.001,""r"":3,""rounds"":""3"",""stim_path"":""C:\\Users\\User\\Documents\\projects-git\\relay_mother_folder\\relay\\tests\\testdata\\bicycle_bivariate\\circuit=bicycle_bivariate_18_4_3_memory_X,distance=3,rounds=3,error_rate=0.001,noise_model=uniform_circuit,basis=CX,A=x+1+y,B=x+1+xy^2.stim""}",
       580,        11,         0,   120.0,msl-bp-cdamp-0p8,95aa1299a09cfccca78c2e5a2f09fcb25221cfc03cb6f19befb6662bcc8760f6,"{""A"":""x+1+y"",""B"":""x+1+xy^2"",""basis"":""CX"",""circuit"":""bicycle_bivariate_18_4_3_memory_X"",""d"":3,""distance"":""3"",""error_rate"":""0.001"",""noise_model"":""uniform_circuit"",""p"":0.001,""r"":3,""rounds"":""3"",""stim_path"":""C:\\Users\\User\\Documents\\projects-git\\relay_mother_folder\\relay\\tests\\testdata\\bicycle_bivariate\\circuit=bicycle_bivariate_18_4_3_memory_X,distance=3,rounds=3,error_rate=0.001,noise_model=uniform_circuit,basis=CX,A=x+1+y,B=x+1+xy^2.stim""}",
       602,         2,         0,   120.2,mem-bp,88862465eff4b2d4e75dad9bcf066c29c41d74d8aa9fbb631e277e7728d305a5,"{""A"":""x+1+y"",""B"":""x+1+xy^2"",""basis"":""CX"",""circuit"":""bicycle_bivariate_18_4_3_memory_X"",""d"":3,""distance"":""3"",""error_rate"":""0.001"",""noise_model"":""uniform_circuit"",""p"":0.001,""r"":3,""rounds"":""3"",""stim_path"":""C:\\Users\\User\\Documents\\projects-git\\relay_mother_folder\\relay\\tests\\testdata\\bicycle_bivariate\\circuit=bicycle_bivariate_18_4_3_memory_X,distance=3,rounds=3,error_rate=0.001,noise_model=uniform_circuit,basis=CX,A=x+1+y,B=x+1+xy^2.stim""}",
       552,         2,         0,   120.3,mem-bp-cdamp-0p5,006cd8c28742ec24ef0db7d2700424bbe04c9e901d86e040647fcb76a9c9c49b,"{""A"":""x+1+y"",""B"":""x+1+xy^2"",""basis"":""CX"",""circuit"":""bicycle_bivariate_18_4_3_memory_X"",""d"":3,""distance"":""3"",""error_rate"":""0.001"",""noise_model"":""uniform_circuit"",""p"":0.001,""r"":3,""rounds"":""3"",""stim_path"":""C:\\Users\\User\\Documents\\projects-git\\relay_mother_folder\\relay\\tests\\testdata\\bicycle_bivariate\\circuit=bicycle_bivariate_18_4_3_memory_X,distance=3,rounds=3,error_rate=0.001,noise_model=uniform_circuit,basis=CX,A=x+1+y,B=x+1+xy^2.stim""}",
       588,         2,         0,   120.3,msl-bp-cdamp-0p2,3a1f516d5a607d16a990acfe7beb3feb9c6b6d9127ff6cf3239d14306c8fbcb4,"{""A"":""x+1+y"",""B"":""x+1+xy^2"",""basis"":""CX"",""circuit"":""bicycle_bivariate_18_4_3_memory_X"",""d"":3,""distance"":""3"",""error_rate"":""0.001"",""noise_model"":""uniform_circuit"",""p"":0.001,""r"":3,""rounds"":""3"",""stim_path"":""C:\\Users\\User\\Documents\\projects-git\\relay_mother_folder\\relay\\tests\\testdata\\bicycle_bivariate\\circuit=bicycle_bivariate_18_4_3_memory_X,distance=3,rounds=3,error_rate=0.001,noise_model=uniform_circuit,basis=CX,A=x+1+y,B=x+1+xy^2.stim""}",
       588,         1,         0,   120.4,msl-bp-cdamp-0p5,60ed0a6454f75fcc4110dcc67cfc7b494fa12ae46881ff871c282f98ceddb20d,"{""A"":""x+1+y"",""B"":""x+1+xy^2"",""basis"":""CX"",""circuit"":""bicycle_bivariate_18_4_3_memory_X"",""d"":3,""distance"":""3"",""error_rate"":""0.001"",""noise_model"":""uniform_circuit"",""p"":0.001,""r"":3,""rounds"":""3"",""stim_path"":""C:\\Users\\User\\Documents\\projects-git\\relay_mother_folder\\relay\\tests\\testdata\\bicycle_bivariate\\circuit=bicycle_bivariate_18_4_3_memory_X,distance=3,rounds=3,error_rate=0.001,noise_model=uniform_circuit,basis=CX,A=x+1+y,B=x+1+xy^2.stim""}",
       552,         5,         0,   120.4,mem-bp-cdamp-0p8,899402286ed484b27cfa99bdff637396ac7709784ac0c8ccfcfed7ee79542de3,"{""A"":""x+1+y"",""B"":""x+1+xy^2"",""basis"":""CX"",""circuit"":""bicycle_bivariate_18_4_3_memory_X"",""d"":3,""distance"":""3"",""error_rate"":""0.001"",""noise_model"":""uniform_circuit"",""p"":0.001,""r"":3,""rounds"":""3"",""stim_path"":""C:\\Users\\User\\Documents\\projects-git\\relay_mother_folder\\relay\\tests\\testdata\\bicycle_bivariate\\circuit=bicycle_bivariate_18_4_3_memory_X,distance=3,rounds=3,error_rate=0.001,noise_model=uniform_circuit,basis=CX,A=x+1+y,B=x+1+xy^2.stim""}",
       560,         3,         0,   120.1,mem-bp-cdamp-0p2,426797af2e2a88dd9b2b6409d7dee2ce83baf9f9e50a97c8bf4ff8c1293e448f,"{""A"":""x+1+y"",""B"":""x+1+xy^2"",""basis"":""CX"",""circuit"":""bicycle_bivariate_18_4_3_memory_X"",""d"":3,""distance"":""3"",""error_rate"":""0.001"",""noise_model"":""uniform_circuit"",""p"":0.001,""r"":3,""rounds"":""3"",""stim_path"":""C:\\Users\\User\\Documents\\projects-git\\relay_mother_folder\\relay\\tests\\testdata\\bicycle_bivariate\\circuit=bicycle_bivariate_18_4_3_memory_X,distance=3,rounds=3,error_rate=0.001,noise_model=uniform_circuit,basis=CX,A=x+1+y,B=x+1+xy^2.stim""}",
       626,         9,         0,   120.1,msl-bp,8fbae80d3ef89296897f676a8e47bcb8c2151003b6e39d10606b7ee94914c1d6,"{""A"":""x+1+y"",""B"":""x+1+xy^2"",""basis"":""CX"",""circuit"":""bicycle_bivariate_18_4_3_memory_X"",""d"":3,""distance"":""3"",""error_rate"":""0.001"",""noise_model"":""uniform_circuit"",""p"":0.001,""r"":3,""rounds"":""3"",""stim_path"":""C:\\Users\\User\\Documents\\projects-git\\relay_mother_folder\\relay\\tests\\testdata\\bicycle_bivariate\\circuit=bicycle_bivariate_18_4_3_memory_X,distance=3,rounds=3,error_rate=0.001,noise_model=uniform_circuit,basis=CX,A=x+1+y,B=x+1+xy^2.stim""}",
       580,         9,         0,   120.1,msl-bp-cdamp-0p8,95aa1299a09cfccca78c2e5a2f09fcb25221cfc03cb6f19befb6662bcc8760f6,"{""A"":""x+1+y"",""B"":""x+1+xy^2"",""basis"":""CX"",""circuit"":""bicycle_bivariate_18_4_3_memory_X"",""d"":3,""distance"":""3"",""error_rate"":""0.001"",""noise_model"":""uniform_circuit"",""p"":0.001,""r"":3,""rounds"":""3"",""stim_path"":""C:\\Users\\User\\Documents\\projects-git\\relay_mother_folder\\relay\\tests\\testdata\\bicycle_bivariate\\circuit=bicycle_bivariate_18_4_3_memory_X,distance=3,rounds=3,error_rate=0.001,noise_model=uniform_circuit,basis=CX,A=x+1+y,B=x+1+xy^2.stim""}",
       600,         4,         0,   120.4,mem-bp,88862465eff4b2d4e75dad9bcf066c29c41d74d8aa9fbb631e277e7728d305a5,"{""A"":""x+1+y"",""B"":""x+1+xy^2"",""basis"":""CX"",""circuit"":""bicycle_bivariate_18_4_3_memory_X"",""d"":3,""distance"":""3"",""error_rate"":""0.001"",""noise_model"":""uniform_circuit"",""p"":0.001,""r"":3,""rounds"":""3"",""stim_path"":""C:\\Users\\User\\Documents\\projects-git\\relay_mother_folder\\relay\\tests\\testdata\\bicycle_bivariate\\circuit=bicycle_bivariate_18_4_3_memory_X,distance=3,rounds=3,error_rate=0.001,noise_model=uniform_circuit,basis=CX,A=x+1+y,B=x+1+xy^2.stim""}",
       554,         3,         0,   120.4,mem-bp-cdamp-0p5,006cd8c28742ec24ef0db7d2700424bbe04c9e901d86e040647fcb76a9c9c49b,"{""A"":""x+1+y"",""B"":""x+1+xy^2"",""basis"":""CX"",""circuit"":""bicycle_bivariate_18_4_3_memory_X"",""d"":3,""distance"":""3"",""error_rate"":""0.001"",""noise_model"":""uniform_circuit"",""p"":0.001,""r"":3,""rounds"":""3"",""stim_path"":""C:\\Users\\User\\Documents\\projects-git\\relay_mother_folder\\relay\\tests\\testdata\\bicycle_bivariate\\circuit=bicycle_bivariate_18_4_3_memory_X,distance=3,rounds=3,error_rate=0.001,noise_model=uniform_circuit,basis=CX,A=x+1+y,B=x+1+xy^2.stim""}",
       576,         1,         0,   120.3,msl-bp-cdamp-0p2,3a1f516d5a607d16a990acfe7beb3feb9c6b6d9127ff6cf3239d14306c8fbcb4,"{""A"":""x+1+y"",""B"":""x+1+xy^2"",""basis"":""CX"",""circuit"":""bicycle_bivariate_18_4_3_memory_X"",""d"":3,""distance"":""3"",""error_rate"":""0.001"",""noise_model"":""uniform_circuit"",""p"":0.001,""r"":3,""rounds"":""3"",""stim_path"":""C:\\Users\\User\\Documents\\projects-git\\relay_mother_folder\\relay\\tests\\testdata\\bicycle_bivariate\\circuit=bicycle_bivariate_18_4_3_memory_X,distance=3,rounds=3,error_rate=0.001,noise_model=uniform_circuit,basis=CX,A=x+1+y,B=x+1+xy^2.stim""}",
       574,         1,         0,   120.4,msl-bp-cdamp-0p5,60ed0a6454f75fcc4110dcc67cfc7b494fa12ae46881ff871c282f98ceddb20d,"{""A"":""x+1+y"",""B"":""x+1+xy^2"",""basis"":""CX"",""circuit"":""bicycle_bivariate_18_4_3_memory_X"",""d"":3,""distance"":""3"",""error_rate"":""0.001"",""noise_model"":""uniform_circuit"",""p"":0.001,""r"":3,""rounds"":""3"",""stim_path"":""C:\\Users\\User\\Documents\\projects-git\\relay_mother_folder\\relay\\tests\\testdata\\bicycle_bivariate\\circuit=bicycle_bivariate_18_4_3_memory_X,distance=3,rounds=3,error_rate=0.001,noise_model=uniform_circuit,basis=CX,A=x+1+y,B=x+1+xy^2.stim""}",
       536,         1,         0,   120.3,mem-bp-cdamp-0p8,899402286ed484b27cfa99bdff637396ac7709784ac0c8ccfcfed7ee79542de3,"{""A"":""x+1+y"",""B"":""x+1+xy^2"",""basis"":""CX"",""circuit"":""bicycle_bivariate_18_4_3_memory_X"",""d"":3,""distance"":""3"",""error_rate"":""0.001"",""noise_model"":""uniform_circuit"",""p"":0.001,""r"":3,""rounds"":""3"",""stim_path"":""C:\\Users\\User\\Documents\\projects-git\\relay_mother_folder\\relay\\tests\\testdata\\bicycle_bivariate\\circuit=bicycle_bivariate_18_4_3_memory_X,distance=3,rounds=3,error_rate=0.001,noise_model=uniform_circuit,basis=CX,A=x+1+y,B=x+1+xy^2.stim""}",
       542,         0,         0,   120.0,mem-bp-cdamp-0p2,426797af2e2a88dd9b2b6409d7dee2ce83baf9f9e50a97c8bf4ff8c1293e448f,"{""A"":""x+1+y"",""B"":""x+1+xy^2"",""basis"":""CX"",""circuit"":""bicycle_bivariate_18_4_3_memory_X"",""d"":3,""distance"":""3"",""error_rate"":""0.001"",""noise_model"":""uniform_circuit"",""p"":0.001,""r"":3,""rounds"":""3"",""stim_path"":""C:\\Users\\User\\Documents\\projects-git\\relay_mother_folder\\relay\\tests\\testdata\\bicycle_bivariate\\circuit=bicycle_bivariate_18_4_3_memory_X,distance=3,rounds=3,error_rate=0.001,noise_model=uniform_circuit,basis=CX,A=x+1+y,B=x+1+xy^2.stim""}",
       638,        11,         0,   120.0,msl-bp,8fbae80d3ef89296897f676a8e47bcb8c2151003b6e39d10606b7ee94914c1d6,"{""A"":""x+1+y"",""B"":""x+1+xy^2"",""basis"":""CX"",""circuit"":""bicycle_bivariate_18_4_3_memory_X"",""d"":3,""distance"":""3"",""error_rate"":""0.001"",""noise_model"":""uniform_circuit"",""p"":0.001,""r"":3,""rounds"":""3"",""stim_path"":""C:\\Users\\User\\Documents\\projects-git\\relay_mother_folder\\relay\\tests\\testdata\\bicycle_bivariate\\circuit=bicycle_bivariate_18_4_3_memory_X,distance=3,rounds=3,error_rate=0.001,noise_model=uniform_circuit,basis=CX,A=x+1+y,B=x+1+xy^2.stim""}",
       584,         8,         0,   120.3,msl-bp-cdamp-0p8,95aa1299a09cfccca78c2e5a2f09fcb25221cfc03cb6f19befb6662bcc8760f6,"{""A"":""x+1+y"",""B"":""x+1+xy^2"",""basis"":""CX"",""circuit"":""bicycle_bivariate_18_4_3_memory_X"",""d"":3,""distance"":""3"",""error_rate"":""0.001"",""noise_model"":""uniform_circuit"",""p"":0.001,""r"":3,""rounds"":""3"",""stim_path"":""C:\\Users\\User\\Documents\\projects-git\\relay_mother_folder\\relay\\tests\\testdata\\bicycle_bivariate\\circuit=bicycle_bivariate_18_4_3_memory_X,distance=3,rounds=3,error_rate=0.001,noise_model=uniform_circuit,basis=CX,A=x+1+y,B=x+1+xy^2.stim""}",
       606,         0,         0,   120.2,mem-bp,88862465eff4b2d4e75dad9bcf066c29c41d74d8aa9fbb631e277e7728d305a5,"{""A"":""x+1+y"",""B"":""x+1+xy^2"",""basis"":""CX"",""circuit"":""bicycle_bivariate_18_4_3_memory_X"",""d"":3,""distance"":""3"",""error_rate"":""0.001"",""noise_model"":""uniform_circuit"",""p"":0.001,""r"":3,""rounds"":""3"",""stim_path"":""C:\\Users\\User\\Documents\\projects-git\\relay_mother_folder\\relay\\tests\\testdata\\bicycle_bivariate\\circuit=bicycle_bivariate_18_4_3_memory_X,distance=3,rounds=3,error_rate=0.001,noise_model=uniform_circuit,basis=CX,A=x+1+y,B=x+1+xy^2.stim""}",
       550,         4,         0,   120.2,mem-bp-cdamp-0p5,006cd8c28742ec24ef0db7d2700424bbe04c9e901d86e040647fcb76a9c9c49b,"{""A"":""x+1+y"",""B"":""x+1+xy^2"",""basis"":""CX"",""circuit"":""bicycle_bivariate_18_4_3_memory_X"",""d"":3,""distance"":""3"",""error_rate"":""0.001"",""noise_model"":""uniform_circuit"",""p"":0.001,""r"":3,""rounds"":""3"",""stim_path"":""C:\\Users\\User\\Documents\\projects-git\\relay_mother_folder\\relay\\tests\\testdata\\bicycle_bivariate\\circuit=bicycle_bivariate_18_4_3_memory_X,distance=3,rounds=3,error_rate=0.001,noise_model=uniform_circuit,basis=CX,A=x+1+y,B=x+1+xy^2.stim""}",
       582,         4,         0,   120.3,msl-bp-cdamp-0p2,3a1f516d5a607d16a990acfe7beb3feb9c6b6d9127ff6cf3239d14306c8fbcb4,"{""A"":""x+1+y"",""B"":""x+1+xy^2"",""basis"":""CX"",""circuit"":""bicycle_bivariate_18_4_3_memory_X"",""d"":3,""distance"":""3"",""error_rate"":""0.001"",""noise_model"":""uniform_circuit"",""p"":0.001,""r"":3,""rounds"":""3"",""stim_path"":""C:\\Users\\User\\Documents\\projects-git\\relay_mother_folder\\relay\\tests\\testdata\\bicycle_bivariate\\circuit=bicycle_bivariate_18_4_3_memory_X,distance=3,rounds=3,error_rate=0.001,noise_model=uniform_circuit,basis=CX,A=x+1+y,B=x+1+xy^2.stim""}",
       548,         1,         0,   120.1,mem-bp-cdamp-0p8,899402286ed484b27cfa99bdff637396ac7709784ac0c8ccfcfed7ee79542de3,"{""A"":""x+1+y"",""B"":""x+1+xy^2"",""basis"":""CX"",""circuit"":""bicycle_bivariate_18_4_3_memory_X"",""d"":3,""distance"":""3"",""error_rate"":""0.001"",""noise_model"":""uniform_circuit"",""p"":0.001,""r"":3,""rounds"":""3"",""stim_path"":""C:\\Users\\User\\Documents\\projects-git\\relay_mother_folder\\relay\\tests\\testdata\\bicycle_bivariate\\circuit=bicycle_bivariate_18_4_3_memory_X,distance=3,rounds=3,error_rate=0.001,noise_model=uniform_circuit,basis=CX,A=x+1+y,B=x+1+xy^2.stim""}",
       588,         4,         0,   120.5,msl-bp-cdamp-0p5,60ed0a6454f75fcc4110dcc67cfc7b494fa12ae46881ff871c282f98ceddb20d,"{""A"":""x+1+y"",""B"":""x+1+xy^2"",""basis"":""CX"",""circuit"":""bicycle_bivariate_18_4_3_memory_X"",""d"":3,""distance"":""3"",""error_rate"":""0.001"",""noise_model"":""uniform_circuit"",""p"":0.001,""r"":3,""rounds"":""3"",""stim_path"":""C:\\Users\\User\\Documents\\projects-git\\relay_mother_folder\\relay\\tests\\testdata\\bicycle_bivariate\\circuit=bicycle_bivariate_18_4_3_memory_X,distance=3,rounds=3,error_rate=0.001,noise_model=uniform_circuit,basis=CX,A=x+1+y,B=x+1+xy^2.stim""}",
       552,         1,         0,   120.2,mem-bp-cdamp-0p2,426797af2e2a88dd9b2b6409d7dee2ce83baf9f9e50a97c8bf4ff8c1293e448f,"{""A"":""x+1+y"",""B"":""x+1+xy^2"",""basis"":""CX"",""circuit"":""bicycle_bivariate_18_4_3_memory_X"",""d"":3,""distance"":""3"",""error_rate"":""0.001"",""noise_model"":""uniform_circuit"",""p"":0.001,""r"":3,""rounds"":""3"",""stim_path"":""C:\\Users\\User\\Documents\\projects-git\\relay_mother_folder\\relay\\tests\\testdata\\bicycle_bivariate\\circuit=bicycle_bivariate_18_4_3_memory_X,distance=3,rounds=3,error_rate=0.001,noise_model=uniform_circuit,basis=CX,A=x+1+y,B=x+1+xy^2.stim""}",
       628,         9,         0,   120.0,msl-bp,8fbae80d3ef89296897f676a8e47bcb8c2151003b6e39d10606b7ee94914c1d6,"{""A"":""x+1+y"",""B"":""x+1+xy^2"",""basis"":""CX"",""circuit"":""bicycle_bivariate_18_4_3_memory_X"",""d"":3,""distance"":""3"",""error_rate"":""0.001"",""noise_model"":""uniform_circuit"",""p"":0.001,""r"":3,""rounds"":""3"",""stim_path"":""C:\\Users\\User\\Documents\\projects-git\\relay_mother_folder\\relay\\tests\\testdata\\bicycle_bivariate\\circuit=bicycle_bivariate_18_4_3_memory_X,distance=3,rounds=3,error_rate=0.001,noise_model=uniform_circuit,basis=CX,A=x+1+y,B=x+1+xy^2.stim""}",
       582,         7,         0,   120.2,msl-bp-cdamp-0p8,95aa1299a09cfccca78c2e5a2f09fcb25221cfc03cb6f19befb6662bcc8760f6,"{""A"":""x+1+y"",""B"":""x+1+xy^2"",""basis"":""CX"",""circuit"":""bicycle_bivariate_18_4_3_memory_X"",""d"":3,""distance"":""3"",""error_rate"":""0.001"",""noise_model"":""uniform_circuit"",""p"":0.001,""r"":3,""rounds"":""3"",""stim_path"":""C:\\Users\\User\\Documents\\projects-git\\relay_mother_folder\\relay\\tests\\testdata\\bicycle_bivariate\\circuit=bicycle_bivariate_18_4_3_memory_X,distance=3,rounds=3,error_rate=0.001,noise_model=uniform_circuit,basis=CX,A=x+1+y,B=x+1+xy^2.stim""}",
       588,         1,         0,   120.3,mem-bp,88862465eff4b2d4e75dad9bcf066c29c41d74d8aa9fbb631e277e7728d305a5,"{""A"":""x+1+y"",""B"":""x+1+xy^2"",""basis"":""CX"",""circuit"":""bicycle_bivariate_18_4_3_memory_X"",""d"":3,""distance"":""3"",""error_rate"":""0.001"",""noise_model"":""uniform_circuit"",""p"":0.001,""r"":3,""rounds"":""3"",""stim_path"":""C:\\Users\\User\\Documents\\projects-git\\relay_mother_folder\\relay\\tests\\testdata\\bicycle_bivariate\\circuit=bicycle_bivariate_18_4_3_memory_X,distance=3,rounds=3,error_rate=0.001,noise_model=uniform_circuit,basis=CX,A=x+1+y,B=x+1+xy^2.stim""}",
       540,         1,         0,   120.1,mem-bp-cdamp-0p5,006cd8c28742ec24ef0db7d2700424bbe04c9e901d86e040647fcb76a9c9c49b,"{""A"":""x+1+y"",""B"":""x+1+xy^2"",""basis"":""CX"",""circuit"":""bicycle_bivariate_18_4_3_memory_X"",""d"":3,""distance"":""3"",""error_rate"":""0.001"",""noise_model"":""uniform_circuit"",""p"":0.001,""r"":3,""rounds"":""3"",""stim_path"":""C:\\Users\\User\\Documents\\projects-git\\relay_mother_folder\\relay\\tests\\testdata\\bicycle_bivariate\\circuit=bicycle_bivariate_18_4_3_memory_X,distance=3,rounds=3,error_rate=0.001,noise_model=uniform_circuit,basis=CX,A=x+1+y,B=x+1+xy^2.stim""}",
       564,         0,         0,   120.2,msl-bp-cdamp-0p2,3a1f516d5a607d16a990acfe7beb3feb9c6b6d9127ff6cf3239d14306c8fbcb4,"{""A"":""x+1+y"",""B"":""x+1+xy^2"",""basis"":""CX"",""circuit"":""bicycle_bivariate_18_4_3_memory_X"",""d"":3,""distance"":""3"",""error_rate"":""0.001"",""noise_model"":""uniform_circuit"",""p"":0.001,""r"":3,""rounds"":""3"",""stim_path"":""C:\\Users\\User\\Documents\\projects-git\\relay_mother_folder\\relay\\tests\\testdata\\bicycle_bivariate\\circuit=bicycle_bivariate_18_4_3_memory_X,distance=3,rounds=3,error_rate=0.001,noise_model=uniform_circuit,basis=CX,A=x+1+y,B=x+1+xy^2.stim""}",
       544,         4,         0,   120.2,mem-bp-cdamp-0p8,899402286ed484b27cfa99bdff637396ac7709784ac0c8ccfcfed7ee79542de3,"{""A"":""x+1+y"",""B"":""x+1+xy^2"",""basis"":""CX"",""circuit"":""bicycle_bivariate_18_4_3_memory_X"",""d"":3,""distance"":""3"",""error_rate"":""0.001"",""noise_model"":""uniform_circuit"",""p"":0.001,""r"":3,""rounds"":""3"",""stim_path"":""C:\\Users\\User\\Documents\\projects-git\\relay_mother_folder\\relay\\tests\\testdata\\bicycle_bivariate\\circuit=bicycle_bivariate_18_4_3_memory_X,distance=3,rounds=3,error_rate=0.001,noise_model=uniform_circuit,basis=CX,A=x+1+y,B=x+1+xy^2.stim""}",
       570,         2,         0,   120.4,msl-bp-cdamp-0p5,60ed0a6454f75fcc4110dcc67cfc7b494fa12ae46881ff871c282f98ceddb20d,"{""A"":""x+1+y"",""B"":""x+1+xy^2"",""basis"":""CX"",""circuit"":""bicycle_bivariate_18_4_3_memory_X"",""d"":3,""distance"":""3"",""error_rate"":""0.001"",""noise_model"":""uniform_circuit"",""p"":0.001,""r"":3,""rounds"":""3"",""stim_path"":""C:\\Users\\User\\Documents\\projects-git\\relay_mother_folder\\relay\\tests\\testdata\\bicycle_bivariate\\circuit=bicycle_bivariate_18_4_3_memory_X,distance=3,rounds=3,error_rate=0.001,noise_model=uniform_circuit,basis=CX,A=x+1+y,B=x+1+xy^2.stim""}",
       558,         2,         0,   120.2,mem-bp-cdamp-0p2,426797af2e2a88dd9b2b6409d7dee2ce83baf9f9e50a97c8bf4ff8c1293e448f,"{""A"":""x+1+y"",""B"":""x+1+xy^2"",""basis"":""CX"",""circuit"":""bicycle_bivariate_18_4_3_memory_X"",""d"":3,""distance"":""3"",""error_rate"":""0.001"",""noise_model"":""uniform_circuit"",""p"":0.001,""r"":3,""rounds"":""3"",""stim_path"":""C:\\Users\\User\\Documents\\projects-git\\relay_mother_folder\\relay\\tests\\testdata\\bicycle_bivariate\\circuit=bicycle_bivariate_18_4_3_memory_X,distance=3,rounds=3,error_rate=0.001,noise_model=uniform_circuit,basis=CX,A=x+1+y,B=x+1+xy^2.stim""}",
       636,        10,         0,   120.2,msl-bp,8fbae80d3ef89296897f676a8e47bcb8c2151003b6e39d10606b7ee94914c1d6,"{""A"":""x+1+y"",""B"":""x+1+xy^2"",""basis"":""CX"",""circuit"":""bicycle_bivariate_18_4_3_memory_X"",""d"":3,""distance"":""3"",""error_rate"":""0.001"",""noise_model"":""uniform_circuit"",""p"":0.001,""r"":3,""rounds"":""3"",""stim_path"":""C:\\Users\\User\\Documents\\projects-git\\relay_mother_folder\\relay\\tests\\testdata\\bicycle_bivariate\\circuit=bicycle_bivariate_18_4_3_memory_X,distance=3,rounds=3,error_rate=0.001,noise_model=uniform_circuit,basis=CX,A=x+1+y,B=x+1+xy^2.stim""}",
       586,        10,         0,   120.3,msl-bp-cdamp-0p8,95aa1299a09cfccca78c2e5a2f09fcb25221cfc03cb6f19befb6662bcc8760f6,"{""A"":""x+1+y"",""B"":""x+1+xy^2"",""basis"":""CX"",""circuit"":""bicycle_bivariate_18_4_3_memory_X"",""d"":3,""distance"":""3"",""error_rate"":""0.001"",""noise_model"":""uniform_circuit"",""p"":0.001,""r"":3,""rounds"":""3"",""stim_path"":""C:\\Users\\User\\Documents\\projects-git\\relay_mother_folder\\relay\\tests\\testdata\\bicycle_bivariate\\circuit=bicycle_bivariate_18_4_3_memory_X,distance=3,rounds=3,error_rate=0.001,noise_model=uniform_circuit,basis=CX,A=x+1+y,B=x+1+xy^2.stim""}",
       580,         1,         0,   120.1,mem-bp,88862465eff4b2d4e75dad9bcf066c29c41d74d8aa9fbb631e277e7728d305a5,"{""A"":""x+1+y"",""B"":""x+1+xy^2"",""basis"":""CX"",""circuit"":""bicycle_bivariate_18_4_3_memory_X"",""d"":3,""distance"":""3"",""error_rate"":""0.001"",""noise_model"":""uniform_circuit"",""p"":0.001,""r"":3,""rounds"":""3"",""stim_path"":""C:\\Users\\User\\Documents\\projects-git\\relay_mother_folder\\relay\\tests\\testdata\\bicycle_bivariate\\circuit=bicycle_bivariate_18_4_3_memory_X,distance=3,rounds=3,error_rate=0.001,noise_model=uniform_circuit,basis=CX,A=x+1+y,B=x+1+xy^2.stim""}",
       536,         0,         0,   120.3,mem-bp-cdamp-0p5,006cd8c28742ec24ef0db7d2700424bbe04c9e901d86e040647fcb76a9c9c49b,"{""A"":""x+1+y"",""B"":""x+1+xy^2"",""basis"":""CX"",""circuit"":""bicycle_bivariate_18_4_3_memory_X"",""d"":3,""distance"":""3"",""error_rate"":""0.001"",""noise_model"":""uniform_circuit"",""p"":0.001,""r"":3,""rounds"":""3"",""stim_path"":""C:\\Users\\User\\Documents\\projects-git\\relay_mother_folder\\relay\\tests\\testdata\\bicycle_bivariate\\circuit=bicycle_bivariate_18_4_3_memory_X,distance=3,rounds=3,error_rate=0.001,noise_model=uniform_circuit,basis=CX,A=x+1+y,B=x+1+xy^2.stim""}",
       580,         3,         0,   120.2,msl-bp-cdamp-0p2,3a1f516d5a607d16a990acfe7beb3feb9c6b6d9127ff6cf3239d14306c8fbcb4,"{""A"":""x+1+y"",""B"":""x+1+xy^2"",""basis"":""CX"",""circuit"":""bicycle_bivariate_18_4_3_memory_X"",""d"":3,""distance"":""3"",""error_rate"":""0.001"",""noise_model"":""uniform_circuit"",""p"":0.001,""r"":3,""rounds"":""3"",""stim_path"":""C:\\Users\\User\\Documents\\projects-git\\relay_mother_folder\\relay\\tests\\testdata\\bicycle_bivariate\\circuit=bicycle_bivariate_18_4_3_memory_X,distance=3,rounds=3,error_rate=0.001,noise_model=uniform_circuit,basis=CX,A=x+1+y,B=x+1+xy^2.stim""}",
       564,         2,         0,   120.0,msl-bp-cdamp-0p5,60ed0a6454f75fcc4110dcc67cfc7b494fa12ae46881ff871c282f98ceddb20d,"{""A"":""x+1+y"",""B"":""x+1+xy^2"",""basis"":""CX"",""circuit"":""bicycle_bivariate_18_4_3_memory_X"",""d"":3,""distance"":""3"",""error_rate"":""0.001"",""noise_model"":""uniform_circuit"",""p"":0.001,""r"":3,""rounds"":""3"",""stim_path"":""C:\\Users\\User\\Documents\\projects-git\\relay_mother_folder\\relay\\tests\\testdata\\bicycle_bivariate\\circuit=bicycle_bivariate_18_4_3_memory_X,distance=3,rounds=3,error_rate=0.001,noise_model=uniform_circuit,basis=CX,A=x+1+y,B=x+1+xy^2.stim""}",
       540,         2,         0,   120.2,mem-bp-cdamp-0p8,899402286ed484b27cfa99bdff637396ac7709784ac0c8ccfcfed7ee79542de3,"{""A"":""x+1+y"",""B"":""x+1+xy^2"",""basis"":""CX"",""circuit"":""bicycle_bivariate_18_4_3_memory_X"",""d"":3,""distance"":""3"",""error_rate"":""0.001"",""noise_model"":""uniform_circuit"",""p"":0.001,""r"":3,""rounds"":""3"",""stim_path"":""C:\\Users\\User\\Documents\\projects-git\\relay_mother_folder\\relay\\tests\\testdata\\bicycle_bivariate\\circuit=bicycle_bivariate_18_4_3_memory_X,distance=3,rounds=3,error_rate=0.001,noise_model=uniform_circuit,basis=CX,A=x+1+y,B=x+1+xy^2.stim""}",
       536,         0,         0,   120.4,mem-bp-cdamp-0p2,426797af2e2a88dd9b2b6409d7dee2ce83baf9f9e50a97c8bf4ff8c1293e448f,"{""A"":""x+1+y"",""B"":""x+1+xy^2"",""basis"":""CX"",""circuit"":""bicycle_bivariate_18_4_3_memory_X"",""d"":3,""distance"":""3"",""error_rate"":""0.001"",""noise_model"":""uniform_circuit"",""p"":0.001,""r"":3,""rounds"":""3"",""stim_path"":""C:\\Users\\User\\Documents\\projects-git\\relay_mother_folder\\relay\\tests\\testdata\\bicycle_bivariate\\circuit=bicycle_bivariate_18_4_3_memory_X,distance=3,rounds=3,error_rate=0.001,noise_model=uniform_circuit,basis=CX,A=x+1+y,B=x+1+xy^2.stim""}",
       634,        11,         0,   120.2,msl-bp,8fbae80d3ef89296897f676a8e47bcb8c2151003b6e39d10606b7ee94914c1d6,"{""A"":""x+1+y"",""B"":""x+1+xy^2"",""basis"":""CX"",""circuit"":""bicycle_bivariate_18_4_3_memory_X"",""d"":3,""distance"":""3"",""error_rate"":""0.001"",""noise_model"":""uniform_circuit"",""p"":0.001,""r"":3,""rounds"":""3"",""stim_path"":""C:\\Users\\User\\Documents\\projects-git\\relay_mother_folder\\relay\\tests\\testdata\\bicycle_bivariate\\circuit=bicycle_bivariate_18_4_3_memory_X,distance=3,rounds=3,error_rate=0.001,noise_model=uniform_circuit,basis=CX,A=x+1+y,B=x+1+xy^2.stim""}",
       578,         9,         0,   120.3,msl-bp-cdamp-0p8,95aa1299a09cfccca78c2e5a2f09fcb25221cfc03cb6f19befb6662bcc8760f6,"{""A"":""x+1+y"",""B"":""x+1+xy^2"",""basis"":""CX"",""circuit"":""bicycle_bivariate_18_4_3_memory_X"",""d"":3,""distance"":""3"",""error_rate"":""0.001"",""noise_model"":""uniform_circuit"",""p"":0.001,""r"":3,""rounds"":""3"",""stim_path"":""C:\\Users\\User\\Documents\\projects-git\\relay_mother_folder\\relay\\tests\\testdata\\bicycle_bivariate\\circuit=bicycle_bivariate_18_4_3_memory_X,distance=3,rounds=3,error_rate=0.001,noise_model=uniform_circuit,basis=CX,A=x+1+y,B=x+1+xy^2.stim""}",
       596,         5,         0,   120.3,mem-bp,88862465eff4b2d4e75dad9bcf066c29c41d74d8aa9fbb631e277e7728d305a5,"{""A"":""x+1+y"",""B"":""x+1+xy^2"",""basis"":""CX"",""circuit"":""bicycle_bivariate_18_4_3_memory_X"",""d"":3,""distance"":""3"",""error_rate"":""0.001"",""noise_model"":""uniform_circuit"",""p"":0.001,""r"":3,""rounds"":""3"",""stim_path"":""C:\\Users\\User\\Documents\\projects-git\\relay_mother_folder\\relay\\tests\\testdata\\bicycle_bivariate\\circuit=bicycle_bivariate_18_4_3_memory_X,distance=3,rounds=3,error_rate=0.001,noise_model=uniform_circuit,basis=CX,A=x+1+y,B=x+1+xy^2.stim""}",
       580,         1,         0,   120.0,msl-bp-cdamp-0p2,3a1f516d5a607d16a990acfe7beb3feb9c6b6d9127ff6cf3239d14306c8fbcb4,"{""A"":""x+1+y"",""B"":""x+1+xy^2"",""basis"":""CX"",""circuit"":""bicycle_bivariate_18_4_3_memory_X"",""d"":3,""distance"":""3"",""error_rate"":""0.001"",""noise_model"":""uniform_circuit"",""p"":0.001,""r"":3,""rounds"":""3"",""stim_path"":""C:\\Users\\User\\Documents\\projects-git\\relay_mother_folder\\relay\\tests\\testdata\\bicycle_bivariate\\circuit=bicycle_bivariate_18_4_3_memory_X,distance=3,rounds=3,error_rate=0.001,noise_model=uniform_circuit,basis=CX,A=x+1+y,B=x+1+xy^2.stim""}",
       554,         0,         0,   120.4,mem-bp-cdamp-0p5,006cd8c28742ec24ef0db7d2700424bbe04c9e901d86e040647fcb76a9c9c49b,"{""A"":""x+1+y"",""B"":""x+1+xy^2"",""basis"":""CX"",""circuit"":""bicycle_bivariate_18_4_3_memory_X"",""d"":3,""distance"":""3"",""error_rate"":""0.001"",""noise_model"":""uniform_circuit"",""p"":0.001,""r"":3,""rounds"":""3"",""stim_path"":""C:\\Users\\User\\Documents\\projects-git\\relay_mother_folder\\relay\\tests\\testdata\\bicycle_bivariate\\circuit=bicycle_bivariate_18_4_3_memory_X,distance=3,rounds=3,error_rate=0.001,noise_model=uniform_circuit,basis=CX,A=x+1+y,B=x+1+xy^2.stim""}",
       576,         0,         0,   120.0,msl-bp-cdamp-0p5,60ed0a6454f75fcc4110dcc67cfc7b494fa12ae46881ff871c282f98ceddb20d,"{""A"":""x+1+y"",""B"":""x+1+xy^2"",""basis"":""CX"",""circuit"":""bicycle_bivariate_18_4_3_memory_X"",""d"":3,""distance"":""3"",""error_rate"":""0.001"",""noise_model"":""uniform_circuit"",""p"":0.001,""r"":3,""rounds"":""3"",""stim_path"":""C:\\Users\\User\\Documents\\projects-git\\relay_mother_folder\\relay\\tests\\testdata\\bicycle_bivariate\\circuit=bicycle_bivariate_18_4_3_memory_X,distance=3,rounds=3,error_rate=0.001,noise_model=uniform_circuit,basis=CX,A=x+1+y,B=x+1+xy^2.stim""}",
       544,         2,         0,   120.1,mem-bp-cdamp-0p8,899402286ed484b27cfa99bdff637396ac7709784ac0c8ccfcfed7ee79542de3,"{""A"":""x+1+y"",""B"":""x+1+xy^2"",""basis"":""CX"",""circuit"":""bicycle_bivariate_18_4_3_memory_X"",""d"":3,""distance"":""3"",""error_rate"":""0.001"",""noise_model"":""uniform_circuit"",""p"":0.001,""r"":3,""rounds"":""3"",""stim_path"":""C:\\Users\\User\\Documents\\projects-git\\relay_mother_folder\\relay\\tests\\testdata\\bicycle_bivariate\\circuit=bicycle_bivariate_18_4_3_memory_X,distance=3,rounds=3,error_rate=0.001,noise_model=uniform_circuit,basis=CX,A=x+1+y,B=x+1+xy^2.stim""}",
       546,         1,         0,   120.5,mem-bp-cdamp-0p2,426797af2e2a88dd9b2b6409d7dee2ce83baf9f9e50a97c8bf4ff8c1293e448f,"{""A"":""x+1+y"",""B"":""x+1+xy^2"",""basis"":""CX"",""circuit"":""bicycle_bivariate_18_4_3_memory_X"",""d"":3,""distance"":""3"",""error_rate"":""0.001"",""noise_model"":""uniform_circuit"",""p"":0.001,""r"":3,""rounds"":""3"",""stim_path"":""C:\\Users\\User\\Documents\\projects-git\\relay_mother_folder\\relay\\tests\\testdata\\bicycle_bivariate\\circuit=bicycle_bivariate_18_4_3_memory_X,distance=3,rounds=3,error_rate=0.001,noise_model=uniform_circuit,basis=CX,A=x+1+y,B=x+1+xy^2.stim""}",
       638,         6,         0,   120.1,msl-bp,8fbae80d3ef89296897f676a8e47bcb8c2151003b6e39d10606b7ee94914c1d6,"{""A"":""x+1+y"",""B"":""x+1+xy^2"",""basis"":""CX"",""circuit"":""bicycle_bivariate_18_4_3_memory_X"",""d"":3,""distance"":""3"",""error_rate"":""0.001"",""noise_model"":""uniform_circuit"",""p"":0.001,""r"":3,""rounds"":""3"",""stim_path"":""C:\\Users\\User\\Documents\\projects-git\\relay_mother_folder\\relay\\tests\\testdata\\bicycle_bivariate\\circuit=bicycle_bivariate_18_4_3_memory_X,distance=3,rounds=3,error_rate=0.001,noise_model=uniform_circuit,basis=CX,A=x+1+y,B=x+1+xy^2.stim""}",
       582,         6,         0,   120.4,msl-bp-cdamp-0p8,95aa1299a09cfccca78c2e5a2f09fcb25221cfc03cb6f19befb6662bcc8760f6,"{""A"":""x+1+y"",""B"":""x+1+xy^2"",""basis"":""CX"",""circuit"":""bicycle_bivariate_18_4_3_memory_X"",""d"":3,""distance"":""3"",""error_rate"":""0.001"",""noise_model"":""uniform_circuit"",""p"":0.001,""r"":3,""rounds"":""3"",""stim_path"":""C:\\Users\\User\\Documents\\projects-git\\relay_mother_folder\\relay\\tests\\testdata\\bicycle_bivariate\\circuit=bicycle_bivariate_18_4_3_memory_X,distance=3,rounds=3,error_rate=0.001,noise_model=uniform_circuit,basis=CX,A=x+1+y,B=x+1+xy^2.stim""}",
       600,         3,         0,   120.1,mem-bp,88862465eff4b2d4e75dad9bcf066c29c41d74d8aa9fbb631e277e7728d305a5,"{""A"":""x+1+y"",""B"":""x+1+xy^2"",""basis"":""CX"",""circuit"":""bicycle_bivariate_18_4_3_memory_X"",""d"":3,""distance"":""3"",""error_rate"":""0.001"",""noise_model"":""uniform_circuit"",""p"":0.001,""r"":3,""rounds"":""3"",""stim_path"":""C:\\Users\\User\\Documents\\projects-git\\relay_mother_folder\\relay\\tests\\testdata\\bicycle_bivariate\\circuit=bicycle_bivariate_18_4_3_memory_X,distance=3,rounds=3,error_rate=0.001,noise_model=uniform_circuit,basis=CX,A=x+1+y,B=x+1+xy^2.stim""}",
       574,         3,         0,   120.2,msl-bp-cdamp-0p2,3a1f516d5a607d16a990acfe7beb3feb9c6b6d9127ff6cf3239d14306c8fbcb4,"{""A"":""x+1+y"",""B"":""x+1+xy^2"",""basis"":""CX"",""circuit"":""bicycle_bivariate_18_4_3_memory_X"",""d"":3,""distance"":""3"",""error_rate"":""0.001"",""noise_model"":""uniform_circuit"",""p"":0.001,""r"":3,""rounds"":""3"",""stim_path"":""C:\\Users\\User\\Documents\\projects-git\\relay_mother_folder\\relay\\tests\\testdata\\bicycle_bivariate\\circuit=bicycle_bivariate_18_4_3_memory_X,distance=3,rounds=3,error_rate=0.001,noise_model=uniform_circuit,basis=CX,A=x+1+y,B=x+1+xy^2.stim""}",
       550,         1,         0,   120.2,mem-bp-cdamp-0p5,006cd8c28742ec24ef0db7d2700424bbe04c9e901d86e040647fcb76a9c9c49b,"{""A"":""x+1+y"",""B"":""x+1+xy^2"",""basis"":""CX"",""circuit"":""bicycle_bivariate_18_4_3_memory_X"",""d"":3,""distance"":""3"",""error_rate"":""0.001"",""noise_model"":""uniform_circuit"",""p"":0.001,""r"":3,""rounds"":""3"",""stim_path"":""C:\\Users\\User\\Documents\\projects-git\\relay_mother_folder\\relay\\tests\\testdata\\bicycle_bivariate\\circuit=bicycle_bivariate_18_4_3_memory_X,distance=3,rounds=3,error_rate=0.001,noise_model=uniform_circuit,basis=CX,A=x+1+y,B=x+1+xy^2.stim""}",
       580,         2,         0,   120.0,msl-bp-cdamp-0p5,60ed0a6454f75fcc4110dcc67cfc7b494fa12ae46881ff871c282f98ceddb20d,"{""A"":""x+1+y"",""B"":""x+1+xy^2"",""basis"":""CX"",""circuit"":""bicycle_bivariate_18_4_3_memory_X"",""d"":3,""distance"":""3"",""error_rate"":""0.001"",""noise_model"":""uniform_circuit"",""p"":0.001,""r"":3,""rounds"":""3"",""stim_path"":""C:\\Users\\User\\Documents\\projects-git\\relay_mother_folder\\relay\\tests\\testdata\\bicycle_bivariate\\circuit=bicycle_bivariate_18_4_3_memory_X,distance=3,rounds=3,error_rate=0.001,noise_model=uniform_circuit,basis=CX,A=x+1+y,B=x+1+xy^2.stim""}",
       540,         1,         0,   120.1,mem-bp-cdamp-0p8,899402286ed484b27cfa99bdff637396ac7709784ac0c8ccfcfed7ee79542de3,"{""A"":""x+1+y"",""B"":""x+1+xy^2"",""basis"":""CX"",""circuit"":""bicycle_bivariate_18_4_3_memory_X"",""d"":3,""distance"":""3"",""error_rate"":""0.001"",""noise_model"":""uniform_circuit"",""p"":0.001,""r"":3,""rounds"":""3"",""stim_path"":""C:\\Users\\User\\Documents\\projects-git\\relay_mother_folder\\relay\\tests\\testdata\\bicycle_bivariate\\circuit=bicycle_bivariate_18_4_3_memory_X,distance=3,rounds=3,error_rate=0.001,noise_model=uniform_circuit,basis=CX,A=x+1+y,B=x+1+xy^2.stim""}",
       550,         4,         0,   120.0,mem-bp-cdamp-0p2,426797af2e2a88dd9b2b6409d7dee2ce83baf9f9e50a97c8bf4ff8c1293e448f,"{""A"":""x+1+y"",""B"":""x+1+xy^2"",""basis"":""CX"",""circuit"":""bicycle_bivariate_18_4_3_memory_X"",""d"":3,""distance"":""3"",""error_rate"":""0.001"",""noise_model"":""uniform_circuit"",""p"":0.001,""r"":3,""rounds"":""3"",""stim_path"":""C:\\Users\\User\\Documents\\projects-git\\relay_mother_folder\\relay\\tests\\testdata\\bicycle_bivariate\\circuit=bicycle_bivariate_18_4_3_memory_X,distance=3,rounds=3,error_rate=0.001,noise_model=uniform_circuit,basis=CX,A=x+1+y,B=x+1+xy^2.stim""}",
       636,        12,         0,   120.1,msl-bp,8fbae80d3ef89296897f676a8e47bcb8c2151003b6e39d10606b7ee94914c1d6,"{""A"":""x+1+y"",""B"":""x+1+xy^2"",""basis"":""CX"",""circuit"":""bicycle_bivariate_18_4_3_memory_X"",""d"":3,""distance"":""3"",""error_rate"":""0.001"",""noise_model"":""uniform_circuit"",""p"":0.001,""r"":3,""rounds"":""3"",""stim_path"":""C:\\Users\\User\\Documents\\projects-git\\relay_mother_folder\\relay\\tests\\testdata\\bicycle_bivariate\\circuit=bicycle_bivariate_18_4_3_memory_X,distance=3,rounds=3,error_rate=0.001,noise_model=uniform_circuit,basis=CX,A=x+1+y,B=x+1+xy^2.stim""}",
       578,        12,         0,   120.4,msl-bp-cdamp-0p8,95aa1299a09cfccca78c2e5a2f09fcb25221cfc03cb6f19befb6662bcc8760f6,"{""A"":""x+1+y"",""B"":""x+1+xy^2"",""basis"":""CX"",""circuit"":""bicycle_bivariate_18_4_3_memory_X"",""d"":3,""distance"":""3"",""error_rate"":""0.001"",""noise_model"":""uniform_circuit"",""p"":0.001,""r"":3,""rounds"":""3"",""stim_path"":""C:\\Users\\User\\Documents\\projects-git\\relay_mother_folder\\relay\\tests\\testdata\\bicycle_bivariate\\circuit=bicycle_bivariate_18_4_3_memory_X,distance=3,rounds=3,error_rate=0.001,noise_model=uniform_circuit,basis=CX,A=x+1+y,B=x+1+xy^2.stim""}",
       606,         4,         0,   120.0,mem-bp,88862465eff4b2d4e75dad9bcf066c29c41d74d8aa9fbb631e277e7728d305a5,"{""A"":""x+1+y"",""B"":""x+1+xy^2"",""basis"":""CX"",""circuit"":""bicycle_bivariate_18_4_3_memory_X"",""d"":3,""distance"":""3"",""error_rate"":""0.001"",""noise_model"":""uniform_circuit"",""p"":0.001,""r"":3,""rounds"":""3"",""stim_path"":""C:\\Users\\User\\Documents\\projects-git\\relay_mother_folder\\relay\\tests\\testdata\\bicycle_bivariate\\circuit=bicycle_bivariate_18_4_3_memory_X,distance=3,rounds=3,error_rate=0.001,noise_model=uniform_circuit,basis=CX,A=x+1+y,B=x+1+xy^2.stim""}",
       574,         3,         0,   120.1,msl-bp-cdamp-0p2,3a1f516d5a607d16a990acfe7beb3feb9c6b6d9127ff6cf3239d14306c8fbcb4,"{""A"":""x+1+y"",""B"":""x+1+xy^2"",""basis"":""CX"",""circuit"":""bicycle_bivariate_18_4_3_memory_X"",""d"":3,""distance"":""3"",""error_rate"":""0.001"",""noise_model"":""uniform_circuit"",""p"":0.001,""r"":3,""rounds"":""3"",""stim_path"":""C:\\Users\\User\\Documents\\projects-git\\relay_mother_folder\\relay\\tests\\testdata\\bicycle_bivariate\\circuit=bicycle_bivariate_18_4_3_memory_X,distance=3,rounds=3,error_rate=0.001,noise_model=uniform_circuit,basis=CX,A=x+1+y,B=x+1+xy^2.stim""}",
       548,         0,         0,   120.1,mem-bp-cdamp-0p5,006cd8c28742ec24ef0db7d2700424bbe04c9e901d86e040647fcb76a9c9c49b,"{""A"":""x+1+y"",""B"":""x+1+xy^2"",""basis"":""CX"",""circuit"":""bicycle_bivariate_18_4_3_memory_X"",""d"":3,""distance"":""3"",""error_rate"":""0.001"",""noise_model"":""uniform_circuit"",""p"":0.001,""r"":3,""rounds"":""3"",""stim_path"":""C:\\Users\\User\\Documents\\projects-git\\relay_mother_folder\\relay\\tests\\testdata\\bicycle_bivariate\\circuit=bicycle_bivariate_18_4_3_memory_X,distance=3,rounds=3,error_rate=0.001,noise_model=uniform_circuit,basis=CX,A=x+1+y,B=x+1+xy^2.stim""}",
       578,         2,         0,   120.2,msl-bp-cdamp-0p5,60ed0a6454f75fcc4110dcc67cfc7b494fa12ae46881ff871c282f98ceddb20d,"{""A"":""x+1+y"",""B"":""x+1+xy^2"",""basis"":""CX"",""circuit"":""bicycle_bivariate_18_4_3_memory_X"",""d"":3,""distance"":""3"",""error_rate"":""0.001"",""noise_model"":""uniform_circuit"",""p"":0.001,""r"":3,""rounds"":""3"",""stim_path"":""C:\\Users\\User\\Documents\\projects-git\\relay_mother_folder\\relay\\tests\\testdata\\bicycle_bivariate\\circuit=bicycle_bivariate_18_4_3_memory_X,distance=3,rounds=3,error_rate=0.001,noise_model=uniform_circuit,basis=CX,A=x+1+y,B=x+1+xy^2.stim""}",
       550,         2,         0,   120.2,mem-bp-cdamp-0p8,899402286ed484b27cfa99bdff637396ac7709784ac0c8ccfcfed7ee79542de3,"{""A"":""x+1+y"",""B"":""x+1+xy^2"",""basis"":""CX"",""circuit"":""bicycle_bivariate_18_4_3_memory_X"",""d"":3,""distance"":""3"",""error_rate"":""0.001"",""noise_model"":""uniform_circuit"",""p"":0.001,""r"":3,""rounds"":""3"",""stim_path"":""C:\\Users\\User\\Documents\\projects-git\\relay_mother_folder\\relay\\tests\\testdata\\bicycle_bivariate\\circuit=bicycle_bivariate_18_4_3_memory_X,distance=3,rounds=3,error_rate=0.001,noise_model=uniform_circuit,basis=CX,A=x+1+y,B=x+1+xy^2.stim""}",
       548,         3,         0,   120.3,mem-bp-cdamp-0p2,426797af2e2a88dd9b2b6409d7dee2ce83baf9f9e50a97c8bf4ff8c1293e448f,"{""A"":""x+1+y"",""B"":""x+1+xy^2"",""basis"":""CX"",""circuit"":""bicycle_bivariate_18_4_3_memory_X"",""d"":3,""distance"":""3"",""error_rate"":""0.001"",""noise_model"":""uniform_circuit"",""p"":0.001,""r"":3,""rounds"":""3"",""stim_path"":""C:\\Users\\User\\Documents\\projects-git\\relay_mother_folder\\relay\\tests\\testdata\\bicycle_bivariate\\circuit=bicycle_bivariate_18_4_3_memory_X,distance=3,rounds=3,error_rate=0.001,noise_model=uniform_circuit,basis=CX,A=x+1+y,B=x+1+xy^2.stim""}",
       638,        11,         0,   120.1,msl-bp,8fbae80d3ef89296897f676a8e47bcb8c2151003b6e39d10606b7ee94914c1d6,"{""A"":""x+1+y"",""B"":""x+1+xy^2"",""basis"":""CX"",""circuit"":""bicycle_bivariate_18_4_3_memory_X"",""d"":3,""distance"":""3"",""error_rate"":""0.001"",""noise_model"":""uniform_circuit"",""p"":0.001,""r"":3,""rounds"":""3"",""stim_path"":""C:\\Users\\User\\Documents\\projects-git\\relay_mother_folder\\relay\\tests\\testdata\\bicycle_bivariate\\circuit=bicycle_bivariate_18_4_3_memory_X,distance=3,rounds=3,error_rate=0.001,noise_model=uniform_circuit,basis=CX,A=x+1+y,B=x+1+xy^2.stim""}",
       596,         4,         0,   120.0,mem-bp,88862465eff4b2d4e75dad9bcf066c29c41d74d8aa9fbb631e277e7728d305a5,"{""A"":""x+1+y"",""B"":""x+1+xy^2"",""basis"":""CX"",""circuit"":""bicycle_bivariate_18_4_3_memory_X"",""d"":3,""distance"":""3"",""error_rate"":""0.001"",""noise_model"":""uniform_circuit"",""p"":0.001,""r"":3,""rounds"":""3"",""stim_path"":""C:\\Users\\User\\Documents\\projects-git\\relay_mother_folder\\relay\\tests\\testdata\\bicycle_bivariate\\circuit=bicycle_bivariate_18_4_3_memory_X,distance=3,rounds=3,error_rate=0.001,noise_model=uniform_circuit,basis=CX,A=x+1+y,B=x+1+xy^2.stim""}",
       578,        10,         0,   120.5,msl-bp-cdamp-0p8,95aa1299a09cfccca78c2e5a2f09fcb25221cfc03cb6f19befb6662bcc8760f6,"{""A"":""x+1+y"",""B"":""x+1+xy^2"",""basis"":""CX"",""circuit"":""bicycle_bivariate_18_4_3_memory_X"",""d"":3,""distance"":""3"",""error_rate"":""0.001"",""noise_model"":""uniform_circuit"",""p"":0.001,""r"":3,""rounds"":""3"",""stim_path"":""C:\\Users\\User\\Documents\\projects-git\\relay_mother_folder\\relay\\tests\\testdata\\bicycle_bivariate\\circuit=bicycle_bivariate_18_4_3_memory_X,distance=3,rounds=3,error_rate=0.001,noise_model=uniform_circuit,basis=CX,A=x+1+y,B=x+1+xy^2.stim""}",
       586,         2,         0,   120.3,msl-bp-cdamp-0p2,3a1f516d5a607d16a990acfe7beb3feb9c6b6d9127ff6cf3239d14306c8fbcb4,"{""A"":""x+1+y"",""B"":""x+1+xy^2"",""basis"":""CX"",""circuit"":""bicycle_bivariate_18_4_3_memory_X"",""d"":3,""distance"":""3"",""error_rate"":""0.001"",""noise_model"":""uniform_circuit"",""p"":0.001,""r"":3,""rounds"":""3"",""stim_path"":""C:\\Users\\User\\Documents\\projects-git\\relay_mother_folder\\relay\\tests\\testdata\\bicycle_bivariate\\circuit=bicycle_bivariate_18_4_3_memory_X,distance=3,rounds=3,error_rate=0.001,noise_model=uniform_circuit,basis=CX,A=x+1+y,B=x+1+xy^2.stim""}",
       578,         2,         0,   120.0,msl-bp-cdamp-0p5,60ed0a6454f75fcc4110dcc67cfc7b494fa12ae46881ff871c282f98ceddb20d,"{""A"":""x+1+y"",""B"":""x+1+xy^2"",""basis"":""CX"",""circuit"":""bicycle_bivariate_18_4_3_memory_X"",""d"":3,""distance"":""3"",""error_rate"":""0.001"",""noise_model"":""uniform_circuit"",""p"":0.001,""r"":3,""rounds"":""3"",""stim_path"":""C:\\Users\\User\\Documents\\projects-git\\relay_mother_folder\\relay\\tests\\testdata\\bicycle_bivariate\\circuit=bicycle_bivariate_18_4_3_memory_X,distance=3,rounds=3,error_rate=0.001,noise_model=uniform_circuit,basis=CX,A=x+1+y,B=x+1+xy^2.stim""}",
       544,         3,         0,   120.4,mem-bp-cdamp-0p5,006cd8c28742ec24ef0db7d2700424bbe04c9e901d86e040647fcb76a9c9c49b,"{""A"":""x+1+y"",""B"":""x+1+xy^2"",""basis"":""CX"",""circuit"":""bicycle_bivariate_18_4_3_memory_X"",""d"":3,""distance"":""3"",""error_rate"":""0.001"",""noise_model"":""uniform_circuit"",""p"":0.001,""r"":3,""rounds"":""3"",""stim_path"":""C:\\Users\\User\\Documents\\projects-git\\relay_mother_folder\\relay\\tests\\testdata\\bicycle_bivariate\\circuit=bicycle_bivariate_18_4_3_memory_X,distance=3,rounds=3,error_rate=0.001,noise_model=uniform_circuit,basis=CX,A=x+1+y,B=x+1+xy^2.stim""}",
       544,         4,         0,   120.4,mem-bp-cdamp-0p8,899402286ed484b27cfa99bdff637396ac7709784ac0c8ccfcfed7ee79542de3,"{""A"":""x+1+y"",""B"":""x+1+xy^2"",""basis"":""CX"",""circuit"":""bicycle_bivariate_18_4_3_memory_X"",""d"":3,""distance"":""3"",""error_rate"":""0.001"",""noise_model"":""uniform_circuit"",""p"":0.001,""r"":3,""rounds"":""3"",""stim_path"":""C:\\Users\\User\\Documents\\projects-git\\relay_mother_folder\\relay\\tests\\testdata\\bicycle_bivariate\\circuit=bicycle_bivariate_18_4_3_memory_X,distance=3,rounds=3,error_rate=0.001,noise_model=uniform_circuit,basis=CX,A=x+1+y,B=x+1+xy^2.stim""}",
       546,         4,         0,   120.0,mem-bp-cdamp-0p2,426797af2e2a88dd9b2b6409d7dee2ce83baf9f9e50a97c8bf4ff8c1293e448f,"{""A"":""x+1+y"",""B"":""x+1+xy^2"",""basis"":""CX"",""circuit"":""bicycle_bivariate_18_4_3_memory_X"",""d"":3,""distance"":""3"",""error_rate"":""0.001"",""noise_model"":""uniform_circuit"",""p"":0.001,""r"":3,""rounds"":""3"",""stim_path"":""C:\\Users\\User\\Documents\\projects-git\\relay_mother_folder\\relay\\tests\\testdata\\bicycle_bivariate\\circuit=bicycle_bivariate_18_4_3_memory_X,distance=3,rounds=3,error_rate=0.001,noise_model=uniform_circuit,basis=CX,A=x+1+y,B=x+1+xy^2.stim""}",
       644,         6,         0,   120.3,msl-bp,8fbae80d3ef89296897f676a8e47bcb8c2151003b6e39d10606b7ee94914c1d6,"{""A"":""x+1+y"",""B"":""x+1+xy^2"",""basis"":""CX"",""circuit"":""bicycle_bivariate_18_4_3_memory_X"",""d"":3,""distance"":""3"",""error_rate"":""0.001"",""noise_model"":""uniform_circuit"",""p"":0.001,""r"":3,""rounds"":""3"",""stim_path"":""C:\\Users\\User\\Documents\\projects-git\\relay_mother_folder\\relay\\tests\\testdata\\bicycle_bivariate\\circuit=bicycle_bivariate_18_4_3_memory_X,distance=3,rounds=3,error_rate=0.001,noise_model=uniform_circuit,basis=CX,A=x+1+y,B=x+1+xy^2.stim""}",
       606,         1,         0,   120.0,mem-bp,88862465eff4b2d4e75dad9bcf066c29c41d74d8aa9fbb631e277e7728d305a5,"{""A"":""x+1+y"",""B"":""x+1+xy^2"",""basis"":""CX"",""circuit"":""bicycle_bivariate_18_4_3_memory_X"",""d"":3,""distance"":""3"",""error_rate"":""0.001"",""noise_model"":""uniform_circuit"",""p"":0.001,""r"":3,""rounds"":""3"",""stim_path"":""C:\\Users\\User\\Documents\\projects-git\\relay_mother_folder\\relay\\tests\\testdata\\bicycle_bivariate\\circuit=bicycle_bivariate_18_4_3_memory_X,distance=3,rounds=3,error_rate=0.001,noise_model=uniform_circuit,basis=CX,A=x+1+y,B=x+1+xy^2.stim""}",
       584,        19,         0,   120.2,msl-bp-cdamp-0p8,95aa1299a09cfccca78c2e5a2f09fcb25221cfc03cb6f19befb6662bcc8760f6,"{""A"":""x+1+y"",""B"":""x+1+xy^2"",""basis"":""CX"",""circuit"":""bicycle_bivariate_18_4_3_memory_X"",""d"":3,""distance"":""3"",""error_rate"":""0.001"",""noise_model"":""uniform_circuit"",""p"":0.001,""r"":3,""rounds"":""3"",""stim_path"":""C:\\Users\\User\\Documents\\projects-git\\relay_mother_folder\\relay\\tests\\testdata\\bicycle_bivariate\\circuit=bicycle_bivariate_18_4_3_memory_X,distance=3,rounds=3,error_rate=0.001,noise_model=uniform_circuit,basis=CX,A=x+1+y,B=x+1+xy^2.stim""}",
       586,         3,         0,   120.1,msl-bp-cdamp-0p2,3a1f516d5a607d16a990acfe7beb3feb9c6b6d9127ff6cf3239d14306c8fbcb4,"{""A"":""x+1+y"",""B"":""x+1+xy^2"",""basis"":""CX"",""circuit"":""bicycle_bivariate_18_4_3_memory_X"",""d"":3,""distance"":""3"",""error_rate"":""0.001"",""noise_model"":""uniform_circuit"",""p"":0.001,""r"":3,""rounds"":""3"",""stim_path"":""C:\\Users\\User\\Documents\\projects-git\\relay_mother_folder\\relay\\tests\\testdata\\bicycle_bivariate\\circuit=bicycle_bivariate_18_4_3_memory_X,distance=3,rounds=3,error_rate=0.001,noise_model=uniform_circuit,basis=CX,A=x+1+y,B=x+1+xy^2.stim""}",
       584,         3,         0,   120.2,msl-bp-cdamp-0p5,60ed0a6454f75fcc4110dcc67cfc7b494fa12ae46881ff871c282f98ceddb20d,"{""A"":""x+1+y"",""B"":""x+1+xy^2"",""basis"":""CX"",""circuit"":""bicycle_bivariate_18_4_3_memory_X"",""d"":3,""distance"":""3"",""error_rate"":""0.001"",""noise_model"":""uniform_circuit"",""p"":0.001,""r"":3,""rounds"":""3"",""stim_path"":""C:\\Users\\User\\Documents\\projects-git\\relay_mother_folder\\relay\\tests\\testdata\\bicycle_bivariate\\circuit=bicycle_bivariate_18_4_3_memory_X,distance=3,rounds=3,error_rate=0.001,noise_model=uniform_circuit,basis=CX,A=x+1+y,B=x+1+xy^2.stim""}",
       556,         3,         0,   120.2,mem-bp-cdamp-0p5,006cd8c28742ec24ef0db7d2700424bbe04c9e901d86e040647fcb76a9c9c49b,"{""A"":""x+1+y"",""B"":""x+1+xy^2"",""basis"":""CX"",""circuit"":""bicycle_bivariate_18_4_3_memory_X"",""d"":3,""distance"":""3"",""error_rate"":""0.001"",""noise_model"":""uniform_circuit"",""p"":0.001,""r"":3,""rounds"":""3"",""stim_path"":""C:\\Users\\User\\Documents\\projects-git\\relay_mother_folder\\relay\\tests\\testdata\\bicycle_bivariate\\circuit=bicycle_bivariate_18_4_3_memory_X,distance=3,rounds=3,error_rate=0.001,noise_model=uniform_circuit,basis=CX,A=x+1+y,B=x+1+xy^2.stim""}",
       554,         5,         0,   120.4,mem-bp-cdamp-0p8,899402286ed484b27cfa99bdff637396ac7709784ac0c8ccfcfed7ee79542de3,"{""A"":""x+1+y"",""B"":""x+1+xy^2"",""basis"":""CX"",""circuit"":""bicycle_bivariate_18_4_3_memory_X"",""d"":3,""distance"":""3"",""error_rate"":""0.001"",""noise_model"":""uniform_circuit"",""p"":0.001,""r"":3,""rounds"":""3"",""stim_path"":""C:\\Users\\User\\Documents\\projects-git\\relay_mother_folder\\relay\\tests\\testdata\\bicycle_bivariate\\circuit=bicycle_bivariate_18_4_3_memory_X,distance=3,rounds=3,error_rate=0.001,noise_model=uniform_circuit,basis=CX,A=x+1+y,B=x+1+xy^2.stim""}",
       558,         0,         0,   120.1,mem-bp-cdamp-0p2,426797af2e2a88dd9b2b6409d7dee2ce83baf9f9e50a97c8bf4ff8c1293e448f,"{""A"":""x+1+y"",""B"":""x+1+xy^2"",""basis"":""CX"",""circuit"":""bicycle_bivariate_18_4_3_memory_X"",""d"":3,""distance"":""3"",""error_rate"":""0.001"",""noise_model"":""uniform_circuit"",""p"":0.001,""r"":3,""rounds"":""3"",""stim_path"":""C:\\Users\\User\\Documents\\projects-git\\relay_mother_folder\\relay\\tests\\testdata\\bicycle_bivariate\\circuit=bicycle_bivariate_18_4_3_memory_X,distance=3,rounds=3,error_rate=0.001,noise_model=uniform_circuit,basis=CX,A=x+1+y,B=x+1+xy^2.stim""}",
       636,        11,         0,   120.1,msl-bp,8fbae80d3ef89296897f676a8e47bcb8c2151003b6e39d10606b7ee94914c1d6,"{""A"":""x+1+y"",""B"":""x+1+xy^2"",""basis"":""CX"",""circuit"":""bicycle_bivariate_18_4_3_memory_X"",""d"":3,""distance"":""3"",""error_rate"":""0.001"",""noise_model"":""uniform_circuit"",""p"":0.001,""r"":3,""rounds"":""3"",""stim_path"":""C:\\Users\\User\\Documents\\projects-git\\relay_mother_folder\\relay\\tests\\testdata\\bicycle_bivariate\\circuit=bicycle_bivariate_18_4_3_memory_X,distance=3,rounds=3,error_rate=0.001,noise_model=uniform_circuit,basis=CX,A=x+1+y,B=x+1+xy^2.stim""}",
       598,         0,         0,   120.2,mem-bp,88862465eff4b2d4e75dad9bcf066c29c41d74d8aa9fbb631e277e7728d305a5,"{""A"":""x+1+y"",""B"":""x+1+xy^2"",""basis"":""CX"",""circuit"":""bicycle_bivariate_18_4_3_memory_X"",""d"":3,""distance"":""3"",""error_rate"":""0.001"",""noise_model"":""uniform_circuit"",""p"":0.001,""r"":3,""rounds"":""3"",""stim_path"":""C:\\Users\\User\\Documents\\projects-git\\relay_mother_folder\\relay\\tests\\testdata\\bicycle_bivariate\\circuit=bicycle_bivariate_18_4_3_memory_X,distance=3,rounds=3,error_rate=0.001,noise_model=uniform_circuit,basis=CX,A=x+1+y,B=x+1+xy^2.stim""}",
       578,         5,         0,   120.3,msl-bp-cdamp-0p8,95aa1299a09cfccca78c2e5a2f09fcb25221cfc03cb6f19befb6662bcc8760f6,"{""A"":""x+1+y"",""B"":""x+1+xy^2"",""basis"":""CX"",""circuit"":""bicycle_bivariate_18_4_3_memory_X"",""d"":3,""distance"":""3"",""error_rate"":""0.001"",""noise_model"":""uniform_circuit"",""p"":0.001,""r"":3,""rounds"":""3"",""stim_path"":""C:\\Users\\User\\Documents\\projects-git\\relay_mother_folder\\relay\\tests\\testdata\\bicycle_bivariate\\circuit=bicycle_bivariate_18_4_3_memory_X,distance=3,rounds=3,error_rate=0.001,noise_model=uniform_circuit,basis=CX,A=x+1+y,B=x+1+xy^2.stim""}",
       582,         1,         0,   120.1,msl-bp-cdamp-0p2,3a1f516d5a607d16a990acfe7beb3feb9c6b6d9127ff6cf3239d14306c8fbcb4,"{""A"":""x+1+y"",""B"":""x+1+xy^2"",""basis"":""CX"",""circuit"":""bicycle_bivariate_18_4_3_memory_X"",""d"":3,""distance"":""3"",""error_rate"":""0.001"",""noise_model"":""uniform_circuit"",""p"":0.001,""r"":3,""rounds"":""3"",""stim_path"":""C:\\Users\\User\\Documents\\projects-git\\relay_mother_folder\\relay\\tests\\testdata\\bicycle_bivariate\\circuit=bicycle_bivariate_18_4_3_memory_X,distance=3,rounds=3,error_rate=0.001,noise_model=uniform_circuit,basis=CX,A=x+1+y,B=x+1+xy^2.stim""}",
       578,         0,         0,   120.1,msl-bp-cdamp-0p5,60ed0a6454f75fcc4110dcc67cfc7b494fa12ae46881ff871c282f98ceddb20d,"{""A"":""x+1+y"",""B"":""x+1+xy^2"",""basis"":""CX"",""circuit"":""bicycle_bivariate_18_4_3_memory_X"",""d"":3,""distance"":""3"",""error_rate"":""0.001"",""noise_model"":""uniform_circuit"",""p"":0.001,""r"":3,""rounds"":""3"",""stim_path"":""C:\\Users\\User\\Documents\\projects-git\\relay_mother_folder\\relay\\tests\\testdata\\bicycle_bivariate\\circuit=bicycle_bivariate_18_4_3_memory_X,distance=3,rounds=3,error_rate=0.001,noise_model=uniform_circuit,basis=CX,A=x+1+y,B=x+1+xy^2.stim""}",
       556,         0,         0,   120.5,mem-bp-cdamp-0p5,006cd8c28742ec24ef0db7d2700424bbe04c9e901d86e040647fcb76a9c9c49b,"{""A"":""x+1+y"",""B"":""x+1+xy^2"",""basis"":""CX"",""circuit"":""bicycle_bivariate_18_4_3_memory_X"",""d"":3,""distance"":""3"",""error_rate"":""0.001"",""noise_model"":""uniform_circuit"",""p"":0.001,""r"":3,""rounds"":""3"",""stim_path"":""C:\\Users\\User\\Documents\\projects-git\\relay_mother_folder\\relay\\tests\\testdata\\bicycle_bivariate\\circuit=bicycle_bivariate_18_4_3_memory_X,distance=3,rounds=3,error_rate=0.001,noise_model=uniform_circuit,basis=CX,A=x+1+y,B=x+1+xy^2.stim""}",
       554,         2,         0,   120.3,mem-bp-cdamp-0p8,899402286ed484b27cfa99bdff637396ac7709784ac0c8ccfcfed7ee79542de3,"{""A"":""x+1+y"",""B"":""x+1+xy^2"",""basis"":""CX"",""circuit"":""bicycle_bivariate_18_4_3_memory_X"",""d"":3,""distance"":""3"",""error_rate"":""0.001"",""noise_model"":""uniform_circuit"",""p"":0.001,""r"":3,""rounds"":""3"",""stim_path"":""C:\\Users\\User\\Documents\\projects-git\\relay_mother_folder\\relay\\tests\\testdata\\bicycle_bivariate\\circuit=bicycle_bivariate_18_4_3_memory_X,distance=3,rounds=3,error_rate=0.001,noise_model=uniform_circuit,basis=CX,A=x+1+y,B=x+1+xy^2.stim""}",
       558,         2,         0,   120.3,mem-bp-cdamp-0p2,426797af2e2a88dd9b2b6409d7dee2ce83baf9f9e50a97c8bf4ff8c1293e448f,"{""A"":""x+1+y"",""B"":""x+1+xy^2"",""basis"":""CX"",""circuit"":""bicycle_bivariate_18_4_3_memory_X"",""d"":3,""distance"":""3"",""error_rate"":""0.001"",""noise_model"":""uniform_circuit"",""p"":0.001,""r"":3,""rounds"":""3"",""stim_path"":""C:\\Users\\User\\Documents\\projects-git\\relay_mother_folder\\relay\\tests\\testdata\\bicycle_bivariate\\circuit=bicycle_bivariate_18_4_3_memory_X,distance=3,rounds=3,error_rate=0.001,noise_model=uniform_circuit,basis=CX,A=x+1+y,B=x+1+xy^2.stim""}",
       642,         8,         0,   120.0,msl-bp,8fbae80d3ef89296897f676a8e47bcb8c2151003b6e39d10606b7ee94914c1d6,"{""A"":""x+1+y"",""B"":""x+1+xy^2"",""basis"":""CX"",""circuit"":""bicycle_bivariate_18_4_3_memory_X"",""d"":3,""distance"":""3"",""error_rate"":""0.001"",""noise_model"":""uniform_circuit"",""p"":0.001,""r"":3,""rounds"":""3"",""stim_path"":""C:\\Users\\User\\Documents\\projects-git\\relay_mother_folder\\relay\\tests\\testdata\\bicycle_bivariate\\circuit=bicycle_bivariate_18_4_3_memory_X,distance=3,rounds=3,error_rate=0.001,noise_model=uniform_circuit,basis=CX,A=x+1+y,B=x+1+xy^2.stim""}",
       604,         2,         0,   120.4,mem-bp,88862465eff4b2d4e75dad9bcf066c29c41d74d8aa9fbb631e277e7728d305a5,"{""A"":""x+1+y"",""B"":""x+1+xy^2"",""basis"":""CX"",""circuit"":""bicycle_bivariate_18_4_3_memory_X"",""d"":3,""distance"":""3"",""error_rate"":""0.001"",""noise_model"":""uniform_circuit"",""p"":0.001,""r"":3,""rounds"":""3"",""stim_path"":""C:\\Users\\User\\Documents\\projects-git\\relay_mother_folder\\relay\\tests\\testdata\\bicycle_bivariate\\circuit=bicycle_bivariate_18_4_3_memory_X,distance=3,rounds=3,error_rate=0.001,noise_model=uniform_circuit,basis=CX,A=x+1+y,B=x+1+xy^2.stim""}",
       584,         5,         0,   120.5,msl-bp-cdamp-0p8,95aa1299a09cfccca78c2e5a2f09fcb25221cfc03cb6f19befb6662bcc8760f6,"{""A"":""x+1+y"",""B"":""x+1+xy^2"",""basis"":""CX"",""circuit"":""bicycle_bivariate_18_4_3_memory_X"",""d"":3,""distance"":""3"",""error_rate"":""0.001"",""noise_model"":""uniform_circuit"",""p"":0.001,""r"":3,""rounds"":""3"",""stim_path"":""C:\\Users\\User\\Documents\\projects-git\\relay_mother_folder\\relay\\tests\\testdata\\bicycle_bivariate\\circuit=bicycle_bivariate_18_4_3_memory_X,distance=3,rounds=3,error_rate=0.001,noise_model=uniform_circuit,basis=CX,A=x+1+y,B=x+1+xy^2.stim""}",
       580,         2,         0,   120.0,msl-bp-cdamp-0p2,3a1f516d5a607d16a990acfe7beb3feb9c6b6d9127ff6cf3239d14306c8fbcb4,"{""A"":""x+1+y"",""B"":""x+1+xy^2"",""basis"":""CX"",""circuit"":""bicycle_bivariate_18_4_3_memory_X"",""d"":3,""distance"":""3"",""error_rate"":""0.001"",""noise_model"":""uniform_circuit"",""p"":0.001,""r"":3,""rounds"":""3"",""stim_path"":""C:\\Users\\User\\Documents\\projects-git\\relay_mother_folder\\relay\\tests\\testdata\\bicycle_bivariate\\circuit=bicycle_bivariate_18_4_3_memory_X,distance=3,rounds=3,error_rate=0.001,noise_model=uniform_circuit,basis=CX,A=x+1+y,B=x+1+xy^2.stim""}",
       584,         3,         0,   120.1,msl-bp-cdamp-0p5,60ed0a6454f75fcc4110dcc67cfc7b494fa12ae46881ff871c282f98ceddb20d,"{""A"":""x+1+y"",""B"":""x+1+xy^2"",""basis"":""CX"",""circuit"":""bicycle_bivariate_18_4_3_memory_X"",""d"":3,""distance"":""3"",""error_rate"":""0.001"",""noise_model"":""uniform_circuit"",""p"":0.001,""r"":3,""rounds"":""3"",""stim_path"":""C:\\Users\\User\\Documents\\projects-git\\relay_mother_folder\\relay\\tests\\testdata\\bicycle_bivariate\\circuit=bicycle_bivariate_18_4_3_memory_X,distance=3,rounds=3,error_rate=0.001,noise_model=uniform_circuit,basis=CX,A=x+1+y,B=x+1+xy^2.stim""}",
       556,         1,         0,   120.2,mem-bp-cdamp-0p5,006cd8c28742ec24ef0db7d2700424bbe04c9e901d86e040647fcb76a9c9c49b,"{""A"":""x+1+y"",""B"":""x+1+xy^2"",""basis"":""CX"",""circuit"":""bicycle_bivariate_18_4_3_memory_X"",""d"":3,""distance"":""3"",""error_rate"":""0.001"",""noise_model"":""uniform_circuit"",""p"":0.001,""r"":3,""rounds"":""3"",""stim_path"":""C:\\Users\\User\\Documents\\projects-git\\relay_mother_folder\\relay\\tests\\testdata\\bicycle_bivariate\\circuit=bicycle_bivariate_18_4_3_memory_X,distance=3,rounds=3,error_rate=0.001,noise_model=uniform_circuit,basis=CX,A=x+1+y,B=x+1+xy^2.stim""}",
       552,         2,         0,   120.2,mem-bp-cdamp-0p8,899402286ed484b27cfa99bdff637396ac7709784ac0c8ccfcfed7ee79542de3,"{""A"":""x+1+y"",""B"":""x+1+xy^2"",""basis"":""CX"",""circuit"":""bicycle_bivariate_18_4_3_memory_X"",""d"":3,""distance"":""3"",""error_rate"":""0.001"",""noise_model"":""uniform_circuit"",""p"":0.001,""r"":3,""rounds"":""3"",""stim_path"":""C:\\Users\\User\\Documents\\projects-git\\relay_mother_folder\\relay\\tests\\testdata\\bicycle_bivariate\\circuit=bicycle_bivariate_18_4_3_memory_X,distance=3,rounds=3,error_rate=0.001,noise_model=uniform_circuit,basis=CX,A=x+1+y,B=x+1+xy^2.stim""}",
       554,         0,         0,   120.2,mem-bp-cdamp-0p2,426797af2e2a88dd9b2b6409d7dee2ce83baf9f9e50a97c8bf4ff8c1293e448f,"{""A"":""x+1+y"",""B"":""x+1+xy^2"",""basis"":""CX"",""circuit"":""bicycle_bivariate_18_4_3_memory_X"",""d"":3,""distance"":""3"",""error_rate"":""0.001"",""noise_model"":""uniform_circuit"",""p"":0.001,""r"":3,""rounds"":""3"",""stim_path"":""C:\\Users\\User\\Documents\\projects-git\\relay_mother_folder\\relay\\tests\\testdata\\bicycle_bivariate\\circuit=bicycle_bivariate_18_4_3_memory_X,distance=3,rounds=3,error_rate=0.001,noise_model=uniform_circuit,basis=CX,A=x+1+y,B=x+1+xy^2.stim""}",
       638,        11,         0,   120.0,msl-bp,8fbae80d3ef89296897f676a8e47bcb8c2151003b6e39d10606b7ee94914c1d6,"{""A"":""x+1+y"",""B"":""x+1+xy^2"",""basis"":""CX"",""circuit"":""bicycle_bivariate_18_4_3_memory_X"",""d"":3,""distance"":""3"",""error_rate"":""0.001"",""noise_model"":""uniform_circuit"",""p"":0.001,""r"":3,""rounds"":""3"",""stim_path"":""C:\\Users\\User\\Documents\\projects-git\\relay_mother_folder\\relay\\tests\\testdata\\bicycle_bivariate\\circuit=bicycle_bivariate_18_4_3_memory_X,distance=3,rounds=3,error_rate=0.001,noise_model=uniform_circuit,basis=CX,A=x+1+y,B=x+1+xy^2.stim""}",
       600,         1,         0,   120.3,mem-bp,88862465eff4b2d4e75dad9bcf066c29c41d74d8aa9fbb631e277e7728d305a5,"{""A"":""x+1+y"",""B"":""x+1+xy^2"",""basis"":""CX"",""circuit"":""bicycle_bivariate_18_4_3_memory_X"",""d"":3,""distance"":""3"",""error_rate"":""0.001"",""noise_model"":""uniform_circuit"",""p"":0.001,""r"":3,""rounds"":""3"",""stim_path"":""C:\\Users\\User\\Documents\\projects-git\\relay_mother_folder\\relay\\tests\\testdata\\bicycle_bivariate\\circuit=bicycle_bivariate_18_4_3_memory_X,distance=3,rounds=3,error_rate=0.001,noise_model=uniform_circuit,basis=CX,A=x+1+y,B=x+1+xy^2.stim""}",
       580,         2,         0,   120.1,msl-bp-cdamp-0p2,3a1f516d5a607d16a990acfe7beb3feb9c6b6d9127ff6cf3239d14306c8fbcb4,"{""A"":""x+1+y"",""B"":""x+1+xy^2"",""basis"":""CX"",""circuit"":""bicycle_bivariate_18_4_3_memory_X"",""d"":3,""distance"":""3"",""error_rate"":""0.001"",""noise_model"":""uniform_circuit"",""p"":0.001,""r"":3,""rounds"":""3"",""stim_path"":""C:\\Users\\User\\Documents\\projects-git\\relay_mother_folder\\relay\\tests\\testdata\\bicycle_bivariate\\circuit=bicycle_bivariate_18_4_3_memory_X,distance=3,rounds=3,error_rate=0.001,noise_model=uniform_circuit,basis=CX,A=x+1+y,B=x+1+xy^2.stim""}",
       586,         4,         0,   120.3,msl-bp-cdamp-0p8,95aa1299a09cfccca78c2e5a2f09fcb25221cfc03cb6f19befb6662bcc8760f6,"{""A"":""x+1+y"",""B"":""x+1+xy^2"",""basis"":""CX"",""circuit"":""bicycle_bivariate_18_4_3_memory_X"",""d"":3,""distance"":""3"",""error_rate"":""0.001"",""noise_model"":""uniform_circuit"",""p"":0.001,""r"":3,""rounds"":""3"",""stim_path"":""C:\\Users\\User\\Documents\\projects-git\\relay_mother_folder\\relay\\tests\\testdata\\bicycle_bivariate\\circuit=bicycle_bivariate_18_4_3_memory_X,distance=3,rounds=3,error_rate=0.001,noise_model=uniform_circuit,basis=CX,A=x+1+y,B=x+1+xy^2.stim""}",
       586,         4,         0,   120.1,msl-bp-cdamp-0p5,60ed0a6454f75fcc4110dcc67cfc7b494fa12ae46881ff871c282f98ceddb20d,"{""A"":""x+1+y"",""B"":""x+1+xy^2"",""basis"":""CX"",""circuit"":""bicycle_bivariate_18_4_3_memory_X"",""d"":3,""distance"":""3"",""error_rate"":""0.001"",""noise_model"":""uniform_circuit"",""p"":0.001,""r"":3,""rounds"":""3"",""stim_path"":""C:\\Users\\User\\Documents\\projects-git\\relay_mother_folder\\relay\\tests\\testdata\\bicycle_bivariate\\circuit=bicycle_bivariate_18_4_3_memory_X,distance=3,rounds=3,error_rate=0.001,noise_model=uniform_circuit,basis=CX,A=x+1+y,B=x+1+xy^2.stim""}",
       548,         1,         0,   120.1,mem-bp-cdamp-0p5,006cd8c28742ec24ef0db7d2700424bbe04c9e901d86e040647fcb76a9c9c49b,"{""A"":""x+1+y"",""B"":""x+1+xy^2"",""basis"":""CX"",""circuit"":""bicycle_bivariate_18_4_3_memory_X"",""d"":3,""distance"":""3"",""error_rate"":""0.001"",""noise_model"":""uniform_circuit"",""p"":0.001,""r"":3,""rounds"":""3"",""stim_path"":""C:\\Users\\User\\Documents\\projects-git\\relay_mother_folder\\relay\\tests\\testdata\\bicycle_bivariate\\circuit=bicycle_bivariate_18_4_3_memory_X,distance=3,rounds=3,error_rate=0.001,noise_model=uniform_circuit,basis=CX,A=x+1+y,B=x+1+xy^2.stim""}",
       550,         3,         0,   120.2,mem-bp-cdamp-0p8,899402286ed484b27cfa99bdff637396ac7709784ac0c8ccfcfed7ee79542de3,"{""A"":""x+1+y"",""B"":""x+1+xy^2"",""basis"":""CX"",""circuit"":""bicycle_bivariate_18_4_3_memory_X"",""d"":3,""distance"":""3"",""error_rate"":""0.001"",""noise_model"":""uniform_circuit"",""p"":0.001,""r"":3,""rounds"":""3"",""stim_path"":""C:\\Users\\User\\Documents\\projects-git\\relay_mother_folder\\relay\\tests\\testdata\\bicycle_bivariate\\circuit=bicycle_bivariate_18_4_3_memory_X,distance=3,rounds=3,error_rate=0.001,noise_model=uniform_circuit,basis=CX,A=x+1+y,B=x+1+xy^2.stim""}",
       548,         3,         0,   120.4,mem-bp-cdamp-0p2,426797af2e2a88dd9b2b6409d7dee2ce83baf9f9e50a97c8bf4ff8c1293e448f,"{""A"":""x+1+y"",""B"":""x+1+xy^2"",""basis"":""CX"",""circuit"":""bicycle_bivariate_18_4_3_memory_X"",""d"":3,""distance"":""3"",""error_rate"":""0.001"",""noise_model"":""uniform_circuit"",""p"":0.001,""r"":3,""rounds"":""3"",""stim_path"":""C:\\Users\\User\\Documents\\projects-git\\relay_mother_folder\\relay\\tests\\testdata\\bicycle_bivariate\\circuit=bicycle_bivariate_18_4_3_memory_X,distance=3,rounds=3,error_rate=0.001,noise_model=uniform_circuit,basis=CX,A=x+1+y,B=x+1+xy^2.stim""}",
       650,        10,         0,   120.2,msl-bp,8fbae80d3ef89296897f676a8e47bcb8c2151003b6e39d10606b7ee94914c1d6,"{""A"":""x+1+y"",""B"":""x+1+xy^2"",""basis"":""CX"",""circuit"":""bicycle_bivariate_18_4_3_memory_X"",""d"":3,""distance"":""3"",""error_rate"":""0.001"",""noise_model"":""uniform_circuit"",""p"":0.001,""r"":3,""rounds"":""3"",""stim_path"":""C:\\Users\\User\\Documents\\projects-git\\relay_mother_folder\\relay\\tests\\testdata\\bicycle_bivariate\\circuit=bicycle_bivariate_18_4_3_memory_X,distance=3,rounds=3,error_rate=0.001,noise_model=uniform_circuit,basis=CX,A=x+1+y,B=x+1+xy^2.stim""}",
       608,         5,         0,   120.2,mem-bp,88862465eff4b2d4e75dad9bcf066c29c41d74d8aa9fbb631e277e7728d305a5,"{""A"":""x+1+y"",""B"":""x+1+xy^2"",""basis"":""CX"",""circuit"":""bicycle_bivariate_18_4_3_memory_X"",""d"":3,""distance"":""3"",""error_rate"":""0.001"",""noise_model"":""uniform_circuit"",""p"":0.001,""r"":3,""rounds"":""3"",""stim_path"":""C:\\Users\\User\\Documents\\projects-git\\relay_mother_folder\\relay\\tests\\testdata\\bicycle_bivariate\\circuit=bicycle_bivariate_18_4_3_memory_X,distance=3,rounds=3,error_rate=0.001,noise_model=uniform_circuit,basis=CX,A=x+1+y,B=x+1+xy^2.stim""}",
       582,         1,         0,   120.0,msl-bp-cdamp-0p2,3a1f516d5a607d16a990acfe7beb3feb9c6b6d9127ff6cf3239d14306c8fbcb4,"{""A"":""x+1+y"",""B"":""x+1+xy^2"",""basis"":""CX"",""circuit"":""bicycle_bivariate_18_4_3_memory_X"",""d"":3,""distance"":""3"",""error_rate"":""0.001"",""noise_model"":""uniform_circuit"",""p"":0.001,""r"":3,""rounds"":""3"",""stim_path"":""C:\\Users\\User\\Documents\\projects-git\\relay_mother_folder\\relay\\tests\\testdata\\bicycle_bivariate\\circuit=bicycle_bivariate_18_4_3_memory_X,distance=3,rounds=3,error_rate=0.001,noise_model=uniform_circuit,basis=CX,A=x+1+y,B=x+1+xy^2.stim""}",
       590,         7,         0,   120.3,msl-bp-cdamp-0p8,95aa1299a09cfccca78c2e5a2f09fcb25221cfc03cb6f19befb6662bcc8760f6,"{""A"":""x+1+y"",""B"":""x+1+xy^2"",""basis"":""CX"",""circuit"":""bicycle_bivariate_18_4_3_memory_X"",""d"":3,""distance"":""3"",""error_rate"":""0.001"",""noise_model"":""uniform_circuit"",""p"":0.001,""r"":3,""rounds"":""3"",""stim_path"":""C:\\Users\\User\\Documents\\projects-git\\relay_mother_folder\\relay\\tests\\testdata\\bicycle_bivariate\\circuit=bicycle_bivariate_18_4_3_memory_X,distance=3,rounds=3,error_rate=0.001,noise_model=uniform_circuit,basis=CX,A=x+1+y,B=x+1+xy^2.stim""}",
       588,         2,         0,   120.1,msl-bp-cdamp-0p5,60ed0a6454f75fcc4110dcc67cfc7b494fa12ae46881ff871c282f98ceddb20d,"{""A"":""x+1+y"",""B"":""x+1+xy^2"",""basis"":""CX"",""circuit"":""bicycle_bivariate_18_4_3_memory_X"",""d"":3,""distance"":""3"",""error_rate"":""0.001"",""noise_model"":""uniform_circuit"",""p"":0.001,""r"":3,""rounds"":""3"",""stim_path"":""C:\\Users\\User\\Documents\\projects-git\\relay_mother_folder\\relay\\tests\\testdata\\bicycle_bivariate\\circuit=bicycle_bivariate_18_4_3_memory_X,distance=3,rounds=3,error_rate=0.001,noise_model=uniform_circuit,basis=CX,A=x+1+y,B=x+1+xy^2.stim""}",
       554,         2,         0,   120.1,mem-bp-cdamp-0p5,006cd8c28742ec24ef0db7d2700424bbe04c9e901d86e040647fcb76a9c9c49b,"{""A"":""x+1+y"",""B"":""x+1+xy^2"",""basis"":""CX"",""circuit"":""bicycle_bivariate_18_4_3_memory_X"",""d"":3,""distance"":""3"",""error_rate"":""0.001"",""noise_model"":""uniform_circuit"",""p"":0.001,""r"":3,""rounds"":""3"",""stim_path"":""C:\\Users\\User\\Documents\\projects-git\\relay_mother_folder\\relay\\tests\\testdata\\bicycle_bivariate\\circuit=bicycle_bivariate_18_4_3_memory_X,distance=3,rounds=3,error_rate=0.001,noise_model=uniform_circuit,basis=CX,A=x+1+y,B=x+1+xy^2.stim""}",
       556,         3,         0,   120.3,mem-bp-cdamp-0p8,899402286ed484b27cfa99bdff637396ac7709784ac0c8ccfcfed7ee79542de3,"{""A"":""x+1+y"",""B"":""x+1+xy^2"",""basis"":""CX"",""circuit"":""bicycle_bivariate_18_4_3_memory_X"",""d"":3,""distance"":""3"",""error_rate"":""0.001"",""noise_model"":""uniform_circuit"",""p"":0.001,""r"":3,""rounds"":""3"",""stim_path"":""C:\\Users\\User\\Documents\\projects-git\\relay_mother_folder\\relay\\tests\\testdata\\bicycle_bivariate\\circuit=bicycle_bivariate_18_4_3_memory_X,distance=3,rounds=3,error_rate=0.001,noise_model=uniform_circuit,basis=CX,A=x+1+y,B=x+1+xy^2.stim""}",
       556,         2,         0,   120.0,mem-bp-cdamp-0p2,426797af2e2a88dd9b2b6409d7dee2ce83baf9f9e50a97c8bf4ff8c1293e448f,"{""A"":""x+1+y"",""B"":""x+1+xy^2"",""basis"":""CX"",""circuit"":""bicycle_bivariate_18_4_3_memory_X"",""d"":3,""distance"":""3"",""error_rate"":""0.001"",""noise_model"":""uniform_circuit"",""p"":0.001,""r"":3,""rounds"":""3"",""stim_path"":""C:\\Users\\User\\Documents\\projects-git\\relay_mother_folder\\relay\\tests\\testdata\\bicycle_bivariate\\circuit=bicycle_bivariate_18_4_3_memory_X,distance=3,rounds=3,error_rate=0.001,noise_model=uniform_circuit,basis=CX,A=x+1+y,B=x+1+xy^2.stim""}",
       644,         9,         0,   120.2,msl-bp,8fbae80d3ef89296897f676a8e47bcb8c2151003b6e39d10606b7ee94914c1d6,"{""A"":""x+1+y"",""B"":""x+1+xy^2"",""basis"":""CX"",""circuit"":""bicycle_bivariate_18_4_3_memory_X"",""d"":3,""distance"":""3"",""error_rate"":""0.001"",""noise_model"":""uniform_circuit"",""p"":0.001,""r"":3,""rounds"":""3"",""stim_path"":""C:\\Users\\User\\Documents\\projects-git\\relay_mother_folder\\relay\\tests\\testdata\\bicycle_bivariate\\circuit=bicycle_bivariate_18_4_3_memory_X,distance=3,rounds=3,error_rate=0.001,noise_model=uniform_circuit,basis=CX,A=x+1+y,B=x+1+xy^2.stim""}",
       604,         0,         0,   120.2,mem-bp,88862465eff4b2d4e75dad9bcf066c29c41d74d8aa9fbb631e277e7728d305a5,"{""A"":""x+1+y"",""B"":""x+1+xy^2"",""basis"":""CX"",""circuit"":""bicycle_bivariate_18_4_3_memory_X"",""d"":3,""distance"":""3"",""error_rate"":""0.001"",""noise_model"":""uniform_circuit"",""p"":0.001,""r"":3,""rounds"":""3"",""stim_path"":""C:\\Users\\User\\Documents\\projects-git\\relay_mother_folder\\relay\\tests\\testdata\\bicycle_bivariate\\circuit=bicycle_bivariate_18_4_3_memory_X,distance=3,rounds=3,error_rate=0.001,noise_model=uniform_circuit,basis=CX,A=x+1+y,B=x+1+xy^2.stim""}",
       580,         2,         0,   120.2,msl-bp-cdamp-0p2,3a1f516d5a607d16a990acfe7beb3feb9c6b6d9127ff6cf3239d14306c8fbcb4,"{""A"":""x+1+y"",""B"":""x+1+xy^2"",""basis"":""CX"",""circuit"":""bicycle_bivariate_18_4_3_memory_X"",""d"":3,""distance"":""3"",""error_rate"":""0.001"",""noise_model"":""uniform_circuit"",""p"":0.001,""r"":3,""rounds"":""3"",""stim_path"":""C:\\Users\\User\\Documents\\projects-git\\relay_mother_folder\\relay\\tests\\testdata\\bicycle_bivariate\\circuit=bicycle_bivariate_18_4_3_memory_X,distance=3,rounds=3,error_rate=0.001,noise_model=uniform_circuit,basis=CX,A=x+1+y,B=x+1+xy^2.stim""}",
       586,         2,         0,   120.3,msl-bp-cdamp-0p5,60ed0a6454f75fcc4110dcc67cfc7b494fa12ae46881ff871c282f98ceddb20d,"{""A"":""x+1+y"",""B"":""x+1+xy^2"",""basis"":""CX"",""circuit"":""bicycle_bivariate_18_4_3_memory_X"",""d"":3,""distance"":""3"",""error_rate"":""0.001"",""noise_model"":""uniform_circuit"",""p"":0.001,""r"":3,""rounds"":""3"",""stim_path"":""C:\\Users\\User\\Documents\\projects-git\\relay_mother_folder\\relay\\tests\\testdata\\bicycle_bivariate\\circuit=bicycle_bivariate_18_4_3_memory_X,distance=3,rounds=3,error_rate=0.001,noise_model=uniform_circuit,basis=CX,A=x+1+y,B=x+1+xy^2.stim""}",
       586,         5,         0,   120.5,msl-bp-cdamp-0p8,95aa1299a09cfccca78c2e5a2f09fcb25221cfc03cb6f19befb6662bcc8760f6,"{""A"":""x+1+y"",""B"":""x+1+xy^2"",""basis"":""CX"",""circuit"":""bicycle_bivariate_18_4_3_memory_X"",""d"":3,""distance"":""3"",""error_rate"":""0.001"",""noise_model"":""uniform_circuit"",""p"":0.001,""r"":3,""rounds"":""3"",""stim_path"":""C:\\Users\\User\\Documents\\projects-git\\relay_mother_folder\\relay\\tests\\testdata\\bicycle_bivariate\\circuit=bicycle_bivariate_18_4_3_memory_X,distance=3,rounds=3,error_rate=0.001,noise_model=uniform_circuit,basis=CX,A=x+1+y,B=x+1+xy^2.stim""}",
       556,         4,         0,   120.1,mem-bp-cdamp-0p5,006cd8c28742ec24ef0db7d2700424bbe04c9e901d86e040647fcb76a9c9c49b,"{""A"":""x+1+y"",""B"":""x+1+xy^2"",""basis"":""CX"",""circuit"":""bicycle_bivariate_18_4_3_memory_X"",""d"":3,""distance"":""3"",""error_rate"":""0.001"",""noise_model"":""uniform_circuit"",""p"":0.001,""r"":3,""rounds"":""3"",""stim_path"":""C:\\Users\\User\\Documents\\projects-git\\relay_mother_folder\\relay\\tests\\testdata\\bicycle_bivariate\\circuit=bicycle_bivariate_18_4_3_memory_X,distance=3,rounds=3,error_rate=0.001,noise_model=uniform_circuit,basis=CX,A=x+1+y,B=x+1+xy^2.stim""}",
       552,         1,         0,   120.2,mem-bp-cdamp-0p8,899402286ed484b27cfa99bdff637396ac7709784ac0c8ccfcfed7ee79542de3,"{""A"":""x+1+y"",""B"":""x+1+xy^2"",""basis"":""CX"",""circuit"":""bicycle_bivariate_18_4_3_memory_X"",""d"":3,""distance"":""3"",""error_rate"":""0.001"",""noise_model"":""uniform_circuit"",""p"":0.001,""r"":3,""rounds"":""3"",""stim_path"":""C:\\Users\\User\\Documents\\projects-git\\relay_mother_folder\\relay\\tests\\testdata\\bicycle_bivariate\\circuit=bicycle_bivariate_18_4_3_memory_X,distance=3,rounds=3,error_rate=0.001,noise_model=uniform_circuit,basis=CX,A=x+1+y,B=x+1+xy^2.stim""}",
       552,         2,         0,   120.0,mem-bp-cdamp-0p2,426797af2e2a88dd9b2b6409d7dee2ce83baf9f9e50a97c8bf4ff8c1293e448f,"{""A"":""x+1+y"",""B"":""x+1+xy^2"",""basis"":""CX"",""circuit"":""bicycle_bivariate_18_4_3_memory_X"",""d"":3,""distance"":""3"",""error_rate"":""0.001"",""noise_model"":""uniform_circuit"",""p"":0.001,""r"":3,""rounds"":""3"",""stim_path"":""C:\\Users\\User\\Documents\\projects-git\\relay_mother_folder\\relay\\tests\\testdata\\bicycle_bivariate\\circuit=bicycle_bivariate_18_4_3_memory_X,distance=3,rounds=3,error_rate=0.001,noise_model=uniform_circuit,basis=CX,A=x+1+y,B=x+1+xy^2.stim""}",
       628,        10,         0,   120.0,msl-bp,8fbae80d3ef89296897f676a8e47bcb8c2151003b6e39d10606b7ee94914c1d6,"{""A"":""x+1+y"",""B"":""x+1+xy^2"",""basis"":""CX"",""circuit"":""bicycle_bivariate_18_4_3_memory_X"",""d"":3,""distance"":""3"",""error_rate"":""0.001"",""noise_model"":""uniform_circuit"",""p"":0.001,""r"":3,""rounds"":""3"",""stim_path"":""C:\\Users\\User\\Documents\\projects-git\\relay_mother_folder\\relay\\tests\\testdata\\bicycle_bivariate\\circuit=bicycle_bivariate_18_4_3_memory_X,distance=3,rounds=3,error_rate=0.001,noise_model=uniform_circuit,basis=CX,A=x+1+y,B=x+1+xy^2.stim""}",
       572,         4,         0,   120.1,msl-bp-cdamp-0p2,3a1f516d5a607d16a990acfe7beb3feb9c6b6d9127ff6cf3239d14306c8fbcb4,"{""A"":""x+1+y"",""B"":""x+1+xy^2"",""basis"":""CX"",""circuit"":""bicycle_bivariate_18_4_3_memory_X"",""d"":3,""distance"":""3"",""error_rate"":""0.001"",""noise_model"":""uniform_circuit"",""p"":0.001,""r"":3,""rounds"":""3"",""stim_path"":""C:\\Users\\User\\Documents\\projects-git\\relay_mother_folder\\relay\\tests\\testdata\\bicycle_bivariate\\circuit=bicycle_bivariate_18_4_3_memory_X,distance=3,rounds=3,error_rate=0.001,noise_model=uniform_circuit,basis=CX,A=x+1+y,B=x+1+xy^2.stim""}",
       590,         3,         0,   120.6,mem-bp,88862465eff4b2d4e75dad9bcf066c29c41d74d8aa9fbb631e277e7728d305a5,"{""A"":""x+1+y"",""B"":""x+1+xy^2"",""basis"":""CX"",""circuit"":""bicycle_bivariate_18_4_3_memory_X"",""d"":3,""distance"":""3"",""error_rate"":""0.001"",""noise_model"":""uniform_circuit"",""p"":0.001,""r"":3,""rounds"":""3"",""stim_path"":""C:\\Users\\User\\Documents\\projects-git\\relay_mother_folder\\relay\\tests\\testdata\\bicycle_bivariate\\circuit=bicycle_bivariate_18_4_3_memory_X,distance=3,rounds=3,error_rate=0.001,noise_model=uniform_circuit,basis=CX,A=x+1+y,B=x+1+xy^2.stim""}",
       572,         9,         0,   120.1,msl-bp-cdamp-0p8,95aa1299a09cfccca78c2e5a2f09fcb25221cfc03cb6f19befb6662bcc8760f6,"{""A"":""x+1+y"",""B"":""x+1+xy^2"",""basis"":""CX"",""circuit"":""bicycle_bivariate_18_4_3_memory_X"",""d"":3,""distance"":""3"",""error_rate"":""0.001"",""noise_model"":""uniform_circuit"",""p"":0.001,""r"":3,""rounds"":""3"",""stim_path"":""C:\\Users\\User\\Documents\\projects-git\\relay_mother_folder\\relay\\tests\\testdata\\bicycle_bivariate\\circuit=bicycle_bivariate_18_4_3_memory_X,distance=3,rounds=3,error_rate=0.001,noise_model=uniform_circuit,basis=CX,A=x+1+y,B=x+1+xy^2.stim""}",
       568,         0,         0,   120.8,msl-bp-cdamp-0p5,60ed0a6454f75fcc4110dcc67cfc7b494fa12ae46881ff871c282f98ceddb20d,"{""A"":""x+1+y"",""B"":""x+1+xy^2"",""basis"":""CX"",""circuit"":""bicycle_bivariate_18_4_3_memory_X"",""d"":3,""distance"":""3"",""error_rate"":""0.001"",""noise_model"":""uniform_circuit"",""p"":0.001,""r"":3,""rounds"":""3"",""stim_path"":""C:\\Users\\User\\Documents\\projects-git\\relay_mother_folder\\relay\\tests\\testdata\\bicycle_bivariate\\circuit=bicycle_bivariate_18_4_3_memory_X,distance=3,rounds=3,error_rate=0.001,noise_model=uniform_circuit,basis=CX,A=x+1+y,B=x+1+xy^2.stim""}",
       544,         2,         0,   120.6,mem-bp-cdamp-0p5,006cd8c28742ec24ef0db7d2700424bbe04c9e901d86e040647fcb76a9c9c49b,"{""A"":""x+1+y"",""B"":""x+1+xy^2"",""basis"":""CX"",""circuit"":""bicycle_bivariate_18_4_3_memory_X"",""d"":3,""distance"":""3"",""error_rate"":""0.001"",""noise_model"":""uniform_circuit"",""p"":0.001,""r"":3,""rounds"":""3"",""stim_path"":""C:\\Users\\User\\Documents\\projects-git\\relay_mother_folder\\relay\\tests\\testdata\\bicycle_bivariate\\circuit=bicycle_bivariate_18_4_3_memory_X,distance=3,rounds=3,error_rate=0.001,noise_model=uniform_circuit,basis=CX,A=x+1+y,B=x+1+xy^2.stim""}",
       538,         2,         0,   120.0,mem-bp-cdamp-0p8,899402286ed484b27cfa99bdff637396ac7709784ac0c8ccfcfed7ee79542de3,"{""A"":""x+1+y"",""B"":""x+1+xy^2"",""basis"":""CX"",""circuit"":""bicycle_bivariate_18_4_3_memory_X"",""d"":3,""distance"":""3"",""error_rate"":""0.001"",""noise_model"":""uniform_circuit"",""p"":0.001,""r"":3,""rounds"":""3"",""stim_path"":""C:\\Users\\User\\Documents\\projects-git\\relay_mother_folder\\relay\\tests\\testdata\\bicycle_bivariate\\circuit=bicycle_bivariate_18_4_3_memory_X,distance=3,rounds=3,error_rate=0.001,noise_model=uniform_circuit,basis=CX,A=x+1+y,B=x+1+xy^2.stim""}",
       538,         2,         0,   120.5,mem-bp-cdamp-0p2,426797af2e2a88dd9b2b6409d7dee2ce83baf9f9e50a97c8bf4ff8c1293e448f,"{""A"":""x+1+y"",""B"":""x+1+xy^2"",""basis"":""CX"",""circuit"":""bicycle_bivariate_18_4_3_memory_X"",""d"":3,""distance"":""3"",""error_rate"":""0.001"",""noise_model"":""uniform_circuit"",""p"":0.001,""r"":3,""rounds"":""3"",""stim_path"":""C:\\Users\\User\\Documents\\projects-git\\relay_mother_folder\\relay\\tests\\testdata\\bicycle_bivariate\\circuit=bicycle_bivariate_18_4_3_memory_X,distance=3,rounds=3,error_rate=0.001,noise_model=uniform_circuit,basis=CX,A=x+1+y,B=x+1+xy^2.stim""}",
       612,         8,         0,   120.0,msl-bp,8fbae80d3ef89296897f676a8e47bcb8c2151003b6e39d10606b7ee94914c1d6,"{""A"":""x+1+y"",""B"":""x+1+xy^2"",""basis"":""CX"",""circuit"":""bicycle_bivariate_18_4_3_memory_X"",""d"":3,""distance"":""3"",""error_rate"":""0.001"",""noise_model"":""uniform_circuit"",""p"":0.001,""r"":3,""rounds"":""3"",""stim_path"":""C:\\Users\\User\\Documents\\projects-git\\relay_mother_folder\\relay\\tests\\testdata\\bicycle_bivariate\\circuit=bicycle_bivariate_18_4_3_memory_X,distance=3,rounds=3,error_rate=0.001,noise_model=uniform_circuit,basis=CX,A=x+1+y,B=x+1+xy^2.stim""}",
       582,         5,         0,   120.1,msl-bp-cdamp-0p2,3a1f516d5a607d16a990acfe7beb3feb9c6b6d9127ff6cf3239d14306c8fbcb4,"{""A"":""x+1+y"",""B"":""x+1+xy^2"",""basis"":""CX"",""circuit"":""bicycle_bivariate_18_4_3_memory_X"",""d"":3,""distance"":""3"",""error_rate"":""0.001"",""noise_model"":""uniform_circuit"",""p"":0.001,""r"":3,""rounds"":""3"",""stim_path"":""C:\\Users\\User\\Documents\\projects-git\\relay_mother_folder\\relay\\tests\\testdata\\bicycle_bivariate\\circuit=bicycle_bivariate_18_4_3_memory_X,distance=3,rounds=3,error_rate=0.001,noise_model=uniform_circuit,basis=CX,A=x+1+y,B=x+1+xy^2.stim""}",
       568,         2,         0,   120.1,mem-bp,88862465eff4b2d4e75dad9bcf066c29c41d74d8aa9fbb631e277e7728d305a5,"{""A"":""x+1+y"",""B"":""x+1+xy^2"",""basis"":""CX"",""circuit"":""bicycle_bivariate_18_4_3_memory_X"",""d"":3,""distance"":""3"",""error_rate"":""0.001"",""noise_model"":""uniform_circuit"",""p"":0.001,""r"":3,""rounds"":""3"",""stim_path"":""C:\\Users\\User\\Documents\\projects-git\\relay_mother_folder\\relay\\tests\\testdata\\bicycle_bivariate\\circuit=bicycle_bivariate_18_4_3_memory_X,distance=3,rounds=3,error_rate=0.001,noise_model=uniform_circuit,basis=CX,A=x+1+y,B=x+1+xy^2.stim""}",
       568,         7,         0,   120.2,msl-bp-cdamp-0p8,95aa1299a09cfccca78c2e5a2f09fcb25221cfc03cb6f19befb6662bcc8760f6,"{""A"":""x+1+y"",""B"":""x+1+xy^2"",""basis"":""CX"",""circuit"":""bicycle_bivariate_18_4_3_memory_X"",""d"":3,""distance"":""3"",""error_rate"":""0.001"",""noise_model"":""uniform_circuit"",""p"":0.001,""r"":3,""rounds"":""3"",""stim_path"":""C:\\Users\\User\\Documents\\projects-git\\relay_mother_folder\\relay\\tests\\testdata\\bicycle_bivariate\\circuit=bicycle_bivariate_18_4_3_memory_X,distance=3,rounds=3,error_rate=0.001,noise_model=uniform_circuit,basis=CX,A=x+1+y,B=x+1+xy^2.stim""}",
       550,         1,         0,   120.2,msl-bp-cdamp-0p5,60ed0a6454f75fcc4110dcc67cfc7b494fa12ae46881ff871c282f98ceddb20d,"{""A"":""x+1+y"",""B"":""x+1+xy^2"",""basis"":""CX"",""circuit"":""bicycle_bivariate_18_4_3_memory_X"",""d"":3,""distance"":""3"",""error_rate"":""0.001"",""noise_model"":""uniform_circuit"",""p"":0.001,""r"":3,""rounds"":""3"",""stim_path"":""C:\\Users\\User\\Documents\\projects-git\\relay_mother_folder\\relay\\tests\\testdata\\bicycle_bivariate\\circuit=bicycle_bivariate_18_4_3_memory_X,distance=3,rounds=3,error_rate=0.001,noise_model=uniform_circuit,basis=CX,A=x+1+y,B=x+1+xy^2.stim""}",
       524,         3,         0,   120.4,mem-bp-cdamp-0p5,006cd8c28742ec24ef0db7d2700424bbe04c9e901d86e040647fcb76a9c9c49b,"{""A"":""x+1+y"",""B"":""x+1+xy^2"",""basis"":""CX"",""circuit"":""bicycle_bivariate_18_4_3_memory_X"",""d"":3,""distance"":""3"",""error_rate"":""0.001"",""noise_model"":""uniform_circuit"",""p"":0.001,""r"":3,""rounds"":""3"",""stim_path"":""C:\\Users\\User\\Documents\\projects-git\\relay_mother_folder\\relay\\tests\\testdata\\bicycle_bivariate\\circuit=bicycle_bivariate_18_4_3_memory_X,distance=3,rounds=3,error_rate=0.001,noise_model=uniform_circuit,basis=CX,A=x+1+y,B=x+1+xy^2.stim""}",
       512,         3,         0,   120.4,mem-bp-cdamp-0p8,899402286ed484b27cfa99bdff637396ac7709784ac0c8ccfcfed7ee79542de3,"{""A"":""x+1+y"",""B"":""x+1+xy^2"",""basis"":""CX"",""circuit"":""bicycle_bivariate_18_4_3_memory_X"",""d"":3,""distance"":""3"",""error_rate"":""0.001"",""noise_model"":""uniform_circuit"",""p"":0.001,""r"":3,""rounds"":""3"",""stim_path"":""C:\\Users\\User\\Documents\\projects-git\\relay_mother_folder\\relay\\tests\\testdata\\bicycle_bivariate\\circuit=bicycle_bivariate_18_4_3_memory_X,distance=3,rounds=3,error_rate=0.001,noise_model=uniform_circuit,basis=CX,A=x+1+y,B=x+1+xy^2.stim""}",
       540,         3,         0,   120.0,mem-bp-cdamp-0p2,426797af2e2a88dd9b2b6409d7dee2ce83baf9f9e50a97c8bf4ff8c1293e448f,"{""A"":""x+1+y"",""B"":""x+1+xy^2"",""basis"":""CX"",""circuit"":""bicycle_bivariate_18_4_3_memory_X"",""d"":3,""distance"":""3"",""error_rate"":""0.001"",""noise_model"":""uniform_circuit"",""p"":0.001,""r"":3,""rounds"":""3"",""stim_path"":""C:\\Users\\User\\Documents\\projects-git\\relay_mother_folder\\relay\\tests\\testdata\\bicycle_bivariate\\circuit=bicycle_bivariate_18_4_3_memory_X,distance=3,rounds=3,error_rate=0.001,noise_model=uniform_circuit,basis=CX,A=x+1+y,B=x+1+xy^2.stim""}",
       608,        13,         0,   120.1,msl-bp,8fbae80d3ef89296897f676a8e47bcb8c2151003b6e39d10606b7ee94914c1d6,"{""A"":""x+1+y"",""B"":""x+1+xy^2"",""basis"":""CX"",""circuit"":""bicycle_bivariate_18_4_3_memory_X"",""d"":3,""distance"":""3"",""error_rate"":""0.001"",""noise_model"":""uniform_circuit"",""p"":0.001,""r"":3,""rounds"":""3"",""stim_path"":""C:\\Users\\User\\Documents\\projects-git\\relay_mother_folder\\relay\\tests\\testdata\\bicycle_bivariate\\circuit=bicycle_bivariate_18_4_3_memory_X,distance=3,rounds=3,error_rate=0.001,noise_model=uniform_circuit,basis=CX,A=x+1+y,B=x+1+xy^2.stim""}",
       574,         5,         0,   120.2,msl-bp-cdamp-0p2,3a1f516d5a607d16a990acfe7beb3feb9c6b6d9127ff6cf3239d14306c8fbcb4,"{""A"":""x+1+y"",""B"":""x+1+xy^2"",""basis"":""CX"",""circuit"":""bicycle_bivariate_18_4_3_memory_X"",""d"":3,""distance"":""3"",""error_rate"":""0.001"",""noise_model"":""uniform_circuit"",""p"":0.001,""r"":3,""rounds"":""3"",""stim_path"":""C:\\Users\\User\\Documents\\projects-git\\relay_mother_folder\\relay\\tests\\testdata\\bicycle_bivariate\\circuit=bicycle_bivariate_18_4_3_memory_X,distance=3,rounds=3,error_rate=0.001,noise_model=uniform_circuit,basis=CX,A=x+1+y,B=x+1+xy^2.stim""}",
       580,         3,         0,   120.0,mem-bp,88862465eff4b2d4e75dad9bcf066c29c41d74d8aa9fbb631e277e7728d305a5,"{""A"":""x+1+y"",""B"":""x+1+xy^2"",""basis"":""CX"",""circuit"":""bicycle_bivariate_18_4_3_memory_X"",""d"":3,""distance"":""3"",""error_rate"":""0.001"",""noise_model"":""uniform_circuit"",""p"":0.001,""r"":3,""rounds"":""3"",""stim_path"":""C:\\Users\\User\\Documents\\projects-git\\relay_mother_folder\\relay\\tests\\testdata\\bicycle_bivariate\\circuit=bicycle_bivariate_18_4_3_memory_X,distance=3,rounds=3,error_rate=0.001,noise_model=uniform_circuit,basis=CX,A=x+1+y,B=x+1+xy^2.stim""}",
       558,        12,         0,   120.0,msl-bp-cdamp-0p8,95aa1299a09cfccca78c2e5a2f09fcb25221cfc03cb6f19befb6662bcc8760f6,"{""A"":""x+1+y"",""B"":""x+1+xy^2"",""basis"":""CX"",""circuit"":""bicycle_bivariate_18_4_3_memory_X"",""d"":3,""distance"":""3"",""error_rate"":""0.001"",""noise_model"":""uniform_circuit"",""p"":0.001,""r"":3,""rounds"":""3"",""stim_path"":""C:\\Users\\User\\Documents\\projects-git\\relay_mother_folder\\relay\\tests\\testdata\\bicycle_bivariate\\circuit=bicycle_bivariate_18_4_3_memory_X,distance=3,rounds=3,error_rate=0.001,noise_model=uniform_circuit,basis=CX,A=x+1+y,B=x+1+xy^2.stim""}",
       580,         0,         0,   120.3,msl-bp-cdamp-0p5,60ed0a6454f75fcc4110dcc67cfc7b494fa12ae46881ff871c282f98ceddb20d,"{""A"":""x+1+y"",""B"":""x+1+xy^2"",""basis"":""CX"",""circuit"":""bicycle_bivariate_18_4_3_memory_X"",""d"":3,""distance"":""3"",""error_rate"":""0.001"",""noise_model"":""uniform_circuit"",""p"":0.001,""r"":3,""rounds"":""3"",""stim_path"":""C:\\Users\\User\\Documents\\projects-git\\relay_mother_folder\\relay\\tests\\testdata\\bicycle_bivariate\\circuit=bicycle_bivariate_18_4_3_memory_X,distance=3,rounds=3,error_rate=0.001,noise_model=uniform_circuit,basis=CX,A=x+1+y,B=x+1+xy^2.stim""}",
       544,         2,         0,   120.0,mem-bp-cdamp-0p5,006cd8c28742ec24ef0db7d2700424bbe04c9e901d86e040647fcb76a9c9c49b,"{""A"":""x+1+y"",""B"":""x+1+xy^2"",""basis"":""CX"",""circuit"":""bicycle_bivariate_18_4_3_memory_X"",""d"":3,""distance"":""3"",""error_rate"":""0.001"",""noise_model"":""uniform_circuit"",""p"":0.001,""r"":3,""rounds"":""3"",""stim_path"":""C:\\Users\\User\\Documents\\projects-git\\relay_mother_folder\\relay\\tests\\testdata\\bicycle_bivariate\\circuit=bicycle_bivariate_18_4_3_memory_X,distance=3,rounds=3,error_rate=0.001,noise_model=uniform_circuit,basis=CX,A=x+1+y,B=x+1+xy^2.stim""}",
       524,         5,         0,   120.1,mem-bp-cdamp-0p8,899402286ed484b27cfa99bdff637396ac7709784ac0c8ccfcfed7ee79542de3,"{""A"":""x+1+y"",""B"":""x+1+xy^2"",""basis"":""CX"",""circuit"":""bicycle_bivariate_18_4_3_memory_X"",""d"":3,""distance"":""3"",""error_rate"":""0.001"",""noise_model"":""uniform_circuit"",""p"":0.001,""r"":3,""rounds"":""3"",""stim_path"":""C:\\Users\\User\\Documents\\projects-git\\relay_mother_folder\\relay\\tests\\testdata\\bicycle_bivariate\\circuit=bicycle_bivariate_18_4_3_memory_X,distance=3,rounds=3,error_rate=0.001,noise_model=uniform_circuit,basis=CX,A=x+1+y,B=x+1+xy^2.stim""}",
       534,         2,         0,   120.4,mem-bp-cdamp-0p2,426797af2e2a88dd9b2b6409d7dee2ce83baf9f9e50a97c8bf4ff8c1293e448f,"{""A"":""x+1+y"",""B"":""x+1+xy^2"",""basis"":""CX"",""circuit"":""bicycle_bivariate_18_4_3_memory_X"",""d"":3,""distance"":""3"",""error_rate"":""0.001"",""noise_model"":""uniform_circuit"",""p"":0.001,""r"":3,""rounds"":""3"",""stim_path"":""C:\\Users\\User\\Documents\\projects-git\\relay_mother_folder\\relay\\tests\\testdata\\bicycle_bivariate\\circuit=bicycle_bivariate_18_4_3_memory_X,distance=3,rounds=3,error_rate=0.001,noise_model=uniform_circuit,basis=CX,A=x+1+y,B=x+1+xy^2.stim""}",
       644,         5,         0,   120.1,msl-bp,8fbae80d3ef89296897f676a8e47bcb8c2151003b6e39d10606b7ee94914c1d6,"{""A"":""x+1+y"",""B"":""x+1+xy^2"",""basis"":""CX"",""circuit"":""bicycle_bivariate_18_4_3_memory_X"",""d"":3,""distance"":""3"",""error_rate"":""0.001"",""noise_model"":""uniform_circuit"",""p"":0.001,""r"":3,""rounds"":""3"",""stim_path"":""C:\\Users\\User\\Documents\\projects-git\\relay_mother_folder\\relay\\tests\\testdata\\bicycle_bivariate\\circuit=bicycle_bivariate_18_4_3_memory_X,distance=3,rounds=3,error_rate=0.001,noise_model=uniform_circuit,basis=CX,A=x+1+y,B=x+1+xy^2.stim""}",
       586,         1,         0,   120.3,msl-bp-cdamp-0p2,3a1f516d5a607d16a990acfe7beb3feb9c6b6d9127ff6cf3239d14306c8fbcb4,"{""A"":""x+1+y"",""B"":""x+1+xy^2"",""basis"":""CX"",""circuit"":""bicycle_bivariate_18_4_3_memory_X"",""d"":3,""distance"":""3"",""error_rate"":""0.001"",""noise_model"":""uniform_circuit"",""p"":0.001,""r"":3,""rounds"":""3"",""stim_path"":""C:\\Users\\User\\Documents\\projects-git\\relay_mother_folder\\relay\\tests\\testdata\\bicycle_bivariate\\circuit=bicycle_bivariate_18_4_3_memory_X,distance=3,rounds=3,error_rate=0.001,noise_model=uniform_circuit,basis=CX,A=x+1+y,B=x+1+xy^2.stim""}",
       608,         2,         0,   120.3,mem-bp,88862465eff4b2d4e75dad9bcf066c29c41d74d8aa9fbb631e277e7728d305a5,"{""A"":""x+1+y"",""B"":""x+1+xy^2"",""basis"":""CX"",""circuit"":""bicycle_bivariate_18_4_3_memory_X"",""d"":3,""distance"":""3"",""error_rate"":""0.001"",""noise_model"":""uniform_circuit"",""p"":0.001,""r"":3,""rounds"":""3"",""stim_path"":""C:\\Users\\User\\Documents\\projects-git\\relay_mother_folder\\relay\\tests\\testdata\\bicycle_bivariate\\circuit=bicycle_bivariate_18_4_3_memory_X,distance=3,rounds=3,error_rate=0.001,noise_model=uniform_circuit,basis=CX,A=x+1+y,B=x+1+xy^2.stim""}",
       586,         8,         0,   120.1,msl-bp-cdamp-0p8,95aa1299a09cfccca78c2e5a2f09fcb25221cfc03cb6f19befb6662bcc8760f6,"{""A"":""x+1+y"",""B"":""x+1+xy^2"",""basis"":""CX"",""circuit"":""bicycle_bivariate_18_4_3_memory_X"",""d"":3,""distance"":""3"",""error_rate"":""0.001"",""noise_model"":""uniform_circuit"",""p"":0.001,""r"":3,""rounds"":""3"",""stim_path"":""C:\\Users\\User\\Documents\\projects-git\\relay_mother_folder\\relay\\tests\\testdata\\bicycle_bivariate\\circuit=bicycle_bivariate_18_4_3_memory_X,distance=3,rounds=3,error_rate=0.001,noise_model=uniform_circuit,basis=CX,A=x+1+y,B=x+1+xy^2.stim""}",
       584,         6,         0,   120.1,msl-bp-cdamp-0p5,60ed0a6454f75fcc4110dcc67cfc7b494fa12ae46881ff871c282f98ceddb20d,"{""A"":""x+1+y"",""B"":""x+1+xy^2"",""basis"":""CX"",""circuit"":""bicycle_bivariate_18_4_3_memory_X"",""d"":3,""distance"":""3"",""error_rate"":""0.001"",""noise_model"":""uniform_circuit"",""p"":0.001,""r"":3,""rounds"":""3"",""stim_path"":""C:\\Users\\User\\Documents\\projects-git\\relay_mother_folder\\relay\\tests\\testdata\\bicycle_bivariate\\circuit=bicycle_bivariate_18_4_3_memory_X,distance=3,rounds=3,error_rate=0.001,noise_model=uniform_circuit,basis=CX,A=x+1+y,B=x+1+xy^2.stim""}",
       554,         1,         0,   120.3,mem-bp-cdamp-0p5,006cd8c28742ec24ef0db7d2700424bbe04c9e901d86e040647fcb76a9c9c49b,"{""A"":""x+1+y"",""B"":""x+1+xy^2"",""basis"":""CX"",""circuit"":""bicycle_bivariate_18_4_3_memory_X"",""d"":3,""distance"":""3"",""error_rate"":""0.001"",""noise_model"":""uniform_circuit"",""p"":0.001,""r"":3,""rounds"":""3"",""stim_path"":""C:\\Users\\User\\Documents\\projects-git\\relay_mother_folder\\relay\\tests\\testdata\\bicycle_bivariate\\circuit=bicycle_bivariate_18_4_3_memory_X,distance=3,rounds=3,error_rate=0.001,noise_model=uniform_circuit,basis=CX,A=x+1+y,B=x+1+xy^2.stim""}",
       554,         1,         0,   120.2,mem-bp-cdamp-0p8,899402286ed484b27cfa99bdff637396ac7709784ac0c8ccfcfed7ee79542de3,"{""A"":""x+1+y"",""B"":""x+1+xy^2"",""basis"":""CX"",""circuit"":""bicycle_bivariate_18_4_3_memory_X"",""d"":3,""distance"":""3"",""error_rate"":""0.001"",""noise_model"":""uniform_circuit"",""p"":0.001,""r"":3,""rounds"":""3"",""stim_path"":""C:\\Users\\User\\Documents\\projects-git\\relay_mother_folder\\relay\\tests\\testdata\\bicycle_bivariate\\circuit=bicycle_bivariate_18_4_3_memory_X,distance=3,rounds=3,error_rate=0.001,noise_model=uniform_circuit,basis=CX,A=x+1+y,B=x+1+xy^2.stim""}",
       556,         1,         0,   120.0,mem-bp-cdamp-0p2,426797af2e2a88dd9b2b6409d7dee2ce83baf9f9e50a97c8bf4ff8c1293e448f,"{""A"":""x+1+y"",""B"":""x+1+xy^2"",""basis"":""CX"",""circuit"":""bicycle_bivariate_18_4_3_memory_X"",""d"":3,""distance"":""3"",""error_rate"":""0.001"",""noise_model"":""uniform_circuit"",""p"":0.001,""r"":3,""rounds"":""3"",""stim_path"":""C:\\Users\\User\\Documents\\projects-git\\relay_mother_folder\\relay\\tests\\testdata\\bicycle_bivariate\\circuit=bicycle_bivariate_18_4_3_memory_X,distance=3,rounds=3,error_rate=0.001,noise_model=uniform_circuit,basis=CX,A=x+1+y,B=x+1+xy^2.stim""}",
       652,         8,         0,   120.2,msl-bp,8fbae80d3ef89296897f676a8e47bcb8c2151003b6e39d10606b7ee94914c1d6,"{""A"":""x+1+y"",""B"":""x+1+xy^2"",""basis"":""CX"",""circuit"":""bicycle_bivariate_18_4_3_memory_X"",""d"":3,""distance"":""3"",""error_rate"":""0.001"",""noise_model"":""uniform_circuit"",""p"":0.001,""r"":3,""rounds"":""3"",""stim_path"":""C:\\Users\\User\\Documents\\projects-git\\relay_mother_folder\\relay\\tests\\testdata\\bicycle_bivariate\\circuit=bicycle_bivariate_18_4_3_memory_X,distance=3,rounds=3,error_rate=0.001,noise_model=uniform_circuit,basis=CX,A=x+1+y,B=x+1+xy^2.stim""}",
       578,         1,         0,   120.1,msl-bp-cdamp-0p2,3a1f516d5a607d16a990acfe7beb3feb9c6b6d9127ff6cf3239d14306c8fbcb4,"{""A"":""x+1+y"",""B"":""x+1+xy^2"",""basis"":""CX"",""circuit"":""bicycle_bivariate_18_4_3_memory_X"",""d"":3,""distance"":""3"",""error_rate"":""0.001"",""noise_model"":""uniform_circuit"",""p"":0.001,""r"":3,""rounds"":""3"",""stim_path"":""C:\\Users\\User\\Documents\\projects-git\\relay_mother_folder\\relay\\tests\\testdata\\bicycle_bivariate\\circuit=bicycle_bivariate_18_4_3_memory_X,distance=3,rounds=3,error_rate=0.001,noise_model=uniform_circuit,basis=CX,A=x+1+y,B=x+1+xy^2.stim""}",
       608,         2,         0,   120.0,mem-bp,88862465eff4b2d4e75dad9bcf066c29c41d74d8aa9fbb631e277e7728d305a5,"{""A"":""x+1+y"",""B"":""x+1+xy^2"",""basis"":""CX"",""circuit"":""bicycle_bivariate_18_4_3_memory_X"",""d"":3,""distance"":""3"",""error_rate"":""0.001"",""noise_model"":""uniform_circuit"",""p"":0.001,""r"":3,""rounds"":""3"",""stim_path"":""C:\\Users\\User\\Documents\\projects-git\\relay_mother_folder\\relay\\tests\\testdata\\bicycle_bivariate\\circuit=bicycle_bivariate_18_4_3_memory_X,distance=3,rounds=3,error_rate=0.001,noise_model=uniform_circuit,basis=CX,A=x+1+y,B=x+1+xy^2.stim""}",
       584,         7,         0,   120.2,msl-bp-cdamp-0p8,95aa1299a09cfccca78c2e5a2f09fcb25221cfc03cb6f19befb6662bcc8760f6,"{""A"":""x+1+y"",""B"":""x+1+xy^2"",""basis"":""CX"",""circuit"":""bicycle_bivariate_18_4_3_memory_X"",""d"":3,""distance"":""3"",""error_rate"":""0.001"",""noise_model"":""uniform_circuit"",""p"":0.001,""r"":3,""rounds"":""3"",""stim_path"":""C:\\Users\\User\\Documents\\projects-git\\relay_mother_folder\\relay\\tests\\testdata\\bicycle_bivariate\\circuit=bicycle_bivariate_18_4_3_memory_X,distance=3,rounds=3,error_rate=0.001,noise_model=uniform_circuit,basis=CX,A=x+1+y,B=x+1+xy^2.stim""}",
       592,         4,         0,   120.2,msl-bp-cdamp-0p5,60ed0a6454f75fcc4110dcc67cfc7b494fa12ae46881ff871c282f98ceddb20d,"{""A"":""x+1+y"",""B"":""x+1+xy^2"",""basis"":""CX"",""circuit"":""bicycle_bivariate_18_4_3_memory_X"",""d"":3,""distance"":""3"",""error_rate"":""0.001"",""noise_model"":""uniform_circuit"",""p"":0.001,""r"":3,""rounds"":""3"",""stim_path"":""C:\\Users\\User\\Documents\\projects-git\\relay_mother_folder\\relay\\tests\\testdata\\bicycle_bivariate\\circuit=bicycle_bivariate_18_4_3_memory_X,distance=3,rounds=3,error_rate=0.001,noise_model=uniform_circuit,basis=CX,A=x+1+y,B=x+1+xy^2.stim""}",
       552,         4,         0,   120.3,mem-bp-cdamp-0p5,006cd8c28742ec24ef0db7d2700424bbe04c9e901d86e040647fcb76a9c9c49b,"{""A"":""x+1+y"",""B"":""x+1+xy^2"",""basis"":""CX"",""circuit"":""bicycle_bivariate_18_4_3_memory_X"",""d"":3,""distance"":""3"",""error_rate"":""0.001"",""noise_model"":""uniform_circuit"",""p"":0.001,""r"":3,""rounds"":""3"",""stim_path"":""C:\\Users\\User\\Documents\\projects-git\\relay_mother_folder\\relay\\tests\\testdata\\bicycle_bivariate\\circuit=bicycle_bivariate_18_4_3_memory_X,distance=3,rounds=3,error_rate=0.001,noise_model=uniform_circuit,basis=CX,A=x+1+y,B=x+1+xy^2.stim""}",
       552,         5,         0,   120.4,mem-bp-cdamp-0p8,899402286ed484b27cfa99bdff637396ac7709784ac0c8ccfcfed7ee79542de3,"{""A"":""x+1+y"",""B"":""x+1+xy^2"",""basis"":""CX"",""circuit"":""bicycle_bivariate_18_4_3_memory_X"",""d"":3,""distance"":""3"",""error_rate"":""0.001"",""noise_model"":""uniform_circuit"",""p"":0.001,""r"":3,""rounds"":""3"",""stim_path"":""C:\\Users\\User\\Documents\\projects-git\\relay_mother_folder\\relay\\tests\\testdata\\bicycle_bivariate\\circuit=bicycle_bivariate_18_4_3_memory_X,distance=3,rounds=3,error_rate=0.001,noise_model=uniform_circuit,basis=CX,A=x+1+y,B=x+1+xy^2.stim""}",
       554,         0,         0,   120.1,mem-bp-cdamp-0p2,426797af2e2a88dd9b2b6409d7dee2ce83baf9f9e50a97c8bf4ff8c1293e448f,"{""A"":""x+1+y"",""B"":""x+1+xy^2"",""basis"":""CX"",""circuit"":""bicycle_bivariate_18_4_3_memory_X"",""d"":3,""distance"":""3"",""error_rate"":""0.001"",""noise_model"":""uniform_circuit"",""p"":0.001,""r"":3,""rounds"":""3"",""stim_path"":""C:\\Users\\User\\Documents\\projects-git\\relay_mother_folder\\relay\\tests\\testdata\\bicycle_bivariate\\circuit=bicycle_bivariate_18_4_3_memory_X,distance=3,rounds=3,error_rate=0.001,noise_model=uniform_circuit,basis=CX,A=x+1+y,B=x+1+xy^2.stim""}",
       636,         8,         0,   120.1,msl-bp,8fbae80d3ef89296897f676a8e47bcb8c2151003b6e39d10606b7ee94914c1d6,"{""A"":""x+1+y"",""B"":""x+1+xy^2"",""basis"":""CX"",""circuit"":""bicycle_bivariate_18_4_3_memory_X"",""d"":3,""distance"":""3"",""error_rate"":""0.001"",""noise_model"":""uniform_circuit"",""p"":0.001,""r"":3,""rounds"":""3"",""stim_path"":""C:\\Users\\User\\Documents\\projects-git\\relay_mother_folder\\relay\\tests\\testdata\\bicycle_bivariate\\circuit=bicycle_bivariate_18_4_3_memory_X,distance=3,rounds=3,error_rate=0.001,noise_model=uniform_circuit,basis=CX,A=x+1+y,B=x+1+xy^2.stim""}",
       574,         3,         0,   120.2,msl-bp-cdamp-0p2,3a1f516d5a607d16a990acfe7beb3feb9c6b6d9127ff6cf3239d14306c8fbcb4,"{""A"":""x+1+y"",""B"":""x+1+xy^2"",""basis"":""CX"",""circuit"":""bicycle_bivariate_18_4_3_memory_X"",""d"":3,""distance"":""3"",""error_rate"":""0.001"",""noise_model"":""uniform_circuit"",""p"":0.001,""r"":3,""rounds"":""3"",""stim_path"":""C:\\Users\\User\\Documents\\projects-git\\relay_mother_folder\\relay\\tests\\testdata\\bicycle_bivariate\\circuit=bicycle_bivariate_18_4_3_memory_X,distance=3,rounds=3,error_rate=0.001,noise_model=uniform_circuit,basis=CX,A=x+1+y,B=x+1+xy^2.stim""}",
       608,         5,         0,   120.4,mem-bp,88862465eff4b2d4e75dad9bcf066c29c41d74d8aa9fbb631e277e7728d305a5,"{""A"":""x+1+y"",""B"":""x+1+xy^2"",""basis"":""CX"",""circuit"":""bicycle_bivariate_18_4_3_memory_X"",""d"":3,""distance"":""3"",""error_rate"":""0.001"",""noise_model"":""uniform_circuit"",""p"":0.001,""r"":3,""rounds"":""3"",""stim_path"":""C:\\Users\\User\\Documents\\projects-git\\relay_mother_folder\\relay\\tests\\testdata\\bicycle_bivariate\\circuit=bicycle_bivariate_18_4_3_memory_X,distance=3,rounds=3,error_rate=0.001,noise_model=uniform_circuit,basis=CX,A=x+1+y,B=x+1+xy^2.stim""}",
       578,        10,         0,   120.2,msl-bp-cdamp-0p8,95aa1299a09cfccca78c2e5a2f09fcb25221cfc03cb6f19befb6662bcc8760f6,"{""A"":""x+1+y"",""B"":""x+1+xy^2"",""basis"":""CX"",""circuit"":""bicycle_bivariate_18_4_3_memory_X"",""d"":3,""distance"":""3"",""error_rate"":""0.001"",""noise_model"":""uniform_circuit"",""p"":0.001,""r"":3,""rounds"":""3"",""stim_path"":""C:\\Users\\User\\Documents\\projects-git\\relay_mother_folder\\relay\\tests\\testdata\\bicycle_bivariate\\circuit=bicycle_bivariate_18_4_3_memory_X,distance=3,rounds=3,error_rate=0.001,noise_model=uniform_circuit,basis=CX,A=x+1+y,B=x+1+xy^2.stim""}",
       582,         0,         0,   120.2,msl-bp-cdamp-0p5,60ed0a6454f75fcc4110dcc67cfc7b494fa12ae46881ff871c282f98ceddb20d,"{""A"":""x+1+y"",""B"":""x+1+xy^2"",""basis"":""CX"",""circuit"":""bicycle_bivariate_18_4_3_memory_X"",""d"":3,""distance"":""3"",""error_rate"":""0.001"",""noise_model"":""uniform_circuit"",""p"":0.001,""r"":3,""rounds"":""3"",""stim_path"":""C:\\Users\\User\\Documents\\projects-git\\relay_mother_folder\\relay\\tests\\testdata\\bicycle_bivariate\\circuit=bicycle_bivariate_18_4_3_memory_X,distance=3,rounds=3,error_rate=0.001,noise_model=uniform_circuit,basis=CX,A=x+1+y,B=x+1+xy^2.stim""}",
       548,         1,         0,   120.0,mem-bp-cdamp-0p5,006cd8c28742ec24ef0db7d2700424bbe04c9e901d86e040647fcb76a9c9c49b,"{""A"":""x+1+y"",""B"":""x+1+xy^2"",""basis"":""CX"",""circuit"":""bicycle_bivariate_18_4_3_memory_X"",""d"":3,""distance"":""3"",""error_rate"":""0.001"",""noise_model"":""uniform_circuit"",""p"":0.001,""r"":3,""rounds"":""3"",""stim_path"":""C:\\Users\\User\\Documents\\projects-git\\relay_mother_folder\\relay\\tests\\testdata\\bicycle_bivariate\\circuit=bicycle_bivariate_18_4_3_memory_X,distance=3,rounds=3,error_rate=0.001,noise_model=uniform_circuit,basis=CX,A=x+1+y,B=x+1+xy^2.stim""}",
       542,         0,         0,   120.1,mem-bp-cdamp-0p8,899402286ed484b27cfa99bdff637396ac7709784ac0c8ccfcfed7ee79542de3,"{""A"":""x+1+y"",""B"":""x+1+xy^2"",""basis"":""CX"",""circuit"":""bicycle_bivariate_18_4_3_memory_X"",""d"":3,""distance"":""3"",""error_rate"":""0.001"",""noise_model"":""uniform_circuit"",""p"":0.001,""r"":3,""rounds"":""3"",""stim_path"":""C:\\Users\\User\\Documents\\projects-git\\relay_mother_folder\\relay\\tests\\testdata\\bicycle_bivariate\\circuit=bicycle_bivariate_18_4_3_memory_X,distance=3,rounds=3,error_rate=0.001,noise_model=uniform_circuit,basis=CX,A=x+1+y,B=x+1+xy^2.stim""}",
       550,         2,         0,   120.3,mem-bp-cdamp-0p2,426797af2e2a88dd9b2b6409d7dee2ce83baf9f9e50a97c8bf4ff8c1293e448f,"{""A"":""x+1+y"",""B"":""x+1+xy^2"",""basis"":""CX"",""circuit"":""bicycle_bivariate_18_4_3_memory_X"",""d"":3,""distance"":""3"",""error_rate"":""0.001"",""noise_model"":""uniform_circuit"",""p"":0.001,""r"":3,""rounds"":""3"",""stim_path"":""C:\\Users\\User\\Documents\\projects-git\\relay_mother_folder\\relay\\tests\\testdata\\bicycle_bivariate\\circuit=bicycle_bivariate_18_4_3_memory_X,distance=3,rounds=3,error_rate=0.001,noise_model=uniform_circuit,basis=CX,A=x+1+y,B=x+1+xy^2.stim""}",
       652,         7,         0,   120.1,msl-bp,8fbae80d3ef89296897f676a8e47bcb8c2151003b6e39d10606b7ee94914c1d6,"{""A"":""x+1+y"",""B"":""x+1+xy^2"",""basis"":""CX"",""circuit"":""bicycle_bivariate_18_4_3_memory_X"",""d"":3,""distance"":""3"",""error_rate"":""0.001"",""noise_model"":""uniform_circuit"",""p"":0.001,""r"":3,""rounds"":""3"",""stim_path"":""C:\\Users\\User\\Documents\\projects-git\\relay_mother_folder\\relay\\tests\\testdata\\bicycle_bivariate\\circuit=bicycle_bivariate_18_4_3_memory_X,distance=3,rounds=3,error_rate=0.001,noise_model=uniform_circuit,basis=CX,A=x+1+y,B=x+1+xy^2.stim""}",
       586,         4,         0,   119.9,msl-bp-cdamp-0p2,3a1f516d5a607d16a990acfe7beb3feb9c6b6d9127ff6cf3239d14306c8fbcb4,"{""A"":""x+1+y"",""B"":""x+1+xy^2"",""basis"":""CX"",""circuit"":""bicycle_bivariate_18_4_3_memory_X"",""d"":3,""distance"":""3"",""error_rate"":""0.001"",""noise_model"":""uniform_circuit"",""p"":0.001,""r"":3,""rounds"":""3"",""stim_path"":""C:\\Users\\User\\Documents\\projects-git\\relay_mother_folder\\relay\\tests\\testdata\\bicycle_bivariate\\circuit=bicycle_bivariate_18_4_3_memory_X,distance=3,rounds=3,error_rate=0.001,noise_model=uniform_circuit,basis=CX,A=x+1+y,B=x+1+xy^2.stim""}",
       612,         7,         0,   120.3,mem-bp,88862465eff4b2d4e75dad9bcf066c29c41d74d8aa9fbb631e277e7728d305a5,"{""A"":""x+1+y"",""B"":""x+1+xy^2"",""basis"":""CX"",""circuit"":""bicycle_bivariate_18_4_3_memory_X"",""d"":3,""distance"":""3"",""error_rate"":""0.001"",""noise_model"":""uniform_circuit"",""p"":0.001,""r"":3,""rounds"":""3"",""stim_path"":""C:\\Users\\User\\Documents\\projects-git\\relay_mother_folder\\relay\\tests\\testdata\\bicycle_bivariate\\circuit=bicycle_bivariate_18_4_3_memory_X,distance=3,rounds=3,error_rate=0.001,noise_model=uniform_circuit,basis=CX,A=x+1+y,B=x+1+xy^2.stim""}",
       586,         7,         0,   120.1,msl-bp-cdamp-0p8,95aa1299a09cfccca78c2e5a2f09fcb25221cfc03cb6f19befb6662bcc8760f6,"{""A"":""x+1+y"",""B"":""x+1+xy^2"",""basis"":""CX"",""circuit"":""bicycle_bivariate_18_4_3_memory_X"",""d"":3,""distance"":""3"",""error_rate"":""0.001"",""noise_model"":""uniform_circuit"",""p"":0.001,""r"":3,""rounds"":""3"",""stim_path"":""C:\\Users\\User\\Documents\\projects-git\\relay_mother_folder\\relay\\tests\\testdata\\bicycle_bivariate\\circuit=bicycle_bivariate_18_4_3_memory_X,distance=3,rounds=3,error_rate=0.001,noise_model=uniform_circuit,basis=CX,A=x+1+y,B=x+1+xy^2.stim""}",
       584,         4,         0,   120.4,msl-bp-cdamp-0p5,60ed0a6454f75fcc4110dcc67cfc7b494fa12ae46881ff871c282f98ceddb20d,"{""A"":""x+1+y"",""B"":""x+1+xy^2"",""basis"":""CX"",""circuit"":""bicycle_bivariate_18_4_3_memory_X"",""d"":3,""distance"":""3"",""error_rate"":""0.001"",""noise_model"":""uniform_circuit"",""p"":0.001,""r"":3,""rounds"":""3"",""stim_path"":""C:\\Users\\User\\Documents\\projects-git\\relay_mother_folder\\relay\\tests\\testdata\\bicycle_bivariate\\circuit=bicycle_bivariate_18_4_3_memory_X,distance=3,rounds=3,error_rate=0.001,noise_model=uniform_circuit,basis=CX,A=x+1+y,B=x+1+xy^2.stim""}",
       554,         2,         0,   120.1,mem-bp-cdamp-0p5,006cd8c28742ec24ef0db7d2700424bbe04c9e901d86e040647fcb76a9c9c49b,"{""A"":""x+1+y"",""B"":""x+1+xy^2"",""basis"":""CX"",""circuit"":""bicycle_bivariate_18_4_3_memory_X"",""d"":3,""distance"":""3"",""error_rate"":""0.001"",""noise_model"":""uniform_circuit"",""p"":0.001,""r"":3,""rounds"":""3"",""stim_path"":""C:\\Users\\User\\Documents\\projects-git\\relay_mother_folder\\relay\\tests\\testdata\\bicycle_bivariate\\circuit=bicycle_bivariate_18_4_3_memory_X,distance=3,rounds=3,error_rate=0.001,noise_model=uniform_circuit,basis=CX,A=x+1+y,B=x+1+xy^2.stim""}",
       554,         0,         0,   120.3,mem-bp-cdamp-0p8,899402286ed484b27cfa99bdff637396ac7709784ac0c8ccfcfed7ee79542de3,"{""A"":""x+1+y"",""B"":""x+1+xy^2"",""basis"":""CX"",""circuit"":""bicycle_bivariate_18_4_3_memory_X"",""d"":3,""distance"":""3"",""error_rate"":""0.001"",""noise_model"":""uniform_circuit"",""p"":0.001,""r"":3,""rounds"":""3"",""stim_path"":""C:\\Users\\User\\Documents\\projects-git\\relay_mother_folder\\relay\\tests\\testdata\\bicycle_bivariate\\circuit=bicycle_bivariate_18_4_3_memory_X,distance=3,rounds=3,error_rate=0.001,noise_model=uniform_circuit,basis=CX,A=x+1+y,B=x+1+xy^2.stim""}",
       560,         0,         0,   120.2,mem-bp-cdamp-0p2,426797af2e2a88dd9b2b6409d7dee2ce83baf9f9e50a97c8bf4ff8c1293e448f,"{""A"":""x+1+y"",""B"":""x+1+xy^2"",""basis"":""CX"",""circuit"":""bicycle_bivariate_18_4_3_memory_X"",""d"":3,""distance"":""3"",""error_rate"":""0.001"",""noise_model"":""uniform_circuit"",""p"":0.001,""r"":3,""rounds"":""3"",""stim_path"":""C:\\Users\\User\\Documents\\projects-git\\relay_mother_folder\\relay\\tests\\testdata\\bicycle_bivariate\\circuit=bicycle_bivariate_18_4_3_memory_X,distance=3,rounds=3,error_rate=0.001,noise_model=uniform_circuit,basis=CX,A=x+1+y,B=x+1+xy^2.stim""}",
       652,        10,         0,   120.2,msl-bp,8fbae80d3ef89296897f676a8e47bcb8c2151003b6e39d10606b7ee94914c1d6,"{""A"":""x+1+y"",""B"":""x+1+xy^2"",""basis"":""CX"",""circuit"":""bicycle_bivariate_18_4_3_memory_X"",""d"":3,""distance"":""3"",""error_rate"":""0.001"",""noise_model"":""uniform_circuit"",""p"":0.001,""r"":3,""rounds"":""3"",""stim_path"":""C:\\Users\\User\\Documents\\projects-git\\relay_mother_folder\\relay\\tests\\testdata\\bicycle_bivariate\\circuit=bicycle_bivariate_18_4_3_memory_X,distance=3,rounds=3,error_rate=0.001,noise_model=uniform_circuit,basis=CX,A=x+1+y,B=x+1+xy^2.stim""}",
       586,         4,         0,   120.2,msl-bp-cdamp-0p2,3a1f516d5a607d16a990acfe7beb3feb9c6b6d9127ff6cf3239d14306c8fbcb4,"{""A"":""x+1+y"",""B"":""x+1+xy^2"",""basis"":""CX"",""circuit"":""bicycle_bivariate_18_4_3_memory_X"",""d"":3,""distance"":""3"",""error_rate"":""0.001"",""noise_model"":""uniform_circuit"",""p"":0.001,""r"":3,""rounds"":""3"",""stim_path"":""C:\\Users\\User\\Documents\\projects-git\\relay_mother_folder\\relay\\tests\\testdata\\bicycle_bivariate\\circuit=bicycle_bivariate_18_4_3_memory_X,distance=3,rounds=3,error_rate=0.001,noise_model=uniform_circuit,basis=CX,A=x+1+y,B=x+1+xy^2.stim""}",
       592,         7,         0,   120.0,msl-bp-cdamp-0p8,95aa1299a09cfccca78c2e5a2f09fcb25221cfc03cb6f19befb6662bcc8760f6,"{""A"":""x+1+y"",""B"":""x+1+xy^2"",""basis"":""CX"",""circuit"":""bicycle_bivariate_18_4_3_memory_X"",""d"":3,""distance"":""3"",""error_rate"":""0.001"",""noise_model"":""uniform_circuit"",""p"":0.001,""r"":3,""rounds"":""3"",""stim_path"":""C:\\Users\\User\\Documents\\projects-git\\relay_mother_folder\\relay\\tests\\testdata\\bicycle_bivariate\\circuit=bicycle_bivariate_18_4_3_memory_X,distance=3,rounds=3,error_rate=0.001,noise_model=uniform_circuit,basis=CX,A=x+1+y,B=x+1+xy^2.stim""}",
       608,         1,         0,   120.4,mem-bp,88862465eff4b2d4e75dad9bcf066c29c41d74d8aa9fbb631e277e7728d305a5,"{""A"":""x+1+y"",""B"":""x+1+xy^2"",""basis"":""CX"",""circuit"":""bicycle_bivariate_18_4_3_memory_X"",""d"":3,""distance"":""3"",""error_rate"":""0.001"",""noise_model"":""uniform_circuit"",""p"":0.001,""r"":3,""rounds"":""3"",""stim_path"":""C:\\Users\\User\\Documents\\projects-git\\relay_mother_folder\\relay\\tests\\testdata\\bicycle_bivariate\\circuit=bicycle_bivariate_18_4_3_memory_X,distance=3,rounds=3,error_rate=0.001,noise_model=uniform_circuit,basis=CX,A=x+1+y,B=x+1+xy^2.stim""}",
       588,         4,         0,   120.1,msl-bp-cdamp-0p5,60ed0a6454f75fcc4110dcc67cfc7b494fa12ae46881ff871c282f98ceddb20d,"{""A"":""x+1+y"",""B"":""x+1+xy^2"",""basis"":""CX"",""circuit"":""bicycle_bivariate_18_4_3_memory_X"",""d"":3,""distance"":""3"",""error_rate"":""0.001"",""noise_model"":""uniform_circuit"",""p"":0.001,""r"":3,""rounds"":""3"",""stim_path"":""C:\\Users\\User\\Documents\\projects-git\\relay_mother_folder\\relay\\tests\\testdata\\bicycle_bivariate\\circuit=bicycle_bivariate_18_4_3_memory_X,distance=3,rounds=3,error_rate=0.001,noise_model=uniform_circuit,basis=CX,A=x+1+y,B=x+1+xy^2.stim""}",
       556,         3,         0,   120.4,mem-bp-cdamp-0p5,006cd8c28742ec24ef0db7d2700424bbe04c9e901d86e040647fcb76a9c9c49b,"{""A"":""x+1+y"",""B"":""x+1+xy^2"",""basis"":""CX"",""circuit"":""bicycle_bivariate_18_4_3_memory_X"",""d"":3,""distance"":""3"",""error_rate"":""0.001"",""noise_model"":""uniform_circuit"",""p"":0.001,""r"":3,""rounds"":""3"",""stim_path"":""C:\\Users\\User\\Documents\\projects-git\\relay_mother_folder\\relay\\tests\\testdata\\bicycle_bivariate\\circuit=bicycle_bivariate_18_4_3_memory_X,distance=3,rounds=3,error_rate=0.001,noise_model=uniform_circuit,basis=CX,A=x+1+y,B=x+1+xy^2.stim""}",
       560,         2,         0,   120.0,mem-bp-cdamp-0p8,899402286ed484b27cfa99bdff637396ac7709784ac0c8ccfcfed7ee79542de3,"{""A"":""x+1+y"",""B"":""x+1+xy^2"",""basis"":""CX"",""circuit"":""bicycle_bivariate_18_4_3_memory_X"",""d"":3,""distance"":""3"",""error_rate"":""0.001"",""noise_model"":""uniform_circuit"",""p"":0.001,""r"":3,""rounds"":""3"",""stim_path"":""C:\\Users\\User\\Documents\\projects-git\\relay_mother_folder\\relay\\tests\\testdata\\bicycle_bivariate\\circuit=bicycle_bivariate_18_4_3_memory_X,distance=3,rounds=3,error_rate=0.001,noise_model=uniform_circuit,basis=CX,A=x+1+y,B=x+1+xy^2.stim""}",
       556,         4,         0,   120.2,mem-bp-cdamp-0p2,426797af2e2a88dd9b2b6409d7dee2ce83baf9f9e50a97c8bf4ff8c1293e448f,"{""A"":""x+1+y"",""B"":""x+1+xy^2"",""basis"":""CX"",""circuit"":""bicycle_bivariate_18_4_3_memory_X"",""d"":3,""distance"":""3"",""error_rate"":""0.001"",""noise_model"":""uniform_circuit"",""p"":0.001,""r"":3,""rounds"":""3"",""stim_path"":""C:\\Users\\User\\Documents\\projects-git\\relay_mother_folder\\relay\\tests\\testdata\\bicycle_bivariate\\circuit=bicycle_bivariate_18_4_3_memory_X,distance=3,rounds=3,error_rate=0.001,noise_model=uniform_circuit,basis=CX,A=x+1+y,B=x+1+xy^2.stim""}",
       638,         8,         0,   120.3,msl-bp,8fbae80d3ef89296897f676a8e47bcb8c2151003b6e39d10606b7ee94914c1d6,"{""A"":""x+1+y"",""B"":""x+1+xy^2"",""basis"":""CX"",""circuit"":""bicycle_bivariate_18_4_3_memory_X"",""d"":3,""distance"":""3"",""error_rate"":""0.001"",""noise_model"":""uniform_circuit"",""p"":0.001,""r"":3,""rounds"":""3"",""stim_path"":""C:\\Users\\User\\Documents\\projects-git\\relay_mother_folder\\relay\\tests\\testdata\\bicycle_bivariate\\circuit=bicycle_bivariate_18_4_3_memory_X,distance=3,rounds=3,error_rate=0.001,noise_model=uniform_circuit,basis=CX,A=x+1+y,B=x+1+xy^2.stim""}",
       580,         3,         0,   120.0,msl-bp-cdamp-0p2,3a1f516d5a607d16a990acfe7beb3feb9c6b6d9127ff6cf3239d14306c8fbcb4,"{""A"":""x+1+y"",""B"":""x+1+xy^2"",""basis"":""CX"",""circuit"":""bicycle_bivariate_18_4_3_memory_X"",""d"":3,""distance"":""3"",""error_rate"":""0.001"",""noise_model"":""uniform_circuit"",""p"":0.001,""r"":3,""rounds"":""3"",""stim_path"":""C:\\Users\\User\\Documents\\projects-git\\relay_mother_folder\\relay\\tests\\testdata\\bicycle_bivariate\\circuit=bicycle_bivariate_18_4_3_memory_X,distance=3,rounds=3,error_rate=0.001,noise_model=uniform_circuit,basis=CX,A=x+1+y,B=x+1+xy^2.stim""}",
       582,        11,         0,   120.1,msl-bp-cdamp-0p8,95aa1299a09cfccca78c2e5a2f09fcb25221cfc03cb6f19befb6662bcc8760f6,"{""A"":""x+1+y"",""B"":""x+1+xy^2"",""basis"":""CX"",""circuit"":""bicycle_bivariate_18_4_3_memory_X"",""d"":3,""distance"":""3"",""error_rate"":""0.001"",""noise_model"":""uniform_circuit"",""p"":0.001,""r"":3,""rounds"":""3"",""stim_path"":""C:\\Users\\User\\Documents\\projects-git\\relay_mother_folder\\relay\\tests\\testdata\\bicycle_bivariate\\circuit=bicycle_bivariate_18_4_3_memory_X,distance=3,rounds=3,error_rate=0.001,noise_model=uniform_circuit,basis=CX,A=x+1+y,B=x+1+xy^2.stim""}",
       594,         4,         0,   120.4,mem-bp,88862465eff4b2d4e75dad9bcf066c29c41d74d8aa9fbb631e277e7728d305a5,"{""A"":""x+1+y"",""B"":""x+1+xy^2"",""basis"":""CX"",""circuit"":""bicycle_bivariate_18_4_3_memory_X"",""d"":3,""distance"":""3"",""error_rate"":""0.001"",""noise_model"":""uniform_circuit"",""p"":0.001,""r"":3,""rounds"":""3"",""stim_path"":""C:\\Users\\User\\Documents\\projects-git\\relay_mother_folder\\relay\\tests\\testdata\\bicycle_bivariate\\circuit=bicycle_bivariate_18_4_3_memory_X,distance=3,rounds=3,error_rate=0.001,noise_model=uniform_circuit,basis=CX,A=x+1+y,B=x+1+xy^2.stim""}",
       576,         3,         0,   120.0,msl-bp-cdamp-0p5,60ed0a6454f75fcc4110dcc67cfc7b494fa12ae46881ff871c282f98ceddb20d,"{""A"":""x+1+y"",""B"":""x+1+xy^2"",""basis"":""CX"",""circuit"":""bicycle_bivariate_18_4_3_memory_X"",""d"":3,""distance"":""3"",""error_rate"":""0.001"",""noise_model"":""uniform_circuit"",""p"":0.001,""r"":3,""rounds"":""3"",""stim_path"":""C:\\Users\\User\\Documents\\projects-git\\relay_mother_folder\\relay\\tests\\testdata\\bicycle_bivariate\\circuit=bicycle_bivariate_18_4_3_memory_X,distance=3,rounds=3,error_rate=0.001,noise_model=uniform_circuit,basis=CX,A=x+1+y,B=x+1+xy^2.stim""}",
       544,         1,         0,   120.1,mem-bp-cdamp-0p5,006cd8c28742ec24ef0db7d2700424bbe04c9e901d86e040647fcb76a9c9c49b,"{""A"":""x+1+y"",""B"":""x+1+xy^2"",""basis"":""CX"",""circuit"":""bicycle_bivariate_18_4_3_memory_X"",""d"":3,""distance"":""3"",""error_rate"":""0.001"",""noise_model"":""uniform_circuit"",""p"":0.001,""r"":3,""rounds"":""3"",""stim_path"":""C:\\Users\\User\\Documents\\projects-git\\relay_mother_folder\\relay\\tests\\testdata\\bicycle_bivariate\\circuit=bicycle_bivariate_18_4_3_memory_X,distance=3,rounds=3,error_rate=0.001,noise_model=uniform_circuit,basis=CX,A=x+1+y,B=x+1+xy^2.stim""}",
       542,         1,         0,   120.0,mem-bp-cdamp-0p8,899402286ed484b27cfa99bdff637396ac7709784ac0c8ccfcfed7ee79542de3,"{""A"":""x+1+y"",""B"":""x+1+xy^2"",""basis"":""CX"",""circuit"":""bicycle_bivariate_18_4_3_memory_X"",""d"":3,""distance"":""3"",""error_rate"":""0.001"",""noise_model"":""uniform_circuit"",""p"":0.001,""r"":3,""rounds"":""3"",""stim_path"":""C:\\Users\\User\\Documents\\projects-git\\relay_mother_folder\\relay\\tests\\testdata\\bicycle_bivariate\\circuit=bicycle_bivariate_18_4_3_memory_X,distance=3,rounds=3,error_rate=0.001,noise_model=uniform_circuit,basis=CX,A=x+1+y,B=x+1+xy^2.stim""}",
       546,         2,         0,   120.0,mem-bp-cdamp-0p2,426797af2e2a88dd9b2b6409d7dee2ce83baf9f9e50a97c8bf4ff8c1293e448f,"{""A"":""x+1+y"",""B"":""x+1+xy^2"",""basis"":""CX"",""circuit"":""bicycle_bivariate_18_4_3_memory_X"",""d"":3,""distance"":""3"",""error_rate"":""0.001"",""noise_model"":""uniform_circuit"",""p"":0.001,""r"":3,""rounds"":""3"",""stim_path"":""C:\\Users\\User\\Documents\\projects-git\\relay_mother_folder\\relay\\tests\\testdata\\bicycle_bivariate\\circuit=bicycle_bivariate_18_4_3_memory_X,distance=3,rounds=3,error_rate=0.001,noise_model=uniform_circuit,basis=CX,A=x+1+y,B=x+1+xy^2.stim""}",
       648,        13,         0,   120.2,msl-bp,8fbae80d3ef89296897f676a8e47bcb8c2151003b6e39d10606b7ee94914c1d6,"{""A"":""x+1+y"",""B"":""x+1+xy^2"",""basis"":""CX"",""circuit"":""bicycle_bivariate_18_4_3_memory_X"",""d"":3,""distance"":""3"",""error_rate"":""0.001"",""noise_model"":""uniform_circuit"",""p"":0.001,""r"":3,""rounds"":""3"",""stim_path"":""C:\\Users\\User\\Documents\\projects-git\\relay_mother_folder\\relay\\tests\\testdata\\bicycle_bivariate\\circuit=bicycle_bivariate_18_4_3_memory_X,distance=3,rounds=3,error_rate=0.001,noise_model=uniform_circuit,basis=CX,A=x+1+y,B=x+1+xy^2.stim""}",
       592,         3,         0,   120.2,msl-bp-cdamp-0p2,3a1f516d5a607d16a990acfe7beb3feb9c6b6d9127ff6cf3239d14306c8fbcb4,"{""A"":""x+1+y"",""B"":""x+1+xy^2"",""basis"":""CX"",""circuit"":""bicycle_bivariate_18_4_3_memory_X"",""d"":3,""distance"":""3"",""error_rate"":""0.001"",""noise_model"":""uniform_circuit"",""p"":0.001,""r"":3,""rounds"":""3"",""stim_path"":""C:\\Users\\User\\Documents\\projects-git\\relay_mother_folder\\relay\\tests\\testdata\\bicycle_bivariate\\circuit=bicycle_bivariate_18_4_3_memory_X,distance=3,rounds=3,error_rate=0.001,noise_model=uniform_circuit,basis=CX,A=x+1+y,B=x+1+xy^2.stim""}",
       588,         7,         0,   120.1,msl-bp-cdamp-0p8,95aa1299a09cfccca78c2e5a2f09fcb25221cfc03cb6f19befb6662bcc8760f6,"{""A"":""x+1+y"",""B"":""x+1+xy^2"",""basis"":""CX"",""circuit"":""bicycle_bivariate_18_4_3_memory_X"",""d"":3,""distance"":""3"",""error_rate"":""0.001"",""noise_model"":""uniform_circuit"",""p"":0.001,""r"":3,""rounds"":""3"",""stim_path"":""C:\\Users\\User\\Documents\\projects-git\\relay_mother_folder\\relay\\tests\\testdata\\bicycle_bivariate\\circuit=bicycle_bivariate_18_4_3_memory_X,distance=3,rounds=3,error_rate=0.001,noise_model=uniform_circuit,basis=CX,A=x+1+y,B=x+1+xy^2.stim""}",
       612,         2,         0,   120.3,mem-bp,88862465eff4b2d4e75dad9bcf066c29c41d74d8aa9fbb631e277e7728d305a5,"{""A"":""x+1+y"",""B"":""x+1+xy^2"",""basis"":""CX"",""circuit"":""bicycle_bivariate_18_4_3_memory_X"",""d"":3,""distance"":""3"",""error_rate"":""0.001"",""noise_model"":""uniform_circuit"",""p"":0.001,""r"":3,""rounds"":""3"",""stim_path"":""C:\\Users\\User\\Documents\\projects-git\\relay_mother_folder\\relay\\tests\\testdata\\bicycle_bivariate\\circuit=bicycle_bivariate_18_4_3_memory_X,distance=3,rounds=3,error_rate=0.001,noise_model=uniform_circuit,basis=CX,A=x+1+y,B=x+1+xy^2.stim""}",
       592,         4,         0,   120.3,msl-bp-cdamp-0p5,60ed0a6454f75fcc4110dcc67cfc7b494fa12ae46881ff871c282f98ceddb20d,"{""A"":""x+1+y"",""B"":""x+1+xy^2"",""basis"":""CX"",""circuit"":""bicycle_bivariate_18_4_3_memory_X"",""d"":3,""distance"":""3"",""error_rate"":""0.001"",""noise_model"":""uniform_circuit"",""p"":0.001,""r"":3,""rounds"":""3"",""stim_path"":""C:\\Users\\User\\Documents\\projects-git\\relay_mother_folder\\relay\\tests\\testdata\\bicycle_bivariate\\circuit=bicycle_bivariate_18_4_3_memory_X,distance=3,rounds=3,error_rate=0.001,noise_model=uniform_circuit,basis=CX,A=x+1+y,B=x+1+xy^2.stim""}",
       562,         3,         0,   120.2,mem-bp-cdamp-0p5,006cd8c28742ec24ef0db7d2700424bbe04c9e901d86e040647fcb76a9c9c49b,"{""A"":""x+1+y"",""B"":""x+1+xy^2"",""basis"":""CX"",""circuit"":""bicycle_bivariate_18_4_3_memory_X"",""d"":3,""distance"":""3"",""error_rate"":""0.001"",""noise_model"":""uniform_circuit"",""p"":0.001,""r"":3,""rounds"":""3"",""stim_path"":""C:\\Users\\User\\Documents\\projects-git\\relay_mother_folder\\relay\\tests\\testdata\\bicycle_bivariate\\circuit=bicycle_bivariate_18_4_3_memory_X,distance=3,rounds=3,error_rate=0.001,noise_model=uniform_circuit,basis=CX,A=x+1+y,B=x+1+xy^2.stim""}",
       562,         6,         0,   120.4,mem-bp-cdamp-0p8,899402286ed484b27cfa99bdff637396ac7709784ac0c8ccfcfed7ee79542de3,"{""A"":""x+1+y"",""B"":""x+1+xy^2"",""basis"":""CX"",""circuit"":""bicycle_bivariate_18_4_3_memory_X"",""d"":3,""distance"":""3"",""error_rate"":""0.001"",""noise_model"":""uniform_circuit"",""p"":0.001,""r"":3,""rounds"":""3"",""stim_path"":""C:\\Users\\User\\Documents\\projects-git\\relay_mother_folder\\relay\\tests\\testdata\\bicycle_bivariate\\circuit=bicycle_bivariate_18_4_3_memory_X,distance=3,rounds=3,error_rate=0.001,noise_model=uniform_circuit,basis=CX,A=x+1+y,B=x+1+xy^2.stim""}",
       560,         0,         0,   120.0,mem-bp-cdamp-0p2,426797af2e2a88dd9b2b6409d7dee2ce83baf9f9e50a97c8bf4ff8c1293e448f,"{""A"":""x+1+y"",""B"":""x+1+xy^2"",""basis"":""CX"",""circuit"":""bicycle_bivariate_18_4_3_memory_X"",""d"":3,""distance"":""3"",""error_rate"":""0.001"",""noise_model"":""uniform_circuit"",""p"":0.001,""r"":3,""rounds"":""3"",""stim_path"":""C:\\Users\\User\\Documents\\projects-git\\relay_mother_folder\\relay\\tests\\testdata\\bicycle_bivariate\\circuit=bicycle_bivariate_18_4_3_memory_X,distance=3,rounds=3,error_rate=0.001,noise_model=uniform_circuit,basis=CX,A=x+1+y,B=x+1+xy^2.stim""}",
       638,        11,         0,   120.1,msl-bp,8fbae80d3ef89296897f676a8e47bcb8c2151003b6e39d10606b7ee94914c1d6,"{""A"":""x+1+y"",""B"":""x+1+xy^2"",""basis"":""CX"",""circuit"":""bicycle_bivariate_18_4_3_memory_X"",""d"":3,""distance"":""3"",""error_rate"":""0.001"",""noise_model"":""uniform_circuit"",""p"":0.001,""r"":3,""rounds"":""3"",""stim_path"":""C:\\Users\\User\\Documents\\projects-git\\relay_mother_folder\\relay\\tests\\testdata\\bicycle_bivariate\\circuit=bicycle_bivariate_18_4_3_memory_X,distance=3,rounds=3,error_rate=0.001,noise_model=uniform_circuit,basis=CX,A=x+1+y,B=x+1+xy^2.stim""}",
       590,         2,         0,   120.2,msl-bp-cdamp-0p2,3a1f516d5a607d16a990acfe7beb3feb9c6b6d9127ff6cf3239d14306c8fbcb4,"{""A"":""x+1+y"",""B"":""x+1+xy^2"",""basis"":""CX"",""circuit"":""bicycle_bivariate_18_4_3_memory_X"",""d"":3,""distance"":""3"",""error_rate"":""0.001"",""noise_model"":""uniform_circuit"",""p"":0.001,""r"":3,""rounds"":""3"",""stim_path"":""C:\\Users\\User\\Documents\\projects-git\\relay_mother_folder\\relay\\tests\\testdata\\bicycle_bivariate\\circuit=bicycle_bivariate_18_4_3_memory_X,distance=3,rounds=3,error_rate=0.001,noise_model=uniform_circuit,basis=CX,A=x+1+y,B=x+1+xy^2.stim""}",
       590,         7,         0,   120.1,msl-bp-cdamp-0p8,95aa1299a09cfccca78c2e5a2f09fcb25221cfc03cb6f19befb6662bcc8760f6,"{""A"":""x+1+y"",""B"":""x+1+xy^2"",""basis"":""CX"",""circuit"":""bicycle_bivariate_18_4_3_memory_X"",""d"":3,""distance"":""3"",""error_rate"":""0.001"",""noise_model"":""uniform_circuit"",""p"":0.001,""r"":3,""rounds"":""3"",""stim_path"":""C:\\Users\\User\\Documents\\projects-git\\relay_mother_folder\\relay\\tests\\testdata\\bicycle_bivariate\\circuit=bicycle_bivariate_18_4_3_memory_X,distance=3,rounds=3,error_rate=0.001,noise_model=uniform_circuit,basis=CX,A=x+1+y,B=x+1+xy^2.stim""}",
       600,         2,         0,   120.2,mem-bp,88862465eff4b2d4e75dad9bcf066c29c41d74d8aa9fbb631e277e7728d305a5,"{""A"":""x+1+y"",""B"":""x+1+xy^2"",""basis"":""CX"",""circuit"":""bicycle_bivariate_18_4_3_memory_X"",""d"":3,""distance"":""3"",""error_rate"":""0.001"",""noise_model"":""uniform_circuit"",""p"":0.001,""r"":3,""rounds"":""3"",""stim_path"":""C:\\Users\\User\\Documents\\projects-git\\relay_mother_folder\\relay\\tests\\testdata\\bicycle_bivariate\\circuit=bicycle_bivariate_18_4_3_memory_X,distance=3,rounds=3,error_rate=0.001,noise_model=uniform_circuit,basis=CX,A=x+1+y,B=x+1+xy^2.stim""}",
       578,         2,         0,   120.4,msl-bp-cdamp-0p5,60ed0a6454f75fcc4110dcc67cfc7b494fa12ae46881ff871c282f98ceddb20d,"{""A"":""x+1+y"",""B"":""x+1+xy^2"",""basis"":""CX"",""circuit"":""bicycle_bivariate_18_4_3_memory_X"",""d"":3,""distance"":""3"",""error_rate"":""0.001"",""noise_model"":""uniform_circuit"",""p"":0.001,""r"":3,""rounds"":""3"",""stim_path"":""C:\\Users\\User\\Documents\\projects-git\\relay_mother_folder\\relay\\tests\\testdata\\bicycle_bivariate\\circuit=bicycle_bivariate_18_4_3_memory_X,distance=3,rounds=3,error_rate=0.001,noise_model=uniform_circuit,basis=CX,A=x+1+y,B=x+1+xy^2.stim""}",
       544,         3,         0,   120.2,mem-bp-cdamp-0p5,006cd8c28742ec24ef0db7d2700424bbe04c9e901d86e040647fcb76a9c9c49b,"{""A"":""x+1+y"",""B"":""x+1+xy^2"",""basis"":""CX"",""circuit"":""bicycle_bivariate_18_4_3_memory_X"",""d"":3,""distance"":""3"",""error_rate"":""0.001"",""noise_model"":""uniform_circuit"",""p"":0.001,""r"":3,""rounds"":""3"",""stim_path"":""C:\\Users\\User\\Documents\\projects-git\\relay_mother_folder\\relay\\tests\\testdata\\bicycle_bivariate\\circuit=bicycle_bivariate_18_4_3_memory_X,distance=3,rounds=3,error_rate=0.001,noise_model=uniform_circuit,basis=CX,A=x+1+y,B=x+1+xy^2.stim""}",
       554,         0,         0,   120.4,mem-bp-cdamp-0p8,899402286ed484b27cfa99bdff637396ac7709784ac0c8ccfcfed7ee79542de3,"{""A"":""x+1+y"",""B"":""x+1+xy^2"",""basis"":""CX"",""circuit"":""bicycle_bivariate_18_4_3_memory_X"",""d"":3,""distance"":""3"",""error_rate"":""0.001"",""noise_model"":""uniform_circuit"",""p"":0.001,""r"":3,""rounds"":""3"",""stim_path"":""C:\\Users\\User\\Documents\\projects-git\\relay_mother_folder\\relay\\tests\\testdata\\bicycle_bivariate\\circuit=bicycle_bivariate_18_4_3_memory_X,distance=3,rounds=3,error_rate=0.001,noise_model=uniform_circuit,basis=CX,A=x+1+y,B=x+1+xy^2.stim""}",
       552,         2,         0,   120.5,mem-bp-cdamp-0p2,426797af2e2a88dd9b2b6409d7dee2ce83baf9f9e50a97c8bf4ff8c1293e448f,"{""A"":""x+1+y"",""B"":""x+1+xy^2"",""basis"":""CX"",""circuit"":""bicycle_bivariate_18_4_3_memory_X"",""d"":3,""distance"":""3"",""error_rate"":""0.001"",""noise_model"":""uniform_circuit"",""p"":0.001,""r"":3,""rounds"":""3"",""stim_path"":""C:\\Users\\User\\Documents\\projects-git\\relay_mother_folder\\relay\\tests\\testdata\\bicycle_bivariate\\circuit=bicycle_bivariate_18_4_3_memory_X,distance=3,rounds=3,error_rate=0.001,noise_model=uniform_circuit,basis=CX,A=x+1+y,B=x+1+xy^2.stim""}",
       648,         7,         0,   120.1,msl-bp,8fbae80d3ef89296897f676a8e47bcb8c2151003b6e39d10606b7ee94914c1d6,"{""A"":""x+1+y"",""B"":""x+1+xy^2"",""basis"":""CX"",""circuit"":""bicycle_bivariate_18_4_3_memory_X"",""d"":3,""distance"":""3"",""error_rate"":""0.001"",""noise_model"":""uniform_circuit"",""p"":0.001,""r"":3,""rounds"":""3"",""stim_path"":""C:\\Users\\User\\Documents\\projects-git\\relay_mother_folder\\relay\\tests\\testdata\\bicycle_bivariate\\circuit=bicycle_bivariate_18_4_3_memory_X,distance=3,rounds=3,error_rate=0.001,noise_model=uniform_circuit,basis=CX,A=x+1+y,B=x+1+xy^2.stim""}",
       586,         3,         0,   120.3,msl-bp-cdamp-0p2,3a1f516d5a607d16a990acfe7beb3feb9c6b6d9127ff6cf3239d14306c8fbcb4,"{""A"":""x+1+y"",""B"":""x+1+xy^2"",""basis"":""CX"",""circuit"":""bicycle_bivariate_18_4_3_memory_X"",""d"":3,""distance"":""3"",""error_rate"":""0.001"",""noise_model"":""uniform_circuit"",""p"":0.001,""r"":3,""rounds"":""3"",""stim_path"":""C:\\Users\\User\\Documents\\projects-git\\relay_mother_folder\\relay\\tests\\testdata\\bicycle_bivariate\\circuit=bicycle_bivariate_18_4_3_memory_X,distance=3,rounds=3,error_rate=0.001,noise_model=uniform_circuit,basis=CX,A=x+1+y,B=x+1+xy^2.stim""}",
       588,         8,         0,   120.2,msl-bp-cdamp-0p8,95aa1299a09cfccca78c2e5a2f09fcb25221cfc03cb6f19befb6662bcc8760f6,"{""A"":""x+1+y"",""B"":""x+1+xy^2"",""basis"":""CX"",""circuit"":""bicycle_bivariate_18_4_3_memory_X"",""d"":3,""distance"":""3"",""error_rate"":""0.001"",""noise_model"":""uniform_circuit"",""p"":0.001,""r"":3,""rounds"":""3"",""stim_path"":""C:\\Users\\User\\Documents\\projects-git\\relay_mother_folder\\relay\\tests\\testdata\\bicycle_bivariate\\circuit=bicycle_bivariate_18_4_3_memory_X,distance=3,rounds=3,error_rate=0.001,noise_model=uniform_circuit,basis=CX,A=x+1+y,B=x+1+xy^2.stim""}",
       612,         5,         0,   120.2,mem-bp,88862465eff4b2d4e75dad9bcf066c29c41d74d8aa9fbb631e277e7728d305a5,"{""A"":""x+1+y"",""B"":""x+1+xy^2"",""basis"":""CX"",""circuit"":""bicycle_bivariate_18_4_3_memory_X"",""d"":3,""distance"":""3"",""error_rate"":""0.001"",""noise_model"":""uniform_circuit"",""p"":0.001,""r"":3,""rounds"":""3"",""stim_path"":""C:\\Users\\User\\Documents\\projects-git\\relay_mother_folder\\relay\\tests\\testdata\\bicycle_bivariate\\circuit=bicycle_bivariate_18_4_3_memory_X,distance=3,rounds=3,error_rate=0.001,noise_model=uniform_circuit,basis=CX,A=x+1+y,B=x+1+xy^2.stim""}",
       556,         0,         0,   119.9,mem-bp-cdamp-0p5,006cd8c28742ec24ef0db7d2700424bbe04c9e901d86e040647fcb76a9c9c49b,"{""A"":""x+1+y"",""B"":""x+1+xy^2"",""basis"":""CX"",""circuit"":""bicycle_bivariate_18_4_3_memory_X"",""d"":3,""distance"":""3"",""error_rate"":""0.001"",""noise_model"":""uniform_circuit"",""p"":0.001,""r"":3,""rounds"":""3"",""stim_path"":""C:\\Users\\User\\Documents\\projects-git\\relay_mother_folder\\relay\\tests\\testdata\\bicycle_bivariate\\circuit=bicycle_bivariate_18_4_3_memory_X,distance=3,rounds=3,error_rate=0.001,noise_model=uniform_circuit,basis=CX,A=x+1+y,B=x+1+xy^2.stim""}",
       586,         1,         0,   120.3,msl-bp-cdamp-0p5,60ed0a6454f75fcc4110dcc67cfc7b494fa12ae46881ff871c282f98ceddb20d,"{""A"":""x+1+y"",""B"":""x+1+xy^2"",""basis"":""CX"",""circuit"":""bicycle_bivariate_18_4_3_memory_X"",""d"":3,""distance"":""3"",""error_rate"":""0.001"",""noise_model"":""uniform_circuit"",""p"":0.001,""r"":3,""rounds"":""3"",""stim_path"":""C:\\Users\\User\\Documents\\projects-git\\relay_mother_folder\\relay\\tests\\testdata\\bicycle_bivariate\\circuit=bicycle_bivariate_18_4_3_memory_X,distance=3,rounds=3,error_rate=0.001,noise_model=uniform_circuit,basis=CX,A=x+1+y,B=x+1+xy^2.stim""}",
       554,         4,         0,   120.2,mem-bp-cdamp-0p8,899402286ed484b27cfa99bdff637396ac7709784ac0c8ccfcfed7ee79542de3,"{""A"":""x+1+y"",""B"":""x+1+xy^2"",""basis"":""CX"",""circuit"":""bicycle_bivariate_18_4_3_memory_X"",""d"":3,""distance"":""3"",""error_rate"":""0.001"",""noise_model"":""uniform_circuit"",""p"":0.001,""r"":3,""rounds"":""3"",""stim_path"":""C:\\Users\\User\\Documents\\projects-git\\relay_mother_folder\\relay\\tests\\testdata\\bicycle_bivariate\\circuit=bicycle_bivariate_18_4_3_memory_X,distance=3,rounds=3,error_rate=0.001,noise_model=uniform_circuit,basis=CX,A=x+1+y,B=x+1+xy^2.stim""}",
       564,         4,         0,   120.1,mem-bp-cdamp-0p2,426797af2e2a88dd9b2b6409d7dee2ce83baf9f9e50a97c8bf4ff8c1293e448f,"{""A"":""x+1+y"",""B"":""x+1+xy^2"",""basis"":""CX"",""circuit"":""bicycle_bivariate_18_4_3_memory_X"",""d"":3,""distance"":""3"",""error_rate"":""0.001"",""noise_model"":""uniform_circuit"",""p"":0.001,""r"":3,""rounds"":""3"",""stim_path"":""C:\\Users\\User\\Documents\\projects-git\\relay_mother_folder\\relay\\tests\\testdata\\bicycle_bivariate\\circuit=bicycle_bivariate_18_4_3_memory_X,distance=3,rounds=3,error_rate=0.001,noise_model=uniform_circuit,basis=CX,A=x+1+y,B=x+1+xy^2.stim""}",
       642,         5,         0,   120.1,msl-bp,8fbae80d3ef89296897f676a8e47bcb8c2151003b6e39d10606b7ee94914c1d6,"{""A"":""x+1+y"",""B"":""x+1+xy^2"",""basis"":""CX"",""circuit"":""bicycle_bivariate_18_4_3_memory_X"",""d"":3,""distance"":""3"",""error_rate"":""0.001"",""noise_model"":""uniform_circuit"",""p"":0.001,""r"":3,""rounds"":""3"",""stim_path"":""C:\\Users\\User\\Documents\\projects-git\\relay_mother_folder\\relay\\tests\\testdata\\bicycle_bivariate\\circuit=bicycle_bivariate_18_4_3_memory_X,distance=3,rounds=3,error_rate=0.001,noise_model=uniform_circuit,basis=CX,A=x+1+y,B=x+1+xy^2.stim""}",
       586,         1,         0,   120.2,msl-bp-cdamp-0p2,3a1f516d5a607d16a990acfe7beb3feb9c6b6d9127ff6cf3239d14306c8fbcb4,"{""A"":""x+1+y"",""B"":""x+1+xy^2"",""basis"":""CX"",""circuit"":""bicycle_bivariate_18_4_3_memory_X"",""d"":3,""distance"":""3"",""error_rate"":""0.001"",""noise_model"":""uniform_circuit"",""p"":0.001,""r"":3,""rounds"":""3"",""stim_path"":""C:\\Users\\User\\Documents\\projects-git\\relay_mother_folder\\relay\\tests\\testdata\\bicycle_bivariate\\circuit=bicycle_bivariate_18_4_3_memory_X,distance=3,rounds=3,error_rate=0.001,noise_model=uniform_circuit,basis=CX,A=x+1+y,B=x+1+xy^2.stim""}",
       586,         7,         0,   120.3,msl-bp-cdamp-0p8,95aa1299a09cfccca78c2e5a2f09fcb25221cfc03cb6f19befb6662bcc8760f6,"{""A"":""x+1+y"",""B"":""x+1+xy^2"",""basis"":""CX"",""circuit"":""bicycle_bivariate_18_4_3_memory_X"",""d"":3,""distance"":""3"",""error_rate"":""0.001"",""noise_model"":""uniform_circuit"",""p"":0.001,""r"":3,""rounds"":""3"",""stim_path"":""C:\\Users\\User\\Documents\\projects-git\\relay_mother_folder\\relay\\tests\\testdata\\bicycle_bivariate\\circuit=bicycle_bivariate_18_4_3_memory_X,distance=3,rounds=3,error_rate=0.001,noise_model=uniform_circuit,basis=CX,A=x+1+y,B=x+1+xy^2.stim""}",
       614,         4,         0,   120.0,mem-bp,88862465eff4b2d4e75dad9bcf066c29c41d74d8aa9fbb631e277e7728d305a5,"{""A"":""x+1+y"",""B"":""x+1+xy^2"",""basis"":""CX"",""circuit"":""bicycle_bivariate_18_4_3_memory_X"",""d"":3,""distance"":""3"",""error_rate"":""0.001"",""noise_model"":""uniform_circuit"",""p"":0.001,""r"":3,""rounds"":""3"",""stim_path"":""C:\\Users\\User\\Documents\\projects-git\\relay_mother_folder\\relay\\tests\\testdata\\bicycle_bivariate\\circuit=bicycle_bivariate_18_4_3_memory_X,distance=3,rounds=3,error_rate=0.001,noise_model=uniform_circuit,basis=CX,A=x+1+y,B=x+1+xy^2.stim""}",
       552,         4,         0,   120.2,mem-bp-cdamp-0p5,006cd8c28742ec24ef0db7d2700424bbe04c9e901d86e040647fcb76a9c9c49b,"{""A"":""x+1+y"",""B"":""x+1+xy^2"",""basis"":""CX"",""circuit"":""bicycle_bivariate_18_4_3_memory_X"",""d"":3,""distance"":""3"",""error_rate"":""0.001"",""noise_model"":""uniform_circuit"",""p"":0.001,""r"":3,""rounds"":""3"",""stim_path"":""C:\\Users\\User\\Documents\\projects-git\\relay_mother_folder\\relay\\tests\\testdata\\bicycle_bivariate\\circuit=bicycle_bivariate_18_4_3_memory_X,distance=3,rounds=3,error_rate=0.001,noise_model=uniform_circuit,basis=CX,A=x+1+y,B=x+1+xy^2.stim""}",
       586,         2,         0,   120.1,msl-bp-cdamp-0p5,60ed0a6454f75fcc4110dcc67cfc7b494fa12ae46881ff871c282f98ceddb20d,"{""A"":""x+1+y"",""B"":""x+1+xy^2"",""basis"":""CX"",""circuit"":""bicycle_bivariate_18_4_3_memory_X"",""d"":3,""distance"":""3"",""error_rate"":""0.001"",""noise_model"":""uniform_circuit"",""p"":0.001,""r"":3,""rounds"":""3"",""stim_path"":""C:\\Users\\User\\Documents\\projects-git\\relay_mother_folder\\relay\\tests\\testdata\\bicycle_bivariate\\circuit=bicycle_bivariate_18_4_3_memory_X,distance=3,rounds=3,error_rate=0.001,noise_model=uniform_circuit,basis=CX,A=x+1+y,B=x+1+xy^2.stim""}",
       548,         0,         0,   120.1,mem-bp-cdamp-0p8,899402286ed484b27cfa99bdff637396ac7709784ac0c8ccfcfed7ee79542de3,"{""A"":""x+1+y"",""B"":""x+1+xy^2"",""basis"":""CX"",""circuit"":""bicycle_bivariate_18_4_3_memory_X"",""d"":3,""distance"":""3"",""error_rate"":""0.001"",""noise_model"":""uniform_circuit"",""p"":0.001,""r"":3,""rounds"":""3"",""stim_path"":""C:\\Users\\User\\Documents\\projects-git\\relay_mother_folder\\relay\\tests\\testdata\\bicycle_bivariate\\circuit=bicycle_bivariate_18_4_3_memory_X,distance=3,rounds=3,error_rate=0.001,noise_model=uniform_circuit,basis=CX,A=x+1+y,B=x+1+xy^2.stim""}",
       560,         3,         0,   120.4,mem-bp-cdamp-0p2,426797af2e2a88dd9b2b6409d7dee2ce83baf9f9e50a97c8bf4ff8c1293e448f,"{""A"":""x+1+y"",""B"":""x+1+xy^2"",""basis"":""CX"",""circuit"":""bicycle_bivariate_18_4_3_memory_X"",""d"":3,""distance"":""3"",""error_rate"":""0.001"",""noise_model"":""uniform_circuit"",""p"":0.001,""r"":3,""rounds"":""3"",""stim_path"":""C:\\Users\\User\\Documents\\projects-git\\relay_mother_folder\\relay\\tests\\testdata\\bicycle_bivariate\\circuit=bicycle_bivariate_18_4_3_memory_X,distance=3,rounds=3,error_rate=0.001,noise_model=uniform_circuit,basis=CX,A=x+1+y,B=x+1+xy^2.stim""}",
       652,         6,         0,   120.2,msl-bp,8fbae80d3ef89296897f676a8e47bcb8c2151003b6e39d10606b7ee94914c1d6,"{""A"":""x+1+y"",""B"":""x+1+xy^2"",""basis"":""CX"",""circuit"":""bicycle_bivariate_18_4_3_memory_X"",""d"":3,""distance"":""3"",""error_rate"":""0.001"",""noise_model"":""uniform_circuit"",""p"":0.001,""r"":3,""rounds"":""3"",""stim_path"":""C:\\Users\\User\\Documents\\projects-git\\relay_mother_folder\\relay\\tests\\testdata\\bicycle_bivariate\\circuit=bicycle_bivariate_18_4_3_memory_X,distance=3,rounds=3,error_rate=0.001,noise_model=uniform_circuit,basis=CX,A=x+1+y,B=x+1+xy^2.stim""}",
       594,         3,         0,   120.3,msl-bp-cdamp-0p2,3a1f516d5a607d16a990acfe7beb3feb9c6b6d9127ff6cf3239d14306c8fbcb4,"{""A"":""x+1+y"",""B"":""x+1+xy^2"",""basis"":""CX"",""circuit"":""bicycle_bivariate_18_4_3_memory_X"",""d"":3,""distance"":""3"",""error_rate"":""0.001"",""noise_model"":""uniform_circuit"",""p"":0.001,""r"":3,""rounds"":""3"",""stim_path"":""C:\\Users\\User\\Documents\\projects-git\\relay_mother_folder\\relay\\tests\\testdata\\bicycle_bivariate\\circuit=bicycle_bivariate_18_4_3_memory_X,distance=3,rounds=3,error_rate=0.001,noise_model=uniform_circuit,basis=CX,A=x+1+y,B=x+1+xy^2.stim""}",
       588,         8,         0,   120.1,msl-bp-cdamp-0p8,95aa1299a09cfccca78c2e5a2f09fcb25221cfc03cb6f19befb6662bcc8760f6,"{""A"":""x+1+y"",""B"":""x+1+xy^2"",""basis"":""CX"",""circuit"":""bicycle_bivariate_18_4_3_memory_X"",""d"":3,""distance"":""3"",""error_rate"":""0.001"",""noise_model"":""uniform_circuit"",""p"":0.001,""r"":3,""rounds"":""3"",""stim_path"":""C:\\Users\\User\\Documents\\projects-git\\relay_mother_folder\\relay\\tests\\testdata\\bicycle_bivariate\\circuit=bicycle_bivariate_18_4_3_memory_X,distance=3,rounds=3,error_rate=0.001,noise_model=uniform_circuit,basis=CX,A=x+1+y,B=x+1+xy^2.stim""}",
       612,         3,         0,   120.0,mem-bp,88862465eff4b2d4e75dad9bcf066c29c41d74d8aa9fbb631e277e7728d305a5,"{""A"":""x+1+y"",""B"":""x+1+xy^2"",""basis"":""CX"",""circuit"":""bicycle_bivariate_18_4_3_memory_X"",""d"":3,""distance"":""3"",""error_rate"":""0.001"",""noise_model"":""uniform_circuit"",""p"":0.001,""r"":3,""rounds"":""3"",""stim_path"":""C:\\Users\\User\\Documents\\projects-git\\relay_mother_folder\\relay\\tests\\testdata\\bicycle_bivariate\\circuit=bicycle_bivariate_18_4_3_memory_X,distance=3,rounds=3,error_rate=0.001,noise_model=uniform_circuit,basis=CX,A=x+1+y,B=x+1+xy^2.stim""}",
       560,         3,         0,   120.1,mem-bp-cdamp-0p5,006cd8c28742ec24ef0db7d2700424bbe04c9e901d86e040647fcb76a9c9c49b,"{""A"":""x+1+y"",""B"":""x+1+xy^2"",""basis"":""CX"",""circuit"":""bicycle_bivariate_18_4_3_memory_X"",""d"":3,""distance"":""3"",""error_rate"":""0.001"",""noise_model"":""uniform_circuit"",""p"":0.001,""r"":3,""rounds"":""3"",""stim_path"":""C:\\Users\\User\\Documents\\projects-git\\relay_mother_folder\\relay\\tests\\testdata\\bicycle_bivariate\\circuit=bicycle_bivariate_18_4_3_memory_X,distance=3,rounds=3,error_rate=0.001,noise_model=uniform_circuit,basis=CX,A=x+1+y,B=x+1+xy^2.stim""}",
       594,         1,         0,   120.3,msl-bp-cdamp-0p5,60ed0a6454f75fcc4110dcc67cfc7b494fa12ae46881ff871c282f98ceddb20d,"{""A"":""x+1+y"",""B"":""x+1+xy^2"",""basis"":""CX"",""circuit"":""bicycle_bivariate_18_4_3_memory_X"",""d"":3,""distance"":""3"",""error_rate"":""0.001"",""noise_model"":""uniform_circuit"",""p"":0.001,""r"":3,""rounds"":""3"",""stim_path"":""C:\\Users\\User\\Documents\\projects-git\\relay_mother_folder\\relay\\tests\\testdata\\bicycle_bivariate\\circuit=bicycle_bivariate_18_4_3_memory_X,distance=3,rounds=3,error_rate=0.001,noise_model=uniform_circuit,basis=CX,A=x+1+y,B=x+1+xy^2.stim""}",
       560,         2,         0,   120.2,mem-bp-cdamp-0p8,899402286ed484b27cfa99bdff637396ac7709784ac0c8ccfcfed7ee79542de3,"{""A"":""x+1+y"",""B"":""x+1+xy^2"",""basis"":""CX"",""circuit"":""bicycle_bivariate_18_4_3_memory_X"",""d"":3,""distance"":""3"",""error_rate"":""0.001"",""noise_model"":""uniform_circuit"",""p"":0.001,""r"":3,""rounds"":""3"",""stim_path"":""C:\\Users\\User\\Documents\\projects-git\\relay_mother_folder\\relay\\tests\\testdata\\bicycle_bivariate\\circuit=bicycle_bivariate_18_4_3_memory_X,distance=3,rounds=3,error_rate=0.001,noise_model=uniform_circuit,basis=CX,A=x+1+y,B=x+1+xy^2.stim""}",
       564,         4,         0,   120.4,mem-bp-cdamp-0p2,426797af2e2a88dd9b2b6409d7dee2ce83baf9f9e50a97c8bf4ff8c1293e448f,"{""A"":""x+1+y"",""B"":""x+1+xy^2"",""basis"":""CX"",""circuit"":""bicycle_bivariate_18_4_3_memory_X"",""d"":3,""distance"":""3"",""error_rate"":""0.001"",""noise_model"":""uniform_circuit"",""p"":0.001,""r"":3,""rounds"":""3"",""stim_path"":""C:\\Users\\User\\Documents\\projects-git\\relay_mother_folder\\relay\\tests\\testdata\\bicycle_bivariate\\circuit=bicycle_bivariate_18_4_3_memory_X,distance=3,rounds=3,error_rate=0.001,noise_model=uniform_circuit,basis=CX,A=x+1+y,B=x+1+xy^2.stim""}",
       646,        10,         0,   120.0,msl-bp,8fbae80d3ef89296897f676a8e47bcb8c2151003b6e39d10606b7ee94914c1d6,"{""A"":""x+1+y"",""B"":""x+1+xy^2"",""basis"":""CX"",""circuit"":""bicycle_bivariate_18_4_3_memory_X"",""d"":3,""distance"":""3"",""error_rate"":""0.001"",""noise_model"":""uniform_circuit"",""p"":0.001,""r"":3,""rounds"":""3"",""stim_path"":""C:\\Users\\User\\Documents\\projects-git\\relay_mother_folder\\relay\\tests\\testdata\\bicycle_bivariate\\circuit=bicycle_bivariate_18_4_3_memory_X,distance=3,rounds=3,error_rate=0.001,noise_model=uniform_circuit,basis=CX,A=x+1+y,B=x+1+xy^2.stim""}",
       590,         2,         0,   120.0,msl-bp-cdamp-0p2,3a1f516d5a607d16a990acfe7beb3feb9c6b6d9127ff6cf3239d14306c8fbcb4,"{""A"":""x+1+y"",""B"":""x+1+xy^2"",""basis"":""CX"",""circuit"":""bicycle_bivariate_18_4_3_memory_X"",""d"":3,""distance"":""3"",""error_rate"":""0.001"",""noise_model"":""uniform_circuit"",""p"":0.001,""r"":3,""rounds"":""3"",""stim_path"":""C:\\Users\\User\\Documents\\projects-git\\relay_mother_folder\\relay\\tests\\testdata\\bicycle_bivariate\\circuit=bicycle_bivariate_18_4_3_memory_X,distance=3,rounds=3,error_rate=0.001,noise_model=uniform_circuit,basis=CX,A=x+1+y,B=x+1+xy^2.stim""}",
       590,         4,         0,   120.0,msl-bp-cdamp-0p8,95aa1299a09cfccca78c2e5a2f09fcb25221cfc03cb6f19befb6662bcc8760f6,"{""A"":""x+1+y"",""B"":""x+1+xy^2"",""basis"":""CX"",""circuit"":""bicycle_bivariate_18_4_3_memory_X"",""d"":3,""distance"":""3"",""error_rate"":""0.001"",""noise_model"":""uniform_circuit"",""p"":0.001,""r"":3,""rounds"":""3"",""stim_path"":""C:\\Users\\User\\Documents\\projects-git\\relay_mother_folder\\relay\\tests\\testdata\\bicycle_bivariate\\circuit=bicycle_bivariate_18_4_3_memory_X,distance=3,rounds=3,error_rate=0.001,noise_model=uniform_circuit,basis=CX,A=x+1+y,B=x+1+xy^2.stim""}",
       610,         1,         0,   120.0,mem-bp,88862465eff4b2d4e75dad9bcf066c29c41d74d8aa9fbb631e277e7728d305a5,"{""A"":""x+1+y"",""B"":""x+1+xy^2"",""basis"":""CX"",""circuit"":""bicycle_bivariate_18_4_3_memory_X"",""d"":3,""distance"":""3"",""error_rate"":""0.001"",""noise_model"":""uniform_circuit"",""p"":0.001,""r"":3,""rounds"":""3"",""stim_path"":""C:\\Users\\User\\Documents\\projects-git\\relay_mother_folder\\relay\\tests\\testdata\\bicycle_bivariate\\circuit=bicycle_bivariate_18_4_3_memory_X,distance=3,rounds=3,error_rate=0.001,noise_model=uniform_circuit,basis=CX,A=x+1+y,B=x+1+xy^2.stim""}",
       562,         4,         0,   120.2,mem-bp-cdamp-0p5,006cd8c28742ec24ef0db7d2700424bbe04c9e901d86e040647fcb76a9c9c49b,"{""A"":""x+1+y"",""B"":""x+1+xy^2"",""basis"":""CX"",""circuit"":""bicycle_bivariate_18_4_3_memory_X"",""d"":3,""distance"":""3"",""error_rate"":""0.001"",""noise_model"":""uniform_circuit"",""p"":0.001,""r"":3,""rounds"":""3"",""stim_path"":""C:\\Users\\User\\Documents\\projects-git\\relay_mother_folder\\relay\\tests\\testdata\\bicycle_bivariate\\circuit=bicycle_bivariate_18_4_3_memory_X,distance=3,rounds=3,error_rate=0.001,noise_model=uniform_circuit,basis=CX,A=x+1+y,B=x+1+xy^2.stim""}",
       590,         4,         0,   120.0,msl-bp-cdamp-0p5,60ed0a6454f75fcc4110dcc67cfc7b494fa12ae46881ff871c282f98ceddb20d,"{""A"":""x+1+y"",""B"":""x+1+xy^2"",""basis"":""CX"",""circuit"":""bicycle_bivariate_18_4_3_memory_X"",""d"":3,""distance"":""3"",""error_rate"":""0.001"",""noise_model"":""uniform_circuit"",""p"":0.001,""r"":3,""rounds"":""3"",""stim_path"":""C:\\Users\\User\\Documents\\projects-git\\relay_mother_folder\\relay\\tests\\testdata\\bicycle_bivariate\\circuit=bicycle_bivariate_18_4_3_memory_X,distance=3,rounds=3,error_rate=0.001,noise_model=uniform_circuit,basis=CX,A=x+1+y,B=x+1+xy^2.stim""}",
       560,         3,         0,   120.2,mem-bp-cdamp-0p8,899402286ed484b27cfa99bdff637396ac7709784ac0c8ccfcfed7ee79542de3,"{""A"":""x+1+y"",""B"":""x+1+xy^2"",""basis"":""CX"",""circuit"":""bicycle_bivariate_18_4_3_memory_X"",""d"":3,""distance"":""3"",""error_rate"":""0.001"",""noise_model"":""uniform_circuit"",""p"":0.001,""r"":3,""rounds"":""3"",""stim_path"":""C:\\Users\\User\\Documents\\projects-git\\relay_mother_folder\\relay\\tests\\testdata\\bicycle_bivariate\\circuit=bicycle_bivariate_18_4_3_memory_X,distance=3,rounds=3,error_rate=0.001,noise_model=uniform_circuit,basis=CX,A=x+1+y,B=x+1+xy^2.stim""}",
       564,         2,         0,   120.4,mem-bp-cdamp-0p2,426797af2e2a88dd9b2b6409d7dee2ce83baf9f9e50a97c8bf4ff8c1293e448f,"{""A"":""x+1+y"",""B"":""x+1+xy^2"",""basis"":""CX"",""circuit"":""bicycle_bivariate_18_4_3_memory_X"",""d"":3,""distance"":""3"",""error_rate"":""0.001"",""noise_model"":""uniform_circuit"",""p"":0.001,""r"":3,""rounds"":""3"",""stim_path"":""C:\\Users\\User\\Documents\\projects-git\\relay_mother_folder\\relay\\tests\\testdata\\bicycle_bivariate\\circuit=bicycle_bivariate_18_4_3_memory_X,distance=3,rounds=3,error_rate=0.001,noise_model=uniform_circuit,basis=CX,A=x+1+y,B=x+1+xy^2.stim""}",
       644,        15,         0,   120.1,msl-bp,8fbae80d3ef89296897f676a8e47bcb8c2151003b6e39d10606b7ee94914c1d6,"{""A"":""x+1+y"",""B"":""x+1+xy^2"",""basis"":""CX"",""circuit"":""bicycle_bivariate_18_4_3_memory_X"",""d"":3,""distance"":""3"",""error_rate"":""0.001"",""noise_model"":""uniform_circuit"",""p"":0.001,""r"":3,""rounds"":""3"",""stim_path"":""C:\\Users\\User\\Documents\\projects-git\\relay_mother_folder\\relay\\tests\\testdata\\bicycle_bivariate\\circuit=bicycle_bivariate_18_4_3_memory_X,distance=3,rounds=3,error_rate=0.001,noise_model=uniform_circuit,basis=CX,A=x+1+y,B=x+1+xy^2.stim""}",
       582,         0,         0,   120.1,msl-bp-cdamp-0p2,3a1f516d5a607d16a990acfe7beb3feb9c6b6d9127ff6cf3239d14306c8fbcb4,"{""A"":""x+1+y"",""B"":""x+1+xy^2"",""basis"":""CX"",""circuit"":""bicycle_bivariate_18_4_3_memory_X"",""d"":3,""distance"":""3"",""error_rate"":""0.001"",""noise_model"":""uniform_circuit"",""p"":0.001,""r"":3,""rounds"":""3"",""stim_path"":""C:\\Users\\User\\Documents\\projects-git\\relay_mother_folder\\relay\\tests\\testdata\\bicycle_bivariate\\circuit=bicycle_bivariate_18_4_3_memory_X,distance=3,rounds=3,error_rate=0.001,noise_model=uniform_circuit,basis=CX,A=x+1+y,B=x+1+xy^2.stim""}",
       580,        13,         0,   120.1,msl-bp-cdamp-0p8,95aa1299a09cfccca78c2e5a2f09fcb25221cfc03cb6f19befb6662bcc8760f6,"{""A"":""x+1+y"",""B"":""x+1+xy^2"",""basis"":""CX"",""circuit"":""bicycle_bivariate_18_4_3_memory_X"",""d"":3,""distance"":""3"",""error_rate"":""0.001"",""noise_model"":""uniform_circuit"",""p"":0.001,""r"":3,""rounds"":""3"",""stim_path"":""C:\\Users\\User\\Documents\\projects-git\\relay_mother_folder\\relay\\tests\\testdata\\bicycle_bivariate\\circuit=bicycle_bivariate_18_4_3_memory_X,distance=3,rounds=3,error_rate=0.001,noise_model=uniform_circuit,basis=CX,A=x+1+y,B=x+1+xy^2.stim""}",
       604,         2,         0,   120.1,mem-bp,88862465eff4b2d4e75dad9bcf066c29c41d74d8aa9fbb631e277e7728d305a5,"{""A"":""x+1+y"",""B"":""x+1+xy^2"",""basis"":""CX"",""circuit"":""bicycle_bivariate_18_4_3_memory_X"",""d"":3,""distance"":""3"",""error_rate"":""0.001"",""noise_model"":""uniform_circuit"",""p"":0.001,""r"":3,""rounds"":""3"",""stim_path"":""C:\\Users\\User\\Documents\\projects-git\\relay_mother_folder\\relay\\tests\\testdata\\bicycle_bivariate\\circuit=bicycle_bivariate_18_4_3_memory_X,distance=3,rounds=3,error_rate=0.001,noise_model=uniform_circuit,basis=CX,A=x+1+y,B=x+1+xy^2.stim""}",
       558,         0,         0,   120.1,mem-bp-cdamp-0p5,006cd8c28742ec24ef0db7d2700424bbe04c9e901d86e040647fcb76a9c9c49b,"{""A"":""x+1+y"",""B"":""x+1+xy^2"",""basis"":""CX"",""circuit"":""bicycle_bivariate_18_4_3_memory_X"",""d"":3,""distance"":""3"",""error_rate"":""0.001"",""noise_model"":""uniform_circuit"",""p"":0.001,""r"":3,""rounds"":""3"",""stim_path"":""C:\\Users\\User\\Documents\\projects-git\\relay_mother_folder\\relay\\tests\\testdata\\bicycle_bivariate\\circuit=bicycle_bivariate_18_4_3_memory_X,distance=3,rounds=3,error_rate=0.001,noise_model=uniform_circuit,basis=CX,A=x+1+y,B=x+1+xy^2.stim""}",
       586,         1,         0,   120.0,msl-bp-cdamp-0p5,60ed0a6454f75fcc4110dcc67cfc7b494fa12ae46881ff871c282f98ceddb20d,"{""A"":""x+1+y"",""B"":""x+1+xy^2"",""basis"":""CX"",""circuit"":""bicycle_bivariate_18_4_3_memory_X"",""d"":3,""distance"":""3"",""error_rate"":""0.001"",""noise_model"":""uniform_circuit"",""p"":0.001,""r"":3,""rounds"":""3"",""stim_path"":""C:\\Users\\User\\Documents\\projects-git\\relay_mother_folder\\relay\\tests\\testdata\\bicycle_bivariate\\circuit=bicycle_bivariate_18_4_3_memory_X,distance=3,rounds=3,error_rate=0.001,noise_model=uniform_circuit,basis=CX,A=x+1+y,B=x+1+xy^2.stim""}",
       560,         1,         0,   120.3,mem-bp-cdamp-0p8,899402286ed484b27cfa99bdff637396ac7709784ac0c8ccfcfed7ee79542de3,"{""A"":""x+1+y"",""B"":""x+1+xy^2"",""basis"":""CX"",""circuit"":""bicycle_bivariate_18_4_3_memory_X"",""d"":3,""distance"":""3"",""error_rate"":""0.001"",""noise_model"":""uniform_circuit"",""p"":0.001,""r"":3,""rounds"":""3"",""stim_path"":""C:\\Users\\User\\Documents\\projects-git\\relay_mother_folder\\relay\\tests\\testdata\\bicycle_bivariate\\circuit=bicycle_bivariate_18_4_3_memory_X,distance=3,rounds=3,error_rate=0.001,noise_model=uniform_circuit,basis=CX,A=x+1+y,B=x+1+xy^2.stim""}",
       554,         3,         0,   120.1,mem-bp-cdamp-0p2,426797af2e2a88dd9b2b6409d7dee2ce83baf9f9e50a97c8bf4ff8c1293e448f,"{""A"":""x+1+y"",""B"":""x+1+xy^2"",""basis"":""CX"",""circuit"":""bicycle_bivariate_18_4_3_memory_X"",""d"":3,""distance"":""3"",""error_rate"":""0.001"",""noise_model"":""uniform_circuit"",""p"":0.001,""r"":3,""rounds"":""3"",""stim_path"":""C:\\Users\\User\\Documents\\projects-git\\relay_mother_folder\\relay\\tests\\testdata\\bicycle_bivariate\\circuit=bicycle_bivariate_18_4_3_memory_X,distance=3,rounds=3,error_rate=0.001,noise_model=uniform_circuit,basis=CX,A=x+1+y,B=x+1+xy^2.stim""}",
       650,         7,         0,   120.1,msl-bp,8fbae80d3ef89296897f676a8e47bcb8c2151003b6e39d10606b7ee94914c1d6,"{""A"":""x+1+y"",""B"":""x+1+xy^2"",""basis"":""CX"",""circuit"":""bicycle_bivariate_18_4_3_memory_X"",""d"":3,""distance"":""3"",""error_rate"":""0.001"",""noise_model"":""uniform_circuit"",""p"":0.001,""r"":3,""rounds"":""3"",""stim_path"":""C:\\Users\\User\\Documents\\projects-git\\relay_mother_folder\\relay\\tests\\testdata\\bicycle_bivariate\\circuit=bicycle_bivariate_18_4_3_memory_X,distance=3,rounds=3,error_rate=0.001,noise_model=uniform_circuit,basis=CX,A=x+1+y,B=x+1+xy^2.stim""}",
       588,         1,         0,   120.1,msl-bp-cdamp-0p2,3a1f516d5a607d16a990acfe7beb3feb9c6b6d9127ff6cf3239d14306c8fbcb4,"{""A"":""x+1+y"",""B"":""x+1+xy^2"",""basis"":""CX"",""circuit"":""bicycle_bivariate_18_4_3_memory_X"",""d"":3,""distance"":""3"",""error_rate"":""0.001"",""noise_model"":""uniform_circuit"",""p"":0.001,""r"":3,""rounds"":""3"",""stim_path"":""C:\\Users\\User\\Documents\\projects-git\\relay_mother_folder\\relay\\tests\\testdata\\bicycle_bivariate\\circuit=bicycle_bivariate_18_4_3_memory_X,distance=3,rounds=3,error_rate=0.001,noise_model=uniform_circuit,basis=CX,A=x+1+y,B=x+1+xy^2.stim""}",
       588,         6,         0,   120.2,msl-bp-cdamp-0p8,95aa1299a09cfccca78c2e5a2f09fcb25221cfc03cb6f19befb6662bcc8760f6,"{""A"":""x+1+y"",""B"":""x+1+xy^2"",""basis"":""CX"",""circuit"":""bicycle_bivariate_18_4_3_memory_X"",""d"":3,""distance"":""3"",""error_rate"":""0.001"",""noise_model"":""uniform_circuit"",""p"":0.001,""r"":3,""rounds"":""3"",""stim_path"":""C:\\Users\\User\\Documents\\projects-git\\relay_mother_folder\\relay\\tests\\testdata\\bicycle_bivariate\\circuit=bicycle_bivariate_18_4_3_memory_X,distance=3,rounds=3,error_rate=0.001,noise_model=uniform_circuit,basis=CX,A=x+1+y,B=x+1+xy^2.stim""}",
       614,         2,         0,   120.3,mem-bp,88862465eff4b2d4e75dad9bcf066c29c41d74d8aa9fbb631e277e7728d305a5,"{""A"":""x+1+y"",""B"":""x+1+xy^2"",""basis"":""CX"",""circuit"":""bicycle_bivariate_18_4_3_memory_X"",""d"":3,""distance"":""3"",""error_rate"":""0.001"",""noise_model"":""uniform_circuit"",""p"":0.001,""r"":3,""rounds"":""3"",""stim_path"":""C:\\Users\\User\\Documents\\projects-git\\relay_mother_folder\\relay\\tests\\testdata\\bicycle_bivariate\\circuit=bicycle_bivariate_18_4_3_memory_X,distance=3,rounds=3,error_rate=0.001,noise_model=uniform_circuit,basis=CX,A=x+1+y,B=x+1+xy^2.stim""}",
       558,         0,         0,   120.1,mem-bp-cdamp-0p5,006cd8c28742ec24ef0db7d2700424bbe04c9e901d86e040647fcb76a9c9c49b,"{""A"":""x+1+y"",""B"":""x+1+xy^2"",""basis"":""CX"",""circuit"":""bicycle_bivariate_18_4_3_memory_X"",""d"":3,""distance"":""3"",""error_rate"":""0.001"",""noise_model"":""uniform_circuit"",""p"":0.001,""r"":3,""rounds"":""3"",""stim_path"":""C:\\Users\\User\\Documents\\projects-git\\relay_mother_folder\\relay\\tests\\testdata\\bicycle_bivariate\\circuit=bicycle_bivariate_18_4_3_memory_X,distance=3,rounds=3,error_rate=0.001,noise_model=uniform_circuit,basis=CX,A=x+1+y,B=x+1+xy^2.stim""}",
       588,         5,         0,   120.3,msl-bp-cdamp-0p5,60ed0a6454f75fcc4110dcc67cfc7b494fa12ae46881ff871c282f98ceddb20d,"{""A"":""x+1+y"",""B"":""x+1+xy^2"",""basis"":""CX"",""circuit"":""bicycle_bivariate_18_4_3_memory_X"",""d"":3,""distance"":""3"",""error_rate"":""0.001"",""noise_model"":""uniform_circuit"",""p"":0.001,""r"":3,""rounds"":""3"",""stim_path"":""C:\\Users\\User\\Documents\\projects-git\\relay_mother_folder\\relay\\tests\\testdata\\bicycle_bivariate\\circuit=bicycle_bivariate_18_4_3_memory_X,distance=3,rounds=3,error_rate=0.001,noise_model=uniform_circuit,basis=CX,A=x+1+y,B=x+1+xy^2.stim""}",
       554,         4,         0,   120.0,mem-bp-cdamp-0p8,899402286ed484b27cfa99bdff637396ac7709784ac0c8ccfcfed7ee79542de3,"{""A"":""x+1+y"",""B"":""x+1+xy^2"",""basis"":""CX"",""circuit"":""bicycle_bivariate_18_4_3_memory_X"",""d"":3,""distance"":""3"",""error_rate"":""0.001"",""noise_model"":""uniform_circuit"",""p"":0.001,""r"":3,""rounds"":""3"",""stim_path"":""C:\\Users\\User\\Documents\\projects-git\\relay_mother_folder\\relay\\tests\\testdata\\bicycle_bivariate\\circuit=bicycle_bivariate_18_4_3_memory_X,distance=3,rounds=3,error_rate=0.001,noise_model=uniform_circuit,basis=CX,A=x+1+y,B=x+1+xy^2.stim""}",
       564,         3,         0,   120.3,mem-bp-cdamp-0p2,426797af2e2a88dd9b2b6409d7dee2ce83baf9f9e50a97c8bf4ff8c1293e448f,"{""A"":""x+1+y"",""B"":""x+1+xy^2"",""basis"":""CX"",""circuit"":""bicycle_bivariate_18_4_3_memory_X"",""d"":3,""distance"":""3"",""error_rate"":""0.001"",""noise_model"":""uniform_circuit"",""p"":0.001,""r"":3,""rounds"":""3"",""stim_path"":""C:\\Users\\User\\Documents\\projects-git\\relay_mother_folder\\relay\\tests\\testdata\\bicycle_bivariate\\circuit=bicycle_bivariate_18_4_3_memory_X,distance=3,rounds=3,error_rate=0.001,noise_model=uniform_circuit,basis=CX,A=x+1+y,B=x+1+xy^2.stim""}",
       654,         7,         0,   120.3,msl-bp,8fbae80d3ef89296897f676a8e47bcb8c2151003b6e39d10606b7ee94914c1d6,"{""A"":""x+1+y"",""B"":""x+1+xy^2"",""basis"":""CX"",""circuit"":""bicycle_bivariate_18_4_3_memory_X"",""d"":3,""distance"":""3"",""error_rate"":""0.001"",""noise_model"":""uniform_circuit"",""p"":0.001,""r"":3,""rounds"":""3"",""stim_path"":""C:\\Users\\User\\Documents\\projects-git\\relay_mother_folder\\relay\\tests\\testdata\\bicycle_bivariate\\circuit=bicycle_bivariate_18_4_3_memory_X,distance=3,rounds=3,error_rate=0.001,noise_model=uniform_circuit,basis=CX,A=x+1+y,B=x+1+xy^2.stim""}",
       592,         3,         0,   120.2,msl-bp-cdamp-0p2,3a1f516d5a607d16a990acfe7beb3feb9c6b6d9127ff6cf3239d14306c8fbcb4,"{""A"":""x+1+y"",""B"":""x+1+xy^2"",""basis"":""CX"",""circuit"":""bicycle_bivariate_18_4_3_memory_X"",""d"":3,""distance"":""3"",""error_rate"":""0.001"",""noise_model"":""uniform_circuit"",""p"":0.001,""r"":3,""rounds"":""3"",""stim_path"":""C:\\Users\\User\\Documents\\projects-git\\relay_mother_folder\\relay\\tests\\testdata\\bicycle_bivariate\\circuit=bicycle_bivariate_18_4_3_memory_X,distance=3,rounds=3,error_rate=0.001,noise_model=uniform_circuit,basis=CX,A=x+1+y,B=x+1+xy^2.stim""}",
       590,        12,         0,   120.0,msl-bp-cdamp-0p8,95aa1299a09cfccca78c2e5a2f09fcb25221cfc03cb6f19befb6662bcc8760f6,"{""A"":""x+1+y"",""B"":""x+1+xy^2"",""basis"":""CX"",""circuit"":""bicycle_bivariate_18_4_3_memory_X"",""d"":3,""distance"":""3"",""error_rate"":""0.001"",""noise_model"":""uniform_circuit"",""p"":0.001,""r"":3,""rounds"":""3"",""stim_path"":""C:\\Users\\User\\Documents\\projects-git\\relay_mother_folder\\relay\\tests\\testdata\\bicycle_bivariate\\circuit=bicycle_bivariate_18_4_3_memory_X,distance=3,rounds=3,error_rate=0.001,noise_model=uniform_circuit,basis=CX,A=x+1+y,B=x+1+xy^2.stim""}",
       614,         3,         0,   120.1,mem-bp,88862465eff4b2d4e75dad9bcf066c29c41d74d8aa9fbb631e277e7728d305a5,"{""A"":""x+1+y"",""B"":""x+1+xy^2"",""basis"":""CX"",""circuit"":""bicycle_bivariate_18_4_3_memory_X"",""d"":3,""distance"":""3"",""error_rate"":""0.001"",""noise_model"":""uniform_circuit"",""p"":0.001,""r"":3,""rounds"":""3"",""stim_path"":""C:\\Users\\User\\Documents\\projects-git\\relay_mother_folder\\relay\\tests\\testdata\\bicycle_bivariate\\circuit=bicycle_bivariate_18_4_3_memory_X,distance=3,rounds=3,error_rate=0.001,noise_model=uniform_circuit,basis=CX,A=x+1+y,B=x+1+xy^2.stim""}",
       558,         1,         0,   120.3,mem-bp-cdamp-0p5,006cd8c28742ec24ef0db7d2700424bbe04c9e901d86e040647fcb76a9c9c49b,"{""A"":""x+1+y"",""B"":""x+1+xy^2"",""basis"":""CX"",""circuit"":""bicycle_bivariate_18_4_3_memory_X"",""d"":3,""distance"":""3"",""error_rate"":""0.001"",""noise_model"":""uniform_circuit"",""p"":0.001,""r"":3,""rounds"":""3"",""stim_path"":""C:\\Users\\User\\Documents\\projects-git\\relay_mother_folder\\relay\\tests\\testdata\\bicycle_bivariate\\circuit=bicycle_bivariate_18_4_3_memory_X,distance=3,rounds=3,error_rate=0.001,noise_model=uniform_circuit,basis=CX,A=x+1+y,B=x+1+xy^2.stim""}",
       590,         6,         0,   120.4,msl-bp-cdamp-0p5,60ed0a6454f75fcc4110dcc67cfc7b494fa12ae46881ff871c282f98ceddb20d,"{""A"":""x+1+y"",""B"":""x+1+xy^2"",""basis"":""CX"",""circuit"":""bicycle_bivariate_18_4_3_memory_X"",""d"":3,""distance"":""3"",""error_rate"":""0.001"",""noise_model"":""uniform_circuit"",""p"":0.001,""r"":3,""rounds"":""3"",""stim_path"":""C:\\Users\\User\\Documents\\projects-git\\relay_mother_folder\\relay\\tests\\testdata\\bicycle_bivariate\\circuit=bicycle_bivariate_18_4_3_memory_X,distance=3,rounds=3,error_rate=0.001,noise_model=uniform_circuit,basis=CX,A=x+1+y,B=x+1+xy^2.stim""}",
       562,         0,         0,   120.0,mem-bp-cdamp-0p8,899402286ed484b27cfa99bdff637396ac7709784ac0c8ccfcfed7ee79542de3,"{""A"":""x+1+y"",""B"":""x+1+xy^2"",""basis"":""CX"",""circuit"":""bicycle_bivariate_18_4_3_memory_X"",""d"":3,""distance"":""3"",""error_rate"":""0.001"",""noise_model"":""uniform_circuit"",""p"":0.001,""r"":3,""rounds"":""3"",""stim_path"":""C:\\Users\\User\\Documents\\projects-git\\relay_mother_folder\\relay\\tests\\testdata\\bicycle_bivariate\\circuit=bicycle_bivariate_18_4_3_memory_X,distance=3,rounds=3,error_rate=0.001,noise_model=uniform_circuit,basis=CX,A=x+1+y,B=x+1+xy^2.stim""}",
       566,         5,         0,   120.2,mem-bp-cdamp-0p2,426797af2e2a88dd9b2b6409d7dee2ce83baf9f9e50a97c8bf4ff8c1293e448f,"{""A"":""x+1+y"",""B"":""x+1+xy^2"",""basis"":""CX"",""circuit"":""bicycle_bivariate_18_4_3_memory_X"",""d"":3,""distance"":""3"",""error_rate"":""0.001"",""noise_model"":""uniform_circuit"",""p"":0.001,""r"":3,""rounds"":""3"",""stim_path"":""C:\\Users\\User\\Documents\\projects-git\\relay_mother_folder\\relay\\tests\\testdata\\bicycle_bivariate\\circuit=bicycle_bivariate_18_4_3_memory_X,distance=3,rounds=3,error_rate=0.001,noise_model=uniform_circuit,basis=CX,A=x+1+y,B=x+1+xy^2.stim""}",
       650,        12,         0,   120.1,msl-bp,8fbae80d3ef89296897f676a8e47bcb8c2151003b6e39d10606b7ee94914c1d6,"{""A"":""x+1+y"",""B"":""x+1+xy^2"",""basis"":""CX"",""circuit"":""bicycle_bivariate_18_4_3_memory_X"",""d"":3,""distance"":""3"",""error_rate"":""0.001"",""noise_model"":""uniform_circuit"",""p"":0.001,""r"":3,""rounds"":""3"",""stim_path"":""C:\\Users\\User\\Documents\\projects-git\\relay_mother_folder\\relay\\tests\\testdata\\bicycle_bivariate\\circuit=bicycle_bivariate_18_4_3_memory_X,distance=3,rounds=3,error_rate=0.001,noise_model=uniform_circuit,basis=CX,A=x+1+y,B=x+1+xy^2.stim""}",
       588,         2,         0,   120.4,msl-bp-cdamp-0p2,3a1f516d5a607d16a990acfe7beb3feb9c6b6d9127ff6cf3239d14306c8fbcb4,"{""A"":""x+1+y"",""B"":""x+1+xy^2"",""basis"":""CX"",""circuit"":""bicycle_bivariate_18_4_3_memory_X"",""d"":3,""distance"":""3"",""error_rate"":""0.001"",""noise_model"":""uniform_circuit"",""p"":0.001,""r"":3,""rounds"":""3"",""stim_path"":""C:\\Users\\User\\Documents\\projects-git\\relay_mother_folder\\relay\\tests\\testdata\\bicycle_bivariate\\circuit=bicycle_bivariate_18_4_3_memory_X,distance=3,rounds=3,error_rate=0.001,noise_model=uniform_circuit,basis=CX,A=x+1+y,B=x+1+xy^2.stim""}",
       594,         5,         0,   120.4,msl-bp-cdamp-0p8,95aa1299a09cfccca78c2e5a2f09fcb25221cfc03cb6f19befb6662bcc8760f6,"{""A"":""x+1+y"",""B"":""x+1+xy^2"",""basis"":""CX"",""circuit"":""bicycle_bivariate_18_4_3_memory_X"",""d"":3,""distance"":""3"",""error_rate"":""0.001"",""noise_model"":""uniform_circuit"",""p"":0.001,""r"":3,""rounds"":""3"",""stim_path"":""C:\\Users\\User\\Documents\\projects-git\\relay_mother_folder\\relay\\tests\\testdata\\bicycle_bivariate\\circuit=bicycle_bivariate_18_4_3_memory_X,distance=3,rounds=3,error_rate=0.001,noise_model=uniform_circuit,basis=CX,A=x+1+y,B=x+1+xy^2.stim""}",
       608,         1,         0,   120.1,mem-bp,88862465eff4b2d4e75dad9bcf066c29c41d74d8aa9fbb631e277e7728d305a5,"{""A"":""x+1+y"",""B"":""x+1+xy^2"",""basis"":""CX"",""circuit"":""bicycle_bivariate_18_4_3_memory_X"",""d"":3,""distance"":""3"",""error_rate"":""0.001"",""noise_model"":""uniform_circuit"",""p"":0.001,""r"":3,""rounds"":""3"",""stim_path"":""C:\\Users\\User\\Documents\\projects-git\\relay_mother_folder\\relay\\tests\\testdata\\bicycle_bivariate\\circuit=bicycle_bivariate_18_4_3_memory_X,distance=3,rounds=3,error_rate=0.001,noise_model=uniform_circuit,basis=CX,A=x+1+y,B=x+1+xy^2.stim""}",
       554,         4,         0,   120.0,mem-bp-cdamp-0p5,006cd8c28742ec24ef0db7d2700424bbe04c9e901d86e040647fcb76a9c9c49b,"{""A"":""x+1+y"",""B"":""x+1+xy^2"",""basis"":""CX"",""circuit"":""bicycle_bivariate_18_4_3_memory_X"",""d"":3,""distance"":""3"",""error_rate"":""0.001"",""noise_model"":""uniform_circuit"",""p"":0.001,""r"":3,""rounds"":""3"",""stim_path"":""C:\\Users\\User\\Documents\\projects-git\\relay_mother_folder\\relay\\tests\\testdata\\bicycle_bivariate\\circuit=bicycle_bivariate_18_4_3_memory_X,distance=3,rounds=3,error_rate=0.001,noise_model=uniform_circuit,basis=CX,A=x+1+y,B=x+1+xy^2.stim""}",
       590,         5,         0,   120.1,msl-bp-cdamp-0p5,60ed0a6454f75fcc4110dcc67cfc7b494fa12ae46881ff871c282f98ceddb20d,"{""A"":""x+1+y"",""B"":""x+1+xy^2"",""basis"":""CX"",""circuit"":""bicycle_bivariate_18_4_3_memory_X"",""d"":3,""distance"":""3"",""error_rate"":""0.001"",""noise_model"":""uniform_circuit"",""p"":0.001,""r"":3,""rounds"":""3"",""stim_path"":""C:\\Users\\User\\Documents\\projects-git\\relay_mother_folder\\relay\\tests\\testdata\\bicycle_bivariate\\circuit=bicycle_bivariate_18_4_3_memory_X,distance=3,rounds=3,error_rate=0.001,noise_model=uniform_circuit,basis=CX,A=x+1+y,B=x+1+xy^2.stim""}",
       556,         5,         0,   120.4,mem-bp-cdamp-0p8,899402286ed484b27cfa99bdff637396ac7709784ac0c8ccfcfed7ee79542de3,"{""A"":""x+1+y"",""B"":""x+1+xy^2"",""basis"":""CX"",""circuit"":""bicycle_bivariate_18_4_3_memory_X"",""d"":3,""distance"":""3"",""error_rate"":""0.001"",""noise_model"":""uniform_circuit"",""p"":0.001,""r"":3,""rounds"":""3"",""stim_path"":""C:\\Users\\User\\Documents\\projects-git\\relay_mother_folder\\relay\\tests\\testdata\\bicycle_bivariate\\circuit=bicycle_bivariate_18_4_3_memory_X,distance=3,rounds=3,error_rate=0.001,noise_model=uniform_circuit,basis=CX,A=x+1+y,B=x+1+xy^2.stim""}",
       558,         1,         0,   120.1,mem-bp-cdamp-0p2,426797af2e2a88dd9b2b6409d7dee2ce83baf9f9e50a97c8bf4ff8c1293e448f,"{""A"":""x+1+y"",""B"":""x+1+xy^2"",""basis"":""CX"",""circuit"":""bicycle_bivariate_18_4_3_memory_X"",""d"":3,""distance"":""3"",""error_rate"":""0.001"",""noise_model"":""uniform_circuit"",""p"":0.001,""r"":3,""rounds"":""3"",""stim_path"":""C:\\Users\\User\\Documents\\projects-git\\relay_mother_folder\\relay\\tests\\testdata\\bicycle_bivariate\\circuit=bicycle_bivariate_18_4_3_memory_X,distance=3,rounds=3,error_rate=0.001,noise_model=uniform_circuit,basis=CX,A=x+1+y,B=x+1+xy^2.stim""}",
       648,        10,         0,   120.0,msl-bp,8fbae80d3ef89296897f676a8e47bcb8c2151003b6e39d10606b7ee94914c1d6,"{""A"":""x+1+y"",""B"":""x+1+xy^2"",""basis"":""CX"",""circuit"":""bicycle_bivariate_18_4_3_memory_X"",""d"":3,""distance"":""3"",""error_rate"":""0.001"",""noise_model"":""uniform_circuit"",""p"":0.001,""r"":3,""rounds"":""3"",""stim_path"":""C:\\Users\\User\\Documents\\projects-git\\relay_mother_folder\\relay\\tests\\testdata\\bicycle_bivariate\\circuit=bicycle_bivariate_18_4_3_memory_X,distance=3,rounds=3,error_rate=0.001,noise_model=uniform_circuit,basis=CX,A=x+1+y,B=x+1+xy^2.stim""}",
       594,         4,         0,   120.2,msl-bp-cdamp-0p2,3a1f516d5a607d16a990acfe7beb3feb9c6b6d9127ff6cf3239d14306c8fbcb4,"{""A"":""x+1+y"",""B"":""x+1+xy^2"",""basis"":""CX"",""circuit"":""bicycle_bivariate_18_4_3_memory_X"",""d"":3,""distance"":""3"",""error_rate"":""0.001"",""noise_model"":""uniform_circuit"",""p"":0.001,""r"":3,""rounds"":""3"",""stim_path"":""C:\\Users\\User\\Documents\\projects-git\\relay_mother_folder\\relay\\tests\\testdata\\bicycle_bivariate\\circuit=bicycle_bivariate_18_4_3_memory_X,distance=3,rounds=3,error_rate=0.001,noise_model=uniform_circuit,basis=CX,A=x+1+y,B=x+1+xy^2.stim""}",
       588,         5,         0,   120.0,msl-bp-cdamp-0p8,95aa1299a09cfccca78c2e5a2f09fcb25221cfc03cb6f19befb6662bcc8760f6,"{""A"":""x+1+y"",""B"":""x+1+xy^2"",""basis"":""CX"",""circuit"":""bicycle_bivariate_18_4_3_memory_X"",""d"":3,""distance"":""3"",""error_rate"":""0.001"",""noise_model"":""uniform_circuit"",""p"":0.001,""r"":3,""rounds"":""3"",""stim_path"":""C:\\Users\\User\\Documents\\projects-git\\relay_mother_folder\\relay\\tests\\testdata\\bicycle_bivariate\\circuit=bicycle_bivariate_18_4_3_memory_X,distance=3,rounds=3,error_rate=0.001,noise_model=uniform_circuit,basis=CX,A=x+1+y,B=x+1+xy^2.stim""}",
       610,         3,         0,   120.2,mem-bp,88862465eff4b2d4e75dad9bcf066c29c41d74d8aa9fbb631e277e7728d305a5,"{""A"":""x+1+y"",""B"":""x+1+xy^2"",""basis"":""CX"",""circuit"":""bicycle_bivariate_18_4_3_memory_X"",""d"":3,""distance"":""3"",""error_rate"":""0.001"",""noise_model"":""uniform_circuit"",""p"":0.001,""r"":3,""rounds"":""3"",""stim_path"":""C:\\Users\\User\\Documents\\projects-git\\relay_mother_folder\\relay\\tests\\testdata\\bicycle_bivariate\\circuit=bicycle_bivariate_18_4_3_memory_X,distance=3,rounds=3,error_rate=0.001,noise_model=uniform_circuit,basis=CX,A=x+1+y,B=x+1+xy^2.stim""}",
       564,         1,         0,   120.0,mem-bp-cdamp-0p5,006cd8c28742ec24ef0db7d2700424bbe04c9e901d86e040647fcb76a9c9c49b,"{""A"":""x+1+y"",""B"":""x+1+xy^2"",""basis"":""CX"",""circuit"":""bicycle_bivariate_18_4_3_memory_X"",""d"":3,""distance"":""3"",""error_rate"":""0.001"",""noise_model"":""uniform_circuit"",""p"":0.001,""r"":3,""rounds"":""3"",""stim_path"":""C:\\Users\\User\\Documents\\projects-git\\relay_mother_folder\\relay\\tests\\testdata\\bicycle_bivariate\\circuit=bicycle_bivariate_18_4_3_memory_X,distance=3,rounds=3,error_rate=0.001,noise_model=uniform_circuit,basis=CX,A=x+1+y,B=x+1+xy^2.stim""}",
       586,         3,         0,   120.3,msl-bp-cdamp-0p5,60ed0a6454f75fcc4110dcc67cfc7b494fa12ae46881ff871c282f98ceddb20d,"{""A"":""x+1+y"",""B"":""x+1+xy^2"",""basis"":""CX"",""circuit"":""bicycle_bivariate_18_4_3_memory_X"",""d"":3,""distance"":""3"",""error_rate"":""0.001"",""noise_model"":""uniform_circuit"",""p"":0.001,""r"":3,""rounds"":""3"",""stim_path"":""C:\\Users\\User\\Documents\\projects-git\\relay_mother_folder\\relay\\tests\\testdata\\bicycle_bivariate\\circuit=bicycle_bivariate_18_4_3_memory_X,distance=3,rounds=3,error_rate=0.001,noise_model=uniform_circuit,basis=CX,A=x+1+y,B=x+1+xy^2.stim""}",
       560,         1,         0,   120.5,mem-bp-cdamp-0p8,899402286ed484b27cfa99bdff637396ac7709784ac0c8ccfcfed7ee79542de3,"{""A"":""x+1+y"",""B"":""x+1+xy^2"",""basis"":""CX"",""circuit"":""bicycle_bivariate_18_4_3_memory_X"",""d"":3,""distance"":""3"",""error_rate"":""0.001"",""noise_model"":""uniform_circuit"",""p"":0.001,""r"":3,""rounds"":""3"",""stim_path"":""C:\\Users\\User\\Documents\\projects-git\\relay_mother_folder\\relay\\tests\\testdata\\bicycle_bivariate\\circuit=bicycle_bivariate_18_4_3_memory_X,distance=3,rounds=3,error_rate=0.001,noise_model=uniform_circuit,basis=CX,A=x+1+y,B=x+1+xy^2.stim""}",
       560,         0,         0,   120.2,mem-bp-cdamp-0p2,426797af2e2a88dd9b2b6409d7dee2ce83baf9f9e50a97c8bf4ff8c1293e448f,"{""A"":""x+1+y"",""B"":""x+1+xy^2"",""basis"":""CX"",""circuit"":""bicycle_bivariate_18_4_3_memory_X"",""d"":3,""distance"":""3"",""error_rate"":""0.001"",""noise_model"":""uniform_circuit"",""p"":0.001,""r"":3,""rounds"":""3"",""stim_path"":""C:\\Users\\User\\Documents\\projects-git\\relay_mother_folder\\relay\\tests\\testdata\\bicycle_bivariate\\circuit=bicycle_bivariate_18_4_3_memory_X,distance=3,rounds=3,error_rate=0.001,noise_model=uniform_circuit,basis=CX,A=x+1+y,B=x+1+xy^2.stim""}",
       652,        16,         0,   120.3,msl-bp,8fbae80d3ef89296897f676a8e47bcb8c2151003b6e39d10606b7ee94914c1d6,"{""A"":""x+1+y"",""B"":""x+1+xy^2"",""basis"":""CX"",""circuit"":""bicycle_bivariate_18_4_3_memory_X"",""d"":3,""distance"":""3"",""error_rate"":""0.001"",""noise_model"":""uniform_circuit"",""p"":0.001,""r"":3,""rounds"":""3"",""stim_path"":""C:\\Users\\User\\Documents\\projects-git\\relay_mother_folder\\relay\\tests\\testdata\\bicycle_bivariate\\circuit=bicycle_bivariate_18_4_3_memory_X,distance=3,rounds=3,error_rate=0.001,noise_model=uniform_circuit,basis=CX,A=x+1+y,B=x+1+xy^2.stim""}",
       592,         2,         0,   120.2,msl-bp-cdamp-0p2,3a1f516d5a607d16a990acfe7beb3feb9c6b6d9127ff6cf3239d14306c8fbcb4,"{""A"":""x+1+y"",""B"":""x+1+xy^2"",""basis"":""CX"",""circuit"":""bicycle_bivariate_18_4_3_memory_X"",""d"":3,""distance"":""3"",""error_rate"":""0.001"",""noise_model"":""uniform_circuit"",""p"":0.001,""r"":3,""rounds"":""3"",""stim_path"":""C:\\Users\\User\\Documents\\projects-git\\relay_mother_folder\\relay\\tests\\testdata\\bicycle_bivariate\\circuit=bicycle_bivariate_18_4_3_memory_X,distance=3,rounds=3,error_rate=0.001,noise_model=uniform_circuit,basis=CX,A=x+1+y,B=x+1+xy^2.stim""}",
       592,         8,         0,   120.1,msl-bp-cdamp-0p8,95aa1299a09cfccca78c2e5a2f09fcb25221cfc03cb6f19befb6662bcc8760f6,"{""A"":""x+1+y"",""B"":""x+1+xy^2"",""basis"":""CX"",""circuit"":""bicycle_bivariate_18_4_3_memory_X"",""d"":3,""distance"":""3"",""error_rate"":""0.001"",""noise_model"":""uniform_circuit"",""p"":0.001,""r"":3,""rounds"":""3"",""stim_path"":""C:\\Users\\User\\Documents\\projects-git\\relay_mother_folder\\relay\\tests\\testdata\\bicycle_bivariate\\circuit=bicycle_bivariate_18_4_3_memory_X,distance=3,rounds=3,error_rate=0.001,noise_model=uniform_circuit,basis=CX,A=x+1+y,B=x+1+xy^2.stim""}",
       614,         2,         0,   120.1,mem-bp,88862465eff4b2d4e75dad9bcf066c29c41d74d8aa9fbb631e277e7728d305a5,"{""A"":""x+1+y"",""B"":""x+1+xy^2"",""basis"":""CX"",""circuit"":""bicycle_bivariate_18_4_3_memory_X"",""d"":3,""distance"":""3"",""error_rate"":""0.001"",""noise_model"":""uniform_circuit"",""p"":0.001,""r"":3,""rounds"":""3"",""stim_path"":""C:\\Users\\User\\Documents\\projects-git\\relay_mother_folder\\relay\\tests\\testdata\\bicycle_bivariate\\circuit=bicycle_bivariate_18_4_3_memory_X,distance=3,rounds=3,error_rate=0.001,noise_model=uniform_circuit,basis=CX,A=x+1+y,B=x+1+xy^2.stim""}",
       564,         3,         0,   120.3,mem-bp-cdamp-0p5,006cd8c28742ec24ef0db7d2700424bbe04c9e901d86e040647fcb76a9c9c49b,"{""A"":""x+1+y"",""B"":""x+1+xy^2"",""basis"":""CX"",""circuit"":""bicycle_bivariate_18_4_3_memory_X"",""d"":3,""distance"":""3"",""error_rate"":""0.001"",""noise_model"":""uniform_circuit"",""p"":0.001,""r"":3,""rounds"":""3"",""stim_path"":""C:\\Users\\User\\Documents\\projects-git\\relay_mother_folder\\relay\\tests\\testdata\\bicycle_bivariate\\circuit=bicycle_bivariate_18_4_3_memory_X,distance=3,rounds=3,error_rate=0.001,noise_model=uniform_circuit,basis=CX,A=x+1+y,B=x+1+xy^2.stim""}",
       592,         5,         0,   120.0,msl-bp-cdamp-0p5,60ed0a6454f75fcc4110dcc67cfc7b494fa12ae46881ff871c282f98ceddb20d,"{""A"":""x+1+y"",""B"":""x+1+xy^2"",""basis"":""CX"",""circuit"":""bicycle_bivariate_18_4_3_memory_X"",""d"":3,""distance"":""3"",""error_rate"":""0.001"",""noise_model"":""uniform_circuit"",""p"":0.001,""r"":3,""rounds"":""3"",""stim_path"":""C:\\Users\\User\\Documents\\projects-git\\relay_mother_folder\\relay\\tests\\testdata\\bicycle_bivariate\\circuit=bicycle_bivariate_18_4_3_memory_X,distance=3,rounds=3,error_rate=0.001,noise_model=uniform_circuit,basis=CX,A=x+1+y,B=x+1+xy^2.stim""}",
       562,         6,         0,   120.3,mem-bp-cdamp-0p8,899402286ed484b27cfa99bdff637396ac7709784ac0c8ccfcfed7ee79542de3,"{""A"":""x+1+y"",""B"":""x+1+xy^2"",""basis"":""CX"",""circuit"":""bicycle_bivariate_18_4_3_memory_X"",""d"":3,""distance"":""3"",""error_rate"":""0.001"",""noise_model"":""uniform_circuit"",""p"":0.001,""r"":3,""rounds"":""3"",""stim_path"":""C:\\Users\\User\\Documents\\projects-git\\relay_mother_folder\\relay\\tests\\testdata\\bicycle_bivariate\\circuit=bicycle_bivariate_18_4_3_memory_X,distance=3,rounds=3,error_rate=0.001,noise_model=uniform_circuit,basis=CX,A=x+1+y,B=x+1+xy^2.stim""}",
       566,         3,         0,   120.1,mem-bp-cdamp-0p2,426797af2e2a88dd9b2b6409d7dee2ce83baf9f9e50a97c8bf4ff8c1293e448f,"{""A"":""x+1+y"",""B"":""x+1+xy^2"",""basis"":""CX"",""circuit"":""bicycle_bivariate_18_4_3_memory_X"",""d"":3,""distance"":""3"",""error_rate"":""0.001"",""noise_model"":""uniform_circuit"",""p"":0.001,""r"":3,""rounds"":""3"",""stim_path"":""C:\\Users\\User\\Documents\\projects-git\\relay_mother_folder\\relay\\tests\\testdata\\bicycle_bivariate\\circuit=bicycle_bivariate_18_4_3_memory_X,distance=3,rounds=3,error_rate=0.001,noise_model=uniform_circuit,basis=CX,A=x+1+y,B=x+1+xy^2.stim""}",
       650,        15,         0,   120.3,msl-bp,8fbae80d3ef89296897f676a8e47bcb8c2151003b6e39d10606b7ee94914c1d6,"{""A"":""x+1+y"",""B"":""x+1+xy^2"",""basis"":""CX"",""circuit"":""bicycle_bivariate_18_4_3_memory_X"",""d"":3,""distance"":""3"",""error_rate"":""0.001"",""noise_model"":""uniform_circuit"",""p"":0.001,""r"":3,""rounds"":""3"",""stim_path"":""C:\\Users\\User\\Documents\\projects-git\\relay_mother_folder\\relay\\tests\\testdata\\bicycle_bivariate\\circuit=bicycle_bivariate_18_4_3_memory_X,distance=3,rounds=3,error_rate=0.001,noise_model=uniform_circuit,basis=CX,A=x+1+y,B=x+1+xy^2.stim""}",
       590,         4,         0,   120.1,msl-bp-cdamp-0p2,3a1f516d5a607d16a990acfe7beb3feb9c6b6d9127ff6cf3239d14306c8fbcb4,"{""A"":""x+1+y"",""B"":""x+1+xy^2"",""basis"":""CX"",""circuit"":""bicycle_bivariate_18_4_3_memory_X"",""d"":3,""distance"":""3"",""error_rate"":""0.001"",""noise_model"":""uniform_circuit"",""p"":0.001,""r"":3,""rounds"":""3"",""stim_path"":""C:\\Users\\User\\Documents\\projects-git\\relay_mother_folder\\relay\\tests\\testdata\\bicycle_bivariate\\circuit=bicycle_bivariate_18_4_3_memory_X,distance=3,rounds=3,error_rate=0.001,noise_model=uniform_circuit,basis=CX,A=x+1+y,B=x+1+xy^2.stim""}",
       590,        10,         0,   120.1,msl-bp-cdamp-0p8,95aa1299a09cfccca78c2e5a2f09fcb25221cfc03cb6f19befb6662bcc8760f6,"{""A"":""x+1+y"",""B"":""x+1+xy^2"",""basis"":""CX"",""circuit"":""bicycle_bivariate_18_4_3_memory_X"",""d"":3,""distance"":""3"",""error_rate"":""0.001"",""noise_model"":""uniform_circuit"",""p"":0.001,""r"":3,""rounds"":""3"",""stim_path"":""C:\\Users\\User\\Documents\\projects-git\\relay_mother_folder\\relay\\tests\\testdata\\bicycle_bivariate\\circuit=bicycle_bivariate_18_4_3_memory_X,distance=3,rounds=3,error_rate=0.001,noise_model=uniform_circuit,basis=CX,A=x+1+y,B=x+1+xy^2.stim""}",
       604,         2,         0,   120.3,mem-bp,88862465eff4b2d4e75dad9bcf066c29c41d74d8aa9fbb631e277e7728d305a5,"{""A"":""x+1+y"",""B"":""x+1+xy^2"",""basis"":""CX"",""circuit"":""bicycle_bivariate_18_4_3_memory_X"",""d"":3,""distance"":""3"",""error_rate"":""0.001"",""noise_model"":""uniform_circuit"",""p"":0.001,""r"":3,""rounds"":""3"",""stim_path"":""C:\\Users\\User\\Documents\\projects-git\\relay_mother_folder\\relay\\tests\\testdata\\bicycle_bivariate\\circuit=bicycle_bivariate_18_4_3_memory_X,distance=3,rounds=3,error_rate=0.001,noise_model=uniform_circuit,basis=CX,A=x+1+y,B=x+1+xy^2.stim""}",
       554,         2,         0,   120.2,mem-bp-cdamp-0p5,006cd8c28742ec24ef0db7d2700424bbe04c9e901d86e040647fcb76a9c9c49b,"{""A"":""x+1+y"",""B"":""x+1+xy^2"",""basis"":""CX"",""circuit"":""bicycle_bivariate_18_4_3_memory_X"",""d"":3,""distance"":""3"",""error_rate"":""0.001"",""noise_model"":""uniform_circuit"",""p"":0.001,""r"":3,""rounds"":""3"",""stim_path"":""C:\\Users\\User\\Documents\\projects-git\\relay_mother_folder\\relay\\tests\\testdata\\bicycle_bivariate\\circuit=bicycle_bivariate_18_4_3_memory_X,distance=3,rounds=3,error_rate=0.001,noise_model=uniform_circuit,basis=CX,A=x+1+y,B=x+1+xy^2.stim""}",
       584,         2,         0,   120.0,msl-bp-cdamp-0p5,60ed0a6454f75fcc4110dcc67cfc7b494fa12ae46881ff871c282f98ceddb20d,"{""A"":""x+1+y"",""B"":""x+1+xy^2"",""basis"":""CX"",""circuit"":""bicycle_bivariate_18_4_3_memory_X"",""d"":3,""distance"":""3"",""error_rate"":""0.001"",""noise_model"":""uniform_circuit"",""p"":0.001,""r"":3,""rounds"":""3"",""stim_path"":""C:\\Users\\User\\Documents\\projects-git\\relay_mother_folder\\relay\\tests\\testdata\\bicycle_bivariate\\circuit=bicycle_bivariate_18_4_3_memory_X,distance=3,rounds=3,error_rate=0.001,noise_model=uniform_circuit,basis=CX,A=x+1+y,B=x+1+xy^2.stim""}",
       554,         2,         0,   120.2,mem-bp-cdamp-0p8,899402286ed484b27cfa99bdff637396ac7709784ac0c8ccfcfed7ee79542de3,"{""A"":""x+1+y"",""B"":""x+1+xy^2"",""basis"":""CX"",""circuit"":""bicycle_bivariate_18_4_3_memory_X"",""d"":3,""distance"":""3"",""error_rate"":""0.001"",""noise_model"":""uniform_circuit"",""p"":0.001,""r"":3,""rounds"":""3"",""stim_path"":""C:\\Users\\User\\Documents\\projects-git\\relay_mother_folder\\relay\\tests\\testdata\\bicycle_bivariate\\circuit=bicycle_bivariate_18_4_3_memory_X,distance=3,rounds=3,error_rate=0.001,noise_model=uniform_circuit,basis=CX,A=x+1+y,B=x+1+xy^2.stim""}",
       556,         1,         0,   120.3,mem-bp-cdamp-0p2,426797af2e2a88dd9b2b6409d7dee2ce83baf9f9e50a97c8bf4ff8c1293e448f,"{""A"":""x+1+y"",""B"":""x+1+xy^2"",""basis"":""CX"",""circuit"":""bicycle_bivariate_18_4_3_memory_X"",""d"":3,""distance"":""3"",""error_rate"":""0.001"",""noise_model"":""uniform_circuit"",""p"":0.001,""r"":3,""rounds"":""3"",""stim_path"":""C:\\Users\\User\\Documents\\projects-git\\relay_mother_folder\\relay\\tests\\testdata\\bicycle_bivariate\\circuit=bicycle_bivariate_18_4_3_memory_X,distance=3,rounds=3,error_rate=0.001,noise_model=uniform_circuit,basis=CX,A=x+1+y,B=x+1+xy^2.stim""}",
       640,         8,         0,   120.2,msl-bp,8fbae80d3ef89296897f676a8e47bcb8c2151003b6e39d10606b7ee94914c1d6,"{""A"":""x+1+y"",""B"":""x+1+xy^2"",""basis"":""CX"",""circuit"":""bicycle_bivariate_18_4_3_memory_X"",""d"":3,""distance"":""3"",""error_rate"":""0.001"",""noise_model"":""uniform_circuit"",""p"":0.001,""r"":3,""rounds"":""3"",""stim_path"":""C:\\Users\\User\\Documents\\projects-git\\relay_mother_folder\\relay\\tests\\testdata\\bicycle_bivariate\\circuit=bicycle_bivariate_18_4_3_memory_X,distance=3,rounds=3,error_rate=0.001,noise_model=uniform_circuit,basis=CX,A=x+1+y,B=x+1+xy^2.stim""}",
       588,         4,         0,   120.2,msl-bp-cdamp-0p2,3a1f516d5a607d16a990acfe7beb3feb9c6b6d9127ff6cf3239d14306c8fbcb4,"{""A"":""x+1+y"",""B"":""x+1+xy^2"",""basis"":""CX"",""circuit"":""bicycle_bivariate_18_4_3_memory_X"",""d"":3,""distance"":""3"",""error_rate"":""0.001"",""noise_model"":""uniform_circuit"",""p"":0.001,""r"":3,""rounds"":""3"",""stim_path"":""C:\\Users\\User\\Documents\\projects-git\\relay_mother_folder\\relay\\tests\\testdata\\bicycle_bivariate\\circuit=bicycle_bivariate_18_4_3_memory_X,distance=3,rounds=3,error_rate=0.001,noise_model=uniform_circuit,basis=CX,A=x+1+y,B=x+1+xy^2.stim""}",
       594,         9,         0,   120.0,msl-bp-cdamp-0p8,95aa1299a09cfccca78c2e5a2f09fcb25221cfc03cb6f19befb6662bcc8760f6,"{""A"":""x+1+y"",""B"":""x+1+xy^2"",""basis"":""CX"",""circuit"":""bicycle_bivariate_18_4_3_memory_X"",""d"":3,""distance"":""3"",""error_rate"":""0.001"",""noise_model"":""uniform_circuit"",""p"":0.001,""r"":3,""rounds"":""3"",""stim_path"":""C:\\Users\\User\\Documents\\projects-git\\relay_mother_folder\\relay\\tests\\testdata\\bicycle_bivariate\\circuit=bicycle_bivariate_18_4_3_memory_X,distance=3,rounds=3,error_rate=0.001,noise_model=uniform_circuit,basis=CX,A=x+1+y,B=x+1+xy^2.stim""}",
       602,         1,         0,   120.3,mem-bp,88862465eff4b2d4e75dad9bcf066c29c41d74d8aa9fbb631e277e7728d305a5,"{""A"":""x+1+y"",""B"":""x+1+xy^2"",""basis"":""CX"",""circuit"":""bicycle_bivariate_18_4_3_memory_X"",""d"":3,""distance"":""3"",""error_rate"":""0.001"",""noise_model"":""uniform_circuit"",""p"":0.001,""r"":3,""rounds"":""3"",""stim_path"":""C:\\Users\\User\\Documents\\projects-git\\relay_mother_folder\\relay\\tests\\testdata\\bicycle_bivariate\\circuit=bicycle_bivariate_18_4_3_memory_X,distance=3,rounds=3,error_rate=0.001,noise_model=uniform_circuit,basis=CX,A=x+1+y,B=x+1+xy^2.stim""}",
       550,         2,         0,   120.4,mem-bp-cdamp-0p5,006cd8c28742ec24ef0db7d2700424bbe04c9e901d86e040647fcb76a9c9c49b,"{""A"":""x+1+y"",""B"":""x+1+xy^2"",""basis"":""CX"",""circuit"":""bicycle_bivariate_18_4_3_memory_X"",""d"":3,""distance"":""3"",""error_rate"":""0.001"",""noise_model"":""uniform_circuit"",""p"":0.001,""r"":3,""rounds"":""3"",""stim_path"":""C:\\Users\\User\\Documents\\projects-git\\relay_mother_folder\\relay\\tests\\testdata\\bicycle_bivariate\\circuit=bicycle_bivariate_18_4_3_memory_X,distance=3,rounds=3,error_rate=0.001,noise_model=uniform_circuit,basis=CX,A=x+1+y,B=x+1+xy^2.stim""}",
       586,         2,         0,   120.0,msl-bp-cdamp-0p5,60ed0a6454f75fcc4110dcc67cfc7b494fa12ae46881ff871c282f98ceddb20d,"{""A"":""x+1+y"",""B"":""x+1+xy^2"",""basis"":""CX"",""circuit"":""bicycle_bivariate_18_4_3_memory_X"",""d"":3,""distance"":""3"",""error_rate"":""0.001"",""noise_model"":""uniform_circuit"",""p"":0.001,""r"":3,""rounds"":""3"",""stim_path"":""C:\\Users\\User\\Documents\\projects-git\\relay_mother_folder\\relay\\tests\\testdata\\bicycle_bivariate\\circuit=bicycle_bivariate_18_4_3_memory_X,distance=3,rounds=3,error_rate=0.001,noise_model=uniform_circuit,basis=CX,A=x+1+y,B=x+1+xy^2.stim""}",
       546,         2,         0,   119.9,mem-bp-cdamp-0p8,899402286ed484b27cfa99bdff637396ac7709784ac0c8ccfcfed7ee79542de3,"{""A"":""x+1+y"",""B"":""x+1+xy^2"",""basis"":""CX"",""circuit"":""bicycle_bivariate_18_4_3_memory_X"",""d"":3,""distance"":""3"",""error_rate"":""0.001"",""noise_model"":""uniform_circuit"",""p"":0.001,""r"":3,""rounds"":""3"",""stim_path"":""C:\\Users\\User\\Documents\\projects-git\\relay_mother_folder\\relay\\tests\\testdata\\bicycle_bivariate\\circuit=bicycle_bivariate_18_4_3_memory_X,distance=3,rounds=3,error_rate=0.001,noise_model=uniform_circuit,basis=CX,A=x+1+y,B=x+1+xy^2.stim""}",
       554,         4,         0,   120.1,mem-bp-cdamp-0p2,426797af2e2a88dd9b2b6409d7dee2ce83baf9f9e50a97c8bf4ff8c1293e448f,"{""A"":""x+1+y"",""B"":""x+1+xy^2"",""basis"":""CX"",""circuit"":""bicycle_bivariate_18_4_3_memory_X"",""d"":3,""distance"":""3"",""error_rate"":""0.001"",""noise_model"":""uniform_circuit"",""p"":0.001,""r"":3,""rounds"":""3"",""stim_path"":""C:\\Users\\User\\Documents\\projects-git\\relay_mother_folder\\relay\\tests\\testdata\\bicycle_bivariate\\circuit=bicycle_bivariate_18_4_3_memory_X,distance=3,rounds=3,error_rate=0.001,noise_model=uniform_circuit,basis=CX,A=x+1+y,B=x+1+xy^2.stim""}",
       650,         6,         0,   120.2,msl-bp,8fbae80d3ef89296897f676a8e47bcb8c2151003b6e39d10606b7ee94914c1d6,"{""A"":""x+1+y"",""B"":""x+1+xy^2"",""basis"":""CX"",""circuit"":""bicycle_bivariate_18_4_3_memory_X"",""d"":3,""distance"":""3"",""error_rate"":""0.001"",""noise_model"":""uniform_circuit"",""p"":0.001,""r"":3,""rounds"":""3"",""stim_path"":""C:\\Users\\User\\Documents\\projects-git\\relay_mother_folder\\relay\\tests\\testdata\\bicycle_bivariate\\circuit=bicycle_bivariate_18_4_3_memory_X,distance=3,rounds=3,error_rate=0.001,noise_model=uniform_circuit,basis=CX,A=x+1+y,B=x+1+xy^2.stim""}",
       590,         0,         0,   120.0,msl-bp-cdamp-0p2,3a1f516d5a607d16a990acfe7beb3feb9c6b6d9127ff6cf3239d14306c8fbcb4,"{""A"":""x+1+y"",""B"":""x+1+xy^2"",""basis"":""CX"",""circuit"":""bicycle_bivariate_18_4_3_memory_X"",""d"":3,""distance"":""3"",""error_rate"":""0.001"",""noise_model"":""uniform_circuit"",""p"":0.001,""r"":3,""rounds"":""3"",""stim_path"":""C:\\Users\\User\\Documents\\projects-git\\relay_mother_folder\\relay\\tests\\testdata\\bicycle_bivariate\\circuit=bicycle_bivariate_18_4_3_memory_X,distance=3,rounds=3,error_rate=0.001,noise_model=uniform_circuit,basis=CX,A=x+1+y,B=x+1+xy^2.stim""}",
       592,         5,         0,   120.0,msl-bp-cdamp-0p8,95aa1299a09cfccca78c2e5a2f09fcb25221cfc03cb6f19befb6662bcc8760f6,"{""A"":""x+1+y"",""B"":""x+1+xy^2"",""basis"":""CX"",""circuit"":""bicycle_bivariate_18_4_3_memory_X"",""d"":3,""distance"":""3"",""error_rate"":""0.001"",""noise_model"":""uniform_circuit"",""p"":0.001,""r"":3,""rounds"":""3"",""stim_path"":""C:\\Users\\User\\Documents\\projects-git\\relay_mother_folder\\relay\\tests\\testdata\\bicycle_bivariate\\circuit=bicycle_bivariate_18_4_3_memory_X,distance=3,rounds=3,error_rate=0.001,noise_model=uniform_circuit,basis=CX,A=x+1+y,B=x+1+xy^2.stim""}",
       612,         1,         0,   120.3,mem-bp,88862465eff4b2d4e75dad9bcf066c29c41d74d8aa9fbb631e277e7728d305a5,"{""A"":""x+1+y"",""B"":""x+1+xy^2"",""basis"":""CX"",""circuit"":""bicycle_bivariate_18_4_3_memory_X"",""d"":3,""distance"":""3"",""error_rate"":""0.001"",""noise_model"":""uniform_circuit"",""p"":0.001,""r"":3,""rounds"":""3"",""stim_path"":""C:\\Users\\User\\Documents\\projects-git\\relay_mother_folder\\relay\\tests\\testdata\\bicycle_bivariate\\circuit=bicycle_bivariate_18_4_3_memory_X,distance=3,rounds=3,error_rate=0.001,noise_model=uniform_circuit,basis=CX,A=x+1+y,B=x+1+xy^2.stim""}",
       562,         3,         0,   120.1,mem-bp-cdamp-0p5,006cd8c28742ec24ef0db7d2700424bbe04c9e901d86e040647fcb76a9c9c49b,"{""A"":""x+1+y"",""B"":""x+1+xy^2"",""basis"":""CX"",""circuit"":""bicycle_bivariate_18_4_3_memory_X"",""d"":3,""distance"":""3"",""error_rate"":""0.001"",""noise_model"":""uniform_circuit"",""p"":0.001,""r"":3,""rounds"":""3"",""stim_path"":""C:\\Users\\User\\Documents\\projects-git\\relay_mother_folder\\relay\\tests\\testdata\\bicycle_bivariate\\circuit=bicycle_bivariate_18_4_3_memory_X,distance=3,rounds=3,error_rate=0.001,noise_model=uniform_circuit,basis=CX,A=x+1+y,B=x+1+xy^2.stim""}",
       592,         2,         0,   120.0,msl-bp-cdamp-0p5,60ed0a6454f75fcc4110dcc67cfc7b494fa12ae46881ff871c282f98ceddb20d,"{""A"":""x+1+y"",""B"":""x+1+xy^2"",""basis"":""CX"",""circuit"":""bicycle_bivariate_18_4_3_memory_X"",""d"":3,""distance"":""3"",""error_rate"":""0.001"",""noise_model"":""uniform_circuit"",""p"":0.001,""r"":3,""rounds"":""3"",""stim_path"":""C:\\Users\\User\\Documents\\projects-git\\relay_mother_folder\\relay\\tests\\testdata\\bicycle_bivariate\\circuit=bicycle_bivariate_18_4_3_memory_X,distance=3,rounds=3,error_rate=0.001,noise_model=uniform_circuit,basis=CX,A=x+1+y,B=x+1+xy^2.stim""}",
       560,         1,         0,   120.3,mem-bp-cdamp-0p8,899402286ed484b27cfa99bdff637396ac7709784ac0c8ccfcfed7ee79542de3,"{""A"":""x+1+y"",""B"":""x+1+xy^2"",""basis"":""CX"",""circuit"":""bicycle_bivariate_18_4_3_memory_X"",""d"":3,""distance"":""3"",""error_rate"":""0.001"",""noise_model"":""uniform_circuit"",""p"":0.001,""r"":3,""rounds"":""3"",""stim_path"":""C:\\Users\\User\\Documents\\projects-git\\relay_mother_folder\\relay\\tests\\testdata\\bicycle_bivariate\\circuit=bicycle_bivariate_18_4_3_memory_X,distance=3,rounds=3,error_rate=0.001,noise_model=uniform_circuit,basis=CX,A=x+1+y,B=x+1+xy^2.stim""}",
       564,         3,         0,   120.0,mem-bp-cdamp-0p2,426797af2e2a88dd9b2b6409d7dee2ce83baf9f9e50a97c8bf4ff8c1293e448f,"{""A"":""x+1+y"",""B"":""x+1+xy^2"",""basis"":""CX"",""circuit"":""bicycle_bivariate_18_4_3_memory_X"",""d"":3,""distance"":""3"",""error_rate"":""0.001"",""noise_model"":""uniform_circuit"",""p"":0.001,""r"":3,""rounds"":""3"",""stim_path"":""C:\\Users\\User\\Documents\\projects-git\\relay_mother_folder\\relay\\tests\\testdata\\bicycle_bivariate\\circuit=bicycle_bivariate_18_4_3_memory_X,distance=3,rounds=3,error_rate=0.001,noise_model=uniform_circuit,basis=CX,A=x+1+y,B=x+1+xy^2.stim""}",
       646,         5,         0,   120.0,msl-bp,8fbae80d3ef89296897f676a8e47bcb8c2151003b6e39d10606b7ee94914c1d6,"{""A"":""x+1+y"",""B"":""x+1+xy^2"",""basis"":""CX"",""circuit"":""bicycle_bivariate_18_4_3_memory_X"",""d"":3,""distance"":""3"",""error_rate"":""0.001"",""noise_model"":""uniform_circuit"",""p"":0.001,""r"":3,""rounds"":""3"",""stim_path"":""C:\\Users\\User\\Documents\\projects-git\\relay_mother_folder\\relay\\tests\\testdata\\bicycle_bivariate\\circuit=bicycle_bivariate_18_4_3_memory_X,distance=3,rounds=3,error_rate=0.001,noise_model=uniform_circuit,basis=CX,A=x+1+y,B=x+1+xy^2.stim""}",
       590,         2,         0,   120.2,msl-bp-cdamp-0p2,3a1f516d5a607d16a990acfe7beb3feb9c6b6d9127ff6cf3239d14306c8fbcb4,"{""A"":""x+1+y"",""B"":""x+1+xy^2"",""basis"":""CX"",""circuit"":""bicycle_bivariate_18_4_3_memory_X"",""d"":3,""distance"":""3"",""error_rate"":""0.001"",""noise_model"":""uniform_circuit"",""p"":0.001,""r"":3,""rounds"":""3"",""stim_path"":""C:\\Users\\User\\Documents\\projects-git\\relay_mother_folder\\relay\\tests\\testdata\\bicycle_bivariate\\circuit=bicycle_bivariate_18_4_3_memory_X,distance=3,rounds=3,error_rate=0.001,noise_model=uniform_circuit,basis=CX,A=x+1+y,B=x+1+xy^2.stim""}",
       588,        12,         0,   120.4,msl-bp-cdamp-0p8,95aa1299a09cfccca78c2e5a2f09fcb25221cfc03cb6f19befb6662bcc8760f6,"{""A"":""x+1+y"",""B"":""x+1+xy^2"",""basis"":""CX"",""circuit"":""bicycle_bivariate_18_4_3_memory_X"",""d"":3,""distance"":""3"",""error_rate"":""0.001"",""noise_model"":""uniform_circuit"",""p"":0.001,""r"":3,""rounds"":""3"",""stim_path"":""C:\\Users\\User\\Documents\\projects-git\\relay_mother_folder\\relay\\tests\\testdata\\bicycle_bivariate\\circuit=bicycle_bivariate_18_4_3_memory_X,distance=3,rounds=3,error_rate=0.001,noise_model=uniform_circuit,basis=CX,A=x+1+y,B=x+1+xy^2.stim""}",
       614,         2,         0,   120.2,mem-bp,88862465eff4b2d4e75dad9bcf066c29c41d74d8aa9fbb631e277e7728d305a5,"{""A"":""x+1+y"",""B"":""x+1+xy^2"",""basis"":""CX"",""circuit"":""bicycle_bivariate_18_4_3_memory_X"",""d"":3,""distance"":""3"",""error_rate"":""0.001"",""noise_model"":""uniform_circuit"",""p"":0.001,""r"":3,""rounds"":""3"",""stim_path"":""C:\\Users\\User\\Documents\\projects-git\\relay_mother_folder\\relay\\tests\\testdata\\bicycle_bivariate\\circuit=bicycle_bivariate_18_4_3_memory_X,distance=3,rounds=3,error_rate=0.001,noise_model=uniform_circuit,basis=CX,A=x+1+y,B=x+1+xy^2.stim""}",
       560,         0,         0,   120.0,mem-bp-cdamp-0p5,006cd8c28742ec24ef0db7d2700424bbe04c9e901d86e040647fcb76a9c9c49b,"{""A"":""x+1+y"",""B"":""x+1+xy^2"",""basis"":""CX"",""circuit"":""bicycle_bivariate_18_4_3_memory_X"",""d"":3,""distance"":""3"",""error_rate"":""0.001"",""noise_model"":""uniform_circuit"",""p"":0.001,""r"":3,""rounds"":""3"",""stim_path"":""C:\\Users\\User\\Documents\\projects-git\\relay_mother_folder\\relay\\tests\\testdata\\bicycle_bivariate\\circuit=bicycle_bivariate_18_4_3_memory_X,distance=3,rounds=3,error_rate=0.001,noise_model=uniform_circuit,basis=CX,A=x+1+y,B=x+1+xy^2.stim""}",
       590,         2,         0,   120.3,msl-bp-cdamp-0p5,60ed0a6454f75fcc4110dcc67cfc7b494fa12ae46881ff871c282f98ceddb20d,"{""A"":""x+1+y"",""B"":""x+1+xy^2"",""basis"":""CX"",""circuit"":""bicycle_bivariate_18_4_3_memory_X"",""d"":3,""distance"":""3"",""error_rate"":""0.001"",""noise_model"":""uniform_circuit"",""p"":0.001,""r"":3,""rounds"":""3"",""stim_path"":""C:\\Users\\User\\Documents\\projects-git\\relay_mother_folder\\relay\\tests\\testdata\\bicycle_bivariate\\circuit=bicycle_bivariate_18_4_3_memory_X,distance=3,rounds=3,error_rate=0.001,noise_model=uniform_circuit,basis=CX,A=x+1+y,B=x+1+xy^2.stim""}",
       560,         5,         0,   120.1,mem-bp-cdamp-0p8,899402286ed484b27cfa99bdff637396ac7709784ac0c8ccfcfed7ee79542de3,"{""A"":""x+1+y"",""B"":""x+1+xy^2"",""basis"":""CX"",""circuit"":""bicycle_bivariate_18_4_3_memory_X"",""d"":3,""distance"":""3"",""error_rate"":""0.001"",""noise_model"":""uniform_circuit"",""p"":0.001,""r"":3,""rounds"":""3"",""stim_path"":""C:\\Users\\User\\Documents\\projects-git\\relay_mother_folder\\relay\\tests\\testdata\\bicycle_bivariate\\circuit=bicycle_bivariate_18_4_3_memory_X,distance=3,rounds=3,error_rate=0.001,noise_model=uniform_circuit,basis=CX,A=x+1+y,B=x+1+xy^2.stim""}",
       560,         3,         0,   120.3,mem-bp-cdamp-0p2,426797af2e2a88dd9b2b6409d7dee2ce83baf9f9e50a97c8bf4ff8c1293e448f,"{""A"":""x+1+y"",""B"":""x+1+xy^2"",""basis"":""CX"",""circuit"":""bicycle_bivariate_18_4_3_memory_X"",""d"":3,""distance"":""3"",""error_rate"":""0.001"",""noise_model"":""uniform_circuit"",""p"":0.001,""r"":3,""rounds"":""3"",""stim_path"":""C:\\Users\\User\\Documents\\projects-git\\relay_mother_folder\\relay\\tests\\testdata\\bicycle_bivariate\\circuit=bicycle_bivariate_18_4_3_memory_X,distance=3,rounds=3,error_rate=0.001,noise_model=uniform_circuit,basis=CX,A=x+1+y,B=x+1+xy^2.stim""}",
       648,         7,         0,   120.0,msl-bp,8fbae80d3ef89296897f676a8e47bcb8c2151003b6e39d10606b7ee94914c1d6,"{""A"":""x+1+y"",""B"":""x+1+xy^2"",""basis"":""CX"",""circuit"":""bicycle_bivariate_18_4_3_memory_X"",""d"":3,""distance"":""3"",""error_rate"":""0.001"",""noise_model"":""uniform_circuit"",""p"":0.001,""r"":3,""rounds"":""3"",""stim_path"":""C:\\Users\\User\\Documents\\projects-git\\relay_mother_folder\\relay\\tests\\testdata\\bicycle_bivariate\\circuit=bicycle_bivariate_18_4_3_memory_X,distance=3,rounds=3,error_rate=0.001,noise_model=uniform_circuit,basis=CX,A=x+1+y,B=x+1+xy^2.stim""}",
       584,         3,         0,   120.2,msl-bp-cdamp-0p2,3a1f516d5a607d16a990acfe7beb3feb9c6b6d9127ff6cf3239d14306c8fbcb4,"{""A"":""x+1+y"",""B"":""x+1+xy^2"",""basis"":""CX"",""circuit"":""bicycle_bivariate_18_4_3_memory_X"",""d"":3,""distance"":""3"",""error_rate"":""0.001"",""noise_model"":""uniform_circuit"",""p"":0.001,""r"":3,""rounds"":""3"",""stim_path"":""C:\\Users\\User\\Documents\\projects-git\\relay_mother_folder\\relay\\tests\\testdata\\bicycle_bivariate\\circuit=bicycle_bivariate_18_4_3_memory_X,distance=3,rounds=3,error_rate=0.001,noise_model=uniform_circuit,basis=CX,A=x+1+y,B=x+1+xy^2.stim""}",
       582,        20,         0,   120.2,msl-bp-cdamp-0p8,95aa1299a09cfccca78c2e5a2f09fcb25221cfc03cb6f19befb6662bcc8760f6,"{""A"":""x+1+y"",""B"":""x+1+xy^2"",""basis"":""CX"",""circuit"":""bicycle_bivariate_18_4_3_memory_X"",""d"":3,""distance"":""3"",""error_rate"":""0.001"",""noise_model"":""uniform_circuit"",""p"":0.001,""r"":3,""rounds"":""3"",""stim_path"":""C:\\Users\\User\\Documents\\projects-git\\relay_mother_folder\\relay\\tests\\testdata\\bicycle_bivariate\\circuit=bicycle_bivariate_18_4_3_memory_X,distance=3,rounds=3,error_rate=0.001,noise_model=uniform_circuit,basis=CX,A=x+1+y,B=x+1+xy^2.stim""}",
       610,         3,         0,   120.4,mem-bp,88862465eff4b2d4e75dad9bcf066c29c41d74d8aa9fbb631e277e7728d305a5,"{""A"":""x+1+y"",""B"":""x+1+xy^2"",""basis"":""CX"",""circuit"":""bicycle_bivariate_18_4_3_memory_X"",""d"":3,""distance"":""3"",""error_rate"":""0.001"",""noise_model"":""uniform_circuit"",""p"":0.001,""r"":3,""rounds"":""3"",""stim_path"":""C:\\Users\\User\\Documents\\projects-git\\relay_mother_folder\\relay\\tests\\testdata\\bicycle_bivariate\\circuit=bicycle_bivariate_18_4_3_memory_X,distance=3,rounds=3,error_rate=0.001,noise_model=uniform_circuit,basis=CX,A=x+1+y,B=x+1+xy^2.stim""}",
       556,         3,         0,   120.5,mem-bp-cdamp-0p5,006cd8c28742ec24ef0db7d2700424bbe04c9e901d86e040647fcb76a9c9c49b,"{""A"":""x+1+y"",""B"":""x+1+xy^2"",""basis"":""CX"",""circuit"":""bicycle_bivariate_18_4_3_memory_X"",""d"":3,""distance"":""3"",""error_rate"":""0.001"",""noise_model"":""uniform_circuit"",""p"":0.001,""r"":3,""rounds"":""3"",""stim_path"":""C:\\Users\\User\\Documents\\projects-git\\relay_mother_folder\\relay\\tests\\testdata\\bicycle_bivariate\\circuit=bicycle_bivariate_18_4_3_memory_X,distance=3,rounds=3,error_rate=0.001,noise_model=uniform_circuit,basis=CX,A=x+1+y,B=x+1+xy^2.stim""}",
       586,         3,         0,   120.4,msl-bp-cdamp-0p5,60ed0a6454f75fcc4110dcc67cfc7b494fa12ae46881ff871c282f98ceddb20d,"{""A"":""x+1+y"",""B"":""x+1+xy^2"",""basis"":""CX"",""circuit"":""bicycle_bivariate_18_4_3_memory_X"",""d"":3,""distance"":""3"",""error_rate"":""0.001"",""noise_model"":""uniform_circuit"",""p"":0.001,""r"":3,""rounds"":""3"",""stim_path"":""C:\\Users\\User\\Documents\\projects-git\\relay_mother_folder\\relay\\tests\\testdata\\bicycle_bivariate\\circuit=bicycle_bivariate_18_4_3_memory_X,distance=3,rounds=3,error_rate=0.001,noise_model=uniform_circuit,basis=CX,A=x+1+y,B=x+1+xy^2.stim""}",
       558,         3,         0,   120.3,mem-bp-cdamp-0p8,899402286ed484b27cfa99bdff637396ac7709784ac0c8ccfcfed7ee79542de3,"{""A"":""x+1+y"",""B"":""x+1+xy^2"",""basis"":""CX"",""circuit"":""bicycle_bivariate_18_4_3_memory_X"",""d"":3,""distance"":""3"",""error_rate"":""0.001"",""noise_model"":""uniform_circuit"",""p"":0.001,""r"":3,""rounds"":""3"",""stim_path"":""C:\\Users\\User\\Documents\\projects-git\\relay_mother_folder\\relay\\tests\\testdata\\bicycle_bivariate\\circuit=bicycle_bivariate_18_4_3_memory_X,distance=3,rounds=3,error_rate=0.001,noise_model=uniform_circuit,basis=CX,A=x+1+y,B=x+1+xy^2.stim""}",
       556,         1,         0,   120.1,mem-bp-cdamp-0p2,426797af2e2a88dd9b2b6409d7dee2ce83baf9f9e50a97c8bf4ff8c1293e448f,"{""A"":""x+1+y"",""B"":""x+1+xy^2"",""basis"":""CX"",""circuit"":""bicycle_bivariate_18_4_3_memory_X"",""d"":3,""distance"":""3"",""error_rate"":""0.001"",""noise_model"":""uniform_circuit"",""p"":0.001,""r"":3,""rounds"":""3"",""stim_path"":""C:\\Users\\User\\Documents\\projects-git\\relay_mother_folder\\relay\\tests\\testdata\\bicycle_bivariate\\circuit=bicycle_bivariate_18_4_3_memory_X,distance=3,rounds=3,error_rate=0.001,noise_model=uniform_circuit,basis=CX,A=x+1+y,B=x+1+xy^2.stim""}",
       648,        14,         0,   120.3,msl-bp,8fbae80d3ef89296897f676a8e47bcb8c2151003b6e39d10606b7ee94914c1d6,"{""A"":""x+1+y"",""B"":""x+1+xy^2"",""basis"":""CX"",""circuit"":""bicycle_bivariate_18_4_3_memory_X"",""d"":3,""distance"":""3"",""error_rate"":""0.001"",""noise_model"":""uniform_circuit"",""p"":0.001,""r"":3,""rounds"":""3"",""stim_path"":""C:\\Users\\User\\Documents\\projects-git\\relay_mother_folder\\relay\\tests\\testdata\\bicycle_bivariate\\circuit=bicycle_bivariate_18_4_3_memory_X,distance=3,rounds=3,error_rate=0.001,noise_model=uniform_circuit,basis=CX,A=x+1+y,B=x+1+xy^2.stim""}",
       578,         5,         0,   120.2,msl-bp-cdamp-0p2,3a1f516d5a607d16a990acfe7beb3feb9c6b6d9127ff6cf3239d14306c8fbcb4,"{""A"":""x+1+y"",""B"":""x+1+xy^2"",""basis"":""CX"",""circuit"":""bicycle_bivariate_18_4_3_memory_X"",""d"":3,""distance"":""3"",""error_rate"":""0.001"",""noise_model"":""uniform_circuit"",""p"":0.001,""r"":3,""rounds"":""3"",""stim_path"":""C:\\Users\\User\\Documents\\projects-git\\relay_mother_folder\\relay\\tests\\testdata\\bicycle_bivariate\\circuit=bicycle_bivariate_18_4_3_memory_X,distance=3,rounds=3,error_rate=0.001,noise_model=uniform_circuit,basis=CX,A=x+1+y,B=x+1+xy^2.stim""}",
       580,         8,         0,   120.1,msl-bp-cdamp-0p8,95aa1299a09cfccca78c2e5a2f09fcb25221cfc03cb6f19befb6662bcc8760f6,"{""A"":""x+1+y"",""B"":""x+1+xy^2"",""basis"":""CX"",""circuit"":""bicycle_bivariate_18_4_3_memory_X"",""d"":3,""distance"":""3"",""error_rate"":""0.001"",""noise_model"":""uniform_circuit"",""p"":0.001,""r"":3,""rounds"":""3"",""stim_path"":""C:\\Users\\User\\Documents\\projects-git\\relay_mother_folder\\relay\\tests\\testdata\\bicycle_bivariate\\circuit=bicycle_bivariate_18_4_3_memory_X,distance=3,rounds=3,error_rate=0.001,noise_model=uniform_circuit,basis=CX,A=x+1+y,B=x+1+xy^2.stim""}",
       600,         2,         0,   120.1,mem-bp,88862465eff4b2d4e75dad9bcf066c29c41d74d8aa9fbb631e277e7728d305a5,"{""A"":""x+1+y"",""B"":""x+1+xy^2"",""basis"":""CX"",""circuit"":""bicycle_bivariate_18_4_3_memory_X"",""d"":3,""distance"":""3"",""error_rate"":""0.001"",""noise_model"":""uniform_circuit"",""p"":0.001,""r"":3,""rounds"":""3"",""stim_path"":""C:\\Users\\User\\Documents\\projects-git\\relay_mother_folder\\relay\\tests\\testdata\\bicycle_bivariate\\circuit=bicycle_bivariate_18_4_3_memory_X,distance=3,rounds=3,error_rate=0.001,noise_model=uniform_circuit,basis=CX,A=x+1+y,B=x+1+xy^2.stim""}",
       552,         2,         0,   120.2,mem-bp-cdamp-0p5,006cd8c28742ec24ef0db7d2700424bbe04c9e901d86e040647fcb76a9c9c49b,"{""A"":""x+1+y"",""B"":""x+1+xy^2"",""basis"":""CX"",""circuit"":""bicycle_bivariate_18_4_3_memory_X"",""d"":3,""distance"":""3"",""error_rate"":""0.001"",""noise_model"":""uniform_circuit"",""p"":0.001,""r"":3,""rounds"":""3"",""stim_path"":""C:\\Users\\User\\Documents\\projects-git\\relay_mother_folder\\relay\\tests\\testdata\\bicycle_bivariate\\circuit=bicycle_bivariate_18_4_3_memory_X,distance=3,rounds=3,error_rate=0.001,noise_model=uniform_circuit,basis=CX,A=x+1+y,B=x+1+xy^2.stim""}",
       582,         4,         0,   120.3,msl-bp-cdamp-0p5,60ed0a6454f75fcc4110dcc67cfc7b494fa12ae46881ff871c282f98ceddb20d,"{""A"":""x+1+y"",""B"":""x+1+xy^2"",""basis"":""CX"",""circuit"":""bicycle_bivariate_18_4_3_memory_X"",""d"":3,""distance"":""3"",""error_rate"":""0.001"",""noise_model"":""uniform_circuit"",""p"":0.001,""r"":3,""rounds"":""3"",""stim_path"":""C:\\Users\\User\\Documents\\projects-git\\relay_mother_folder\\relay\\tests\\testdata\\bicycle_bivariate\\circuit=bicycle_bivariate_18_4_3_memory_X,distance=3,rounds=3,error_rate=0.001,noise_model=uniform_circuit,basis=CX,A=x+1+y,B=x+1+xy^2.stim""}",
       552,         3,         0,   120.2,mem-bp-cdamp-0p8,899402286ed484b27cfa99bdff637396ac7709784ac0c8ccfcfed7ee79542de3,"{""A"":""x+1+y"",""B"":""x+1+xy^2"",""basis"":""CX"",""circuit"":""bicycle_bivariate_18_4_3_memory_X"",""d"":3,""distance"":""3"",""error_rate"":""0.001"",""noise_model"":""uniform_circuit"",""p"":0.001,""r"":3,""rounds"":""3"",""stim_path"":""C:\\Users\\User\\Documents\\projects-git\\relay_mother_folder\\relay\\tests\\testdata\\bicycle_bivariate\\circuit=bicycle_bivariate_18_4_3_memory_X,distance=3,rounds=3,error_rate=0.001,noise_model=uniform_circuit,basis=CX,A=x+1+y,B=x+1+xy^2.stim""}",
       556,         2,         0,   120.4,mem-bp-cdamp-0p2,426797af2e2a88dd9b2b6409d7dee2ce83baf9f9e50a97c8bf4ff8c1293e448f,"{""A"":""x+1+y"",""B"":""x+1+xy^2"",""basis"":""CX"",""circuit"":""bicycle_bivariate_18_4_3_memory_X"",""d"":3,""distance"":""3"",""error_rate"":""0.001"",""noise_model"":""uniform_circuit"",""p"":0.001,""r"":3,""rounds"":""3"",""stim_path"":""C:\\Users\\User\\Documents\\projects-git\\relay_mother_folder\\relay\\tests\\testdata\\bicycle_bivariate\\circuit=bicycle_bivariate_18_4_3_memory_X,distance=3,rounds=3,error_rate=0.001,noise_model=uniform_circuit,basis=CX,A=x+1+y,B=x+1+xy^2.stim""}",
       582,         7,         0,   120.1,msl-bp,8fbae80d3ef89296897f676a8e47bcb8c2151003b6e39d10606b7ee94914c1d6,"{""A"":""x+1+y"",""B"":""x+1+xy^2"",""basis"":""CX"",""circuit"":""bicycle_bivariate_18_4_3_memory_X"",""d"":3,""distance"":""3"",""error_rate"":""0.001"",""noise_model"":""uniform_circuit"",""p"":0.001,""r"":3,""rounds"":""3"",""stim_path"":""C:\\Users\\User\\Documents\\projects-git\\relay_mother_folder\\relay\\tests\\testdata\\bicycle_bivariate\\circuit=bicycle_bivariate_18_4_3_memory_X,distance=3,rounds=3,error_rate=0.001,noise_model=uniform_circuit,basis=CX,A=x+1+y,B=x+1+xy^2.stim""}",
       512,         3,         0,   120.2,msl-bp-cdamp-0p2,3a1f516d5a607d16a990acfe7beb3feb9c6b6d9127ff6cf3239d14306c8fbcb4,"{""A"":""x+1+y"",""B"":""x+1+xy^2"",""basis"":""CX"",""circuit"":""bicycle_bivariate_18_4_3_memory_X"",""d"":3,""distance"":""3"",""error_rate"":""0.001"",""noise_model"":""uniform_circuit"",""p"":0.001,""r"":3,""rounds"":""3"",""stim_path"":""C:\\Users\\User\\Documents\\projects-git\\relay_mother_folder\\relay\\tests\\testdata\\bicycle_bivariate\\circuit=bicycle_bivariate_18_4_3_memory_X,distance=3,rounds=3,error_rate=0.001,noise_model=uniform_circuit,basis=CX,A=x+1+y,B=x+1+xy^2.stim""}",
       548,         9,         0,   120.4,msl-bp-cdamp-0p8,95aa1299a09cfccca78c2e5a2f09fcb25221cfc03cb6f19befb6662bcc8760f6,"{""A"":""x+1+y"",""B"":""x+1+xy^2"",""basis"":""CX"",""circuit"":""bicycle_bivariate_18_4_3_memory_X"",""d"":3,""distance"":""3"",""error_rate"":""0.001"",""noise_model"":""uniform_circuit"",""p"":0.001,""r"":3,""rounds"":""3"",""stim_path"":""C:\\Users\\User\\Documents\\projects-git\\relay_mother_folder\\relay\\tests\\testdata\\bicycle_bivariate\\circuit=bicycle_bivariate_18_4_3_memory_X,distance=3,rounds=3,error_rate=0.001,noise_model=uniform_circuit,basis=CX,A=x+1+y,B=x+1+xy^2.stim""}",
       580,         0,         0,   120.3,mem-bp,88862465eff4b2d4e75dad9bcf066c29c41d74d8aa9fbb631e277e7728d305a5,"{""A"":""x+1+y"",""B"":""x+1+xy^2"",""basis"":""CX"",""circuit"":""bicycle_bivariate_18_4_3_memory_X"",""d"":3,""distance"":""3"",""error_rate"":""0.001"",""noise_model"":""uniform_circuit"",""p"":0.001,""r"":3,""rounds"":""3"",""stim_path"":""C:\\Users\\User\\Documents\\projects-git\\relay_mother_folder\\relay\\tests\\testdata\\bicycle_bivariate\\circuit=bicycle_bivariate_18_4_3_memory_X,distance=3,rounds=3,error_rate=0.001,noise_model=uniform_circuit,basis=CX,A=x+1+y,B=x+1+xy^2.stim""}",
       484,         1,         0,   120.3,mem-bp-cdamp-0p5,006cd8c28742ec24ef0db7d2700424bbe04c9e901d86e040647fcb76a9c9c49b,"{""A"":""x+1+y"",""B"":""x+1+xy^2"",""basis"":""CX"",""circuit"":""bicycle_bivariate_18_4_3_memory_X"",""d"":3,""distance"":""3"",""error_rate"":""0.001"",""noise_model"":""uniform_circuit"",""p"":0.001,""r"":3,""rounds"":""3"",""stim_path"":""C:\\Users\\User\\Documents\\projects-git\\relay_mother_folder\\relay\\tests\\testdata\\bicycle_bivariate\\circuit=bicycle_bivariate_18_4_3_memory_X,distance=3,rounds=3,error_rate=0.001,noise_model=uniform_circuit,basis=CX,A=x+1+y,B=x+1+xy^2.stim""}",
       564,         0,         0,   120.3,msl-bp-cdamp-0p5,60ed0a6454f75fcc4110dcc67cfc7b494fa12ae46881ff871c282f98ceddb20d,"{""A"":""x+1+y"",""B"":""x+1+xy^2"",""basis"":""CX"",""circuit"":""bicycle_bivariate_18_4_3_memory_X"",""d"":3,""distance"":""3"",""error_rate"":""0.001"",""noise_model"":""uniform_circuit"",""p"":0.001,""r"":3,""rounds"":""3"",""stim_path"":""C:\\Users\\User\\Documents\\projects-git\\relay_mother_folder\\relay\\tests\\testdata\\bicycle_bivariate\\circuit=bicycle_bivariate_18_4_3_memory_X,distance=3,rounds=3,error_rate=0.001,noise_model=uniform_circuit,basis=CX,A=x+1+y,B=x+1+xy^2.stim""}",
       492,         3,         0,   120.4,mem-bp-cdamp-0p8,899402286ed484b27cfa99bdff637396ac7709784ac0c8ccfcfed7ee79542de3,"{""A"":""x+1+y"",""B"":""x+1+xy^2"",""basis"":""CX"",""circuit"":""bicycle_bivariate_18_4_3_memory_X"",""d"":3,""distance"":""3"",""error_rate"":""0.001"",""noise_model"":""uniform_circuit"",""p"":0.001,""r"":3,""rounds"":""3"",""stim_path"":""C:\\Users\\User\\Documents\\projects-git\\relay_mother_folder\\relay\\tests\\testdata\\bicycle_bivariate\\circuit=bicycle_bivariate_18_4_3_memory_X,distance=3,rounds=3,error_rate=0.001,noise_model=uniform_circuit,basis=CX,A=x+1+y,B=x+1+xy^2.stim""}",
       498,         4,         0,   120.4,mem-bp-cdamp-0p2,426797af2e2a88dd9b2b6409d7dee2ce83baf9f9e50a97c8bf4ff8c1293e448f,"{""A"":""x+1+y"",""B"":""x+1+xy^2"",""basis"":""CX"",""circuit"":""bicycle_bivariate_18_4_3_memory_X"",""d"":3,""distance"":""3"",""error_rate"":""0.001"",""noise_model"":""uniform_circuit"",""p"":0.001,""r"":3,""rounds"":""3"",""stim_path"":""C:\\Users\\User\\Documents\\projects-git\\relay_mother_folder\\relay\\tests\\testdata\\bicycle_bivariate\\circuit=bicycle_bivariate_18_4_3_memory_X,distance=3,rounds=3,error_rate=0.001,noise_model=uniform_circuit,basis=CX,A=x+1+y,B=x+1+xy^2.stim""}",
       640,         6,         0,   120.3,msl-bp,8fbae80d3ef89296897f676a8e47bcb8c2151003b6e39d10606b7ee94914c1d6,"{""A"":""x+1+y"",""B"":""x+1+xy^2"",""basis"":""CX"",""circuit"":""bicycle_bivariate_18_4_3_memory_X"",""d"":3,""distance"":""3"",""error_rate"":""0.001"",""noise_model"":""uniform_circuit"",""p"":0.001,""r"":3,""rounds"":""3"",""stim_path"":""C:\\Users\\User\\Documents\\projects-git\\relay_mother_folder\\relay\\tests\\testdata\\bicycle_bivariate\\circuit=bicycle_bivariate_18_4_3_memory_X,distance=3,rounds=3,error_rate=0.001,noise_model=uniform_circuit,basis=CX,A=x+1+y,B=x+1+xy^2.stim""}",
       588,         4,         0,   120.3,msl-bp-cdamp-0p2,3a1f516d5a607d16a990acfe7beb3feb9c6b6d9127ff6cf3239d14306c8fbcb4,"{""A"":""x+1+y"",""B"":""x+1+xy^2"",""basis"":""CX"",""circuit"":""bicycle_bivariate_18_4_3_memory_X"",""d"":3,""distance"":""3"",""error_rate"":""0.001"",""noise_model"":""uniform_circuit"",""p"":0.001,""r"":3,""rounds"":""3"",""stim_path"":""C:\\Users\\User\\Documents\\projects-git\\relay_mother_folder\\relay\\tests\\testdata\\bicycle_bivariate\\circuit=bicycle_bivariate_18_4_3_memory_X,distance=3,rounds=3,error_rate=0.001,noise_model=uniform_circuit,basis=CX,A=x+1+y,B=x+1+xy^2.stim""}",
       590,         5,         0,   120.1,msl-bp-cdamp-0p8,95aa1299a09cfccca78c2e5a2f09fcb25221cfc03cb6f19befb6662bcc8760f6,"{""A"":""x+1+y"",""B"":""x+1+xy^2"",""basis"":""CX"",""circuit"":""bicycle_bivariate_18_4_3_memory_X"",""d"":3,""distance"":""3"",""error_rate"":""0.001"",""noise_model"":""uniform_circuit"",""p"":0.001,""r"":3,""rounds"":""3"",""stim_path"":""C:\\Users\\User\\Documents\\projects-git\\relay_mother_folder\\relay\\tests\\testdata\\bicycle_bivariate\\circuit=bicycle_bivariate_18_4_3_memory_X,distance=3,rounds=3,error_rate=0.001,noise_model=uniform_circuit,basis=CX,A=x+1+y,B=x+1+xy^2.stim""}",
       608,         3,         0,   120.2,mem-bp,88862465eff4b2d4e75dad9bcf066c29c41d74d8aa9fbb631e277e7728d305a5,"{""A"":""x+1+y"",""B"":""x+1+xy^2"",""basis"":""CX"",""circuit"":""bicycle_bivariate_18_4_3_memory_X"",""d"":3,""distance"":""3"",""error_rate"":""0.001"",""noise_model"":""uniform_circuit"",""p"":0.001,""r"":3,""rounds"":""3"",""stim_path"":""C:\\Users\\User\\Documents\\projects-git\\relay_mother_folder\\relay\\tests\\testdata\\bicycle_bivariate\\circuit=bicycle_bivariate_18_4_3_memory_X,distance=3,rounds=3,error_rate=0.001,noise_model=uniform_circuit,basis=CX,A=x+1+y,B=x+1+xy^2.stim""}",
       556,         3,         0,   120.4,mem-bp-cdamp-0p5,006cd8c28742ec24ef0db7d2700424bbe04c9e901d86e040647fcb76a9c9c49b,"{""A"":""x+1+y"",""B"":""x+1+xy^2"",""basis"":""CX"",""circuit"":""bicycle_bivariate_18_4_3_memory_X"",""d"":3,""distance"":""3"",""error_rate"":""0.001"",""noise_model"":""uniform_circuit"",""p"":0.001,""r"":3,""rounds"":""3"",""stim_path"":""C:\\Users\\User\\Documents\\projects-git\\relay_mother_folder\\relay\\tests\\testdata\\bicycle_bivariate\\circuit=bicycle_bivariate_18_4_3_memory_X,distance=3,rounds=3,error_rate=0.001,noise_model=uniform_circuit,basis=CX,A=x+1+y,B=x+1+xy^2.stim""}",
       586,         2,         0,   120.3,msl-bp-cdamp-0p5,60ed0a6454f75fcc4110dcc67cfc7b494fa12ae46881ff871c282f98ceddb20d,"{""A"":""x+1+y"",""B"":""x+1+xy^2"",""basis"":""CX"",""circuit"":""bicycle_bivariate_18_4_3_memory_X"",""d"":3,""distance"":""3"",""error_rate"":""0.001"",""noise_model"":""uniform_circuit"",""p"":0.001,""r"":3,""rounds"":""3"",""stim_path"":""C:\\Users\\User\\Documents\\projects-git\\relay_mother_folder\\relay\\tests\\testdata\\bicycle_bivariate\\circuit=bicycle_bivariate_18_4_3_memory_X,distance=3,rounds=3,error_rate=0.001,noise_model=uniform_circuit,basis=CX,A=x+1+y,B=x+1+xy^2.stim""}",
       560,         2,         0,   120.3,mem-bp-cdamp-0p8,899402286ed484b27cfa99bdff637396ac7709784ac0c8ccfcfed7ee79542de3,"{""A"":""x+1+y"",""B"":""x+1+xy^2"",""basis"":""CX"",""circuit"":""bicycle_bivariate_18_4_3_memory_X"",""d"":3,""distance"":""3"",""error_rate"":""0.001"",""noise_model"":""uniform_circuit"",""p"":0.001,""r"":3,""rounds"":""3"",""stim_path"":""C:\\Users\\User\\Documents\\projects-git\\relay_mother_folder\\relay\\tests\\testdata\\bicycle_bivariate\\circuit=bicycle_bivariate_18_4_3_memory_X,distance=3,rounds=3,error_rate=0.001,noise_model=uniform_circuit,basis=CX,A=x+1+y,B=x+1+xy^2.stim""}",
       564,         1,         0,   120.5,mem-bp-cdamp-0p2,426797af2e2a88dd9b2b6409d7dee2ce83baf9f9e50a97c8bf4ff8c1293e448f,"{""A"":""x+1+y"",""B"":""x+1+xy^2"",""basis"":""CX"",""circuit"":""bicycle_bivariate_18_4_3_memory_X"",""d"":3,""distance"":""3"",""error_rate"":""0.001"",""noise_model"":""uniform_circuit"",""p"":0.001,""r"":3,""rounds"":""3"",""stim_path"":""C:\\Users\\User\\Documents\\projects-git\\relay_mother_folder\\relay\\tests\\testdata\\bicycle_bivariate\\circuit=bicycle_bivariate_18_4_3_memory_X,distance=3,rounds=3,error_rate=0.001,noise_model=uniform_circuit,basis=CX,A=x+1+y,B=x+1+xy^2.stim""}",
       634,         8,         0,   120.3,msl-bp,8fbae80d3ef89296897f676a8e47bcb8c2151003b6e39d10606b7ee94914c1d6,"{""A"":""x+1+y"",""B"":""x+1+xy^2"",""basis"":""CX"",""circuit"":""bicycle_bivariate_18_4_3_memory_X"",""d"":3,""distance"":""3"",""error_rate"":""0.001"",""noise_model"":""uniform_circuit"",""p"":0.001,""r"":3,""rounds"":""3"",""stim_path"":""C:\\Users\\User\\Documents\\projects-git\\relay_mother_folder\\relay\\tests\\testdata\\bicycle_bivariate\\circuit=bicycle_bivariate_18_4_3_memory_X,distance=3,rounds=3,error_rate=0.001,noise_model=uniform_circuit,basis=CX,A=x+1+y,B=x+1+xy^2.stim""}",
       586,         2,         0,   120.2,msl-bp-cdamp-0p2,3a1f516d5a607d16a990acfe7beb3feb9c6b6d9127ff6cf3239d14306c8fbcb4,"{""A"":""x+1+y"",""B"":""x+1+xy^2"",""basis"":""CX"",""circuit"":""bicycle_bivariate_18_4_3_memory_X"",""d"":3,""distance"":""3"",""error_rate"":""0.001"",""noise_model"":""uniform_circuit"",""p"":0.001,""r"":3,""rounds"":""3"",""stim_path"":""C:\\Users\\User\\Documents\\projects-git\\relay_mother_folder\\relay\\tests\\testdata\\bicycle_bivariate\\circuit=bicycle_bivariate_18_4_3_memory_X,distance=3,rounds=3,error_rate=0.001,noise_model=uniform_circuit,basis=CX,A=x+1+y,B=x+1+xy^2.stim""}",
       588,        11,         0,   120.0,msl-bp-cdamp-0p8,95aa1299a09cfccca78c2e5a2f09fcb25221cfc03cb6f19befb6662bcc8760f6,"{""A"":""x+1+y"",""B"":""x+1+xy^2"",""basis"":""CX"",""circuit"":""bicycle_bivariate_18_4_3_memory_X"",""d"":3,""distance"":""3"",""error_rate"":""0.001"",""noise_model"":""uniform_circuit"",""p"":0.001,""r"":3,""rounds"":""3"",""stim_path"":""C:\\Users\\User\\Documents\\projects-git\\relay_mother_folder\\relay\\tests\\testdata\\bicycle_bivariate\\circuit=bicycle_bivariate_18_4_3_memory_X,distance=3,rounds=3,error_rate=0.001,noise_model=uniform_circuit,basis=CX,A=x+1+y,B=x+1+xy^2.stim""}",
       610,         2,         0,   120.0,mem-bp,88862465eff4b2d4e75dad9bcf066c29c41d74d8aa9fbb631e277e7728d305a5,"{""A"":""x+1+y"",""B"":""x+1+xy^2"",""basis"":""CX"",""circuit"":""bicycle_bivariate_18_4_3_memory_X"",""d"":3,""distance"":""3"",""error_rate"":""0.001"",""noise_model"":""uniform_circuit"",""p"":0.001,""r"":3,""rounds"":""3"",""stim_path"":""C:\\Users\\User\\Documents\\projects-git\\relay_mother_folder\\relay\\tests\\testdata\\bicycle_bivariate\\circuit=bicycle_bivariate_18_4_3_memory_X,distance=3,rounds=3,error_rate=0.001,noise_model=uniform_circuit,basis=CX,A=x+1+y,B=x+1+xy^2.stim""}",
       558,         0,         0,   120.4,mem-bp-cdamp-0p5,006cd8c28742ec24ef0db7d2700424bbe04c9e901d86e040647fcb76a9c9c49b,"{""A"":""x+1+y"",""B"":""x+1+xy^2"",""basis"":""CX"",""circuit"":""bicycle_bivariate_18_4_3_memory_X"",""d"":3,""distance"":""3"",""error_rate"":""0.001"",""noise_model"":""uniform_circuit"",""p"":0.001,""r"":3,""rounds"":""3"",""stim_path"":""C:\\Users\\User\\Documents\\projects-git\\relay_mother_folder\\relay\\tests\\testdata\\bicycle_bivariate\\circuit=bicycle_bivariate_18_4_3_memory_X,distance=3,rounds=3,error_rate=0.001,noise_model=uniform_circuit,basis=CX,A=x+1+y,B=x+1+xy^2.stim""}",
       588,         3,         0,   120.1,msl-bp-cdamp-0p5,60ed0a6454f75fcc4110dcc67cfc7b494fa12ae46881ff871c282f98ceddb20d,"{""A"":""x+1+y"",""B"":""x+1+xy^2"",""basis"":""CX"",""circuit"":""bicycle_bivariate_18_4_3_memory_X"",""d"":3,""distance"":""3"",""error_rate"":""0.001"",""noise_model"":""uniform_circuit"",""p"":0.001,""r"":3,""rounds"":""3"",""stim_path"":""C:\\Users\\User\\Documents\\projects-git\\relay_mother_folder\\relay\\tests\\testdata\\bicycle_bivariate\\circuit=bicycle_bivariate_18_4_3_memory_X,distance=3,rounds=3,error_rate=0.001,noise_model=uniform_circuit,basis=CX,A=x+1+y,B=x+1+xy^2.stim""}",
       548,         4,         0,   120.4,mem-bp-cdamp-0p8,899402286ed484b27cfa99bdff637396ac7709784ac0c8ccfcfed7ee79542de3,"{""A"":""x+1+y"",""B"":""x+1+xy^2"",""basis"":""CX"",""circuit"":""bicycle_bivariate_18_4_3_memory_X"",""d"":3,""distance"":""3"",""error_rate"":""0.001"",""noise_model"":""uniform_circuit"",""p"":0.001,""r"":3,""rounds"":""3"",""stim_path"":""C:\\Users\\User\\Documents\\projects-git\\relay_mother_folder\\relay\\tests\\testdata\\bicycle_bivariate\\circuit=bicycle_bivariate_18_4_3_memory_X,distance=3,rounds=3,error_rate=0.001,noise_model=uniform_circuit,basis=CX,A=x+1+y,B=x+1+xy^2.stim""}",
       550,         3,         0,   120.1,mem-bp-cdamp-0p2,426797af2e2a88dd9b2b6409d7dee2ce83baf9f9e50a97c8bf4ff8c1293e448f,"{""A"":""x+1+y"",""B"":""x+1+xy^2"",""basis"":""CX"",""circuit"":""bicycle_bivariate_18_4_3_memory_X"",""d"":3,""distance"":""3"",""error_rate"":""0.001"",""noise_model"":""uniform_circuit"",""p"":0.001,""r"":3,""rounds"":""3"",""stim_path"":""C:\\Users\\User\\Documents\\projects-git\\relay_mother_folder\\relay\\tests\\testdata\\bicycle_bivariate\\circuit=bicycle_bivariate_18_4_3_memory_X,distance=3,rounds=3,error_rate=0.001,noise_model=uniform_circuit,basis=CX,A=x+1+y,B=x+1+xy^2.stim""}",
       652,         8,         0,   120.0,msl-bp,8fbae80d3ef89296897f676a8e47bcb8c2151003b6e39d10606b7ee94914c1d6,"{""A"":""x+1+y"",""B"":""x+1+xy^2"",""basis"":""CX"",""circuit"":""bicycle_bivariate_18_4_3_memory_X"",""d"":3,""distance"":""3"",""error_rate"":""0.001"",""noise_model"":""uniform_circuit"",""p"":0.001,""r"":3,""rounds"":""3"",""stim_path"":""C:\\Users\\User\\Documents\\projects-git\\relay_mother_folder\\relay\\tests\\testdata\\bicycle_bivariate\\circuit=bicycle_bivariate_18_4_3_memory_X,distance=3,rounds=3,error_rate=0.001,noise_model=uniform_circuit,basis=CX,A=x+1+y,B=x+1+xy^2.stim""}",
       586,         2,         0,   120.1,msl-bp-cdamp-0p2,3a1f516d5a607d16a990acfe7beb3feb9c6b6d9127ff6cf3239d14306c8fbcb4,"{""A"":""x+1+y"",""B"":""x+1+xy^2"",""basis"":""CX"",""circuit"":""bicycle_bivariate_18_4_3_memory_X"",""d"":3,""distance"":""3"",""error_rate"":""0.001"",""noise_model"":""uniform_circuit"",""p"":0.001,""r"":3,""rounds"":""3"",""stim_path"":""C:\\Users\\User\\Documents\\projects-git\\relay_mother_folder\\relay\\tests\\testdata\\bicycle_bivariate\\circuit=bicycle_bivariate_18_4_3_memory_X,distance=3,rounds=3,error_rate=0.001,noise_model=uniform_circuit,basis=CX,A=x+1+y,B=x+1+xy^2.stim""}",
       586,         7,         0,   120.4,msl-bp-cdamp-0p8,95aa1299a09cfccca78c2e5a2f09fcb25221cfc03cb6f19befb6662bcc8760f6,"{""A"":""x+1+y"",""B"":""x+1+xy^2"",""basis"":""CX"",""circuit"":""bicycle_bivariate_18_4_3_memory_X"",""d"":3,""distance"":""3"",""error_rate"":""0.001"",""noise_model"":""uniform_circuit"",""p"":0.001,""r"":3,""rounds"":""3"",""stim_path"":""C:\\Users\\User\\Documents\\projects-git\\relay_mother_folder\\relay\\tests\\testdata\\bicycle_bivariate\\circuit=bicycle_bivariate_18_4_3_memory_X,distance=3,rounds=3,error_rate=0.001,noise_model=uniform_circuit,basis=CX,A=x+1+y,B=x+1+xy^2.stim""}",
       616,         2,         0,   120.2,mem-bp,88862465eff4b2d4e75dad9bcf066c29c41d74d8aa9fbb631e277e7728d305a5,"{""A"":""x+1+y"",""B"":""x+1+xy^2"",""basis"":""CX"",""circuit"":""bicycle_bivariate_18_4_3_memory_X"",""d"":3,""distance"":""3"",""error_rate"":""0.001"",""noise_model"":""uniform_circuit"",""p"":0.001,""r"":3,""rounds"":""3"",""stim_path"":""C:\\Users\\User\\Documents\\projects-git\\relay_mother_folder\\relay\\tests\\testdata\\bicycle_bivariate\\circuit=bicycle_bivariate_18_4_3_memory_X,distance=3,rounds=3,error_rate=0.001,noise_model=uniform_circuit,basis=CX,A=x+1+y,B=x+1+xy^2.stim""}",
       558,         3,         0,   120.1,mem-bp-cdamp-0p5,006cd8c28742ec24ef0db7d2700424bbe04c9e901d86e040647fcb76a9c9c49b,"{""A"":""x+1+y"",""B"":""x+1+xy^2"",""basis"":""CX"",""circuit"":""bicycle_bivariate_18_4_3_memory_X"",""d"":3,""distance"":""3"",""error_rate"":""0.001"",""noise_model"":""uniform_circuit"",""p"":0.001,""r"":3,""rounds"":""3"",""stim_path"":""C:\\Users\\User\\Documents\\projects-git\\relay_mother_folder\\relay\\tests\\testdata\\bicycle_bivariate\\circuit=bicycle_bivariate_18_4_3_memory_X,distance=3,rounds=3,error_rate=0.001,noise_model=uniform_circuit,basis=CX,A=x+1+y,B=x+1+xy^2.stim""}",
       586,         0,         0,   120.3,msl-bp-cdamp-0p5,60ed0a6454f75fcc4110dcc67cfc7b494fa12ae46881ff871c282f98ceddb20d,"{""A"":""x+1+y"",""B"":""x+1+xy^2"",""basis"":""CX"",""circuit"":""bicycle_bivariate_18_4_3_memory_X"",""d"":3,""distance"":""3"",""error_rate"":""0.001"",""noise_model"":""uniform_circuit"",""p"":0.001,""r"":3,""rounds"":""3"",""stim_path"":""C:\\Users\\User\\Documents\\projects-git\\relay_mother_folder\\relay\\tests\\testdata\\bicycle_bivariate\\circuit=bicycle_bivariate_18_4_3_memory_X,distance=3,rounds=3,error_rate=0.001,noise_model=uniform_circuit,basis=CX,A=x+1+y,B=x+1+xy^2.stim""}",
       556,         4,         0,   120.0,mem-bp-cdamp-0p8,899402286ed484b27cfa99bdff637396ac7709784ac0c8ccfcfed7ee79542de3,"{""A"":""x+1+y"",""B"":""x+1+xy^2"",""basis"":""CX"",""circuit"":""bicycle_bivariate_18_4_3_memory_X"",""d"":3,""distance"":""3"",""error_rate"":""0.001"",""noise_model"":""uniform_circuit"",""p"":0.001,""r"":3,""rounds"":""3"",""stim_path"":""C:\\Users\\User\\Documents\\projects-git\\relay_mother_folder\\relay\\tests\\testdata\\bicycle_bivariate\\circuit=bicycle_bivariate_18_4_3_memory_X,distance=3,rounds=3,error_rate=0.001,noise_model=uniform_circuit,basis=CX,A=x+1+y,B=x+1+xy^2.stim""}",
       560,         3,         0,   120.1,mem-bp-cdamp-0p2,426797af2e2a88dd9b2b6409d7dee2ce83baf9f9e50a97c8bf4ff8c1293e448f,"{""A"":""x+1+y"",""B"":""x+1+xy^2"",""basis"":""CX"",""circuit"":""bicycle_bivariate_18_4_3_memory_X"",""d"":3,""distance"":""3"",""error_rate"":""0.001"",""noise_model"":""uniform_circuit"",""p"":0.001,""r"":3,""rounds"":""3"",""stim_path"":""C:\\Users\\User\\Documents\\projects-git\\relay_mother_folder\\relay\\tests\\testdata\\bicycle_bivariate\\circuit=bicycle_bivariate_18_4_3_memory_X,distance=3,rounds=3,error_rate=0.001,noise_model=uniform_circuit,basis=CX,A=x+1+y,B=x+1+xy^2.stim""}",
       612,        13,         0,   120.1,msl-bp,8fbae80d3ef89296897f676a8e47bcb8c2151003b6e39d10606b7ee94914c1d6,"{""A"":""x+1+y"",""B"":""x+1+xy^2"",""basis"":""CX"",""circuit"":""bicycle_bivariate_18_4_3_memory_X"",""d"":3,""distance"":""3"",""error_rate"":""0.001"",""noise_model"":""uniform_circuit"",""p"":0.001,""r"":3,""rounds"":""3"",""stim_path"":""C:\\Users\\User\\Documents\\projects-git\\relay_mother_folder\\relay\\tests\\testdata\\bicycle_bivariate\\circuit=bicycle_bivariate_18_4_3_memory_X,distance=3,rounds=3,error_rate=0.001,noise_model=uniform_circuit,basis=CX,A=x+1+y,B=x+1+xy^2.stim""}",
       556,         0,         0,   120.2,msl-bp-cdamp-0p2,3a1f516d5a607d16a990acfe7beb3feb9c6b6d9127ff6cf3239d14306c8fbcb4,"{""A"":""x+1+y"",""B"":""x+1+xy^2"",""basis"":""CX"",""circuit"":""bicycle_bivariate_18_4_3_memory_X"",""d"":3,""distance"":""3"",""error_rate"":""0.001"",""noise_model"":""uniform_circuit"",""p"":0.001,""r"":3,""rounds"":""3"",""stim_path"":""C:\\Users\\User\\Documents\\projects-git\\relay_mother_folder\\relay\\tests\\testdata\\bicycle_bivariate\\circuit=bicycle_bivariate_18_4_3_memory_X,distance=3,rounds=3,error_rate=0.001,noise_model=uniform_circuit,basis=CX,A=x+1+y,B=x+1+xy^2.stim""}",
       554,         7,         0,   120.4,msl-bp-cdamp-0p8,95aa1299a09cfccca78c2e5a2f09fcb25221cfc03cb6f19befb6662bcc8760f6,"{""A"":""x+1+y"",""B"":""x+1+xy^2"",""basis"":""CX"",""circuit"":""bicycle_bivariate_18_4_3_memory_X"",""d"":3,""distance"":""3"",""error_rate"":""0.001"",""noise_model"":""uniform_circuit"",""p"":0.001,""r"":3,""rounds"":""3"",""stim_path"":""C:\\Users\\User\\Documents\\projects-git\\relay_mother_folder\\relay\\tests\\testdata\\bicycle_bivariate\\circuit=bicycle_bivariate_18_4_3_memory_X,distance=3,rounds=3,error_rate=0.001,noise_model=uniform_circuit,basis=CX,A=x+1+y,B=x+1+xy^2.stim""}",
       570,         1,         0,   120.2,mem-bp,88862465eff4b2d4e75dad9bcf066c29c41d74d8aa9fbb631e277e7728d305a5,"{""A"":""x+1+y"",""B"":""x+1+xy^2"",""basis"":""CX"",""circuit"":""bicycle_bivariate_18_4_3_memory_X"",""d"":3,""distance"":""3"",""error_rate"":""0.001"",""noise_model"":""uniform_circuit"",""p"":0.001,""r"":3,""rounds"":""3"",""stim_path"":""C:\\Users\\User\\Documents\\projects-git\\relay_mother_folder\\relay\\tests\\testdata\\bicycle_bivariate\\circuit=bicycle_bivariate_18_4_3_memory_X,distance=3,rounds=3,error_rate=0.001,noise_model=uniform_circuit,basis=CX,A=x+1+y,B=x+1+xy^2.stim""}",
       524,         1,         0,   120.1,mem-bp-cdamp-0p5,006cd8c28742ec24ef0db7d2700424bbe04c9e901d86e040647fcb76a9c9c49b,"{""A"":""x+1+y"",""B"":""x+1+xy^2"",""basis"":""CX"",""circuit"":""bicycle_bivariate_18_4_3_memory_X"",""d"":3,""distance"":""3"",""error_rate"":""0.001"",""noise_model"":""uniform_circuit"",""p"":0.001,""r"":3,""rounds"":""3"",""stim_path"":""C:\\Users\\User\\Documents\\projects-git\\relay_mother_folder\\relay\\tests\\testdata\\bicycle_bivariate\\circuit=bicycle_bivariate_18_4_3_memory_X,distance=3,rounds=3,error_rate=0.001,noise_model=uniform_circuit,basis=CX,A=x+1+y,B=x+1+xy^2.stim""}",
       554,         0,         0,   120.2,msl-bp-cdamp-0p5,60ed0a6454f75fcc4110dcc67cfc7b494fa12ae46881ff871c282f98ceddb20d,"{""A"":""x+1+y"",""B"":""x+1+xy^2"",""basis"":""CX"",""circuit"":""bicycle_bivariate_18_4_3_memory_X"",""d"":3,""distance"":""3"",""error_rate"":""0.001"",""noise_model"":""uniform_circuit"",""p"":0.001,""r"":3,""rounds"":""3"",""stim_path"":""C:\\Users\\User\\Documents\\projects-git\\relay_mother_folder\\relay\\tests\\testdata\\bicycle_bivariate\\circuit=bicycle_bivariate_18_4_3_memory_X,distance=3,rounds=3,error_rate=0.001,noise_model=uniform_circuit,basis=CX,A=x+1+y,B=x+1+xy^2.stim""}",
       520,         3,         0,   120.0,mem-bp-cdamp-0p8,899402286ed484b27cfa99bdff637396ac7709784ac0c8ccfcfed7ee79542de3,"{""A"":""x+1+y"",""B"":""x+1+xy^2"",""basis"":""CX"",""circuit"":""bicycle_bivariate_18_4_3_memory_X"",""d"":3,""distance"":""3"",""error_rate"":""0.001"",""noise_model"":""uniform_circuit"",""p"":0.001,""r"":3,""rounds"":""3"",""stim_path"":""C:\\Users\\User\\Documents\\projects-git\\relay_mother_folder\\relay\\tests\\testdata\\bicycle_bivariate\\circuit=bicycle_bivariate_18_4_3_memory_X,distance=3,rounds=3,error_rate=0.001,noise_model=uniform_circuit,basis=CX,A=x+1+y,B=x+1+xy^2.stim""}",
       524,         0,         0,   120.0,mem-bp-cdamp-0p2,426797af2e2a88dd9b2b6409d7dee2ce83baf9f9e50a97c8bf4ff8c1293e448f,"{""A"":""x+1+y"",""B"":""x+1+xy^2"",""basis"":""CX"",""circuit"":""bicycle_bivariate_18_4_3_memory_X"",""d"":3,""distance"":""3"",""error_rate"":""0.001"",""noise_model"":""uniform_circuit"",""p"":0.001,""r"":3,""rounds"":""3"",""stim_path"":""C:\\Users\\User\\Documents\\projects-git\\relay_mother_folder\\relay\\tests\\testdata\\bicycle_bivariate\\circuit=bicycle_bivariate_18_4_3_memory_X,distance=3,rounds=3,error_rate=0.001,noise_model=uniform_circuit,basis=CX,A=x+1+y,B=x+1+xy^2.stim""}",
         1,         0,         0,   0.187,msl-bp,8fbae80d3ef89296897f676a8e47bcb8c2151003b6e39d10606b7ee94914c1d6,"{""A"":""x+1+y"",""B"":""x+1+xy^2"",""basis"":""CX"",""circuit"":""bicycle_bivariate_18_4_3_memory_X"",""d"":3,""distance"":""3"",""error_rate"":""0.001"",""noise_model"":""uniform_circuit"",""p"":0.001,""r"":3,""rounds"":""3"",""stim_path"":""C:\\Users\\User\\Documents\\projects-git\\relay_mother_folder\\relay\\tests\\testdata\\bicycle_bivariate\\circuit=bicycle_bivariate_18_4_3_memory_X,distance=3,rounds=3,error_rate=0.001,noise_model=uniform_circuit,basis=CX,A=x+1+y,B=x+1+xy^2.stim""}",
         1,         0,         0,   0.218,mem-bp-cdamp-0p2,426797af2e2a88dd9b2b6409d7dee2ce83baf9f9e50a97c8bf4ff8c1293e448f,"{""A"":""x+1+y"",""B"":""x+1+xy^2"",""basis"":""CX"",""circuit"":""bicycle_bivariate_18_4_3_memory_X"",""d"":3,""distance"":""3"",""error_rate"":""0.001"",""noise_model"":""uniform_circuit"",""p"":0.001,""r"":3,""rounds"":""3"",""stim_path"":""C:\\Users\\User\\Documents\\projects-git\\relay_mother_folder\\relay\\tests\\testdata\\bicycle_bivariate\\circuit=bicycle_bivariate_18_4_3_memory_X,distance=3,rounds=3,error_rate=0.001,noise_model=uniform_circuit,basis=CX,A=x+1+y,B=x+1+xy^2.stim""}",
         1,         0,         0,   0.188,mem-bp,88862465eff4b2d4e75dad9bcf066c29c41d74d8aa9fbb631e277e7728d305a5,"{""A"":""x+1+y"",""B"":""x+1+xy^2"",""basis"":""CX"",""circuit"":""bicycle_bivariate_18_4_3_memory_X"",""d"":3,""distance"":""3"",""error_rate"":""0.001"",""noise_model"":""uniform_circuit"",""p"":0.001,""r"":3,""rounds"":""3"",""stim_path"":""C:\\Users\\User\\Documents\\projects-git\\relay_mother_folder\\relay\\tests\\testdata\\bicycle_bivariate\\circuit=bicycle_bivariate_18_4_3_memory_X,distance=3,rounds=3,error_rate=0.001,noise_model=uniform_circuit,basis=CX,A=x+1+y,B=x+1+xy^2.stim""}",
         1,         0,         0,   0.219,msl-bp-cdamp-0p8,95aa1299a09cfccca78c2e5a2f09fcb25221cfc03cb6f19befb6662bcc8760f6,"{""A"":""x+1+y"",""B"":""x+1+xy^2"",""basis"":""CX"",""circuit"":""bicycle_bivariate_18_4_3_memory_X"",""d"":3,""distance"":""3"",""error_rate"":""0.001"",""noise_model"":""uniform_circuit"",""p"":0.001,""r"":3,""rounds"":""3"",""stim_path"":""C:\\Users\\User\\Documents\\projects-git\\relay_mother_folder\\relay\\tests\\testdata\\bicycle_bivariate\\circuit=bicycle_bivariate_18_4_3_memory_X,distance=3,rounds=3,error_rate=0.001,noise_model=uniform_circuit,basis=CX,A=x+1+y,B=x+1+xy^2.stim""}",
         1,         0,         0,   0.203,msl-bp-cdamp-0p2,3a1f516d5a607d16a990acfe7beb3feb9c6b6d9127ff6cf3239d14306c8fbcb4,"{""A"":""x+1+y"",""B"":""x+1+xy^2"",""basis"":""CX"",""circuit"":""bicycle_bivariate_18_4_3_memory_X"",""d"":3,""distance"":""3"",""error_rate"":""0.001"",""noise_model"":""uniform_circuit"",""p"":0.001,""r"":3,""rounds"":""3"",""stim_path"":""C:\\Users\\User\\Documents\\projects-git\\relay_mother_folder\\relay\\tests\\testdata\\bicycle_bivariate\\circuit=bicycle_bivariate_18_4_3_memory_X,distance=3,rounds=3,error_rate=0.001,noise_model=uniform_circuit,basis=CX,A=x+1+y,B=x+1+xy^2.stim""}",
         1,         0,         0,   0.234,mem-bp-cdamp-0p8,899402286ed484b27cfa99bdff637396ac7709784ac0c8ccfcfed7ee79542de3,"{""A"":""x+1+y"",""B"":""x+1+xy^2"",""basis"":""CX"",""circuit"":""bicycle_bivariate_18_4_3_memory_X"",""d"":3,""distance"":""3"",""error_rate"":""0.001"",""noise_model"":""uniform_circuit"",""p"":0.001,""r"":3,""rounds"":""3"",""stim_path"":""C:\\Users\\User\\Documents\\projects-git\\relay_mother_folder\\relay\\tests\\testdata\\bicycle_bivariate\\circuit=bicycle_bivariate_18_4_3_memory_X,distance=3,rounds=3,error_rate=0.001,noise_model=uniform_circuit,basis=CX,A=x+1+y,B=x+1+xy^2.stim""}",
         1,         0,         0,   0.234,msl-bp-cdamp-0p5,60ed0a6454f75fcc4110dcc67cfc7b494fa12ae46881ff871c282f98ceddb20d,"{""A"":""x+1+y"",""B"":""x+1+xy^2"",""basis"":""CX"",""circuit"":""bicycle_bivariate_18_4_3_memory_X"",""d"":3,""distance"":""3"",""error_rate"":""0.001"",""noise_model"":""uniform_circuit"",""p"":0.001,""r"":3,""rounds"":""3"",""stim_path"":""C:\\Users\\User\\Documents\\projects-git\\relay_mother_folder\\relay\\tests\\testdata\\bicycle_bivariate\\circuit=bicycle_bivariate_18_4_3_memory_X,distance=3,rounds=3,error_rate=0.001,noise_model=uniform_circuit,basis=CX,A=x+1+y,B=x+1+xy^2.stim""}",
         1,         0,         0,   0.234,mem-bp-cdamp-0p5,006cd8c28742ec24ef0db7d2700424bbe04c9e901d86e040647fcb76a9c9c49b,"{""A"":""x+1+y"",""B"":""x+1+xy^2"",""basis"":""CX"",""circuit"":""bicycle_bivariate_18_4_3_memory_X"",""d"":3,""distance"":""3"",""error_rate"":""0.001"",""noise_model"":""uniform_circuit"",""p"":0.001,""r"":3,""rounds"":""3"",""stim_path"":""C:\\Users\\User\\Documents\\projects-git\\relay_mother_folder\\relay\\tests\\testdata\\bicycle_bivariate\\circuit=bicycle_bivariate_18_4_3_memory_X,distance=3,rounds=3,error_rate=0.001,noise_model=uniform_circuit,basis=CX,A=x+1+y,B=x+1+xy^2.stim""}",
         2,         0,         0,   0.391,msl-bp,8fbae80d3ef89296897f676a8e47bcb8c2151003b6e39d10606b7ee94914c1d6,"{""A"":""x+1+y"",""B"":""x+1+xy^2"",""basis"":""CX"",""circuit"":""bicycle_bivariate_18_4_3_memory_X"",""d"":3,""distance"":""3"",""error_rate"":""0.001"",""noise_model"":""uniform_circuit"",""p"":0.001,""r"":3,""rounds"":""3"",""stim_path"":""C:\\Users\\User\\Documents\\projects-git\\relay_mother_folder\\relay\\tests\\testdata\\bicycle_bivariate\\circuit=bicycle_bivariate_18_4_3_memory_X,distance=3,rounds=3,error_rate=0.001,noise_model=uniform_circuit,basis=CX,A=x+1+y,B=x+1+xy^2.stim""}",
         2,         0,         0,   0.422,mem-bp,88862465eff4b2d4e75dad9bcf066c29c41d74d8aa9fbb631e277e7728d305a5,"{""A"":""x+1+y"",""B"":""x+1+xy^2"",""basis"":""CX"",""circuit"":""bicycle_bivariate_18_4_3_memory_X"",""d"":3,""distance"":""3"",""error_rate"":""0.001"",""noise_model"":""uniform_circuit"",""p"":0.001,""r"":3,""rounds"":""3"",""stim_path"":""C:\\Users\\User\\Documents\\projects-git\\relay_mother_folder\\relay\\tests\\testdata\\bicycle_bivariate\\circuit=bicycle_bivariate_18_4_3_memory_X,distance=3,rounds=3,error_rate=0.001,noise_model=uniform_circuit,basis=CX,A=x+1+y,B=x+1+xy^2.stim""}",
         2,         0,         0,   0.438,mem-bp-cdamp-0p2,426797af2e2a88dd9b2b6409d7dee2ce83baf9f9e50a97c8bf4ff8c1293e448f,"{""A"":""x+1+y"",""B"":""x+1+xy^2"",""basis"":""CX"",""circuit"":""bicycle_bivariate_18_4_3_memory_X"",""d"":3,""distance"":""3"",""error_rate"":""0.001"",""noise_model"":""uniform_circuit"",""p"":0.001,""r"":3,""rounds"":""3"",""stim_path"":""C:\\Users\\User\\Documents\\projects-git\\relay_mother_folder\\relay\\tests\\testdata\\bicycle_bivariate\\circuit=bicycle_bivariate_18_4_3_memory_X,distance=3,rounds=3,error_rate=0.001,noise_model=uniform_circuit,basis=CX,A=x+1+y,B=x+1+xy^2.stim""}",
         2,         0,         0,   0.407,msl-bp-cdamp-0p2,3a1f516d5a607d16a990acfe7beb3feb9c6b6d9127ff6cf3239d14306c8fbcb4,"{""A"":""x+1+y"",""B"":""x+1+xy^2"",""basis"":""CX"",""circuit"":""bicycle_bivariate_18_4_3_memory_X"",""d"":3,""distance"":""3"",""error_rate"":""0.001"",""noise_model"":""uniform_circuit"",""p"":0.001,""r"":3,""rounds"":""3"",""stim_path"":""C:\\Users\\User\\Documents\\projects-git\\relay_mother_folder\\relay\\tests\\testdata\\bicycle_bivariate\\circuit=bicycle_bivariate_18_4_3_memory_X,distance=3,rounds=3,error_rate=0.001,noise_model=uniform_circuit,basis=CX,A=x+1+y,B=x+1+xy^2.stim""}",
         2,         0,         0,   0.453,msl-bp-cdamp-0p8,95aa1299a09cfccca78c2e5a2f09fcb25221cfc03cb6f19befb6662bcc8760f6,"{""A"":""x+1+y"",""B"":""x+1+xy^2"",""basis"":""CX"",""circuit"":""bicycle_bivariate_18_4_3_memory_X"",""d"":3,""distance"":""3"",""error_rate"":""0.001"",""noise_model"":""uniform_circuit"",""p"":0.001,""r"":3,""rounds"":""3"",""stim_path"":""C:\\Users\\User\\Documents\\projects-git\\relay_mother_folder\\relay\\tests\\testdata\\bicycle_bivariate\\circuit=bicycle_bivariate_18_4_3_memory_X,distance=3,rounds=3,error_rate=0.001,noise_model=uniform_circuit,basis=CX,A=x+1+y,B=x+1+xy^2.stim""}",
         2,         0,         0,   0.438,mem-bp-cdamp-0p8,899402286ed484b27cfa99bdff637396ac7709784ac0c8ccfcfed7ee79542de3,"{""A"":""x+1+y"",""B"":""x+1+xy^2"",""basis"":""CX"",""circuit"":""bicycle_bivariate_18_4_3_memory_X"",""d"":3,""distance"":""3"",""error_rate"":""0.001"",""noise_model"":""uniform_circuit"",""p"":0.001,""r"":3,""rounds"":""3"",""stim_path"":""C:\\Users\\User\\Documents\\projects-git\\relay_mother_folder\\relay\\tests\\testdata\\bicycle_bivariate\\circuit=bicycle_bivariate_18_4_3_memory_X,distance=3,rounds=3,error_rate=0.001,noise_model=uniform_circuit,basis=CX,A=x+1+y,B=x+1+xy^2.stim""}",
         2,         0,         0,   0.407,msl-bp-cdamp-0p5,60ed0a6454f75fcc4110dcc67cfc7b494fa12ae46881ff871c282f98ceddb20d,"{""A"":""x+1+y"",""B"":""x+1+xy^2"",""basis"":""CX"",""circuit"":""bicycle_bivariate_18_4_3_memory_X"",""d"":3,""distance"":""3"",""error_rate"":""0.001"",""noise_model"":""uniform_circuit"",""p"":0.001,""r"":3,""rounds"":""3"",""stim_path"":""C:\\Users\\User\\Documents\\projects-git\\relay_mother_folder\\relay\\tests\\testdata\\bicycle_bivariate\\circuit=bicycle_bivariate_18_4_3_memory_X,distance=3,rounds=3,error_rate=0.001,noise_model=uniform_circuit,basis=CX,A=x+1+y,B=x+1+xy^2.stim""}",
         2,         0,         0,   0.485,mem-bp-cdamp-0p5,006cd8c28742ec24ef0db7d2700424bbe04c9e901d86e040647fcb76a9c9c49b,"{""A"":""x+1+y"",""B"":""x+1+xy^2"",""basis"":""CX"",""circuit"":""bicycle_bivariate_18_4_3_memory_X"",""d"":3,""distance"":""3"",""error_rate"":""0.001"",""noise_model"":""uniform_circuit"",""p"":0.001,""r"":3,""rounds"":""3"",""stim_path"":""C:\\Users\\User\\Documents\\projects-git\\relay_mother_folder\\relay\\tests\\testdata\\bicycle_bivariate\\circuit=bicycle_bivariate_18_4_3_memory_X,distance=3,rounds=3,error_rate=0.001,noise_model=uniform_circuit,basis=CX,A=x+1+y,B=x+1+xy^2.stim""}",
         2,         0,         0,   0.391,msl-bp,8fbae80d3ef89296897f676a8e47bcb8c2151003b6e39d10606b7ee94914c1d6,"{""A"":""x+1+y"",""B"":""x+1+xy^2"",""basis"":""CX"",""circuit"":""bicycle_bivariate_18_4_3_memory_X"",""d"":3,""distance"":""3"",""error_rate"":""0.001"",""noise_model"":""uniform_circuit"",""p"":0.001,""r"":3,""rounds"":""3"",""stim_path"":""C:\\Users\\User\\Documents\\projects-git\\relay_mother_folder\\relay\\tests\\testdata\\bicycle_bivariate\\circuit=bicycle_bivariate_18_4_3_memory_X,distance=3,rounds=3,error_rate=0.001,noise_model=uniform_circuit,basis=CX,A=x+1+y,B=x+1+xy^2.stim""}",
         2,         0,         0,   0.406,mem-bp,88862465eff4b2d4e75dad9bcf066c29c41d74d8aa9fbb631e277e7728d305a5,"{""A"":""x+1+y"",""B"":""x+1+xy^2"",""basis"":""CX"",""circuit"":""bicycle_bivariate_18_4_3_memory_X"",""d"":3,""distance"":""3"",""error_rate"":""0.001"",""noise_model"":""uniform_circuit"",""p"":0.001,""r"":3,""rounds"":""3"",""stim_path"":""C:\\Users\\User\\Documents\\projects-git\\relay_mother_folder\\relay\\tests\\testdata\\bicycle_bivariate\\circuit=bicycle_bivariate_18_4_3_memory_X,distance=3,rounds=3,error_rate=0.001,noise_model=uniform_circuit,basis=CX,A=x+1+y,B=x+1+xy^2.stim""}",
         2,         0,         0,   0.437,mem-bp-cdamp-0p2,426797af2e2a88dd9b2b6409d7dee2ce83baf9f9e50a97c8bf4ff8c1293e448f,"{""A"":""x+1+y"",""B"":""x+1+xy^2"",""basis"":""CX"",""circuit"":""bicycle_bivariate_18_4_3_memory_X"",""d"":3,""distance"":""3"",""error_rate"":""0.001"",""noise_model"":""uniform_circuit"",""p"":0.001,""r"":3,""rounds"":""3"",""stim_path"":""C:\\Users\\User\\Documents\\projects-git\\relay_mother_folder\\relay\\tests\\testdata\\bicycle_bivariate\\circuit=bicycle_bivariate_18_4_3_memory_X,distance=3,rounds=3,error_rate=0.001,noise_model=uniform_circuit,basis=CX,A=x+1+y,B=x+1+xy^2.stim""}",
         2,         0,         0,   0.422,msl-bp-cdamp-0p2,3a1f516d5a607d16a990acfe7beb3feb9c6b6d9127ff6cf3239d14306c8fbcb4,"{""A"":""x+1+y"",""B"":""x+1+xy^2"",""basis"":""CX"",""circuit"":""bicycle_bivariate_18_4_3_memory_X"",""d"":3,""distance"":""3"",""error_rate"":""0.001"",""noise_model"":""uniform_circuit"",""p"":0.001,""r"":3,""rounds"":""3"",""stim_path"":""C:\\Users\\User\\Documents\\projects-git\\relay_mother_folder\\relay\\tests\\testdata\\bicycle_bivariate\\circuit=bicycle_bivariate_18_4_3_memory_X,distance=3,rounds=3,error_rate=0.001,noise_model=uniform_circuit,basis=CX,A=x+1+y,B=x+1+xy^2.stim""}",
         2,         0,         0,   0.422,msl-bp-cdamp-0p8,95aa1299a09cfccca78c2e5a2f09fcb25221cfc03cb6f19befb6662bcc8760f6,"{""A"":""x+1+y"",""B"":""x+1+xy^2"",""basis"":""CX"",""circuit"":""bicycle_bivariate_18_4_3_memory_X"",""d"":3,""distance"":""3"",""error_rate"":""0.001"",""noise_model"":""uniform_circuit"",""p"":0.001,""r"":3,""rounds"":""3"",""stim_path"":""C:\\Users\\User\\Documents\\projects-git\\relay_mother_folder\\relay\\tests\\testdata\\bicycle_bivariate\\circuit=bicycle_bivariate_18_4_3_memory_X,distance=3,rounds=3,error_rate=0.001,noise_model=uniform_circuit,basis=CX,A=x+1+y,B=x+1+xy^2.stim""}",
         2,         0,         0,   0.406,mem-bp-cdamp-0p8,899402286ed484b27cfa99bdff637396ac7709784ac0c8ccfcfed7ee79542de3,"{""A"":""x+1+y"",""B"":""x+1+xy^2"",""basis"":""CX"",""circuit"":""bicycle_bivariate_18_4_3_memory_X"",""d"":3,""distance"":""3"",""error_rate"":""0.001"",""noise_model"":""uniform_circuit"",""p"":0.001,""r"":3,""rounds"":""3"",""stim_path"":""C:\\Users\\User\\Documents\\projects-git\\relay_mother_folder\\relay\\tests\\testdata\\bicycle_bivariate\\circuit=bicycle_bivariate_18_4_3_memory_X,distance=3,rounds=3,error_rate=0.001,noise_model=uniform_circuit,basis=CX,A=x+1+y,B=x+1+xy^2.stim""}",
         2,         0,         0,   0.468,msl-bp-cdamp-0p5,60ed0a6454f75fcc4110dcc67cfc7b494fa12ae46881ff871c282f98ceddb20d,"{""A"":""x+1+y"",""B"":""x+1+xy^2"",""basis"":""CX"",""circuit"":""bicycle_bivariate_18_4_3_memory_X"",""d"":3,""distance"":""3"",""error_rate"":""0.001"",""noise_model"":""uniform_circuit"",""p"":0.001,""r"":3,""rounds"":""3"",""stim_path"":""C:\\Users\\User\\Documents\\projects-git\\relay_mother_folder\\relay\\tests\\testdata\\bicycle_bivariate\\circuit=bicycle_bivariate_18_4_3_memory_X,distance=3,rounds=3,error_rate=0.001,noise_model=uniform_circuit,basis=CX,A=x+1+y,B=x+1+xy^2.stim""}",
         2,         0,         0,   0.469,mem-bp-cdamp-0p5,006cd8c28742ec24ef0db7d2700424bbe04c9e901d86e040647fcb76a9c9c49b,"{""A"":""x+1+y"",""B"":""x+1+xy^2"",""basis"":""CX"",""circuit"":""bicycle_bivariate_18_4_3_memory_X"",""d"":3,""distance"":""3"",""error_rate"":""0.001"",""noise_model"":""uniform_circuit"",""p"":0.001,""r"":3,""rounds"":""3"",""stim_path"":""C:\\Users\\User\\Documents\\projects-git\\relay_mother_folder\\relay\\tests\\testdata\\bicycle_bivariate\\circuit=bicycle_bivariate_18_4_3_memory_X,distance=3,rounds=3,error_rate=0.001,noise_model=uniform_circuit,basis=CX,A=x+1+y,B=x+1+xy^2.stim""}",
         2,         0,         0,   0.390,msl-bp,8fbae80d3ef89296897f676a8e47bcb8c2151003b6e39d10606b7ee94914c1d6,"{""A"":""x+1+y"",""B"":""x+1+xy^2"",""basis"":""CX"",""circuit"":""bicycle_bivariate_18_4_3_memory_X"",""d"":3,""distance"":""3"",""error_rate"":""0.001"",""noise_model"":""uniform_circuit"",""p"":0.001,""r"":3,""rounds"":""3"",""stim_path"":""C:\\Users\\User\\Documents\\projects-git\\relay_mother_folder\\relay\\tests\\testdata\\bicycle_bivariate\\circuit=bicycle_bivariate_18_4_3_memory_X,distance=3,rounds=3,error_rate=0.001,noise_model=uniform_circuit,basis=CX,A=x+1+y,B=x+1+xy^2.stim""}",
         2,         0,         0,   0.391,mem-bp,88862465eff4b2d4e75dad9bcf066c29c41d74d8aa9fbb631e277e7728d305a5,"{""A"":""x+1+y"",""B"":""x+1+xy^2"",""basis"":""CX"",""circuit"":""bicycle_bivariate_18_4_3_memory_X"",""d"":3,""distance"":""3"",""error_rate"":""0.001"",""noise_model"":""uniform_circuit"",""p"":0.001,""r"":3,""rounds"":""3"",""stim_path"":""C:\\Users\\User\\Documents\\projects-git\\relay_mother_folder\\relay\\tests\\testdata\\bicycle_bivariate\\circuit=bicycle_bivariate_18_4_3_memory_X,distance=3,rounds=3,error_rate=0.001,noise_model=uniform_circuit,basis=CX,A=x+1+y,B=x+1+xy^2.stim""}",
         2,         0,         0,   0.438,mem-bp-cdamp-0p2,426797af2e2a88dd9b2b6409d7dee2ce83baf9f9e50a97c8bf4ff8c1293e448f,"{""A"":""x+1+y"",""B"":""x+1+xy^2"",""basis"":""CX"",""circuit"":""bicycle_bivariate_18_4_3_memory_X"",""d"":3,""distance"":""3"",""error_rate"":""0.001"",""noise_model"":""uniform_circuit"",""p"":0.001,""r"":3,""rounds"":""3"",""stim_path"":""C:\\Users\\User\\Documents\\projects-git\\relay_mother_folder\\relay\\tests\\testdata\\bicycle_bivariate\\circuit=bicycle_bivariate_18_4_3_memory_X,distance=3,rounds=3,error_rate=0.001,noise_model=uniform_circuit,basis=CX,A=x+1+y,B=x+1+xy^2.stim""}",
         2,         0,         0,   0.437,msl-bp-cdamp-0p2,3a1f516d5a607d16a990acfe7beb3feb9c6b6d9127ff6cf3239d14306c8fbcb4,"{""A"":""x+1+y"",""B"":""x+1+xy^2"",""basis"":""CX"",""circuit"":""bicycle_bivariate_18_4_3_memory_X"",""d"":3,""distance"":""3"",""error_rate"":""0.001"",""noise_model"":""uniform_circuit"",""p"":0.001,""r"":3,""rounds"":""3"",""stim_path"":""C:\\Users\\User\\Documents\\projects-git\\relay_mother_folder\\relay\\tests\\testdata\\bicycle_bivariate\\circuit=bicycle_bivariate_18_4_3_memory_X,distance=3,rounds=3,error_rate=0.001,noise_model=uniform_circuit,basis=CX,A=x+1+y,B=x+1+xy^2.stim""}",
         2,         0,         0,   0.437,msl-bp-cdamp-0p8,95aa1299a09cfccca78c2e5a2f09fcb25221cfc03cb6f19befb6662bcc8760f6,"{""A"":""x+1+y"",""B"":""x+1+xy^2"",""basis"":""CX"",""circuit"":""bicycle_bivariate_18_4_3_memory_X"",""d"":3,""distance"":""3"",""error_rate"":""0.001"",""noise_model"":""uniform_circuit"",""p"":0.001,""r"":3,""rounds"":""3"",""stim_path"":""C:\\Users\\User\\Documents\\projects-git\\relay_mother_folder\\relay\\tests\\testdata\\bicycle_bivariate\\circuit=bicycle_bivariate_18_4_3_memory_X,distance=3,rounds=3,error_rate=0.001,noise_model=uniform_circuit,basis=CX,A=x+1+y,B=x+1+xy^2.stim""}",
         2,         0,         0,   0.453,mem-bp-cdamp-0p8,899402286ed484b27cfa99bdff637396ac7709784ac0c8ccfcfed7ee79542de3,"{""A"":""x+1+y"",""B"":""x+1+xy^2"",""basis"":""CX"",""circuit"":""bicycle_bivariate_18_4_3_memory_X"",""d"":3,""distance"":""3"",""error_rate"":""0.001"",""noise_model"":""uniform_circuit"",""p"":0.001,""r"":3,""rounds"":""3"",""stim_path"":""C:\\Users\\User\\Documents\\projects-git\\relay_mother_folder\\relay\\tests\\testdata\\bicycle_bivariate\\circuit=bicycle_bivariate_18_4_3_memory_X,distance=3,rounds=3,error_rate=0.001,noise_model=uniform_circuit,basis=CX,A=x+1+y,B=x+1+xy^2.stim""}",
         2,         0,         0,   0.453,msl-bp-cdamp-0p5,60ed0a6454f75fcc4110dcc67cfc7b494fa12ae46881ff871c282f98ceddb20d,"{""A"":""x+1+y"",""B"":""x+1+xy^2"",""basis"":""CX"",""circuit"":""bicycle_bivariate_18_4_3_memory_X"",""d"":3,""distance"":""3"",""error_rate"":""0.001"",""noise_model"":""uniform_circuit"",""p"":0.001,""r"":3,""rounds"":""3"",""stim_path"":""C:\\Users\\User\\Documents\\projects-git\\relay_mother_folder\\relay\\tests\\testdata\\bicycle_bivariate\\circuit=bicycle_bivariate_18_4_3_memory_X,distance=3,rounds=3,error_rate=0.001,noise_model=uniform_circuit,basis=CX,A=x+1+y,B=x+1+xy^2.stim""}",
         2,         1,         0,   0.438,msl-bp,8fbae80d3ef89296897f676a8e47bcb8c2151003b6e39d10606b7ee94914c1d6,"{""A"":""x+1+y"",""B"":""x+1+xy^2"",""basis"":""CX"",""circuit"":""bicycle_bivariate_18_4_3_memory_X"",""d"":3,""distance"":""3"",""error_rate"":""0.001"",""noise_model"":""uniform_circuit"",""p"":0.001,""r"":3,""rounds"":""3"",""stim_path"":""C:\\Users\\User\\Documents\\projects-git\\relay_mother_folder\\relay\\tests\\testdata\\bicycle_bivariate\\circuit=bicycle_bivariate_18_4_3_memory_X,distance=3,rounds=3,error_rate=0.001,noise_model=uniform_circuit,basis=CX,A=x+1+y,B=x+1+xy^2.stim""}",
         2,         0,         0,   0.531,mem-bp-cdamp-0p5,006cd8c28742ec24ef0db7d2700424bbe04c9e901d86e040647fcb76a9c9c49b,"{""A"":""x+1+y"",""B"":""x+1+xy^2"",""basis"":""CX"",""circuit"":""bicycle_bivariate_18_4_3_memory_X"",""d"":3,""distance"":""3"",""error_rate"":""0.001"",""noise_model"":""uniform_circuit"",""p"":0.001,""r"":3,""rounds"":""3"",""stim_path"":""C:\\Users\\User\\Documents\\projects-git\\relay_mother_folder\\relay\\tests\\testdata\\bicycle_bivariate\\circuit=bicycle_bivariate_18_4_3_memory_X,distance=3,rounds=3,error_rate=0.001,noise_model=uniform_circuit,basis=CX,A=x+1+y,B=x+1+xy^2.stim""}",
         2,         0,         0,   0.468,mem-bp,88862465eff4b2d4e75dad9bcf066c29c41d74d8aa9fbb631e277e7728d305a5,"{""A"":""x+1+y"",""B"":""x+1+xy^2"",""basis"":""CX"",""circuit"":""bicycle_bivariate_18_4_3_memory_X"",""d"":3,""distance"":""3"",""error_rate"":""0.001"",""noise_model"":""uniform_circuit"",""p"":0.001,""r"":3,""rounds"":""3"",""stim_path"":""C:\\Users\\User\\Documents\\projects-git\\relay_mother_folder\\relay\\tests\\testdata\\bicycle_bivariate\\circuit=bicycle_bivariate_18_4_3_memory_X,distance=3,rounds=3,error_rate=0.001,noise_model=uniform_circuit,basis=CX,A=x+1+y,B=x+1+xy^2.stim""}",
         2,         0,         0,   0.484,mem-bp-cdamp-0p2,426797af2e2a88dd9b2b6409d7dee2ce83baf9f9e50a97c8bf4ff8c1293e448f,"{""A"":""x+1+y"",""B"":""x+1+xy^2"",""basis"":""CX"",""circuit"":""bicycle_bivariate_18_4_3_memory_X"",""d"":3,""distance"":""3"",""error_rate"":""0.001"",""noise_model"":""uniform_circuit"",""p"":0.001,""r"":3,""rounds"":""3"",""stim_path"":""C:\\Users\\User\\Documents\\projects-git\\relay_mother_folder\\relay\\tests\\testdata\\bicycle_bivariate\\circuit=bicycle_bivariate_18_4_3_memory_X,distance=3,rounds=3,error_rate=0.001,noise_model=uniform_circuit,basis=CX,A=x+1+y,B=x+1+xy^2.stim""}",
         2,         0,         0,   0.469,msl-bp-cdamp-0p2,3a1f516d5a607d16a990acfe7beb3feb9c6b6d9127ff6cf3239d14306c8fbcb4,"{""A"":""x+1+y"",""B"":""x+1+xy^2"",""basis"":""CX"",""circuit"":""bicycle_bivariate_18_4_3_memory_X"",""d"":3,""distance"":""3"",""error_rate"":""0.001"",""noise_model"":""uniform_circuit"",""p"":0.001,""r"":3,""rounds"":""3"",""stim_path"":""C:\\Users\\User\\Documents\\projects-git\\relay_mother_folder\\relay\\tests\\testdata\\bicycle_bivariate\\circuit=bicycle_bivariate_18_4_3_memory_X,distance=3,rounds=3,error_rate=0.001,noise_model=uniform_circuit,basis=CX,A=x+1+y,B=x+1+xy^2.stim""}",
         2,         0,         0,   0.484,mem-bp-cdamp-0p8,899402286ed484b27cfa99bdff637396ac7709784ac0c8ccfcfed7ee79542de3,"{""A"":""x+1+y"",""B"":""x+1+xy^2"",""basis"":""CX"",""circuit"":""bicycle_bivariate_18_4_3_memory_X"",""d"":3,""distance"":""3"",""error_rate"":""0.001"",""noise_model"":""uniform_circuit"",""p"":0.001,""r"":3,""rounds"":""3"",""stim_path"":""C:\\Users\\User\\Documents\\projects-git\\relay_mother_folder\\relay\\tests\\testdata\\bicycle_bivariate\\circuit=bicycle_bivariate_18_4_3_memory_X,distance=3,rounds=3,error_rate=0.001,noise_model=uniform_circuit,basis=CX,A=x+1+y,B=x+1+xy^2.stim""}",
         2,         0,         0,   0.516,msl-bp-cdamp-0p8,95aa1299a09cfccca78c2e5a2f09fcb25221cfc03cb6f19befb6662bcc8760f6,"{""A"":""x+1+y"",""B"":""x+1+xy^2"",""basis"":""CX"",""circuit"":""bicycle_bivariate_18_4_3_memory_X"",""d"":3,""distance"":""3"",""error_rate"":""0.001"",""noise_model"":""uniform_circuit"",""p"":0.001,""r"":3,""rounds"":""3"",""stim_path"":""C:\\Users\\User\\Documents\\projects-git\\relay_mother_folder\\relay\\tests\\testdata\\bicycle_bivariate\\circuit=bicycle_bivariate_18_4_3_memory_X,distance=3,rounds=3,error_rate=0.001,noise_model=uniform_circuit,basis=CX,A=x+1+y,B=x+1+xy^2.stim""}",
         2,         0,         0,   0.485,msl-bp-cdamp-0p5,60ed0a6454f75fcc4110dcc67cfc7b494fa12ae46881ff871c282f98ceddb20d,"{""A"":""x+1+y"",""B"":""x+1+xy^2"",""basis"":""CX"",""circuit"":""bicycle_bivariate_18_4_3_memory_X"",""d"":3,""distance"":""3"",""error_rate"":""0.001"",""noise_model"":""uniform_circuit"",""p"":0.001,""r"":3,""rounds"":""3"",""stim_path"":""C:\\Users\\User\\Documents\\projects-git\\relay_mother_folder\\relay\\tests\\testdata\\bicycle_bivariate\\circuit=bicycle_bivariate_18_4_3_memory_X,distance=3,rounds=3,error_rate=0.001,noise_model=uniform_circuit,basis=CX,A=x+1+y,B=x+1+xy^2.stim""}",
         2,         0,         0,   0.390,msl-bp,8fbae80d3ef89296897f676a8e47bcb8c2151003b6e39d10606b7ee94914c1d6,"{""A"":""x+1+y"",""B"":""x+1+xy^2"",""basis"":""CX"",""circuit"":""bicycle_bivariate_18_4_3_memory_X"",""d"":3,""distance"":""3"",""error_rate"":""0.001"",""noise_model"":""uniform_circuit"",""p"":0.001,""r"":3,""rounds"":""3"",""stim_path"":""C:\\Users\\User\\Documents\\projects-git\\relay_mother_folder\\relay\\tests\\testdata\\bicycle_bivariate\\circuit=bicycle_bivariate_18_4_3_memory_X,distance=3,rounds=3,error_rate=0.001,noise_model=uniform_circuit,basis=CX,A=x+1+y,B=x+1+xy^2.stim""}",
         2,         0,         0,   0.485,mem-bp-cdamp-0p5,006cd8c28742ec24ef0db7d2700424bbe04c9e901d86e040647fcb76a9c9c49b,"{""A"":""x+1+y"",""B"":""x+1+xy^2"",""basis"":""CX"",""circuit"":""bicycle_bivariate_18_4_3_memory_X"",""d"":3,""distance"":""3"",""error_rate"":""0.001"",""noise_model"":""uniform_circuit"",""p"":0.001,""r"":3,""rounds"":""3"",""stim_path"":""C:\\Users\\User\\Documents\\projects-git\\relay_mother_folder\\relay\\tests\\testdata\\bicycle_bivariate\\circuit=bicycle_bivariate_18_4_3_memory_X,distance=3,rounds=3,error_rate=0.001,noise_model=uniform_circuit,basis=CX,A=x+1+y,B=x+1+xy^2.stim""}",
         2,         0,         0,   0.407,mem-bp,88862465eff4b2d4e75dad9bcf066c29c41d74d8aa9fbb631e277e7728d305a5,"{""A"":""x+1+y"",""B"":""x+1+xy^2"",""basis"":""CX"",""circuit"":""bicycle_bivariate_18_4_3_memory_X"",""d"":3,""distance"":""3"",""error_rate"":""0.001"",""noise_model"":""uniform_circuit"",""p"":0.001,""r"":3,""rounds"":""3"",""stim_path"":""C:\\Users\\User\\Documents\\projects-git\\relay_mother_folder\\relay\\tests\\testdata\\bicycle_bivariate\\circuit=bicycle_bivariate_18_4_3_memory_X,distance=3,rounds=3,error_rate=0.001,noise_model=uniform_circuit,basis=CX,A=x+1+y,B=x+1+xy^2.stim""}",
         2,         0,         0,   0.422,msl-bp-cdamp-0p2,3a1f516d5a607d16a990acfe7beb3feb9c6b6d9127ff6cf3239d14306c8fbcb4,"{""A"":""x+1+y"",""B"":""x+1+xy^2"",""basis"":""CX"",""circuit"":""bicycle_bivariate_18_4_3_memory_X"",""d"":3,""distance"":""3"",""error_rate"":""0.001"",""noise_model"":""uniform_circuit"",""p"":0.001,""r"":3,""rounds"":""3"",""stim_path"":""C:\\Users\\User\\Documents\\projects-git\\relay_mother_folder\\relay\\tests\\testdata\\bicycle_bivariate\\circuit=bicycle_bivariate_18_4_3_memory_X,distance=3,rounds=3,error_rate=0.001,noise_model=uniform_circuit,basis=CX,A=x+1+y,B=x+1+xy^2.stim""}",
         2,         0,         0,   0.453,mem-bp-cdamp-0p2,426797af2e2a88dd9b2b6409d7dee2ce83baf9f9e50a97c8bf4ff8c1293e448f,"{""A"":""x+1+y"",""B"":""x+1+xy^2"",""basis"":""CX"",""circuit"":""bicycle_bivariate_18_4_3_memory_X"",""d"":3,""distance"":""3"",""error_rate"":""0.001"",""noise_model"":""uniform_circuit"",""p"":0.001,""r"":3,""rounds"":""3"",""stim_path"":""C:\\Users\\User\\Documents\\projects-git\\relay_mother_folder\\relay\\tests\\testdata\\bicycle_bivariate\\circuit=bicycle_bivariate_18_4_3_memory_X,distance=3,rounds=3,error_rate=0.001,noise_model=uniform_circuit,basis=CX,A=x+1+y,B=x+1+xy^2.stim""}",
         2,         0,         0,   0.438,mem-bp-cdamp-0p8,899402286ed484b27cfa99bdff637396ac7709784ac0c8ccfcfed7ee79542de3,"{""A"":""x+1+y"",""B"":""x+1+xy^2"",""basis"":""CX"",""circuit"":""bicycle_bivariate_18_4_3_memory_X"",""d"":3,""distance"":""3"",""error_rate"":""0.001"",""noise_model"":""uniform_circuit"",""p"":0.001,""r"":3,""rounds"":""3"",""stim_path"":""C:\\Users\\User\\Documents\\projects-git\\relay_mother_folder\\relay\\tests\\testdata\\bicycle_bivariate\\circuit=bicycle_bivariate_18_4_3_memory_X,distance=3,rounds=3,error_rate=0.001,noise_model=uniform_circuit,basis=CX,A=x+1+y,B=x+1+xy^2.stim""}",
         2,         0,         0,   0.391,msl-bp,8fbae80d3ef89296897f676a8e47bcb8c2151003b6e39d10606b7ee94914c1d6,"{""A"":""x+1+y"",""B"":""x+1+xy^2"",""basis"":""CX"",""circuit"":""bicycle_bivariate_18_4_3_memory_X"",""d"":3,""distance"":""3"",""error_rate"":""0.001"",""noise_model"":""uniform_circuit"",""p"":0.001,""r"":3,""rounds"":""3"",""stim_path"":""C:\\Users\\User\\Documents\\projects-git\\relay_mother_folder\\relay\\tests\\testdata\\bicycle_bivariate\\circuit=bicycle_bivariate_18_4_3_memory_X,distance=3,rounds=3,error_rate=0.001,noise_model=uniform_circuit,basis=CX,A=x+1+y,B=x+1+xy^2.stim""}",
         2,         0,         0,   0.469,msl-bp-cdamp-0p8,95aa1299a09cfccca78c2e5a2f09fcb25221cfc03cb6f19befb6662bcc8760f6,"{""A"":""x+1+y"",""B"":""x+1+xy^2"",""basis"":""CX"",""circuit"":""bicycle_bivariate_18_4_3_memory_X"",""d"":3,""distance"":""3"",""error_rate"":""0.001"",""noise_model"":""uniform_circuit"",""p"":0.001,""r"":3,""rounds"":""3"",""stim_path"":""C:\\Users\\User\\Documents\\projects-git\\relay_mother_folder\\relay\\tests\\testdata\\bicycle_bivariate\\circuit=bicycle_bivariate_18_4_3_memory_X,distance=3,rounds=3,error_rate=0.001,noise_model=uniform_circuit,basis=CX,A=x+1+y,B=x+1+xy^2.stim""}",
         2,         0,         0,   0.469,msl-bp-cdamp-0p5,60ed0a6454f75fcc4110dcc67cfc7b494fa12ae46881ff871c282f98ceddb20d,"{""A"":""x+1+y"",""B"":""x+1+xy^2"",""basis"":""CX"",""circuit"":""bicycle_bivariate_18_4_3_memory_X"",""d"":3,""distance"":""3"",""error_rate"":""0.001"",""noise_model"":""uniform_circuit"",""p"":0.001,""r"":3,""rounds"":""3"",""stim_path"":""C:\\Users\\User\\Documents\\projects-git\\relay_mother_folder\\relay\\tests\\testdata\\bicycle_bivariate\\circuit=bicycle_bivariate_18_4_3_memory_X,distance=3,rounds=3,error_rate=0.001,noise_model=uniform_circuit,basis=CX,A=x+1+y,B=x+1+xy^2.stim""}",
         2,         0,         0,   0.406,mem-bp,88862465eff4b2d4e75dad9bcf066c29c41d74d8aa9fbb631e277e7728d305a5,"{""A"":""x+1+y"",""B"":""x+1+xy^2"",""basis"":""CX"",""circuit"":""bicycle_bivariate_18_4_3_memory_X"",""d"":3,""distance"":""3"",""error_rate"":""0.001"",""noise_model"":""uniform_circuit"",""p"":0.001,""r"":3,""rounds"":""3"",""stim_path"":""C:\\Users\\User\\Documents\\projects-git\\relay_mother_folder\\relay\\tests\\testdata\\bicycle_bivariate\\circuit=bicycle_bivariate_18_4_3_memory_X,distance=3,rounds=3,error_rate=0.001,noise_model=uniform_circuit,basis=CX,A=x+1+y,B=x+1+xy^2.stim""}",
         2,         0,         0,   0.500,mem-bp-cdamp-0p5,006cd8c28742ec24ef0db7d2700424bbe04c9e901d86e040647fcb76a9c9c49b,"{""A"":""x+1+y"",""B"":""x+1+xy^2"",""basis"":""CX"",""circuit"":""bicycle_bivariate_18_4_3_memory_X"",""d"":3,""distance"":""3"",""error_rate"":""0.001"",""noise_model"":""uniform_circuit"",""p"":0.001,""r"":3,""rounds"":""3"",""stim_path"":""C:\\Users\\User\\Documents\\projects-git\\relay_mother_folder\\relay\\tests\\testdata\\bicycle_bivariate\\circuit=bicycle_bivariate_18_4_3_memory_X,distance=3,rounds=3,error_rate=0.001,noise_model=uniform_circuit,basis=CX,A=x+1+y,B=x+1+xy^2.stim""}",
         2,         0,         0,   0.437,msl-bp-cdamp-0p2,3a1f516d5a607d16a990acfe7beb3feb9c6b6d9127ff6cf3239d14306c8fbcb4,"{""A"":""x+1+y"",""B"":""x+1+xy^2"",""basis"":""CX"",""circuit"":""bicycle_bivariate_18_4_3_memory_X"",""d"":3,""distance"":""3"",""error_rate"":""0.001"",""noise_model"":""uniform_circuit"",""p"":0.001,""r"":3,""rounds"":""3"",""stim_path"":""C:\\Users\\User\\Documents\\projects-git\\relay_mother_folder\\relay\\tests\\testdata\\bicycle_bivariate\\circuit=bicycle_bivariate_18_4_3_memory_X,distance=3,rounds=3,error_rate=0.001,noise_model=uniform_circuit,basis=CX,A=x+1+y,B=x+1+xy^2.stim""}",
         2,         0,         0,   0.469,mem-bp-cdamp-0p2,426797af2e2a88dd9b2b6409d7dee2ce83baf9f9e50a97c8bf4ff8c1293e448f,"{""A"":""x+1+y"",""B"":""x+1+xy^2"",""basis"":""CX"",""circuit"":""bicycle_bivariate_18_4_3_memory_X"",""d"":3,""distance"":""3"",""error_rate"":""0.001"",""noise_model"":""uniform_circuit"",""p"":0.001,""r"":3,""rounds"":""3"",""stim_path"":""C:\\Users\\User\\Documents\\projects-git\\relay_mother_folder\\relay\\tests\\testdata\\bicycle_bivariate\\circuit=bicycle_bivariate_18_4_3_memory_X,distance=3,rounds=3,error_rate=0.001,noise_model=uniform_circuit,basis=CX,A=x+1+y,B=x+1+xy^2.stim""}",
         2,         0,         0,   0.438,msl-bp,8fbae80d3ef89296897f676a8e47bcb8c2151003b6e39d10606b7ee94914c1d6,"{""A"":""x+1+y"",""B"":""x+1+xy^2"",""basis"":""CX"",""circuit"":""bicycle_bivariate_18_4_3_memory_X"",""d"":3,""distance"":""3"",""error_rate"":""0.001"",""noise_model"":""uniform_circuit"",""p"":0.001,""r"":3,""rounds"":""3"",""stim_path"":""C:\\Users\\User\\Documents\\projects-git\\relay_mother_folder\\relay\\tests\\testdata\\bicycle_bivariate\\circuit=bicycle_bivariate_18_4_3_memory_X,distance=3,rounds=3,error_rate=0.001,noise_model=uniform_circuit,basis=CX,A=x+1+y,B=x+1+xy^2.stim""}",
         2,         0,         0,   0.484,mem-bp-cdamp-0p8,899402286ed484b27cfa99bdff637396ac7709784ac0c8ccfcfed7ee79542de3,"{""A"":""x+1+y"",""B"":""x+1+xy^2"",""basis"":""CX"",""circuit"":""bicycle_bivariate_18_4_3_memory_X"",""d"":3,""distance"":""3"",""error_rate"":""0.001"",""noise_model"":""uniform_circuit"",""p"":0.001,""r"":3,""rounds"":""3"",""stim_path"":""C:\\Users\\User\\Documents\\projects-git\\relay_mother_folder\\relay\\tests\\testdata\\bicycle_bivariate\\circuit=bicycle_bivariate_18_4_3_memory_X,distance=3,rounds=3,error_rate=0.001,noise_model=uniform_circuit,basis=CX,A=x+1+y,B=x+1+xy^2.stim""}",
         2,         0,         0,   0.500,msl-bp-cdamp-0p8,95aa1299a09cfccca78c2e5a2f09fcb25221cfc03cb6f19befb6662bcc8760f6,"{""A"":""x+1+y"",""B"":""x+1+xy^2"",""basis"":""CX"",""circuit"":""bicycle_bivariate_18_4_3_memory_X"",""d"":3,""distance"":""3"",""error_rate"":""0.001"",""noise_model"":""uniform_circuit"",""p"":0.001,""r"":3,""rounds"":""3"",""stim_path"":""C:\\Users\\User\\Documents\\projects-git\\relay_mother_folder\\relay\\tests\\testdata\\bicycle_bivariate\\circuit=bicycle_bivariate_18_4_3_memory_X,distance=3,rounds=3,error_rate=0.001,noise_model=uniform_circuit,basis=CX,A=x+1+y,B=x+1+xy^2.stim""}",
         2,         0,         0,   0.468,msl-bp-cdamp-0p5,60ed0a6454f75fcc4110dcc67cfc7b494fa12ae46881ff871c282f98ceddb20d,"{""A"":""x+1+y"",""B"":""x+1+xy^2"",""basis"":""CX"",""circuit"":""bicycle_bivariate_18_4_3_memory_X"",""d"":3,""distance"":""3"",""error_rate"":""0.001"",""noise_model"":""uniform_circuit"",""p"":0.001,""r"":3,""rounds"":""3"",""stim_path"":""C:\\Users\\User\\Documents\\projects-git\\relay_mother_folder\\relay\\tests\\testdata\\bicycle_bivariate\\circuit=bicycle_bivariate_18_4_3_memory_X,distance=3,rounds=3,error_rate=0.001,noise_model=uniform_circuit,basis=CX,A=x+1+y,B=x+1+xy^2.stim""}",
         2,         0,         0,   0.437,mem-bp,88862465eff4b2d4e75dad9bcf066c29c41d74d8aa9fbb631e277e7728d305a5,"{""A"":""x+1+y"",""B"":""x+1+xy^2"",""basis"":""CX"",""circuit"":""bicycle_bivariate_18_4_3_memory_X"",""d"":3,""distance"":""3"",""error_rate"":""0.001"",""noise_model"":""uniform_circuit"",""p"":0.001,""r"":3,""rounds"":""3"",""stim_path"":""C:\\Users\\User\\Documents\\projects-git\\relay_mother_folder\\relay\\tests\\testdata\\bicycle_bivariate\\circuit=bicycle_bivariate_18_4_3_memory_X,distance=3,rounds=3,error_rate=0.001,noise_model=uniform_circuit,basis=CX,A=x+1+y,B=x+1+xy^2.stim""}",
         2,         0,         0,   0.531,mem-bp-cdamp-0p5,006cd8c28742ec24ef0db7d2700424bbe04c9e901d86e040647fcb76a9c9c49b,"{""A"":""x+1+y"",""B"":""x+1+xy^2"",""basis"":""CX"",""circuit"":""bicycle_bivariate_18_4_3_memory_X"",""d"":3,""distance"":""3"",""error_rate"":""0.001"",""noise_model"":""uniform_circuit"",""p"":0.001,""r"":3,""rounds"":""3"",""stim_path"":""C:\\Users\\User\\Documents\\projects-git\\relay_mother_folder\\relay\\tests\\testdata\\bicycle_bivariate\\circuit=bicycle_bivariate_18_4_3_memory_X,distance=3,rounds=3,error_rate=0.001,noise_model=uniform_circuit,basis=CX,A=x+1+y,B=x+1+xy^2.stim""}",
         2,         0,         0,   0.485,msl-bp-cdamp-0p2,3a1f516d5a607d16a990acfe7beb3feb9c6b6d9127ff6cf3239d14306c8fbcb4,"{""A"":""x+1+y"",""B"":""x+1+xy^2"",""basis"":""CX"",""circuit"":""bicycle_bivariate_18_4_3_memory_X"",""d"":3,""distance"":""3"",""error_rate"":""0.001"",""noise_model"":""uniform_circuit"",""p"":0.001,""r"":3,""rounds"":""3"",""stim_path"":""C:\\Users\\User\\Documents\\projects-git\\relay_mother_folder\\relay\\tests\\testdata\\bicycle_bivariate\\circuit=bicycle_bivariate_18_4_3_memory_X,distance=3,rounds=3,error_rate=0.001,noise_model=uniform_circuit,basis=CX,A=x+1+y,B=x+1+xy^2.stim""}",
         2,         0,         0,   0.500,mem-bp-cdamp-0p2,426797af2e2a88dd9b2b6409d7dee2ce83baf9f9e50a97c8bf4ff8c1293e448f,"{""A"":""x+1+y"",""B"":""x+1+xy^2"",""basis"":""CX"",""circuit"":""bicycle_bivariate_18_4_3_memory_X"",""d"":3,""distance"":""3"",""error_rate"":""0.001"",""noise_model"":""uniform_circuit"",""p"":0.001,""r"":3,""rounds"":""3"",""stim_path"":""C:\\Users\\User\\Documents\\projects-git\\relay_mother_folder\\relay\\tests\\testdata\\bicycle_bivariate\\circuit=bicycle_bivariate_18_4_3_memory_X,distance=3,rounds=3,error_rate=0.001,noise_model=uniform_circuit,basis=CX,A=x+1+y,B=x+1+xy^2.stim""}",
         2,         0,         0,   0.437,msl-bp,8fbae80d3ef89296897f676a8e47bcb8c2151003b6e39d10606b7ee94914c1d6,"{""A"":""x+1+y"",""B"":""x+1+xy^2"",""basis"":""CX"",""circuit"":""bicycle_bivariate_18_4_3_memory_X"",""d"":3,""distance"":""3"",""error_rate"":""0.001"",""noise_model"":""uniform_circuit"",""p"":0.001,""r"":3,""rounds"":""3"",""stim_path"":""C:\\Users\\User\\Documents\\projects-git\\relay_mother_folder\\relay\\tests\\testdata\\bicycle_bivariate\\circuit=bicycle_bivariate_18_4_3_memory_X,distance=3,rounds=3,error_rate=0.001,noise_model=uniform_circuit,basis=CX,A=x+1+y,B=x+1+xy^2.stim""}",
         2,         0,         0,   0.563,mem-bp-cdamp-0p8,899402286ed484b27cfa99bdff637396ac7709784ac0c8ccfcfed7ee79542de3,"{""A"":""x+1+y"",""B"":""x+1+xy^2"",""basis"":""CX"",""circuit"":""bicycle_bivariate_18_4_3_memory_X"",""d"":3,""distance"":""3"",""error_rate"":""0.001"",""noise_model"":""uniform_circuit"",""p"":0.001,""r"":3,""rounds"":""3"",""stim_path"":""C:\\Users\\User\\Documents\\projects-git\\relay_mother_folder\\relay\\tests\\testdata\\bicycle_bivariate\\circuit=bicycle_bivariate_18_4_3_memory_X,distance=3,rounds=3,error_rate=0.001,noise_model=uniform_circuit,basis=CX,A=x+1+y,B=x+1+xy^2.stim""}",
         2,         0,         0,   0.531,msl-bp-cdamp-0p8,95aa1299a09cfccca78c2e5a2f09fcb25221cfc03cb6f19befb6662bcc8760f6,"{""A"":""x+1+y"",""B"":""x+1+xy^2"",""basis"":""CX"",""circuit"":""bicycle_bivariate_18_4_3_memory_X"",""d"":3,""distance"":""3"",""error_rate"":""0.001"",""noise_model"":""uniform_circuit"",""p"":0.001,""r"":3,""rounds"":""3"",""stim_path"":""C:\\Users\\User\\Documents\\projects-git\\relay_mother_folder\\relay\\tests\\testdata\\bicycle_bivariate\\circuit=bicycle_bivariate_18_4_3_memory_X,distance=3,rounds=3,error_rate=0.001,noise_model=uniform_circuit,basis=CX,A=x+1+y,B=x+1+xy^2.stim""}",
         2,         0,         0,   0.563,msl-bp-cdamp-0p5,60ed0a6454f75fcc4110dcc67cfc7b494fa12ae46881ff871c282f98ceddb20d,"{""A"":""x+1+y"",""B"":""x+1+xy^2"",""basis"":""CX"",""circuit"":""bicycle_bivariate_18_4_3_memory_X"",""d"":3,""distance"":""3"",""error_rate"":""0.001"",""noise_model"":""uniform_circuit"",""p"":0.001,""r"":3,""rounds"":""3"",""stim_path"":""C:\\Users\\User\\Documents\\projects-git\\relay_mother_folder\\relay\\tests\\testdata\\bicycle_bivariate\\circuit=bicycle_bivariate_18_4_3_memory_X,distance=3,rounds=3,error_rate=0.001,noise_model=uniform_circuit,basis=CX,A=x+1+y,B=x+1+xy^2.stim""}",
         2,         0,         0,   0.579,mem-bp,88862465eff4b2d4e75dad9bcf066c29c41d74d8aa9fbb631e277e7728d305a5,"{""A"":""x+1+y"",""B"":""x+1+xy^2"",""basis"":""CX"",""circuit"":""bicycle_bivariate_18_4_3_memory_X"",""d"":3,""distance"":""3"",""error_rate"":""0.001"",""noise_model"":""uniform_circuit"",""p"":0.001,""r"":3,""rounds"":""3"",""stim_path"":""C:\\Users\\User\\Documents\\projects-git\\relay_mother_folder\\relay\\tests\\testdata\\bicycle_bivariate\\circuit=bicycle_bivariate_18_4_3_memory_X,distance=3,rounds=3,error_rate=0.001,noise_model=uniform_circuit,basis=CX,A=x+1+y,B=x+1+xy^2.stim""}",
         2,         0,         0,   0.594,mem-bp-cdamp-0p5,006cd8c28742ec24ef0db7d2700424bbe04c9e901d86e040647fcb76a9c9c49b,"{""A"":""x+1+y"",""B"":""x+1+xy^2"",""basis"":""CX"",""circuit"":""bicycle_bivariate_18_4_3_memory_X"",""d"":3,""distance"":""3"",""error_rate"":""0.001"",""noise_model"":""uniform_circuit"",""p"":0.001,""r"":3,""rounds"":""3"",""stim_path"":""C:\\Users\\User\\Documents\\projects-git\\relay_mother_folder\\relay\\tests\\testdata\\bicycle_bivariate\\circuit=bicycle_bivariate_18_4_3_memory_X,distance=3,rounds=3,error_rate=0.001,noise_model=uniform_circuit,basis=CX,A=x+1+y,B=x+1+xy^2.stim""}",
         2,         0,         0,   0.609,msl-bp-cdamp-0p2,3a1f516d5a607d16a990acfe7beb3feb9c6b6d9127ff6cf3239d14306c8fbcb4,"{""A"":""x+1+y"",""B"":""x+1+xy^2"",""basis"":""CX"",""circuit"":""bicycle_bivariate_18_4_3_memory_X"",""d"":3,""distance"":""3"",""error_rate"":""0.001"",""noise_model"":""uniform_circuit"",""p"":0.001,""r"":3,""rounds"":""3"",""stim_path"":""C:\\Users\\User\\Documents\\projects-git\\relay_mother_folder\\relay\\tests\\testdata\\bicycle_bivariate\\circuit=bicycle_bivariate_18_4_3_memory_X,distance=3,rounds=3,error_rate=0.001,noise_model=uniform_circuit,basis=CX,A=x+1+y,B=x+1+xy^2.stim""}",
         2,         0,         0,   0.547,msl-bp,8fbae80d3ef89296897f676a8e47bcb8c2151003b6e39d10606b7ee94914c1d6,"{""A"":""x+1+y"",""B"":""x+1+xy^2"",""basis"":""CX"",""circuit"":""bicycle_bivariate_18_4_3_memory_X"",""d"":3,""distance"":""3"",""error_rate"":""0.001"",""noise_model"":""uniform_circuit"",""p"":0.001,""r"":3,""rounds"":""3"",""stim_path"":""C:\\Users\\User\\Documents\\projects-git\\relay_mother_folder\\relay\\tests\\testdata\\bicycle_bivariate\\circuit=bicycle_bivariate_18_4_3_memory_X,distance=3,rounds=3,error_rate=0.001,noise_model=uniform_circuit,basis=CX,A=x+1+y,B=x+1+xy^2.stim""}",
         2,         0,         0,   0.688,mem-bp-cdamp-0p2,426797af2e2a88dd9b2b6409d7dee2ce83baf9f9e50a97c8bf4ff8c1293e448f,"{""A"":""x+1+y"",""B"":""x+1+xy^2"",""basis"":""CX"",""circuit"":""bicycle_bivariate_18_4_3_memory_X"",""d"":3,""distance"":""3"",""error_rate"":""0.001"",""noise_model"":""uniform_circuit"",""p"":0.001,""r"":3,""rounds"":""3"",""stim_path"":""C:\\Users\\User\\Documents\\projects-git\\relay_mother_folder\\relay\\tests\\testdata\\bicycle_bivariate\\circuit=bicycle_bivariate_18_4_3_memory_X,distance=3,rounds=3,error_rate=0.001,noise_model=uniform_circuit,basis=CX,A=x+1+y,B=x+1+xy^2.stim""}",
         2,         0,         0,   0.640,mem-bp-cdamp-0p8,899402286ed484b27cfa99bdff637396ac7709784ac0c8ccfcfed7ee79542de3,"{""A"":""x+1+y"",""B"":""x+1+xy^2"",""basis"":""CX"",""circuit"":""bicycle_bivariate_18_4_3_memory_X"",""d"":3,""distance"":""3"",""error_rate"":""0.001"",""noise_model"":""uniform_circuit"",""p"":0.001,""r"":3,""rounds"":""3"",""stim_path"":""C:\\Users\\User\\Documents\\projects-git\\relay_mother_folder\\relay\\tests\\testdata\\bicycle_bivariate\\circuit=bicycle_bivariate_18_4_3_memory_X,distance=3,rounds=3,error_rate=0.001,noise_model=uniform_circuit,basis=CX,A=x+1+y,B=x+1+xy^2.stim""}",
         2,         0,         0,   0.609,msl-bp-cdamp-0p8,95aa1299a09cfccca78c2e5a2f09fcb25221cfc03cb6f19befb6662bcc8760f6,"{""A"":""x+1+y"",""B"":""x+1+xy^2"",""basis"":""CX"",""circuit"":""bicycle_bivariate_18_4_3_memory_X"",""d"":3,""distance"":""3"",""error_rate"":""0.001"",""noise_model"":""uniform_circuit"",""p"":0.001,""r"":3,""rounds"":""3"",""stim_path"":""C:\\Users\\User\\Documents\\projects-git\\relay_mother_folder\\relay\\tests\\testdata\\bicycle_bivariate\\circuit=bicycle_bivariate_18_4_3_memory_X,distance=3,rounds=3,error_rate=0.001,noise_model=uniform_circuit,basis=CX,A=x+1+y,B=x+1+xy^2.stim""}",
         2,         0,         0,   0.578,msl-bp-cdamp-0p5,60ed0a6454f75fcc4110dcc67cfc7b494fa12ae46881ff871c282f98ceddb20d,"{""A"":""x+1+y"",""B"":""x+1+xy^2"",""basis"":""CX"",""circuit"":""bicycle_bivariate_18_4_3_memory_X"",""d"":3,""distance"":""3"",""error_rate"":""0.001"",""noise_model"":""uniform_circuit"",""p"":0.001,""r"":3,""rounds"":""3"",""stim_path"":""C:\\Users\\User\\Documents\\projects-git\\relay_mother_folder\\relay\\tests\\testdata\\bicycle_bivariate\\circuit=bicycle_bivariate_18_4_3_memory_X,distance=3,rounds=3,error_rate=0.001,noise_model=uniform_circuit,basis=CX,A=x+1+y,B=x+1+xy^2.stim""}",
         2,         0,         0,   0.562,mem-bp,88862465eff4b2d4e75dad9bcf066c29c41d74d8aa9fbb631e277e7728d305a5,"{""A"":""x+1+y"",""B"":""x+1+xy^2"",""basis"":""CX"",""circuit"":""bicycle_bivariate_18_4_3_memory_X"",""d"":3,""distance"":""3"",""error_rate"":""0.001"",""noise_model"":""uniform_circuit"",""p"":0.001,""r"":3,""rounds"":""3"",""stim_path"":""C:\\Users\\User\\Documents\\projects-git\\relay_mother_folder\\relay\\tests\\testdata\\bicycle_bivariate\\circuit=bicycle_bivariate_18_4_3_memory_X,distance=3,rounds=3,error_rate=0.001,noise_model=uniform_circuit,basis=CX,A=x+1+y,B=x+1+xy^2.stim""}",
         2,         0,         0,   0.453,msl-bp-cdamp-0p2,3a1f516d5a607d16a990acfe7beb3feb9c6b6d9127ff6cf3239d14306c8fbcb4,"{""A"":""x+1+y"",""B"":""x+1+xy^2"",""basis"":""CX"",""circuit"":""bicycle_bivariate_18_4_3_memory_X"",""d"":3,""distance"":""3"",""error_rate"":""0.001"",""noise_model"":""uniform_circuit"",""p"":0.001,""r"":3,""rounds"":""3"",""stim_path"":""C:\\Users\\User\\Documents\\projects-git\\relay_mother_folder\\relay\\tests\\testdata\\bicycle_bivariate\\circuit=bicycle_bivariate_18_4_3_memory_X,distance=3,rounds=3,error_rate=0.001,noise_model=uniform_circuit,basis=CX,A=x+1+y,B=x+1+xy^2.stim""}",
         2,         0,         0,   0.484,msl-bp,8fbae80d3ef89296897f676a8e47bcb8c2151003b6e39d10606b7ee94914c1d6,"{""A"":""x+1+y"",""B"":""x+1+xy^2"",""basis"":""CX"",""circuit"":""bicycle_bivariate_18_4_3_memory_X"",""d"":3,""distance"":""3"",""error_rate"":""0.001"",""noise_model"":""uniform_circuit"",""p"":0.001,""r"":3,""rounds"":""3"",""stim_path"":""C:\\Users\\User\\Documents\\projects-git\\relay_mother_folder\\relay\\tests\\testdata\\bicycle_bivariate\\circuit=bicycle_bivariate_18_4_3_memory_X,distance=3,rounds=3,error_rate=0.001,noise_model=uniform_circuit,basis=CX,A=x+1+y,B=x+1+xy^2.stim""}",
         2,         0,         0,   0.562,mem-bp-cdamp-0p5,006cd8c28742ec24ef0db7d2700424bbe04c9e901d86e040647fcb76a9c9c49b,"{""A"":""x+1+y"",""B"":""x+1+xy^2"",""basis"":""CX"",""circuit"":""bicycle_bivariate_18_4_3_memory_X"",""d"":3,""distance"":""3"",""error_rate"":""0.001"",""noise_model"":""uniform_circuit"",""p"":0.001,""r"":3,""rounds"":""3"",""stim_path"":""C:\\Users\\User\\Documents\\projects-git\\relay_mother_folder\\relay\\tests\\testdata\\bicycle_bivariate\\circuit=bicycle_bivariate_18_4_3_memory_X,distance=3,rounds=3,error_rate=0.001,noise_model=uniform_circuit,basis=CX,A=x+1+y,B=x+1+xy^2.stim""}",
         2,         0,         0,   0.531,mem-bp-cdamp-0p2,426797af2e2a88dd9b2b6409d7dee2ce83baf9f9e50a97c8bf4ff8c1293e448f,"{""A"":""x+1+y"",""B"":""x+1+xy^2"",""basis"":""CX"",""circuit"":""bicycle_bivariate_18_4_3_memory_X"",""d"":3,""distance"":""3"",""error_rate"":""0.001"",""noise_model"":""uniform_circuit"",""p"":0.001,""r"":3,""rounds"":""3"",""stim_path"":""C:\\Users\\User\\Documents\\projects-git\\relay_mother_folder\\relay\\tests\\testdata\\bicycle_bivariate\\circuit=bicycle_bivariate_18_4_3_memory_X,distance=3,rounds=3,error_rate=0.001,noise_model=uniform_circuit,basis=CX,A=x+1+y,B=x+1+xy^2.stim""}",
         2,         0,         0,   0.578,mem-bp-cdamp-0p8,899402286ed484b27cfa99bdff637396ac7709784ac0c8ccfcfed7ee79542de3,"{""A"":""x+1+y"",""B"":""x+1+xy^2"",""basis"":""CX"",""circuit"":""bicycle_bivariate_18_4_3_memory_X"",""d"":3,""distance"":""3"",""error_rate"":""0.001"",""noise_model"":""uniform_circuit"",""p"":0.001,""r"":3,""rounds"":""3"",""stim_path"":""C:\\Users\\User\\Documents\\projects-git\\relay_mother_folder\\relay\\tests\\testdata\\bicycle_bivariate\\circuit=bicycle_bivariate_18_4_3_memory_X,distance=3,rounds=3,error_rate=0.001,noise_model=uniform_circuit,basis=CX,A=x+1+y,B=x+1+xy^2.stim""}",
         2,         0,         0,   0.594,msl-bp-cdamp-0p5,60ed0a6454f75fcc4110dcc67cfc7b494fa12ae46881ff871c282f98ceddb20d,"{""A"":""x+1+y"",""B"":""x+1+xy^2"",""basis"":""CX"",""circuit"":""bicycle_bivariate_18_4_3_memory_X"",""d"":3,""distance"":""3"",""error_rate"":""0.001"",""noise_model"":""uniform_circuit"",""p"":0.001,""r"":3,""rounds"":""3"",""stim_path"":""C:\\Users\\User\\Documents\\projects-git\\relay_mother_folder\\relay\\tests\\testdata\\bicycle_bivariate\\circuit=bicycle_bivariate_18_4_3_memory_X,distance=3,rounds=3,error_rate=0.001,noise_model=uniform_circuit,basis=CX,A=x+1+y,B=x+1+xy^2.stim""}",
         2,         0,         0,   0.610,msl-bp-cdamp-0p8,95aa1299a09cfccca78c2e5a2f09fcb25221cfc03cb6f19befb6662bcc8760f6,"{""A"":""x+1+y"",""B"":""x+1+xy^2"",""basis"":""CX"",""circuit"":""bicycle_bivariate_18_4_3_memory_X"",""d"":3,""distance"":""3"",""error_rate"":""0.001"",""noise_model"":""uniform_circuit"",""p"":0.001,""r"":3,""rounds"":""3"",""stim_path"":""C:\\Users\\User\\Documents\\projects-git\\relay_mother_folder\\relay\\tests\\testdata\\bicycle_bivariate\\circuit=bicycle_bivariate_18_4_3_memory_X,distance=3,rounds=3,error_rate=0.001,noise_model=uniform_circuit,basis=CX,A=x+1+y,B=x+1+xy^2.stim""}",
         2,         0,         0,   0.531,mem-bp,88862465eff4b2d4e75dad9bcf066c29c41d74d8aa9fbb631e277e7728d305a5,"{""A"":""x+1+y"",""B"":""x+1+xy^2"",""basis"":""CX"",""circuit"":""bicycle_bivariate_18_4_3_memory_X"",""d"":3,""distance"":""3"",""error_rate"":""0.001"",""noise_model"":""uniform_circuit"",""p"":0.001,""r"":3,""rounds"":""3"",""stim_path"":""C:\\Users\\User\\Documents\\projects-git\\relay_mother_folder\\relay\\tests\\testdata\\bicycle_bivariate\\circuit=bicycle_bivariate_18_4_3_memory_X,distance=3,rounds=3,error_rate=0.001,noise_model=uniform_circuit,basis=CX,A=x+1+y,B=x+1+xy^2.stim""}",
         2,         0,         0,   0.641,msl-bp-cdamp-0p2,3a1f516d5a607d16a990acfe7beb3feb9c6b6d9127ff6cf3239d14306c8fbcb4,"{""A"":""x+1+y"",""B"":""x+1+xy^2"",""basis"":""CX"",""circuit"":""bicycle_bivariate_18_4_3_memory_X"",""d"":3,""distance"":""3"",""error_rate"":""0.001"",""noise_model"":""uniform_circuit"",""p"":0.001,""r"":3,""rounds"":""3"",""stim_path"":""C:\\Users\\User\\Documents\\projects-git\\relay_mother_folder\\relay\\tests\\testdata\\bicycle_bivariate\\circuit=bicycle_bivariate_18_4_3_memory_X,distance=3,rounds=3,error_rate=0.001,noise_model=uniform_circuit,basis=CX,A=x+1+y,B=x+1+xy^2.stim""}",
         2,         0,         0,   0.641,msl-bp,8fbae80d3ef89296897f676a8e47bcb8c2151003b6e39d10606b7ee94914c1d6,"{""A"":""x+1+y"",""B"":""x+1+xy^2"",""basis"":""CX"",""circuit"":""bicycle_bivariate_18_4_3_memory_X"",""d"":3,""distance"":""3"",""error_rate"":""0.001"",""noise_model"":""uniform_circuit"",""p"":0.001,""r"":3,""rounds"":""3"",""stim_path"":""C:\\Users\\User\\Documents\\projects-git\\relay_mother_folder\\relay\\tests\\testdata\\bicycle_bivariate\\circuit=bicycle_bivariate_18_4_3_memory_X,distance=3,rounds=3,error_rate=0.001,noise_model=uniform_circuit,basis=CX,A=x+1+y,B=x+1+xy^2.stim""}",
         2,         0,         0,   0.766,mem-bp-cdamp-0p5,006cd8c28742ec24ef0db7d2700424bbe04c9e901d86e040647fcb76a9c9c49b,"{""A"":""x+1+y"",""B"":""x+1+xy^2"",""basis"":""CX"",""circuit"":""bicycle_bivariate_18_4_3_memory_X"",""d"":3,""distance"":""3"",""error_rate"":""0.001"",""noise_model"":""uniform_circuit"",""p"":0.001,""r"":3,""rounds"":""3"",""stim_path"":""C:\\Users\\User\\Documents\\projects-git\\relay_mother_folder\\relay\\tests\\testdata\\bicycle_bivariate\\circuit=bicycle_bivariate_18_4_3_memory_X,distance=3,rounds=3,error_rate=0.001,noise_model=uniform_circuit,basis=CX,A=x+1+y,B=x+1+xy^2.stim""}",
         2,         0,         0,   0.656,mem-bp-cdamp-0p2,426797af2e2a88dd9b2b6409d7dee2ce83baf9f9e50a97c8bf4ff8c1293e448f,"{""A"":""x+1+y"",""B"":""x+1+xy^2"",""basis"":""CX"",""circuit"":""bicycle_bivariate_18_4_3_memory_X"",""d"":3,""distance"":""3"",""error_rate"":""0.001"",""noise_model"":""uniform_circuit"",""p"":0.001,""r"":3,""rounds"":""3"",""stim_path"":""C:\\Users\\User\\Documents\\projects-git\\relay_mother_folder\\relay\\tests\\testdata\\bicycle_bivariate\\circuit=bicycle_bivariate_18_4_3_memory_X,distance=3,rounds=3,error_rate=0.001,noise_model=uniform_circuit,basis=CX,A=x+1+y,B=x+1+xy^2.stim""}",
         2,         0,         0,   0.578,mem-bp,88862465eff4b2d4e75dad9bcf066c29c41d74d8aa9fbb631e277e7728d305a5,"{""A"":""x+1+y"",""B"":""x+1+xy^2"",""basis"":""CX"",""circuit"":""bicycle_bivariate_18_4_3_memory_X"",""d"":3,""distance"":""3"",""error_rate"":""0.001"",""noise_model"":""uniform_circuit"",""p"":0.001,""r"":3,""rounds"":""3"",""stim_path"":""C:\\Users\\User\\Documents\\projects-git\\relay_mother_folder\\relay\\tests\\testdata\\bicycle_bivariate\\circuit=bicycle_bivariate_18_4_3_memory_X,distance=3,rounds=3,error_rate=0.001,noise_model=uniform_circuit,basis=CX,A=x+1+y,B=x+1+xy^2.stim""}",
         2,         0,         0,   0.640,msl-bp-cdamp-0p8,95aa1299a09cfccca78c2e5a2f09fcb25221cfc03cb6f19befb6662bcc8760f6,"{""A"":""x+1+y"",""B"":""x+1+xy^2"",""basis"":""CX"",""circuit"":""bicycle_bivariate_18_4_3_memory_X"",""d"":3,""distance"":""3"",""error_rate"":""0.001"",""noise_model"":""uniform_circuit"",""p"":0.001,""r"":3,""rounds"":""3"",""stim_path"":""C:\\Users\\User\\Documents\\projects-git\\relay_mother_folder\\relay\\tests\\testdata\\bicycle_bivariate\\circuit=bicycle_bivariate_18_4_3_memory_X,distance=3,rounds=3,error_rate=0.001,noise_model=uniform_circuit,basis=CX,A=x+1+y,B=x+1+xy^2.stim""}",
         2,         0,         0,   0.688,mem-bp-cdamp-0p8,899402286ed484b27cfa99bdff637396ac7709784ac0c8ccfcfed7ee79542de3,"{""A"":""x+1+y"",""B"":""x+1+xy^2"",""basis"":""CX"",""circuit"":""bicycle_bivariate_18_4_3_memory_X"",""d"":3,""distance"":""3"",""error_rate"":""0.001"",""noise_model"":""uniform_circuit"",""p"":0.001,""r"":3,""rounds"":""3"",""stim_path"":""C:\\Users\\User\\Documents\\projects-git\\relay_mother_folder\\relay\\tests\\testdata\\bicycle_bivariate\\circuit=bicycle_bivariate_18_4_3_memory_X,distance=3,rounds=3,error_rate=0.001,noise_model=uniform_circuit,basis=CX,A=x+1+y,B=x+1+xy^2.stim""}",
         2,         0,         0,   0.734,msl-bp-cdamp-0p5,60ed0a6454f75fcc4110dcc67cfc7b494fa12ae46881ff871c282f98ceddb20d,"{""A"":""x+1+y"",""B"":""x+1+xy^2"",""basis"":""CX"",""circuit"":""bicycle_bivariate_18_4_3_memory_X"",""d"":3,""distance"":""3"",""error_rate"":""0.001"",""noise_model"":""uniform_circuit"",""p"":0.001,""r"":3,""rounds"":""3"",""stim_path"":""C:\\Users\\User\\Documents\\projects-git\\relay_mother_folder\\relay\\tests\\testdata\\bicycle_bivariate\\circuit=bicycle_bivariate_18_4_3_memory_X,distance=3,rounds=3,error_rate=0.001,noise_model=uniform_circuit,basis=CX,A=x+1+y,B=x+1+xy^2.stim""}",
         2,         0,         0,   0.484,msl-bp-cdamp-0p2,3a1f516d5a607d16a990acfe7beb3feb9c6b6d9127ff6cf3239d14306c8fbcb4,"{""A"":""x+1+y"",""B"":""x+1+xy^2"",""basis"":""CX"",""circuit"":""bicycle_bivariate_18_4_3_memory_X"",""d"":3,""distance"":""3"",""error_rate"":""0.001"",""noise_model"":""uniform_circuit"",""p"":0.001,""r"":3,""rounds"":""3"",""stim_path"":""C:\\Users\\User\\Documents\\projects-git\\relay_mother_folder\\relay\\tests\\testdata\\bicycle_bivariate\\circuit=bicycle_bivariate_18_4_3_memory_X,distance=3,rounds=3,error_rate=0.001,noise_model=uniform_circuit,basis=CX,A=x+1+y,B=x+1+xy^2.stim""}",
         2,         0,         0,   0.500,mem-bp-cdamp-0p2,426797af2e2a88dd9b2b6409d7dee2ce83baf9f9e50a97c8bf4ff8c1293e448f,"{""A"":""x+1+y"",""B"":""x+1+xy^2"",""basis"":""CX"",""circuit"":""bicycle_bivariate_18_4_3_memory_X"",""d"":3,""distance"":""3"",""error_rate"":""0.001"",""noise_model"":""uniform_circuit"",""p"":0.001,""r"":3,""rounds"":""3"",""stim_path"":""C:\\Users\\User\\Documents\\projects-git\\relay_mother_folder\\relay\\tests\\testdata\\bicycle_bivariate\\circuit=bicycle_bivariate_18_4_3_memory_X,distance=3,rounds=3,error_rate=0.001,noise_model=uniform_circuit,basis=CX,A=x+1+y,B=x+1+xy^2.stim""}",
         2,         0,         0,   0.640,mem-bp-cdamp-0p5,006cd8c28742ec24ef0db7d2700424bbe04c9e901d86e040647fcb76a9c9c49b,"{""A"":""x+1+y"",""B"":""x+1+xy^2"",""basis"":""CX"",""circuit"":""bicycle_bivariate_18_4_3_memory_X"",""d"":3,""distance"":""3"",""error_rate"":""0.001"",""noise_model"":""uniform_circuit"",""p"":0.001,""r"":3,""rounds"":""3"",""stim_path"":""C:\\Users\\User\\Documents\\projects-git\\relay_mother_folder\\relay\\tests\\testdata\\bicycle_bivariate\\circuit=bicycle_bivariate_18_4_3_memory_X,distance=3,rounds=3,error_rate=0.001,noise_model=uniform_circuit,basis=CX,A=x+1+y,B=x+1+xy^2.stim""}",
         2,         0,         0,   0.516,mem-bp-cdamp-0p8,899402286ed484b27cfa99bdff637396ac7709784ac0c8ccfcfed7ee79542de3,"{""A"":""x+1+y"",""B"":""x+1+xy^2"",""basis"":""CX"",""circuit"":""bicycle_bivariate_18_4_3_memory_X"",""d"":3,""distance"":""3"",""error_rate"":""0.001"",""noise_model"":""uniform_circuit"",""p"":0.001,""r"":3,""rounds"":""3"",""stim_path"":""C:\\Users\\User\\Documents\\projects-git\\relay_mother_folder\\relay\\tests\\testdata\\bicycle_bivariate\\circuit=bicycle_bivariate_18_4_3_memory_X,distance=3,rounds=3,error_rate=0.001,noise_model=uniform_circuit,basis=CX,A=x+1+y,B=x+1+xy^2.stim""}",
         2,         0,         0,   0.594,msl-bp-cdamp-0p8,95aa1299a09cfccca78c2e5a2f09fcb25221cfc03cb6f19befb6662bcc8760f6,"{""A"":""x+1+y"",""B"":""x+1+xy^2"",""basis"":""CX"",""circuit"":""bicycle_bivariate_18_4_3_memory_X"",""d"":3,""distance"":""3"",""error_rate"":""0.001"",""noise_model"":""uniform_circuit"",""p"":0.001,""r"":3,""rounds"":""3"",""stim_path"":""C:\\Users\\User\\Documents\\projects-git\\relay_mother_folder\\relay\\tests\\testdata\\bicycle_bivariate\\circuit=bicycle_bivariate_18_4_3_memory_X,distance=3,rounds=3,error_rate=0.001,noise_model=uniform_circuit,basis=CX,A=x+1+y,B=x+1+xy^2.stim""}",
         2,         0,         0,   0.609,msl-bp-cdamp-0p5,60ed0a6454f75fcc4110dcc67cfc7b494fa12ae46881ff871c282f98ceddb20d,"{""A"":""x+1+y"",""B"":""x+1+xy^2"",""basis"":""CX"",""circuit"":""bicycle_bivariate_18_4_3_memory_X"",""d"":3,""distance"":""3"",""error_rate"":""0.001"",""noise_model"":""uniform_circuit"",""p"":0.001,""r"":3,""rounds"":""3"",""stim_path"":""C:\\Users\\User\\Documents\\projects-git\\relay_mother_folder\\relay\\tests\\testdata\\bicycle_bivariate\\circuit=bicycle_bivariate_18_4_3_memory_X,distance=3,rounds=3,error_rate=0.001,noise_model=uniform_circuit,basis=CX,A=x+1+y,B=x+1+xy^2.stim""}",
         4,         0,         0,    1.08,msl-bp,8fbae80d3ef89296897f676a8e47bcb8c2151003b6e39d10606b7ee94914c1d6,"{""A"":""x+1+y"",""B"":""x+1+xy^2"",""basis"":""CX"",""circuit"":""bicycle_bivariate_18_4_3_memory_X"",""d"":3,""distance"":""3"",""error_rate"":""0.001"",""noise_model"":""uniform_circuit"",""p"":0.001,""r"":3,""rounds"":""3"",""stim_path"":""C:\\Users\\User\\Documents\\projects-git\\relay_mother_folder\\relay\\tests\\testdata\\bicycle_bivariate\\circuit=bicycle_bivariate_18_4_3_memory_X,distance=3,rounds=3,error_rate=0.001,noise_model=uniform_circuit,basis=CX,A=x+1+y,B=x+1+xy^2.stim""}",
         4,         0,         0,    1.03,mem-bp,88862465eff4b2d4e75dad9bcf066c29c41d74d8aa9fbb631e277e7728d305a5,"{""A"":""x+1+y"",""B"":""x+1+xy^2"",""basis"":""CX"",""circuit"":""bicycle_bivariate_18_4_3_memory_X"",""d"":3,""distance"":""3"",""error_rate"":""0.001"",""noise_model"":""uniform_circuit"",""p"":0.001,""r"":3,""rounds"":""3"",""stim_path"":""C:\\Users\\User\\Documents\\projects-git\\relay_mother_folder\\relay\\tests\\testdata\\bicycle_bivariate\\circuit=bicycle_bivariate_18_4_3_memory_X,distance=3,rounds=3,error_rate=0.001,noise_model=uniform_circuit,basis=CX,A=x+1+y,B=x+1+xy^2.stim""}",
         2,         0,         0,   0.688,mem-bp-cdamp-0p5,006cd8c28742ec24ef0db7d2700424bbe04c9e901d86e040647fcb76a9c9c49b,"{""A"":""x+1+y"",""B"":""x+1+xy^2"",""basis"":""CX"",""circuit"":""bicycle_bivariate_18_4_3_memory_X"",""d"":3,""distance"":""3"",""error_rate"":""0.001"",""noise_model"":""uniform_circuit"",""p"":0.001,""r"":3,""rounds"":""3"",""stim_path"":""C:\\Users\\User\\Documents\\projects-git\\relay_mother_folder\\relay\\tests\\testdata\\bicycle_bivariate\\circuit=bicycle_bivariate_18_4_3_memory_X,distance=3,rounds=3,error_rate=0.001,noise_model=uniform_circuit,basis=CX,A=x+1+y,B=x+1+xy^2.stim""}",
         2,         0,         0,   0.625,mem-bp-cdamp-0p8,899402286ed484b27cfa99bdff637396ac7709784ac0c8ccfcfed7ee79542de3,"{""A"":""x+1+y"",""B"":""x+1+xy^2"",""basis"":""CX"",""circuit"":""bicycle_bivariate_18_4_3_memory_X"",""d"":3,""distance"":""3"",""error_rate"":""0.001"",""noise_model"":""uniform_circuit"",""p"":0.001,""r"":3,""rounds"":""3"",""stim_path"":""C:\\Users\\User\\Documents\\projects-git\\relay_mother_folder\\relay\\tests\\testdata\\bicycle_bivariate\\circuit=bicycle_bivariate_18_4_3_memory_X,distance=3,rounds=3,error_rate=0.001,noise_model=uniform_circuit,basis=CX,A=x+1+y,B=x+1+xy^2.stim""}",
         4,         0,         0,    1.08,msl-bp-cdamp-0p2,3a1f516d5a607d16a990acfe7beb3feb9c6b6d9127ff6cf3239d14306c8fbcb4,"{""A"":""x+1+y"",""B"":""x+1+xy^2"",""basis"":""CX"",""circuit"":""bicycle_bivariate_18_4_3_memory_X"",""d"":3,""distance"":""3"",""error_rate"":""0.001"",""noise_model"":""uniform_circuit"",""p"":0.001,""r"":3,""rounds"":""3"",""stim_path"":""C:\\Users\\User\\Documents\\projects-git\\relay_mother_folder\\relay\\tests\\testdata\\bicycle_bivariate\\circuit=bicycle_bivariate_18_4_3_memory_X,distance=3,rounds=3,error_rate=0.001,noise_model=uniform_circuit,basis=CX,A=x+1+y,B=x+1+xy^2.stim""}",
         2,         0,         0,   0.672,msl-bp-cdamp-0p8,95aa1299a09cfccca78c2e5a2f09fcb25221cfc03cb6f19befb6662bcc8760f6,"{""A"":""x+1+y"",""B"":""x+1+xy^2"",""basis"":""CX"",""circuit"":""bicycle_bivariate_18_4_3_memory_X"",""d"":3,""distance"":""3"",""error_rate"":""0.001"",""noise_model"":""uniform_circuit"",""p"":0.001,""r"":3,""rounds"":""3"",""stim_path"":""C:\\Users\\User\\Documents\\projects-git\\relay_mother_folder\\relay\\tests\\testdata\\bicycle_bivariate\\circuit=bicycle_bivariate_18_4_3_memory_X,distance=3,rounds=3,error_rate=0.001,noise_model=uniform_circuit,basis=CX,A=x+1+y,B=x+1+xy^2.stim""}",
         2,         0,         0,   0.579,msl-bp-cdamp-0p5,60ed0a6454f75fcc4110dcc67cfc7b494fa12ae46881ff871c282f98ceddb20d,"{""A"":""x+1+y"",""B"":""x+1+xy^2"",""basis"":""CX"",""circuit"":""bicycle_bivariate_18_4_3_memory_X"",""d"":3,""distance"":""3"",""error_rate"":""0.001"",""noise_model"":""uniform_circuit"",""p"":0.001,""r"":3,""rounds"":""3"",""stim_path"":""C:\\Users\\User\\Documents\\projects-git\\relay_mother_folder\\relay\\tests\\testdata\\bicycle_bivariate\\circuit=bicycle_bivariate_18_4_3_memory_X,distance=3,rounds=3,error_rate=0.001,noise_model=uniform_circuit,basis=CX,A=x+1+y,B=x+1+xy^2.stim""}",
         4,         0,         0,    1.05,mem-bp-cdamp-0p2,426797af2e2a88dd9b2b6409d7dee2ce83baf9f9e50a97c8bf4ff8c1293e448f,"{""A"":""x+1+y"",""B"":""x+1+xy^2"",""basis"":""CX"",""circuit"":""bicycle_bivariate_18_4_3_memory_X"",""d"":3,""distance"":""3"",""error_rate"":""0.001"",""noise_model"":""uniform_circuit"",""p"":0.001,""r"":3,""rounds"":""3"",""stim_path"":""C:\\Users\\User\\Documents\\projects-git\\relay_mother_folder\\relay\\tests\\testdata\\bicycle_bivariate\\circuit=bicycle_bivariate_18_4_3_memory_X,distance=3,rounds=3,error_rate=0.001,noise_model=uniform_circuit,basis=CX,A=x+1+y,B=x+1+xy^2.stim""}",
         4,         0,         0,   0.953,msl-bp,8fbae80d3ef89296897f676a8e47bcb8c2151003b6e39d10606b7ee94914c1d6,"{""A"":""x+1+y"",""B"":""x+1+xy^2"",""basis"":""CX"",""circuit"":""bicycle_bivariate_18_4_3_memory_X"",""d"":3,""distance"":""3"",""error_rate"":""0.001"",""noise_model"":""uniform_circuit"",""p"":0.001,""r"":3,""rounds"":""3"",""stim_path"":""C:\\Users\\User\\Documents\\projects-git\\relay_mother_folder\\relay\\tests\\testdata\\bicycle_bivariate\\circuit=bicycle_bivariate_18_4_3_memory_X,distance=3,rounds=3,error_rate=0.001,noise_model=uniform_circuit,basis=CX,A=x+1+y,B=x+1+xy^2.stim""}",
         4,         0,         0,   0.890,mem-bp,88862465eff4b2d4e75dad9bcf066c29c41d74d8aa9fbb631e277e7728d305a5,"{""A"":""x+1+y"",""B"":""x+1+xy^2"",""basis"":""CX"",""circuit"":""bicycle_bivariate_18_4_3_memory_X"",""d"":3,""distance"":""3"",""error_rate"":""0.001"",""noise_model"":""uniform_circuit"",""p"":0.001,""r"":3,""rounds"":""3"",""stim_path"":""C:\\Users\\User\\Documents\\projects-git\\relay_mother_folder\\relay\\tests\\testdata\\bicycle_bivariate\\circuit=bicycle_bivariate_18_4_3_memory_X,distance=3,rounds=3,error_rate=0.001,noise_model=uniform_circuit,basis=CX,A=x+1+y,B=x+1+xy^2.stim""}",
         4,         0,         0,   0.938,msl-bp-cdamp-0p2,3a1f516d5a607d16a990acfe7beb3feb9c6b6d9127ff6cf3239d14306c8fbcb4,"{""A"":""x+1+y"",""B"":""x+1+xy^2"",""basis"":""CX"",""circuit"":""bicycle_bivariate_18_4_3_memory_X"",""d"":3,""distance"":""3"",""error_rate"":""0.001"",""noise_model"":""uniform_circuit"",""p"":0.001,""r"":3,""rounds"":""3"",""stim_path"":""C:\\Users\\User\\Documents\\projects-git\\relay_mother_folder\\relay\\tests\\testdata\\bicycle_bivariate\\circuit=bicycle_bivariate_18_4_3_memory_X,distance=3,rounds=3,error_rate=0.001,noise_model=uniform_circuit,basis=CX,A=x+1+y,B=x+1+xy^2.stim""}",
         4,         0,         0,    1.00,mem-bp-cdamp-0p8,899402286ed484b27cfa99bdff637396ac7709784ac0c8ccfcfed7ee79542de3,"{""A"":""x+1+y"",""B"":""x+1+xy^2"",""basis"":""CX"",""circuit"":""bicycle_bivariate_18_4_3_memory_X"",""d"":3,""distance"":""3"",""error_rate"":""0.001"",""noise_model"":""uniform_circuit"",""p"":0.001,""r"":3,""rounds"":""3"",""stim_path"":""C:\\Users\\User\\Documents\\projects-git\\relay_mother_folder\\relay\\tests\\testdata\\bicycle_bivariate\\circuit=bicycle_bivariate_18_4_3_memory_X,distance=3,rounds=3,error_rate=0.001,noise_model=uniform_circuit,basis=CX,A=x+1+y,B=x+1+xy^2.stim""}",
         4,         0,         0,    1.06,mem-bp-cdamp-0p5,006cd8c28742ec24ef0db7d2700424bbe04c9e901d86e040647fcb76a9c9c49b,"{""A"":""x+1+y"",""B"":""x+1+xy^2"",""basis"":""CX"",""circuit"":""bicycle_bivariate_18_4_3_memory_X"",""d"":3,""distance"":""3"",""error_rate"":""0.001"",""noise_model"":""uniform_circuit"",""p"":0.001,""r"":3,""rounds"":""3"",""stim_path"":""C:\\Users\\User\\Documents\\projects-git\\relay_mother_folder\\relay\\tests\\testdata\\bicycle_bivariate\\circuit=bicycle_bivariate_18_4_3_memory_X,distance=3,rounds=3,error_rate=0.001,noise_model=uniform_circuit,basis=CX,A=x+1+y,B=x+1+xy^2.stim""}",
         4,         0,         0,   0.968,msl-bp-cdamp-0p5,60ed0a6454f75fcc4110dcc67cfc7b494fa12ae46881ff871c282f98ceddb20d,"{""A"":""x+1+y"",""B"":""x+1+xy^2"",""basis"":""CX"",""circuit"":""bicycle_bivariate_18_4_3_memory_X"",""d"":3,""distance"":""3"",""error_rate"":""0.001"",""noise_model"":""uniform_circuit"",""p"":0.001,""r"":3,""rounds"":""3"",""stim_path"":""C:\\Users\\User\\Documents\\projects-git\\relay_mother_folder\\relay\\tests\\testdata\\bicycle_bivariate\\circuit=bicycle_bivariate_18_4_3_memory_X,distance=3,rounds=3,error_rate=0.001,noise_model=uniform_circuit,basis=CX,A=x+1+y,B=x+1+xy^2.stim""}",
         4,         0,         0,    1.00,msl-bp-cdamp-0p8,95aa1299a09cfccca78c2e5a2f09fcb25221cfc03cb6f19befb6662bcc8760f6,"{""A"":""x+1+y"",""B"":""x+1+xy^2"",""basis"":""CX"",""circuit"":""bicycle_bivariate_18_4_3_memory_X"",""d"":3,""distance"":""3"",""error_rate"":""0.001"",""noise_model"":""uniform_circuit"",""p"":0.001,""r"":3,""rounds"":""3"",""stim_path"":""C:\\Users\\User\\Documents\\projects-git\\relay_mother_folder\\relay\\tests\\testdata\\bicycle_bivariate\\circuit=bicycle_bivariate_18_4_3_memory_X,distance=3,rounds=3,error_rate=0.001,noise_model=uniform_circuit,basis=CX,A=x+1+y,B=x+1+xy^2.stim""}",
         4,         0,         0,    1.02,mem-bp-cdamp-0p2,426797af2e2a88dd9b2b6409d7dee2ce83baf9f9e50a97c8bf4ff8c1293e448f,"{""A"":""x+1+y"",""B"":""x+1+xy^2"",""basis"":""CX"",""circuit"":""bicycle_bivariate_18_4_3_memory_X"",""d"":3,""distance"":""3"",""error_rate"":""0.001"",""noise_model"":""uniform_circuit"",""p"":0.001,""r"":3,""rounds"":""3"",""stim_path"":""C:\\Users\\User\\Documents\\projects-git\\relay_mother_folder\\relay\\tests\\testdata\\bicycle_bivariate\\circuit=bicycle_bivariate_18_4_3_memory_X,distance=3,rounds=3,error_rate=0.001,noise_model=uniform_circuit,basis=CX,A=x+1+y,B=x+1+xy^2.stim""}",
         6,         0,         0,    1.36,msl-bp,8fbae80d3ef89296897f676a8e47bcb8c2151003b6e39d10606b7ee94914c1d6,"{""A"":""x+1+y"",""B"":""x+1+xy^2"",""basis"":""CX"",""circuit"":""bicycle_bivariate_18_4_3_memory_X"",""d"":3,""distance"":""3"",""error_rate"":""0.001"",""noise_model"":""uniform_circuit"",""p"":0.001,""r"":3,""rounds"":""3"",""stim_path"":""C:\\Users\\User\\Documents\\projects-git\\relay_mother_folder\\relay\\tests\\testdata\\bicycle_bivariate\\circuit=bicycle_bivariate_18_4_3_memory_X,distance=3,rounds=3,error_rate=0.001,noise_model=uniform_circuit,basis=CX,A=x+1+y,B=x+1+xy^2.stim""}",
         4,         0,         0,    1.08,mem-bp-cdamp-0p5,006cd8c28742ec24ef0db7d2700424bbe04c9e901d86e040647fcb76a9c9c49b,"{""A"":""x+1+y"",""B"":""x+1+xy^2"",""basis"":""CX"",""circuit"":""bicycle_bivariate_18_4_3_memory_X"",""d"":3,""distance"":""3"",""error_rate"":""0.001"",""noise_model"":""uniform_circuit"",""p"":0.001,""r"":3,""rounds"":""3"",""stim_path"":""C:\\Users\\User\\Documents\\projects-git\\relay_mother_folder\\relay\\tests\\testdata\\bicycle_bivariate\\circuit=bicycle_bivariate_18_4_3_memory_X,distance=3,rounds=3,error_rate=0.001,noise_model=uniform_circuit,basis=CX,A=x+1+y,B=x+1+xy^2.stim""}",
         6,         0,         0,    1.44,mem-bp,88862465eff4b2d4e75dad9bcf066c29c41d74d8aa9fbb631e277e7728d305a5,"{""A"":""x+1+y"",""B"":""x+1+xy^2"",""basis"":""CX"",""circuit"":""bicycle_bivariate_18_4_3_memory_X"",""d"":3,""distance"":""3"",""error_rate"":""0.001"",""noise_model"":""uniform_circuit"",""p"":0.001,""r"":3,""rounds"":""3"",""stim_path"":""C:\\Users\\User\\Documents\\projects-git\\relay_mother_folder\\relay\\tests\\testdata\\bicycle_bivariate\\circuit=bicycle_bivariate_18_4_3_memory_X,distance=3,rounds=3,error_rate=0.001,noise_model=uniform_circuit,basis=CX,A=x+1+y,B=x+1+xy^2.stim""}",
         6,         0,         0,    1.47,msl-bp-cdamp-0p2,3a1f516d5a607d16a990acfe7beb3feb9c6b6d9127ff6cf3239d14306c8fbcb4,"{""A"":""x+1+y"",""B"":""x+1+xy^2"",""basis"":""CX"",""circuit"":""bicycle_bivariate_18_4_3_memory_X"",""d"":3,""distance"":""3"",""error_rate"":""0.001"",""noise_model"":""uniform_circuit"",""p"":0.001,""r"":3,""rounds"":""3"",""stim_path"":""C:\\Users\\User\\Documents\\projects-git\\relay_mother_folder\\relay\\tests\\testdata\\bicycle_bivariate\\circuit=bicycle_bivariate_18_4_3_memory_X,distance=3,rounds=3,error_rate=0.001,noise_model=uniform_circuit,basis=CX,A=x+1+y,B=x+1+xy^2.stim""}",
         6,         0,         0,    1.58,mem-bp-cdamp-0p8,899402286ed484b27cfa99bdff637396ac7709784ac0c8ccfcfed7ee79542de3,"{""A"":""x+1+y"",""B"":""x+1+xy^2"",""basis"":""CX"",""circuit"":""bicycle_bivariate_18_4_3_memory_X"",""d"":3,""distance"":""3"",""error_rate"":""0.001"",""noise_model"":""uniform_circuit"",""p"":0.001,""r"":3,""rounds"":""3"",""stim_path"":""C:\\Users\\User\\Documents\\projects-git\\relay_mother_folder\\relay\\tests\\testdata\\bicycle_bivariate\\circuit=bicycle_bivariate_18_4_3_memory_X,distance=3,rounds=3,error_rate=0.001,noise_model=uniform_circuit,basis=CX,A=x+1+y,B=x+1+xy^2.stim""}",
         6,         0,         0,    1.55,msl-bp-cdamp-0p8,95aa1299a09cfccca78c2e5a2f09fcb25221cfc03cb6f19befb6662bcc8760f6,"{""A"":""x+1+y"",""B"":""x+1+xy^2"",""basis"":""CX"",""circuit"":""bicycle_bivariate_18_4_3_memory_X"",""d"":3,""distance"":""3"",""error_rate"":""0.001"",""noise_model"":""uniform_circuit"",""p"":0.001,""r"":3,""rounds"":""3"",""stim_path"":""C:\\Users\\User\\Documents\\projects-git\\relay_mother_folder\\relay\\tests\\testdata\\bicycle_bivariate\\circuit=bicycle_bivariate_18_4_3_memory_X,distance=3,rounds=3,error_rate=0.001,noise_model=uniform_circuit,basis=CX,A=x+1+y,B=x+1+xy^2.stim""}",
         6,         0,         0,    1.58,msl-bp-cdamp-0p5,60ed0a6454f75fcc4110dcc67cfc7b494fa12ae46881ff871c282f98ceddb20d,"{""A"":""x+1+y"",""B"":""x+1+xy^2"",""basis"":""CX"",""circuit"":""bicycle_bivariate_18_4_3_memory_X"",""d"":3,""distance"":""3"",""error_rate"":""0.001"",""noise_model"":""uniform_circuit"",""p"":0.001,""r"":3,""rounds"":""3"",""stim_path"":""C:\\Users\\User\\Documents\\projects-git\\relay_mother_folder\\relay\\tests\\testdata\\bicycle_bivariate\\circuit=bicycle_bivariate_18_4_3_memory_X,distance=3,rounds=3,error_rate=0.001,noise_model=uniform_circuit,basis=CX,A=x+1+y,B=x+1+xy^2.stim""}",
         6,         0,         0,    1.48,mem-bp-cdamp-0p2,426797af2e2a88dd9b2b6409d7dee2ce83baf9f9e50a97c8bf4ff8c1293e448f,"{""A"":""x+1+y"",""B"":""x+1+xy^2"",""basis"":""CX"",""circuit"":""bicycle_bivariate_18_4_3_memory_X"",""d"":3,""distance"":""3"",""error_rate"":""0.001"",""noise_model"":""uniform_circuit"",""p"":0.001,""r"":3,""rounds"":""3"",""stim_path"":""C:\\Users\\User\\Documents\\projects-git\\relay_mother_folder\\relay\\tests\\testdata\\bicycle_bivariate\\circuit=bicycle_bivariate_18_4_3_memory_X,distance=3,rounds=3,error_rate=0.001,noise_model=uniform_circuit,basis=CX,A=x+1+y,B=x+1+xy^2.stim""}",
         4,         0,         0,    1.12,mem-bp-cdamp-0p5,006cd8c28742ec24ef0db7d2700424bbe04c9e901d86e040647fcb76a9c9c49b,"{""A"":""x+1+y"",""B"":""x+1+xy^2"",""basis"":""CX"",""circuit"":""bicycle_bivariate_18_4_3_memory_X"",""d"":3,""distance"":""3"",""error_rate"":""0.001"",""noise_model"":""uniform_circuit"",""p"":0.001,""r"":3,""rounds"":""3"",""stim_path"":""C:\\Users\\User\\Documents\\projects-git\\relay_mother_folder\\relay\\tests\\testdata\\bicycle_bivariate\\circuit=bicycle_bivariate_18_4_3_memory_X,distance=3,rounds=3,error_rate=0.001,noise_model=uniform_circuit,basis=CX,A=x+1+y,B=x+1+xy^2.stim""}",
         8,         0,         0,    1.86,msl-bp,8fbae80d3ef89296897f676a8e47bcb8c2151003b6e39d10606b7ee94914c1d6,"{""A"":""x+1+y"",""B"":""x+1+xy^2"",""basis"":""CX"",""circuit"":""bicycle_bivariate_18_4_3_memory_X"",""d"":3,""distance"":""3"",""error_rate"":""0.001"",""noise_model"":""uniform_circuit"",""p"":0.001,""r"":3,""rounds"":""3"",""stim_path"":""C:\\Users\\User\\Documents\\projects-git\\relay_mother_folder\\relay\\tests\\testdata\\bicycle_bivariate\\circuit=bicycle_bivariate_18_4_3_memory_X,distance=3,rounds=3,error_rate=0.001,noise_model=uniform_circuit,basis=CX,A=x+1+y,B=x+1+xy^2.stim""}",
         8,         0,         0,    1.81,mem-bp,88862465eff4b2d4e75dad9bcf066c29c41d74d8aa9fbb631e277e7728d305a5,"{""A"":""x+1+y"",""B"":""x+1+xy^2"",""basis"":""CX"",""circuit"":""bicycle_bivariate_18_4_3_memory_X"",""d"":3,""distance"":""3"",""error_rate"":""0.001"",""noise_model"":""uniform_circuit"",""p"":0.001,""r"":3,""rounds"":""3"",""stim_path"":""C:\\Users\\User\\Documents\\projects-git\\relay_mother_folder\\relay\\tests\\testdata\\bicycle_bivariate\\circuit=bicycle_bivariate_18_4_3_memory_X,distance=3,rounds=3,error_rate=0.001,noise_model=uniform_circuit,basis=CX,A=x+1+y,B=x+1+xy^2.stim""}",
         8,         0,         0,    1.81,msl-bp-cdamp-0p2,3a1f516d5a607d16a990acfe7beb3feb9c6b6d9127ff6cf3239d14306c8fbcb4,"{""A"":""x+1+y"",""B"":""x+1+xy^2"",""basis"":""CX"",""circuit"":""bicycle_bivariate_18_4_3_memory_X"",""d"":3,""distance"":""3"",""error_rate"":""0.001"",""noise_model"":""uniform_circuit"",""p"":0.001,""r"":3,""rounds"":""3"",""stim_path"":""C:\\Users\\User\\Documents\\projects-git\\relay_mother_folder\\relay\\tests\\testdata\\bicycle_bivariate\\circuit=bicycle_bivariate_18_4_3_memory_X,distance=3,rounds=3,error_rate=0.001,noise_model=uniform_circuit,basis=CX,A=x+1+y,B=x+1+xy^2.stim""}",
         6,         0,         0,    1.62,msl-bp-cdamp-0p5,60ed0a6454f75fcc4110dcc67cfc7b494fa12ae46881ff871c282f98ceddb20d,"{""A"":""x+1+y"",""B"":""x+1+xy^2"",""basis"":""CX"",""circuit"":""bicycle_bivariate_18_4_3_memory_X"",""d"":3,""distance"":""3"",""error_rate"":""0.001"",""noise_model"":""uniform_circuit"",""p"":0.001,""r"":3,""rounds"":""3"",""stim_path"":""C:\\Users\\User\\Documents\\projects-git\\relay_mother_folder\\relay\\tests\\testdata\\bicycle_bivariate\\circuit=bicycle_bivariate_18_4_3_memory_X,distance=3,rounds=3,error_rate=0.001,noise_model=uniform_circuit,basis=CX,A=x+1+y,B=x+1+xy^2.stim""}",
         8,         1,         0,    2.00,mem-bp-cdamp-0p8,899402286ed484b27cfa99bdff637396ac7709784ac0c8ccfcfed7ee79542de3,"{""A"":""x+1+y"",""B"":""x+1+xy^2"",""basis"":""CX"",""circuit"":""bicycle_bivariate_18_4_3_memory_X"",""d"":3,""distance"":""3"",""error_rate"":""0.001"",""noise_model"":""uniform_circuit"",""p"":0.001,""r"":3,""rounds"":""3"",""stim_path"":""C:\\Users\\User\\Documents\\projects-git\\relay_mother_folder\\relay\\tests\\testdata\\bicycle_bivariate\\circuit=bicycle_bivariate_18_4_3_memory_X,distance=3,rounds=3,error_rate=0.001,noise_model=uniform_circuit,basis=CX,A=x+1+y,B=x+1+xy^2.stim""}",
         8,         0,         0,    2.00,mem-bp-cdamp-0p2,426797af2e2a88dd9b2b6409d7dee2ce83baf9f9e50a97c8bf4ff8c1293e448f,"{""A"":""x+1+y"",""B"":""x+1+xy^2"",""basis"":""CX"",""circuit"":""bicycle_bivariate_18_4_3_memory_X"",""d"":3,""distance"":""3"",""error_rate"":""0.001"",""noise_model"":""uniform_circuit"",""p"":0.001,""r"":3,""rounds"":""3"",""stim_path"":""C:\\Users\\User\\Documents\\projects-git\\relay_mother_folder\\relay\\tests\\testdata\\bicycle_bivariate\\circuit=bicycle_bivariate_18_4_3_memory_X,distance=3,rounds=3,error_rate=0.001,noise_model=uniform_circuit,basis=CX,A=x+1+y,B=x+1+xy^2.stim""}",
         8,         0,         0,    2.22,msl-bp-cdamp-0p8,95aa1299a09cfccca78c2e5a2f09fcb25221cfc03cb6f19befb6662bcc8760f6,"{""A"":""x+1+y"",""B"":""x+1+xy^2"",""basis"":""CX"",""circuit"":""bicycle_bivariate_18_4_3_memory_X"",""d"":3,""distance"":""3"",""error_rate"":""0.001"",""noise_model"":""uniform_circuit"",""p"":0.001,""r"":3,""rounds"":""3"",""stim_path"":""C:\\Users\\User\\Documents\\projects-git\\relay_mother_folder\\relay\\tests\\testdata\\bicycle_bivariate\\circuit=bicycle_bivariate_18_4_3_memory_X,distance=3,rounds=3,error_rate=0.001,noise_model=uniform_circuit,basis=CX,A=x+1+y,B=x+1+xy^2.stim""}",
         6,         0,         0,    1.86,mem-bp-cdamp-0p5,006cd8c28742ec24ef0db7d2700424bbe04c9e901d86e040647fcb76a9c9c49b,"{""A"":""x+1+y"",""B"":""x+1+xy^2"",""basis"":""CX"",""circuit"":""bicycle_bivariate_18_4_3_memory_X"",""d"":3,""distance"":""3"",""error_rate"":""0.001"",""noise_model"":""uniform_circuit"",""p"":0.001,""r"":3,""rounds"":""3"",""stim_path"":""C:\\Users\\User\\Documents\\projects-git\\relay_mother_folder\\relay\\tests\\testdata\\bicycle_bivariate\\circuit=bicycle_bivariate_18_4_3_memory_X,distance=3,rounds=3,error_rate=0.001,noise_model=uniform_circuit,basis=CX,A=x+1+y,B=x+1+xy^2.stim""}",
        10,         0,         0,    2.62,msl-bp,8fbae80d3ef89296897f676a8e47bcb8c2151003b6e39d10606b7ee94914c1d6,"{""A"":""x+1+y"",""B"":""x+1+xy^2"",""basis"":""CX"",""circuit"":""bicycle_bivariate_18_4_3_memory_X"",""d"":3,""distance"":""3"",""error_rate"":""0.001"",""noise_model"":""uniform_circuit"",""p"":0.001,""r"":3,""rounds"":""3"",""stim_path"":""C:\\Users\\User\\Documents\\projects-git\\relay_mother_folder\\relay\\tests\\testdata\\bicycle_bivariate\\circuit=bicycle_bivariate_18_4_3_memory_X,distance=3,rounds=3,error_rate=0.001,noise_model=uniform_circuit,basis=CX,A=x+1+y,B=x+1+xy^2.stim""}",
        10,         0,         0,    2.56,mem-bp,88862465eff4b2d4e75dad9bcf066c29c41d74d8aa9fbb631e277e7728d305a5,"{""A"":""x+1+y"",""B"":""x+1+xy^2"",""basis"":""CX"",""circuit"":""bicycle_bivariate_18_4_3_memory_X"",""d"":3,""distance"":""3"",""error_rate"":""0.001"",""noise_model"":""uniform_circuit"",""p"":0.001,""r"":3,""rounds"":""3"",""stim_path"":""C:\\Users\\User\\Documents\\projects-git\\relay_mother_folder\\relay\\tests\\testdata\\bicycle_bivariate\\circuit=bicycle_bivariate_18_4_3_memory_X,distance=3,rounds=3,error_rate=0.001,noise_model=uniform_circuit,basis=CX,A=x+1+y,B=x+1+xy^2.stim""}",
         8,         0,         0,    2.23,msl-bp-cdamp-0p5,60ed0a6454f75fcc4110dcc67cfc7b494fa12ae46881ff871c282f98ceddb20d,"{""A"":""x+1+y"",""B"":""x+1+xy^2"",""basis"":""CX"",""circuit"":""bicycle_bivariate_18_4_3_memory_X"",""d"":3,""distance"":""3"",""error_rate"":""0.001"",""noise_model"":""uniform_circuit"",""p"":0.001,""r"":3,""rounds"":""3"",""stim_path"":""C:\\Users\\User\\Documents\\projects-git\\relay_mother_folder\\relay\\tests\\testdata\\bicycle_bivariate\\circuit=bicycle_bivariate_18_4_3_memory_X,distance=3,rounds=3,error_rate=0.001,noise_model=uniform_circuit,basis=CX,A=x+1+y,B=x+1+xy^2.stim""}",
         8,         0,         0,    2.23,mem-bp-cdamp-0p8,899402286ed484b27cfa99bdff637396ac7709784ac0c8ccfcfed7ee79542de3,"{""A"":""x+1+y"",""B"":""x+1+xy^2"",""basis"":""CX"",""circuit"":""bicycle_bivariate_18_4_3_memory_X"",""d"":3,""distance"":""3"",""error_rate"":""0.001"",""noise_model"":""uniform_circuit"",""p"":0.001,""r"":3,""rounds"":""3"",""stim_path"":""C:\\Users\\User\\Documents\\projects-git\\relay_mother_folder\\relay\\tests\\testdata\\bicycle_bivariate\\circuit=bicycle_bivariate_18_4_3_memory_X,distance=3,rounds=3,error_rate=0.001,noise_model=uniform_circuit,basis=CX,A=x+1+y,B=x+1+xy^2.stim""}",
        10,         0,         0,    2.61,msl-bp-cdamp-0p2,3a1f516d5a607d16a990acfe7beb3feb9c6b6d9127ff6cf3239d14306c8fbcb4,"{""A"":""x+1+y"",""B"":""x+1+xy^2"",""basis"":""CX"",""circuit"":""bicycle_bivariate_18_4_3_memory_X"",""d"":3,""distance"":""3"",""error_rate"":""0.001"",""noise_model"":""uniform_circuit"",""p"":0.001,""r"":3,""rounds"":""3"",""stim_path"":""C:\\Users\\User\\Documents\\projects-git\\relay_mother_folder\\relay\\tests\\testdata\\bicycle_bivariate\\circuit=bicycle_bivariate_18_4_3_memory_X,distance=3,rounds=3,error_rate=0.001,noise_model=uniform_circuit,basis=CX,A=x+1+y,B=x+1+xy^2.stim""}",
         8,         0,         0,    2.20,mem-bp-cdamp-0p2,426797af2e2a88dd9b2b6409d7dee2ce83baf9f9e50a97c8bf4ff8c1293e448f,"{""A"":""x+1+y"",""B"":""x+1+xy^2"",""basis"":""CX"",""circuit"":""bicycle_bivariate_18_4_3_memory_X"",""d"":3,""distance"":""3"",""error_rate"":""0.001"",""noise_model"":""uniform_circuit"",""p"":0.001,""r"":3,""rounds"":""3"",""stim_path"":""C:\\Users\\User\\Documents\\projects-git\\relay_mother_folder\\relay\\tests\\testdata\\bicycle_bivariate\\circuit=bicycle_bivariate_18_4_3_memory_X,distance=3,rounds=3,error_rate=0.001,noise_model=uniform_circuit,basis=CX,A=x+1+y,B=x+1+xy^2.stim""}",
         8,         0,         0,    2.19,mem-bp-cdamp-0p5,006cd8c28742ec24ef0db7d2700424bbe04c9e901d86e040647fcb76a9c9c49b,"{""A"":""x+1+y"",""B"":""x+1+xy^2"",""basis"":""CX"",""circuit"":""bicycle_bivariate_18_4_3_memory_X"",""d"":3,""distance"":""3"",""error_rate"":""0.001"",""noise_model"":""uniform_circuit"",""p"":0.001,""r"":3,""rounds"":""3"",""stim_path"":""C:\\Users\\User\\Documents\\projects-git\\relay_mother_folder\\relay\\tests\\testdata\\bicycle_bivariate\\circuit=bicycle_bivariate_18_4_3_memory_X,distance=3,rounds=3,error_rate=0.001,noise_model=uniform_circuit,basis=CX,A=x+1+y,B=x+1+xy^2.stim""}",
        10,         0,         0,    2.61,msl-bp-cdamp-0p8,95aa1299a09cfccca78c2e5a2f09fcb25221cfc03cb6f19befb6662bcc8760f6,"{""A"":""x+1+y"",""B"":""x+1+xy^2"",""basis"":""CX"",""circuit"":""bicycle_bivariate_18_4_3_memory_X"",""d"":3,""distance"":""3"",""error_rate"":""0.001"",""noise_model"":""uniform_circuit"",""p"":0.001,""r"":3,""rounds"":""3"",""stim_path"":""C:\\Users\\User\\Documents\\projects-git\\relay_mother_folder\\relay\\tests\\testdata\\bicycle_bivariate\\circuit=bicycle_bivariate_18_4_3_memory_X,distance=3,rounds=3,error_rate=0.001,noise_model=uniform_circuit,basis=CX,A=x+1+y,B=x+1+xy^2.stim""}",
