candidate_index,local_index,fresh_negative,fresh_positive,fresh_p_positive,previous_negative,previous_positive,previous_p_positive,shots,repeats,trials,logical_failures,target_logical_errors,stopped_early,logical_failure_rate,converged,convergence_rate,mean_iterations,source_csv,source_shard
638,63,0.0,0.85,0.995,-0.1,0.25,0.75,50000,1,485.0,10.0,10,True,0.0206185567010309,475,0.979381443298969,160.64536082474226,/hpc/group/pfisterlab/mg551/storage/relay/relay/examples/notebook_data/bicycle_bivariate_144_12_12_message_mix_grid_Z_p0035_r60/seed_8/grid_results.csv,8
161,16,-0.1,0.85,0.995,0.0,0.25,0.75,50000,1,457.0,10.0,10,True,0.0218818380743982,447,0.9781181619256016,187.59080962800877,/hpc/group/pfisterlab/mg551/storage/relay/relay/examples/notebook_data/bicycle_bivariate_144_12_12_message_mix_grid_Z_p0035_r60/seed_1/grid_results.csv,1
386,38,-0.02,0.85,0.995,-0.25,0.25,0.75,50000,1,452.0,10.0,10,True,0.0221238938053097,442,0.9778761061946902,199.38053097345133,/hpc/group/pfisterlab/mg551/storage/relay/relay/examples/notebook_data/bicycle_bivariate_144_12_12_message_mix_grid_Z_p0035_r60/seed_6/grid_results.csv,6
602,60,0.0,0.85,0.97,-0.25,0.25,0.75,50000,1,377.0,10.0,10,True,0.026525198938992,366,0.9708222811671088,261.3050397877984,/hpc/group/pfisterlab/mg551/storage/relay/relay/examples/notebook_data/bicycle_bivariate_144_12_12_message_mix_grid_Z_p0035_r60/seed_2/grid_results.csv,2
620,62,0.0,0.85,0.97,0.0,0.25,0.75,50000,1,370.0,10.0,10,True,0.027027027027027,360,0.972972972972973,207.0837837837838,/hpc/group/pfisterlab/mg551/storage/relay/relay/examples/notebook_data/bicycle_bivariate_144_12_12_message_mix_grid_Z_p0035_r60/seed_0/grid_results.csv,0
134,13,-0.1,0.85,0.97,0.0,0.25,0.75,50000,1,357.0,10.0,10,True,0.0280112044817927,346,0.969187675070028,231.83193277310923,/hpc/group/pfisterlab/mg551/storage/relay/relay/examples/notebook_data/bicycle_bivariate_144_12_12_message_mix_grid_Z_p0035_r60/seed_4/grid_results.csv,4
647,64,0.0,0.85,0.995,0.0,0.25,0.75,50000,1,335.0,10.0,10,True,0.0298507462686567,325,0.9701492537313432,189.9074626865672,/hpc/group/pfisterlab/mg551/storage/relay/relay/examples/notebook_data/bicycle_bivariate_144_12_12_message_mix_grid_Z_p0035_r60/seed_7/grid_results.csv,7
404,40,-0.02,0.85,0.995,0.0,0.25,0.75,50000,1,335.0,10.0,10,True,0.0298507462686567,324,0.9671641791044776,198.17014925373132,/hpc/group/pfisterlab/mg551/storage/relay/relay/examples/notebook_data/bicycle_bivariate_144_12_12_message_mix_grid_Z_p0035_r60/seed_4/grid_results.csv,4
728,72,0.0,1.0,0.995,0.0,0.25,0.75,50000,1,335.0,10.0,10,True,0.0298507462686567,325,0.9701492537313432,219.74029850746268,/hpc/group/pfisterlab/mg551/storage/relay/relay/examples/notebook_data/bicycle_bivariate_144_12_12_message_mix_grid_Z_p0035_r60/seed_8/grid_results.csv,8
125,12,-0.1,0.85,0.97,-0.1,0.25,0.75,50000,1,335.0,10.0,10,True,0.0298507462686567,325,0.9701492537313432,226.3910447761194,/hpc/group/pfisterlab/mg551/storage/relay/relay/examples/notebook_data/bicycle_bivariate_144_12_12_message_mix_grid_Z_p0035_r60/seed_5/grid_results.csv,5
395,39,-0.02,0.85,0.995,-0.1,0.25,0.75,50000,1,319.0,10.0,10,True,0.0313479623824451,309,0.9686520376175548,202.31974921630092,/hpc/group/pfisterlab/mg551/storage/relay/relay/examples/notebook_data/bicycle_bivariate_144_12_12_message_mix_grid_Z_p0035_r60/seed_5/grid_results.csv,5
152,15,-0.1,0.85,0.995,-0.1,0.25,0.75,50000,1,319.0,10.0,10,True,0.0313479623824451,309,0.9686520376175548,208.89655172413796,/hpc/group/pfisterlab/mg551/storage/relay/relay/examples/notebook_data/bicycle_bivariate_144_12_12_message_mix_grid_Z_p0035_r60/seed_2/grid_results.csv,2
377,37,-0.02,0.85,0.97,0.0,0.25,0.75,50000,1,319.0,10.0,10,True,0.0313479623824451,309,0.9686520376175548,228.1630094043887,/hpc/group/pfisterlab/mg551/storage/relay/relay/examples/notebook_data/bicycle_bivariate_144_12_12_message_mix_grid_Z_p0035_r60/seed_7/grid_results.csv,7
143,14,-0.1,0.85,0.995,-0.25,0.25,0.75,50000,1,319.0,10.0,10,True,0.0313479623824451,309,0.9686520376175548,228.64890282131665,/hpc/group/pfisterlab/mg551/storage/relay/relay/examples/notebook_data/bicycle_bivariate_144_12_12_message_mix_grid_Z_p0035_r60/seed_3/grid_results.csv,3
611,61,0.0,0.85,0.97,-0.1,0.25,0.75,50000,1,319.0,10.0,10,True,0.0313479623824451,309,0.9686520376175548,235.4451410658307,/hpc/group/pfisterlab/mg551/storage/relay/relay/examples/notebook_data/bicycle_bivariate_144_12_12_message_mix_grid_Z_p0035_r60/seed_1/grid_results.csv,1
368,36,-0.02,0.85,0.97,-0.1,0.25,0.75,50000,1,319.0,10.0,10,True,0.0313479623824451,309,0.9686520376175548,239.5485893416928,/hpc/group/pfisterlab/mg551/storage/relay/relay/examples/notebook_data/bicycle_bivariate_144_12_12_message_mix_grid_Z_p0035_r60/seed_8/grid_results.csv,8
727,72,0.0,1.0,0.995,0.0,0.25,0.5,50000,1,319.0,10.0,10,True,0.0313479623824451,308,0.9655172413793104,243.98746081504703,/hpc/group/pfisterlab/mg551/storage/relay/relay/examples/notebook_data/bicycle_bivariate_144_12_12_message_mix_grid_Z_p0035_r60/seed_7/grid_results.csv,7
629,62,0.0,0.85,0.995,-0.25,0.25,0.75,50000,1,309.0,10.0,10,True,0.0323624595469255,299,0.9676375404530744,200.6472491909385,/hpc/group/pfisterlab/mg551/storage/relay/relay/examples/notebook_data/bicycle_bivariate_144_12_12_message_mix_grid_Z_p0035_r60/seed_9/grid_results.csv,9
160,16,-0.1,0.85,0.995,0.0,0.25,0.5,50000,1,309.0,10.0,10,True,0.0323624595469255,299,0.9676375404530744,205.6990291262136,/hpc/group/pfisterlab/mg551/storage/relay/relay/examples/notebook_data/bicycle_bivariate_144_12_12_message_mix_grid_Z_p0035_r60/seed_0/grid_results.csv,0
242,24,-0.1,1.0,0.995,0.0,0.25,0.75,50000,1,309.0,10.0,10,True,0.0323624595469255,299,0.9676375404530744,206.9967637540453,/hpc/group/pfisterlab/mg551/storage/relay/relay/examples/notebook_data/bicycle_bivariate_144_12_12_message_mix_grid_Z_p0035_r60/seed_2/grid_results.csv,2
403,40,-0.02,0.85,0.995,0.0,0.25,0.5,50000,1,309.0,10.0,10,True,0.0323624595469255,299,0.9676375404530744,217.1812297734628,/hpc/group/pfisterlab/mg551/storage/relay/relay/examples/notebook_data/bicycle_bivariate_144_12_12_message_mix_grid_Z_p0035_r60/seed_3/grid_results.csv,3
241,24,-0.1,1.0,0.995,0.0,0.25,0.5,50000,1,309.0,10.0,10,True,0.0323624595469255,298,0.964401294498382,231.1747572815534,/hpc/group/pfisterlab/mg551/storage/relay/relay/examples/notebook_data/bicycle_bivariate_144_12_12_message_mix_grid_Z_p0035_r60/seed_1/grid_results.csv,1
376,37,-0.02,0.85,0.97,0.0,0.25,0.5,50000,1,309.0,10.0,10,True,0.0323624595469255,299,0.9676375404530744,235.48543689320388,/hpc/group/pfisterlab/mg551/storage/relay/relay/examples/notebook_data/bicycle_bivariate_144_12_12_message_mix_grid_Z_p0035_r60/seed_6/grid_results.csv,6
467,46,-0.02,1.0,0.995,-0.25,0.25,0.75,50000,1,309.0,10.0,10,True,0.0323624595469255,299,0.9676375404530744,258.0744336569579,/hpc/group/pfisterlab/mg551/storage/relay/relay/examples/notebook_data/bicycle_bivariate_144_12_12_message_mix_grid_Z_p0035_r60/seed_7/grid_results.csv,7
151,15,-0.1,0.85,0.995,-0.1,0.25,0.5,50000,1,309.0,10.0,10,True,0.0323624595469255,299,0.9676375404530744,284.06472491909386,/hpc/group/pfisterlab/mg551/storage/relay/relay/examples/notebook_data/bicycle_bivariate_144_12_12_message_mix_grid_Z_p0035_r60/seed_1/grid_results.csv,1
484,48,-0.02,1.0,0.995,0.0,0.25,0.5,50000,1,300.0,10.0,10,True,0.0333333333333333,289,0.9633333333333334,208.78666666666663,/hpc/group/pfisterlab/mg551/storage/relay/relay/examples/notebook_data/bicycle_bivariate_144_12_12_message_mix_grid_Z_p0035_r60/seed_4/grid_results.csv,4
485,48,-0.02,1.0,0.995,0.0,0.25,0.75,50000,1,290.0,10.0,10,True,0.0344827586206896,280,0.9655172413793104,187.3551724137931,/hpc/group/pfisterlab/mg551/storage/relay/relay/examples/notebook_data/bicycle_bivariate_144_12_12_message_mix_grid_Z_p0035_r60/seed_5/grid_results.csv,5
646,64,0.0,0.85,0.995,0.0,0.25,0.5,50000,1,290.0,10.0,10,True,0.0344827586206896,280,0.9655172413793104,199.3448275862069,/hpc/group/pfisterlab/mg551/storage/relay/relay/examples/notebook_data/bicycle_bivariate_144_12_12_message_mix_grid_Z_p0035_r60/seed_6/grid_results.csv,6
701,70,0.0,1.0,0.97,0.0,0.25,0.75,50000,1,290.0,10.0,10,True,0.0344827586206896,280,0.9655172413793104,241.9,/hpc/group/pfisterlab/mg551/storage/relay/relay/examples/notebook_data/bicycle_bivariate_144_12_12_message_mix_grid_Z_p0035_r60/seed_1/grid_results.csv,1
700,70,0.0,1.0,0.97,0.0,0.25,0.5,50000,1,290.0,10.0,10,True,0.0344827586206896,280,0.9655172413793104,248.67586206896556,/hpc/group/pfisterlab/mg551/storage/relay/relay/examples/notebook_data/bicycle_bivariate_144_12_12_message_mix_grid_Z_p0035_r60/seed_0/grid_results.csv,0
619,61,0.0,0.85,0.97,0.0,0.25,0.5,50000,1,290.0,10.0,10,True,0.0344827586206896,280,0.9655172413793104,264.57586206896553,/hpc/group/pfisterlab/mg551/storage/relay/relay/examples/notebook_data/bicycle_bivariate_144_12_12_message_mix_grid_Z_p0035_r60/seed_9/grid_results.csv,9
449,44,-0.02,1.0,0.97,-0.1,0.25,0.75,50000,1,290.0,10.0,10,True,0.0344827586206896,280,0.9655172413793104,272.05172413793105,/hpc/group/pfisterlab/mg551/storage/relay/relay/examples/notebook_data/bicycle_bivariate_144_12_12_message_mix_grid_Z_p0035_r60/seed_9/grid_results.csv,9
206,20,-0.1,1.0,0.97,-0.1,0.25,0.75,50000,1,290.0,10.0,10,True,0.0344827586206896,280,0.9655172413793104,280.4103448275862,/hpc/group/pfisterlab/mg551/storage/relay/relay/examples/notebook_data/bicycle_bivariate_144_12_12_message_mix_grid_Z_p0035_r60/seed_6/grid_results.csv,6
610,61,0.0,0.85,0.97,-0.1,0.25,0.5,50000,1,290.0,10.0,10,True,0.0344827586206896,279,0.9620689655172414,299.3172413793104,/hpc/group/pfisterlab/mg551/storage/relay/relay/examples/notebook_data/bicycle_bivariate_144_12_12_message_mix_grid_Z_p0035_r60/seed_0/grid_results.csv,0
233,23,-0.1,1.0,0.995,-0.1,0.25,0.75,50000,1,281.0,10.0,10,True,0.0355871886120996,271,0.9644128113879004,219.73665480427047,/hpc/group/pfisterlab/mg551/storage/relay/relay/examples/notebook_data/bicycle_bivariate_144_12_12_message_mix_grid_Z_p0035_r60/seed_3/grid_results.csv,3
719,71,0.0,1.0,0.995,-0.1,0.25,0.75,50000,1,281.0,10.0,10,True,0.0355871886120996,271,0.9644128113879004,224.067615658363,/hpc/group/pfisterlab/mg551/storage/relay/relay/examples/notebook_data/bicycle_bivariate_144_12_12_message_mix_grid_Z_p0035_r60/seed_9/grid_results.csv,9
476,47,-0.02,1.0,0.995,-0.1,0.25,0.75,50000,1,281.0,10.0,10,True,0.0355871886120996,271,0.9644128113879004,225.4697508896797,/hpc/group/pfisterlab/mg551/storage/relay/relay/examples/notebook_data/bicycle_bivariate_144_12_12_message_mix_grid_Z_p0035_r60/seed_6/grid_results.csv,6
359,35,-0.02,0.85,0.97,-0.25,0.25,0.75,50000,1,281.0,10.0,10,True,0.0355871886120996,271,0.9644128113879004,260.8683274021352,/hpc/group/pfisterlab/mg551/storage/relay/relay/examples/notebook_data/bicycle_bivariate_144_12_12_message_mix_grid_Z_p0035_r60/seed_9/grid_results.csv,9
458,45,-0.02,1.0,0.97,0.0,0.25,0.75,50000,1,281.0,10.0,10,True,0.0355871886120996,271,0.9644128113879004,267.7259786476868,/hpc/group/pfisterlab/mg551/storage/relay/relay/examples/notebook_data/bicycle_bivariate_144_12_12_message_mix_grid_Z_p0035_r60/seed_8/grid_results.csv,8
394,39,-0.02,0.85,0.995,-0.1,0.25,0.5,50000,1,278.0,10.0,10,True,0.0359712230215827,268,0.9640287769784172,232.9748201438849,/hpc/group/pfisterlab/mg551/storage/relay/relay/examples/notebook_data/bicycle_bivariate_144_12_12_message_mix_grid_Z_p0035_r60/seed_4/grid_results.csv,4
710,71,0.0,1.0,0.995,-0.25,0.25,0.75,50000,1,278.0,10.0,10,True,0.0359712230215827,268,0.9640287769784172,244.74100719424465,/hpc/group/pfisterlab/mg551/storage/relay/relay/examples/notebook_data/bicycle_bivariate_144_12_12_message_mix_grid_Z_p0035_r60/seed_0/grid_results.csv,0
116,11,-0.1,0.85,0.97,-0.25,0.25,0.75,50000,1,278.0,10.0,10,True,0.0359712230215827,268,0.9640287769784172,337.6007194244604,/hpc/group/pfisterlab/mg551/storage/relay/relay/examples/notebook_data/bicycle_bivariate_144_12_12_message_mix_grid_Z_p0035_r60/seed_6/grid_results.csv,6
699,69,0.0,1.0,0.97,0.0,0.25,0.25,50000,1,220.0,10.0,10,True,0.0454545454545454,210,0.9545454545454546,306.7,/hpc/group/pfisterlab/mg551/storage/relay/relay/examples/notebook_data/bicycle_bivariate_144_12_12_message_mix_grid_Z_p0035_r60/seed_9/grid_results.csv,9
455,45,-0.02,1.0,0.97,0.0,0.1,0.75,50000,1,220.0,10.0,10,True,0.0454545454545454,209,0.95,326.17727272727274,/hpc/group/pfisterlab/mg551/storage/relay/relay/examples/notebook_data/bicycle_bivariate_144_12_12_message_mix_grid_Z_p0035_r60/seed_5/grid_results.csv,5
645,64,0.0,0.85,0.995,0.0,0.25,0.25,50000,1,202.0,10.0,10,True,0.0495049504950495,191,0.9455445544554456,292.51485148514854,/hpc/group/pfisterlab/mg551/storage/relay/relay/examples/notebook_data/bicycle_bivariate_144_12_12_message_mix_grid_Z_p0035_r60/seed_5/grid_results.csv,5
232,23,-0.1,1.0,0.995,-0.1,0.25,0.5,50000,1,202.0,10.0,10,True,0.0495049504950495,191,0.9455445544554456,303.5,/hpc/group/pfisterlab/mg551/storage/relay/relay/examples/notebook_data/bicycle_bivariate_144_12_12_message_mix_grid_Z_p0035_r60/seed_2/grid_results.csv,2
457,45,-0.02,1.0,0.97,0.0,0.25,0.5,50000,1,202.0,10.0,10,True,0.0495049504950495,192,0.9504950495049505,317.05940594059405,/hpc/group/pfisterlab/mg551/storage/relay/relay/examples/notebook_data/bicycle_bivariate_144_12_12_message_mix_grid_Z_p0035_r60/seed_7/grid_results.csv,7
71,7,-0.1,0.7,0.995,-0.1,0.25,0.75,50000,1,202.0,10.0,10,True,0.0495049504950495,191,0.9455445544554456,322.5495049504951,/hpc/group/pfisterlab/mg551/storage/relay/relay/examples/notebook_data/bicycle_bivariate_144_12_12_message_mix_grid_Z_p0035_r60/seed_1/grid_results.csv,1
637,63,0.0,0.85,0.995,-0.1,0.25,0.5,50000,1,202.0,10.0,10,True,0.0495049504950495,192,0.9504950495049505,323.480198019802,/hpc/group/pfisterlab/mg551/storage/relay/relay/examples/notebook_data/bicycle_bivariate_144_12_12_message_mix_grid_Z_p0035_r60/seed_7/grid_results.csv,7
159,15,-0.1,0.85,0.995,0.0,0.25,0.25,50000,1,202.0,10.0,10,True,0.0495049504950495,192,0.9504950495049505,328.9306930693069,/hpc/group/pfisterlab/mg551/storage/relay/relay/examples/notebook_data/bicycle_bivariate_144_12_12_message_mix_grid_Z_p0035_r60/seed_9/grid_results.csv,9
314,31,-0.02,0.7,0.995,-0.1,0.25,0.75,50000,1,202.0,10.0,10,True,0.0495049504950495,192,0.9504950495049505,341.7277227722772,/hpc/group/pfisterlab/mg551/storage/relay/relay/examples/notebook_data/bicycle_bivariate_144_12_12_message_mix_grid_Z_p0035_r60/seed_4/grid_results.csv,4
698,69,0.0,1.0,0.97,0.0,0.1,0.75,50000,1,202.0,10.0,10,True,0.0495049504950495,190,0.9405940594059404,365.5495049504951,/hpc/group/pfisterlab/mg551/storage/relay/relay/examples/notebook_data/bicycle_bivariate_144_12_12_message_mix_grid_Z_p0035_r60/seed_8/grid_results.csv,8
133,13,-0.1,0.85,0.97,0.0,0.25,0.5,50000,1,202.0,10.0,10,True,0.0495049504950495,192,0.9504950495049505,376.8217821782178,/hpc/group/pfisterlab/mg551/storage/relay/relay/examples/notebook_data/bicycle_bivariate_144_12_12_message_mix_grid_Z_p0035_r60/seed_3/grid_results.csv,3
375,37,-0.02,0.85,0.97,0.0,0.25,0.25,50000,1,202.0,10.0,10,True,0.0495049504950495,192,0.9504950495049505,385.8019801980198,/hpc/group/pfisterlab/mg551/storage/relay/relay/examples/notebook_data/bicycle_bivariate_144_12_12_message_mix_grid_Z_p0035_r60/seed_5/grid_results.csv,5
132,13,-0.1,0.85,0.97,0.0,0.25,0.25,50000,1,202.0,10.0,10,True,0.0495049504950495,191,0.9455445544554456,466.1534653465346,/hpc/group/pfisterlab/mg551/storage/relay/relay/examples/notebook_data/bicycle_bivariate_144_12_12_message_mix_grid_Z_p0035_r60/seed_2/grid_results.csv,2
716,71,0.0,1.0,0.995,-0.1,0.1,0.75,50000,1,190.0,10.0,10,True,0.0526315789473684,178,0.936842105263158,330.66315789473686,/hpc/group/pfisterlab/mg551/storage/relay/relay/examples/notebook_data/bicycle_bivariate_144_12_12_message_mix_grid_Z_p0035_r60/seed_6/grid_results.csv,6
296,29,-0.02,0.7,0.97,0.0,0.25,0.75,50000,1,190.0,10.0,10,True,0.0526315789473684,180,0.9473684210526316,377.16315789473686,/hpc/group/pfisterlab/mg551/storage/relay/relay/examples/notebook_data/bicycle_bivariate_144_12_12_message_mix_grid_Z_p0035_r60/seed_6/grid_results.csv,6
539,53,0.0,0.7,0.97,0.0,0.25,0.75,50000,1,190.0,10.0,10,True,0.0526315789473684,180,0.9473684210526316,379.5052631578947,/hpc/group/pfisterlab/mg551/storage/relay/relay/examples/notebook_data/bicycle_bivariate_144_12_12_message_mix_grid_Z_p0035_r60/seed_9/grid_results.csv,9
692,69,0.0,1.0,0.97,-0.1,0.25,0.75,50000,1,190.0,10.0,10,True,0.0526315789473684,179,0.9421052631578948,380.8263157894737,/hpc/group/pfisterlab/mg551/storage/relay/relay/examples/notebook_data/bicycle_bivariate_144_12_12_message_mix_grid_Z_p0035_r60/seed_2/grid_results.csv,2
62,6,-0.1,0.7,0.995,-0.25,0.25,0.75,50000,1,190.0,10.0,10,True,0.0526315789473684,179,0.9421052631578948,419.2263157894737,/hpc/group/pfisterlab/mg551/storage/relay/relay/examples/notebook_data/bicycle_bivariate_144_12_12_message_mix_grid_Z_p0035_r60/seed_2/grid_results.csv,2
224,22,-0.1,1.0,0.995,-0.25,0.25,0.75,50000,1,185.0,10.0,10,True,0.054054054054054,175,0.945945945945946,302.46486486486486,/hpc/group/pfisterlab/mg551/storage/relay/relay/examples/notebook_data/bicycle_bivariate_144_12_12_message_mix_grid_Z_p0035_r60/seed_4/grid_results.csv,4
215,21,-0.1,1.0,0.97,0.0,0.25,0.75,50000,1,185.0,10.0,10,True,0.054054054054054,174,0.9405405405405406,363.05945945945945,/hpc/group/pfisterlab/mg551/storage/relay/relay/examples/notebook_data/bicycle_bivariate_144_12_12_message_mix_grid_Z_p0035_r60/seed_5/grid_results.csv,5
628,62,0.0,0.85,0.995,-0.25,0.25,0.5,50000,1,185.0,10.0,10,True,0.054054054054054,175,0.945945945945946,388.8216216216216,/hpc/group/pfisterlab/mg551/storage/relay/relay/examples/notebook_data/bicycle_bivariate_144_12_12_message_mix_grid_Z_p0035_r60/seed_8/grid_results.csv,8
448,44,-0.02,1.0,0.97,-0.1,0.25,0.5,50000,1,185.0,10.0,10,True,0.054054054054054,175,0.945945945945946,392.7783783783784,/hpc/group/pfisterlab/mg551/storage/relay/relay/examples/notebook_data/bicycle_bivariate_144_12_12_message_mix_grid_Z_p0035_r60/seed_8/grid_results.csv,8
726,72,0.0,1.0,0.995,0.0,0.25,0.25,50000,1,169.0,10.0,10,True,0.059171597633136,159,0.940828402366864,353.9940828402367,/hpc/group/pfisterlab/mg551/storage/relay/relay/examples/notebook_data/bicycle_bivariate_144_12_12_message_mix_grid_Z_p0035_r60/seed_6/grid_results.csv,6
402,40,-0.02,0.85,0.995,0.0,0.25,0.25,50000,1,169.0,10.0,10,True,0.059171597633136,159,0.940828402366864,359.396449704142,/hpc/group/pfisterlab/mg551/storage/relay/relay/examples/notebook_data/bicycle_bivariate_144_12_12_message_mix_grid_Z_p0035_r60/seed_2/grid_results.csv,2
240,24,-0.1,1.0,0.995,0.0,0.25,0.25,50000,1,169.0,10.0,10,True,0.059171597633136,159,0.940828402366864,361.792899408284,/hpc/group/pfisterlab/mg551/storage/relay/relay/examples/notebook_data/bicycle_bivariate_144_12_12_message_mix_grid_Z_p0035_r60/seed_0/grid_results.csv,0
80,8,-0.1,0.7,0.995,0.0,0.25,0.75,50000,1,169.0,10.0,10,True,0.059171597633136,157,0.9289940828402368,370.3550295857988,/hpc/group/pfisterlab/mg551/storage/relay/relay/examples/notebook_data/bicycle_bivariate_144_12_12_message_mix_grid_Z_p0035_r60/seed_0/grid_results.csv,0
689,68,0.0,1.0,0.97,-0.1,0.1,0.75,50000,1,169.0,10.0,10,True,0.059171597633136,159,0.940828402366864,376.38461538461536,/hpc/group/pfisterlab/mg551/storage/relay/relay/examples/notebook_data/bicycle_bivariate_144_12_12_message_mix_grid_Z_p0035_r60/seed_9/grid_results.csv,9
697,69,0.0,1.0,0.97,0.0,0.1,0.5,50000,1,169.0,10.0,10,True,0.059171597633136,158,0.9349112426035504,380.97633136094674,/hpc/group/pfisterlab/mg551/storage/relay/relay/examples/notebook_data/bicycle_bivariate_144_12_12_message_mix_grid_Z_p0035_r60/seed_7/grid_results.csv,7
374,37,-0.02,0.85,0.97,0.0,0.1,0.75,50000,1,169.0,10.0,10,True,0.059171597633136,159,0.940828402366864,382.7396449704142,/hpc/group/pfisterlab/mg551/storage/relay/relay/examples/notebook_data/bicycle_bivariate_144_12_12_message_mix_grid_Z_p0035_r60/seed_4/grid_results.csv,4
446,44,-0.02,1.0,0.97,-0.1,0.1,0.75,50000,1,169.0,10.0,10,True,0.059171597633136,158,0.9349112426035504,388.6390532544379,/hpc/group/pfisterlab/mg551/storage/relay/relay/examples/notebook_data/bicycle_bivariate_144_12_12_message_mix_grid_Z_p0035_r60/seed_6/grid_results.csv,6
440,44,-0.02,1.0,0.97,-0.25,0.25,0.75,50000,1,169.0,10.0,10,True,0.059171597633136,158,0.9349112426035504,399.0769230769231,/hpc/group/pfisterlab/mg551/storage/relay/relay/examples/notebook_data/bicycle_bivariate_144_12_12_message_mix_grid_Z_p0035_r60/seed_0/grid_results.csv,0
696,69,0.0,1.0,0.97,0.0,0.1,0.25,50000,1,169.0,10.0,10,True,0.059171597633136,159,0.940828402366864,418.4733727810651,/hpc/group/pfisterlab/mg551/storage/relay/relay/examples/notebook_data/bicycle_bivariate_144_12_12_message_mix_grid_Z_p0035_r60/seed_6/grid_results.csv,6
530,53,0.0,0.7,0.97,-0.1,0.25,0.75,50000,1,169.0,10.0,10,True,0.059171597633136,158,0.9349112426035504,427.9704142011834,/hpc/group/pfisterlab/mg551/storage/relay/relay/examples/notebook_data/bicycle_bivariate_144_12_12_message_mix_grid_Z_p0035_r60/seed_0/grid_results.csv,0
691,69,0.0,1.0,0.97,-0.1,0.25,0.5,50000,1,169.0,10.0,10,True,0.059171597633136,158,0.9349112426035504,428.14201183431953,/hpc/group/pfisterlab/mg551/storage/relay/relay/examples/notebook_data/bicycle_bivariate_144_12_12_message_mix_grid_Z_p0035_r60/seed_1/grid_results.csv,1
305,30,-0.02,0.7,0.995,-0.25,0.25,0.75,50000,1,169.0,10.0,10,True,0.059171597633136,158,0.9349112426035504,440.5680473372781,/hpc/group/pfisterlab/mg551/storage/relay/relay/examples/notebook_data/bicycle_bivariate_144_12_12_message_mix_grid_Z_p0035_r60/seed_5/grid_results.csv,5
197,19,-0.1,1.0,0.97,-0.25,0.25,0.75,50000,1,169.0,10.0,10,True,0.059171597633136,158,0.9349112426035504,478.4674556213018,/hpc/group/pfisterlab/mg551/storage/relay/relay/examples/notebook_data/bicycle_bivariate_144_12_12_message_mix_grid_Z_p0035_r60/seed_7/grid_results.csv,7
44,4,-0.1,0.7,0.97,-0.1,0.25,0.75,50000,1,169.0,10.0,10,True,0.059171597633136,157,0.9289940828402368,512.6272189349113,/hpc/group/pfisterlab/mg551/storage/relay/relay/examples/notebook_data/bicycle_bivariate_144_12_12_message_mix_grid_Z_p0035_r60/seed_4/grid_results.csv,4
725,72,0.0,1.0,0.995,0.0,0.1,0.75,50000,1,157.0,10.0,10,True,0.0636942675159235,147,0.9363057324840764,327.1210191082803,/hpc/group/pfisterlab/mg551/storage/relay/relay/examples/notebook_data/bicycle_bivariate_144_12_12_message_mix_grid_Z_p0035_r60/seed_5/grid_results.csv,5
718,71,0.0,1.0,0.995,-0.1,0.25,0.5,50000,1,157.0,10.0,10,True,0.0636942675159235,147,0.9363057324840764,351.61146496815286,/hpc/group/pfisterlab/mg551/storage/relay/relay/examples/notebook_data/bicycle_bivariate_144_12_12_message_mix_grid_Z_p0035_r60/seed_8/grid_results.csv,8
482,48,-0.02,1.0,0.995,0.0,0.1,0.75,50000,1,157.0,10.0,10,True,0.0636942675159235,146,0.929936305732484,363.0,/hpc/group/pfisterlab/mg551/storage/relay/relay/examples/notebook_data/bicycle_bivariate_144_12_12_message_mix_grid_Z_p0035_r60/seed_2/grid_results.csv,2
238,23,-0.1,1.0,0.995,0.0,0.1,0.5,50000,1,157.0,10.0,10,True,0.0636942675159235,146,0.929936305732484,365.3503184713376,/hpc/group/pfisterlab/mg551/storage/relay/relay/examples/notebook_data/bicycle_bivariate_144_12_12_message_mix_grid_Z_p0035_r60/seed_8/grid_results.csv,8
557,55,0.0,0.7,0.995,-0.1,0.25,0.75,50000,1,157.0,10.0,10,True,0.0636942675159235,146,0.929936305732484,372.8089171974522,/hpc/group/pfisterlab/mg551/storage/relay/relay/examples/notebook_data/bicycle_bivariate_144_12_12_message_mix_grid_Z_p0035_r60/seed_7/grid_results.csv,7
367,36,-0.02,0.85,0.97,-0.1,0.25,0.5,50000,1,157.0,10.0,10,True,0.0636942675159235,147,0.9363057324840764,372.92356687898086,/hpc/group/pfisterlab/mg551/storage/relay/relay/examples/notebook_data/bicycle_bivariate_144_12_12_message_mix_grid_Z_p0035_r60/seed_7/grid_results.csv,7
214,21,-0.1,1.0,0.97,0.0,0.25,0.5,50000,1,157.0,10.0,10,True,0.0636942675159235,147,0.9363057324840764,374.108280254777,/hpc/group/pfisterlab/mg551/storage/relay/relay/examples/notebook_data/bicycle_bivariate_144_12_12_message_mix_grid_Z_p0035_r60/seed_4/grid_results.csv,4
683,68,0.0,1.0,0.97,-0.25,0.25,0.75,50000,1,157.0,10.0,10,True,0.0636942675159235,147,0.9363057324840764,381.8407643312102,/hpc/group/pfisterlab/mg551/storage/relay/relay/examples/notebook_data/bicycle_bivariate_144_12_12_message_mix_grid_Z_p0035_r60/seed_3/grid_results.csv,3
473,47,-0.02,1.0,0.995,-0.1,0.1,0.75,50000,1,157.0,10.0,10,True,0.0636942675159235,147,0.9363057324840764,385.9426751592357,/hpc/group/pfisterlab/mg551/storage/relay/relay/examples/notebook_data/bicycle_bivariate_144_12_12_message_mix_grid_Z_p0035_r60/seed_3/grid_results.csv,3
548,54,0.0,0.7,0.995,-0.25,0.25,0.75,50000,1,157.0,10.0,10,True,0.0636942675159235,147,0.9363057324840764,387.1656050955414,/hpc/group/pfisterlab/mg551/storage/relay/relay/examples/notebook_data/bicycle_bivariate_144_12_12_message_mix_grid_Z_p0035_r60/seed_8/grid_results.csv,8
212,21,-0.1,1.0,0.97,0.0,0.1,0.75,50000,1,157.0,10.0,10,True,0.0636942675159235,146,0.929936305732484,413.6433121019109,/hpc/group/pfisterlab/mg551/storage/relay/relay/examples/notebook_data/bicycle_bivariate_144_12_12_message_mix_grid_Z_p0035_r60/seed_2/grid_results.csv,2
618,61,0.0,0.85,0.97,0.0,0.25,0.25,50000,1,157.0,10.0,10,True,0.0636942675159235,147,0.9363057324840764,420.0127388535032,/hpc/group/pfisterlab/mg551/storage/relay/relay/examples/notebook_data/bicycle_bivariate_144_12_12_message_mix_grid_Z_p0035_r60/seed_8/grid_results.csv,8
211,21,-0.1,1.0,0.97,0.0,0.1,0.5,50000,1,157.0,10.0,10,True,0.0636942675159235,146,0.929936305732484,435.0254777070064,/hpc/group/pfisterlab/mg551/storage/relay/relay/examples/notebook_data/bicycle_bivariate_144_12_12_message_mix_grid_Z_p0035_r60/seed_1/grid_results.csv,1
122,12,-0.1,0.85,0.97,-0.1,0.1,0.75,50000,1,157.0,10.0,10,True,0.0636942675159235,146,0.929936305732484,463.2229299363057,/hpc/group/pfisterlab/mg551/storage/relay/relay/examples/notebook_data/bicycle_bivariate_144_12_12_message_mix_grid_Z_p0035_r60/seed_2/grid_results.csv,2
239,23,-0.1,1.0,0.995,0.0,0.1,0.75,50000,1,152.0,10.0,10,True,0.0657894736842105,142,0.9342105263157896,342.88157894736844,/hpc/group/pfisterlab/mg551/storage/relay/relay/examples/notebook_data/bicycle_bivariate_144_12_12_message_mix_grid_Z_p0035_r60/seed_9/grid_results.csv,9
158,15,-0.1,0.85,0.995,0.0,0.1,0.75,50000,1,152.0,10.0,10,True,0.0657894736842105,141,0.9276315789473684,353.4671052631579,/hpc/group/pfisterlab/mg551/storage/relay/relay/examples/notebook_data/bicycle_bivariate_144_12_12_message_mix_grid_Z_p0035_r60/seed_8/grid_results.csv,8
483,48,-0.02,1.0,0.995,0.0,0.25,0.25,50000,1,152.0,10.0,10,True,0.0657894736842105,142,0.9342105263157896,354.88157894736844,/hpc/group/pfisterlab/mg551/storage/relay/relay/examples/notebook_data/bicycle_bivariate_144_12_12_message_mix_grid_Z_p0035_r60/seed_3/grid_results.csv,3
644,64,0.0,0.85,0.995,0.0,0.1,0.75,50000,1,152.0,10.0,10,True,0.0657894736842105,140,0.9210526315789472,394.7631578947368,/hpc/group/pfisterlab/mg551/storage/relay/relay/examples/notebook_data/bicycle_bivariate_144_12_12_message_mix_grid_Z_p0035_r60/seed_4/grid_results.csv,4
475,47,-0.02,1.0,0.995,-0.1,0.25,0.5,50000,1,152.0,10.0,10,True,0.0657894736842105,141,0.9276315789473684,400.4144736842105,/hpc/group/pfisterlab/mg551/storage/relay/relay/examples/notebook_data/bicycle_bivariate_144_12_12_message_mix_grid_Z_p0035_r60/seed_5/grid_results.csv,5
131,13,-0.1,0.85,0.97,0.0,0.1,0.75,50000,1,152.0,10.0,10,True,0.0657894736842105,142,0.9342105263157896,419.7368421052632,/hpc/group/pfisterlab/mg551/storage/relay/relay/examples/notebook_data/bicycle_bivariate_144_12_12_message_mix_grid_Z_p0035_r60/seed_1/grid_results.csv,1
149,14,-0.1,0.85,0.995,-0.1,0.1,0.75,50000,1,152.0,10.0,10,True,0.0657894736842105,142,0.9342105263157896,419.7763157894737,/hpc/group/pfisterlab/mg551/storage/relay/relay/examples/notebook_data/bicycle_bivariate_144_12_12_message_mix_grid_Z_p0035_r60/seed_9/grid_results.csv,9
565,56,0.0,0.7,0.995,0.0,0.25,0.5,50000,1,152.0,10.0,10,True,0.0657894736842105,142,0.9342105263157896,427.23026315789474,/hpc/group/pfisterlab/mg551/storage/relay/relay/examples/notebook_data/bicycle_bivariate_144_12_12_message_mix_grid_Z_p0035_r60/seed_5/grid_results.csv,5
203,20,-0.1,1.0,0.97,-0.1,0.1,0.75,50000,1,152.0,10.0,10,True,0.0657894736842105,142,0.9342105263157896,431.6578947368421,/hpc/group/pfisterlab/mg551/storage/relay/relay/examples/notebook_data/bicycle_bivariate_144_12_12_message_mix_grid_Z_p0035_r60/seed_3/grid_results.csv,3
454,45,-0.02,1.0,0.97,0.0,0.1,0.5,50000,1,152.0,10.0,10,True,0.0657894736842105,141,0.9276315789473684,440.4934210526316,/hpc/group/pfisterlab/mg551/storage/relay/relay/examples/notebook_data/bicycle_bivariate_144_12_12_message_mix_grid_Z_p0035_r60/seed_4/grid_results.csv,4
287,28,-0.02,0.7,0.97,-0.1,0.25,0.75,50000,1,152.0,10.0,10,True,0.0657894736842105,141,0.9276315789473684,448.7105263157895,/hpc/group/pfisterlab/mg551/storage/relay/relay/examples/notebook_data/bicycle_bivariate_144_12_12_message_mix_grid_Z_p0035_r60/seed_7/grid_results.csv,7
124,12,-0.1,0.85,0.97,-0.1,0.25,0.5,50000,1,152.0,10.0,10,True,0.0657894736842105,141,0.9276315789473684,456.17105263157896,/hpc/group/pfisterlab/mg551/storage/relay/relay/examples/notebook_data/bicycle_bivariate_144_12_12_message_mix_grid_Z_p0035_r60/seed_4/grid_results.csv,4
635,63,0.0,0.85,0.995,-0.1,0.1,0.75,50000,1,152.0,10.0,10,True,0.0657894736842105,140,0.9210526315789472,459.1513157894737,/hpc/group/pfisterlab/mg551/storage/relay/relay/examples/notebook_data/bicycle_bivariate_144_12_12_message_mix_grid_Z_p0035_r60/seed_5/grid_results.csv,5
142,14,-0.1,0.85,0.995,-0.25,0.25,0.5,50000,1,152.0,10.0,10,True,0.0657894736842105,142,0.9342105263157896,505.30263157894734,/hpc/group/pfisterlab/mg551/storage/relay/relay/examples/notebook_data/bicycle_bivariate_144_12_12_message_mix_grid_Z_p0035_r60/seed_2/grid_results.csv,2
356,35,-0.02,0.85,0.97,-0.25,0.1,0.75,50000,1,152.0,10.0,10,True,0.0657894736842105,141,0.9276315789473684,578.5921052631579,/hpc/group/pfisterlab/mg551/storage/relay/relay/examples/notebook_data/bicycle_bivariate_144_12_12_message_mix_grid_Z_p0035_r60/seed_6/grid_results.csv,6
724,72,0.0,1.0,0.995,0.0,0.1,0.5,50000,1,150.0,10.0,10,True,0.0666666666666666,140,0.9333333333333332,341.8933333333333,/hpc/group/pfisterlab/mg551/storage/relay/relay/examples/notebook_data/bicycle_bivariate_144_12_12_message_mix_grid_Z_p0035_r60/seed_4/grid_results.csv,4
481,48,-0.02,1.0,0.995,0.0,0.1,0.5,50000,1,150.0,10.0,10,True,0.0666666666666666,139,0.9266666666666666,350.9866666666667,/hpc/group/pfisterlab/mg551/storage/relay/relay/examples/notebook_data/bicycle_bivariate_144_12_12_message_mix_grid_Z_p0035_r60/seed_1/grid_results.csv,1
230,23,-0.1,1.0,0.995,-0.1,0.1,0.75,50000,1,150.0,10.0,10,True,0.0666666666666666,140,0.9333333333333332,366.34,/hpc/group/pfisterlab/mg551/storage/relay/relay/examples/notebook_data/bicycle_bivariate_144_12_12_message_mix_grid_Z_p0035_r60/seed_0/grid_results.csv,0
480,48,-0.02,1.0,0.995,0.0,0.1,0.25,50000,1,150.0,10.0,10,True,0.0666666666666666,140,0.9333333333333332,391.4666666666666,/hpc/group/pfisterlab/mg551/storage/relay/relay/examples/notebook_data/bicycle_bivariate_144_12_12_message_mix_grid_Z_p0035_r60/seed_0/grid_results.csv,0
479,47,-0.02,1.0,0.995,0.0,0.0,0.75,50000,1,150.0,10.0,10,True,0.0666666666666666,139,0.9266666666666666,478.62,/hpc/group/pfisterlab/mg551/storage/relay/relay/examples/notebook_data/bicycle_bivariate_144_12_12_message_mix_grid_Z_p0035_r60/seed_9/grid_results.csv,9
626,62,0.0,0.85,0.995,-0.25,0.1,0.75,50000,1,150.0,10.0,10,True,0.0666666666666666,138,0.92,485.3933333333333,/hpc/group/pfisterlab/mg551/storage/relay/relay/examples/notebook_data/bicycle_bivariate_144_12_12_message_mix_grid_Z_p0035_r60/seed_6/grid_results.csv,6
566,56,0.0,0.7,0.995,0.0,0.25,0.75,50000,1,149.0,10.0,10,True,0.0671140939597315,139,0.9328859060402684,329.3959731543624,/hpc/group/pfisterlab/mg551/storage/relay/relay/examples/notebook_data/bicycle_bivariate_144_12_12_message_mix_grid_Z_p0035_r60/seed_6/grid_results.csv,6
723,72,0.0,1.0,0.995,0.0,0.1,0.25,50000,1,149.0,10.0,10,True,0.0671140939597315,139,0.9328859060402684,350.06040268456377,/hpc/group/pfisterlab/mg551/storage/relay/relay/examples/notebook_data/bicycle_bivariate_144_12_12_message_mix_grid_Z_p0035_r60/seed_3/grid_results.csv,3
401,40,-0.02,0.85,0.995,0.0,0.1,0.75,50000,1,149.0,10.0,10,True,0.0671140939597315,139,0.9328859060402684,353.4630872483221,/hpc/group/pfisterlab/mg551/storage/relay/relay/examples/notebook_data/bicycle_bivariate_144_12_12_message_mix_grid_Z_p0035_r60/seed_1/grid_results.csv,1
323,32,-0.02,0.7,0.995,0.0,0.25,0.75,50000,1,149.0,10.0,10,True,0.0671140939597315,139,0.9328859060402684,369.3087248322148,/hpc/group/pfisterlab/mg551/storage/relay/relay/examples/notebook_data/bicycle_bivariate_144_12_12_message_mix_grid_Z_p0035_r60/seed_3/grid_results.csv,3
456,45,-0.02,1.0,0.97,0.0,0.25,0.25,50000,1,149.0,10.0,10,True,0.0671140939597315,139,0.9328859060402684,386.76510067114094,/hpc/group/pfisterlab/mg551/storage/relay/relay/examples/notebook_data/bicycle_bivariate_144_12_12_message_mix_grid_Z_p0035_r60/seed_6/grid_results.csv,6
237,23,-0.1,1.0,0.995,0.0,0.1,0.25,50000,1,149.0,10.0,10,True,0.0671140939597315,139,0.9328859060402684,391.9664429530201,/hpc/group/pfisterlab/mg551/storage/relay/relay/examples/notebook_data/bicycle_bivariate_144_12_12_message_mix_grid_Z_p0035_r60/seed_7/grid_results.csv,7
400,40,-0.02,0.85,0.995,0.0,0.1,0.5,50000,1,149.0,10.0,10,True,0.0671140939597315,138,0.9261744966442952,393.248322147651,/hpc/group/pfisterlab/mg551/storage/relay/relay/examples/notebook_data/bicycle_bivariate_144_12_12_message_mix_grid_Z_p0035_r60/seed_0/grid_results.csv,0
365,36,-0.02,0.85,0.97,-0.1,0.1,0.75,50000,1,149.0,10.0,10,True,0.0671140939597315,139,0.9328859060402684,401.5570469798658,/hpc/group/pfisterlab/mg551/storage/relay/relay/examples/notebook_data/bicycle_bivariate_144_12_12_message_mix_grid_Z_p0035_r60/seed_5/grid_results.csv,5
707,70,0.0,1.0,0.995,-0.25,0.1,0.75,50000,1,149.0,10.0,10,True,0.0671140939597315,139,0.9328859060402684,415.77852348993287,/hpc/group/pfisterlab/mg551/storage/relay/relay/examples/notebook_data/bicycle_bivariate_144_12_12_message_mix_grid_Z_p0035_r60/seed_7/grid_results.csv,7
53,5,-0.1,0.7,0.97,0.0,0.25,0.75,50000,1,149.0,10.0,10,True,0.0671140939597315,139,0.9328859060402684,416.4295302013423,/hpc/group/pfisterlab/mg551/storage/relay/relay/examples/notebook_data/bicycle_bivariate_144_12_12_message_mix_grid_Z_p0035_r60/seed_3/grid_results.csv,3
617,61,0.0,0.85,0.97,0.0,0.1,0.75,50000,1,149.0,10.0,10,True,0.0671140939597315,139,0.9328859060402684,417.241610738255,/hpc/group/pfisterlab/mg551/storage/relay/relay/examples/notebook_data/bicycle_bivariate_144_12_12_message_mix_grid_Z_p0035_r60/seed_7/grid_results.csv,7
229,22,-0.1,1.0,0.995,-0.1,0.1,0.5,50000,1,149.0,10.0,10,True,0.0671140939597315,139,0.9328859060402684,428.18791946308727,/hpc/group/pfisterlab/mg551/storage/relay/relay/examples/notebook_data/bicycle_bivariate_144_12_12_message_mix_grid_Z_p0035_r60/seed_9/grid_results.csv,9
322,32,-0.02,0.7,0.995,0.0,0.25,0.5,50000,1,149.0,10.0,10,True,0.0671140939597315,138,0.9261744966442952,429.87919463087246,/hpc/group/pfisterlab/mg551/storage/relay/relay/examples/notebook_data/bicycle_bivariate_144_12_12_message_mix_grid_Z_p0035_r60/seed_2/grid_results.csv,2
616,61,0.0,0.85,0.97,0.0,0.1,0.5,50000,1,149.0,10.0,10,True,0.0671140939597315,139,0.9328859060402684,461.5234899328859,/hpc/group/pfisterlab/mg551/storage/relay/relay/examples/notebook_data/bicycle_bivariate_144_12_12_message_mix_grid_Z_p0035_r60/seed_6/grid_results.csv,6
385,38,-0.02,0.85,0.995,-0.25,0.25,0.5,50000,1,149.0,10.0,10,True,0.0671140939597315,139,0.9328859060402684,470.8590604026846,/hpc/group/pfisterlab/mg551/storage/relay/relay/examples/notebook_data/bicycle_bivariate_144_12_12_message_mix_grid_Z_p0035_r60/seed_5/grid_results.csv,5
213,21,-0.1,1.0,0.97,0.0,0.25,0.25,50000,1,149.0,10.0,10,True,0.0671140939597315,139,0.9328859060402684,477.38926174496646,/hpc/group/pfisterlab/mg551/storage/relay/relay/examples/notebook_data/bicycle_bivariate_144_12_12_message_mix_grid_Z_p0035_r60/seed_3/grid_results.csv,3
140,14,-0.1,0.85,0.995,-0.25,0.1,0.75,50000,1,149.0,10.0,10,True,0.0671140939597315,138,0.9261744966442952,483.241610738255,/hpc/group/pfisterlab/mg551/storage/relay/relay/examples/notebook_data/bicycle_bivariate_144_12_12_message_mix_grid_Z_p0035_r60/seed_0/grid_results.csv,0
452,45,-0.02,1.0,0.97,0.0,0.0,0.75,50000,1,149.0,10.0,10,True,0.0671140939597315,137,0.9194630872483222,509.5838926174497,/hpc/group/pfisterlab/mg551/storage/relay/relay/examples/notebook_data/bicycle_bivariate_144_12_12_message_mix_grid_Z_p0035_r60/seed_2/grid_results.csv,2
295,29,-0.02,0.7,0.97,0.0,0.25,0.5,50000,1,149.0,10.0,10,True,0.0671140939597315,138,0.9261744966442952,534.771812080537,/hpc/group/pfisterlab/mg551/storage/relay/relay/examples/notebook_data/bicycle_bivariate_144_12_12_message_mix_grid_Z_p0035_r60/seed_5/grid_results.csv,5
278,27,-0.02,0.7,0.97,-0.25,0.25,0.75,50000,1,149.0,10.0,10,True,0.0671140939597315,138,0.9261744966442952,558.4563758389262,/hpc/group/pfisterlab/mg551/storage/relay/relay/examples/notebook_data/bicycle_bivariate_144_12_12_message_mix_grid_Z_p0035_r60/seed_8/grid_results.csv,8
157,15,-0.1,0.85,0.995,0.0,0.1,0.5,50000,1,140.0,10.0,10,True,0.0714285714285714,128,0.9142857142857144,419.8357142857143,/hpc/group/pfisterlab/mg551/storage/relay/relay/examples/notebook_data/bicycle_bivariate_144_12_12_message_mix_grid_Z_p0035_r60/seed_7/grid_results.csv,7
643,64,0.0,0.85,0.995,0.0,0.1,0.5,50000,1,140.0,10.0,10,True,0.0714285714285714,129,0.9214285714285714,422.5785714285714,/hpc/group/pfisterlab/mg551/storage/relay/relay/examples/notebook_data/bicycle_bivariate_144_12_12_message_mix_grid_Z_p0035_r60/seed_3/grid_results.csv,3
472,47,-0.02,1.0,0.995,-0.1,0.1,0.5,50000,1,140.0,10.0,10,True,0.0714285714285714,129,0.9214285714285714,427.45,/hpc/group/pfisterlab/mg551/storage/relay/relay/examples/notebook_data/bicycle_bivariate_144_12_12_message_mix_grid_Z_p0035_r60/seed_2/grid_results.csv,2
608,60,0.0,0.85,0.97,-0.1,0.1,0.75,50000,1,140.0,10.0,10,True,0.0714285714285714,129,0.9214285714285714,449.65,/hpc/group/pfisterlab/mg551/storage/relay/relay/examples/notebook_data/bicycle_bivariate_144_12_12_message_mix_grid_Z_p0035_r60/seed_8/grid_results.csv,8
474,47,-0.02,1.0,0.995,-0.1,0.25,0.25,50000,1,140.0,10.0,10,True,0.0714285714285714,129,0.9214285714285714,470.7642857142857,/hpc/group/pfisterlab/mg551/storage/relay/relay/examples/notebook_data/bicycle_bivariate_144_12_12_message_mix_grid_Z_p0035_r60/seed_4/grid_results.csv,4
130,13,-0.1,0.85,0.97,0.0,0.1,0.5,50000,1,140.0,10.0,10,True,0.0714285714285714,129,0.9214285714285714,487.82142857142856,/hpc/group/pfisterlab/mg551/storage/relay/relay/examples/notebook_data/bicycle_bivariate_144_12_12_message_mix_grid_Z_p0035_r60/seed_0/grid_results.csv,0
453,45,-0.02,1.0,0.97,0.0,0.1,0.25,50000,1,140.0,10.0,10,True,0.0714285714285714,129,0.9214285714285714,501.6,/hpc/group/pfisterlab/mg551/storage/relay/relay/examples/notebook_data/bicycle_bivariate_144_12_12_message_mix_grid_Z_p0035_r60/seed_3/grid_results.csv,3
688,68,0.0,1.0,0.97,-0.1,0.1,0.5,50000,1,140.0,10.0,10,True,0.0714285714285714,129,0.9214285714285714,525.5857142857143,/hpc/group/pfisterlab/mg551/storage/relay/relay/examples/notebook_data/bicycle_bivariate_144_12_12_message_mix_grid_Z_p0035_r60/seed_8/grid_results.csv,8
538,53,0.0,0.7,0.97,0.0,0.25,0.5,50000,1,140.0,10.0,10,True,0.0714285714285714,130,0.9285714285714286,557.1357142857142,/hpc/group/pfisterlab/mg551/storage/relay/relay/examples/notebook_data/bicycle_bivariate_144_12_12_message_mix_grid_Z_p0035_r60/seed_8/grid_results.csv,8
556,55,0.0,0.7,0.995,-0.1,0.25,0.5,50000,1,140.0,10.0,10,True,0.0714285714285714,130,0.9285714285714286,572.0714285714286,/hpc/group/pfisterlab/mg551/storage/relay/relay/examples/notebook_data/bicycle_bivariate_144_12_12_message_mix_grid_Z_p0035_r60/seed_6/grid_results.csv,6
584,58,0.0,0.85,0.9,-0.1,0.25,0.75,50000,1,140.0,10.0,10,True,0.0714285714285714,129,0.9214285714285714,697.3571428571429,/hpc/group/pfisterlab/mg551/storage/relay/relay/examples/notebook_data/bicycle_bivariate_144_12_12_message_mix_grid_Z_p0035_r60/seed_4/grid_results.csv,4
642,64,0.0,0.85,0.995,0.0,0.1,0.25,50000,1,127.0,10.0,10,True,0.0787401574803149,116,0.9133858267716536,486.5118110236221,/hpc/group/pfisterlab/mg551/storage/relay/relay/examples/notebook_data/bicycle_bivariate_144_12_12_message_mix_grid_Z_p0035_r60/seed_2/grid_results.csv,2
150,15,-0.1,0.85,0.995,-0.1,0.25,0.25,50000,1,127.0,10.0,10,True,0.0787401574803149,117,0.9212598425196852,487.81889763779526,/hpc/group/pfisterlab/mg551/storage/relay/relay/examples/notebook_data/bicycle_bivariate_144_12_12_message_mix_grid_Z_p0035_r60/seed_0/grid_results.csv,0
392,39,-0.02,0.85,0.995,-0.1,0.1,0.75,50000,1,124.0,10.0,10,True,0.0806451612903225,113,0.9112903225806452,434.4032258064516,/hpc/group/pfisterlab/mg551/storage/relay/relay/examples/notebook_data/bicycle_bivariate_144_12_12_message_mix_grid_Z_p0035_r60/seed_2/grid_results.csv,2
373,37,-0.02,0.85,0.97,0.0,0.1,0.5,50000,1,124.0,10.0,10,True,0.0806451612903225,114,0.9193548387096774,440.6774193548387,/hpc/group/pfisterlab/mg551/storage/relay/relay/examples/notebook_data/bicycle_bivariate_144_12_12_message_mix_grid_Z_p0035_r60/seed_3/grid_results.csv,3
221,22,-0.1,1.0,0.995,-0.25,0.1,0.75,50000,1,124.0,10.0,10,True,0.0806451612903225,114,0.9193548387096774,452.8225806451613,/hpc/group/pfisterlab/mg551/storage/relay/relay/examples/notebook_data/bicycle_bivariate_144_12_12_message_mix_grid_Z_p0035_r60/seed_1/grid_results.csv,1
210,21,-0.1,1.0,0.97,0.0,0.1,0.25,50000,1,124.0,10.0,10,True,0.0806451612903225,114,0.9193548387096774,476.75,/hpc/group/pfisterlab/mg551/storage/relay/relay/examples/notebook_data/bicycle_bivariate_144_12_12_message_mix_grid_Z_p0035_r60/seed_0/grid_results.csv,0
234,23,-0.1,1.0,0.995,0.0,0.0,0.25,50000,1,124.0,10.0,10,True,0.0806451612903225,113,0.9112903225806452,480.3467741935484,/hpc/group/pfisterlab/mg551/storage/relay/relay/examples/notebook_data/bicycle_bivariate_144_12_12_message_mix_grid_Z_p0035_r60/seed_4/grid_results.csv,4
205,20,-0.1,1.0,0.97,-0.1,0.25,0.5,50000,1,124.0,10.0,10,True,0.0806451612903225,114,0.9193548387096774,491.31451612903226,/hpc/group/pfisterlab/mg551/storage/relay/relay/examples/notebook_data/bicycle_bivariate_144_12_12_message_mix_grid_Z_p0035_r60/seed_5/grid_results.csv,5
694,69,0.0,1.0,0.97,0.0,0.0,0.5,50000,1,124.0,10.0,10,True,0.0806451612903225,113,0.9112903225806452,497.25,/hpc/group/pfisterlab/mg551/storage/relay/relay/examples/notebook_data/bicycle_bivariate_144_12_12_message_mix_grid_Z_p0035_r60/seed_4/grid_results.csv,4
79,7,-0.1,0.7,0.995,0.0,0.25,0.5,50000,1,124.0,10.0,10,True,0.0806451612903225,114,0.9193548387096774,498.2741935483871,/hpc/group/pfisterlab/mg551/storage/relay/relay/examples/notebook_data/bicycle_bivariate_144_12_12_message_mix_grid_Z_p0035_r60/seed_9/grid_results.csv,9
399,39,-0.02,0.85,0.995,0.0,0.1,0.25,50000,1,124.0,10.0,10,True,0.0806451612903225,112,0.9032258064516128,502.78225806451616,/hpc/group/pfisterlab/mg551/storage/relay/relay/examples/notebook_data/bicycle_bivariate_144_12_12_message_mix_grid_Z_p0035_r60/seed_9/grid_results.csv,9
478,47,-0.02,1.0,0.995,0.0,0.0,0.5,50000,1,124.0,10.0,10,True,0.0806451612903225,114,0.9193548387096774,502.81451612903226,/hpc/group/pfisterlab/mg551/storage/relay/relay/examples/notebook_data/bicycle_bivariate_144_12_12_message_mix_grid_Z_p0035_r60/seed_8/grid_results.csv,8
693,69,0.0,1.0,0.97,0.0,0.0,0.25,50000,1,124.0,10.0,10,True,0.0806451612903225,114,0.9193548387096774,511.1532258064516,/hpc/group/pfisterlab/mg551/storage/relay/relay/examples/notebook_data/bicycle_bivariate_144_12_12_message_mix_grid_Z_p0035_r60/seed_3/grid_results.csv,3
236,23,-0.1,1.0,0.995,0.0,0.0,0.75,50000,1,124.0,10.0,10,True,0.0806451612903225,112,0.9032258064516128,512.258064516129,/hpc/group/pfisterlab/mg551/storage/relay/relay/examples/notebook_data/bicycle_bivariate_144_12_12_message_mix_grid_Z_p0035_r60/seed_6/grid_results.csv,6
680,68,0.0,1.0,0.97,-0.25,0.1,0.75,50000,1,124.0,10.0,10,True,0.0806451612903225,114,0.9193548387096774,519.6290322580645,/hpc/group/pfisterlab/mg551/storage/relay/relay/examples/notebook_data/bicycle_bivariate_144_12_12_message_mix_grid_Z_p0035_r60/seed_0/grid_results.csv,0
615,61,0.0,0.85,0.97,0.0,0.1,0.25,50000,1,124.0,10.0,10,True,0.0806451612903225,114,0.9193548387096774,521.7741935483871,/hpc/group/pfisterlab/mg551/storage/relay/relay/examples/notebook_data/bicycle_bivariate_144_12_12_message_mix_grid_Z_p0035_r60/seed_5/grid_results.csv,5
156,15,-0.1,0.85,0.995,0.0,0.1,0.25,50000,1,124.0,10.0,10,True,0.0806451612903225,113,0.9112903225806452,537.2741935483871,/hpc/group/pfisterlab/mg551/storage/relay/relay/examples/notebook_data/bicycle_bivariate_144_12_12_message_mix_grid_Z_p0035_r60/seed_6/grid_results.csv,6
129,12,-0.1,0.85,0.97,0.0,0.1,0.25,50000,1,124.0,10.0,10,True,0.0806451612903225,114,0.9193548387096774,554.5645161290323,/hpc/group/pfisterlab/mg551/storage/relay/relay/examples/notebook_data/bicycle_bivariate_144_12_12_message_mix_grid_Z_p0035_r60/seed_9/grid_results.csv,9
450,45,-0.02,1.0,0.97,0.0,0.0,0.25,50000,1,124.0,10.0,10,True,0.0806451612903225,113,0.9112903225806452,564.766129032258,/hpc/group/pfisterlab/mg551/storage/relay/relay/examples/notebook_data/bicycle_bivariate_144_12_12_message_mix_grid_Z_p0035_r60/seed_0/grid_results.csv,0
599,59,0.0,0.85,0.97,-0.25,0.1,0.75,50000,1,124.0,10.0,10,True,0.0806451612903225,114,0.9193548387096774,567.3387096774194,/hpc/group/pfisterlab/mg551/storage/relay/relay/examples/notebook_data/bicycle_bivariate_144_12_12_message_mix_grid_Z_p0035_r60/seed_9/grid_results.csv,9
709,70,0.0,1.0,0.995,-0.25,0.25,0.5,50000,1,124.0,10.0,10,True,0.0806451612903225,113,0.9112903225806452,573.5403225806451,/hpc/group/pfisterlab/mg551/storage/relay/relay/examples/notebook_data/bicycle_bivariate_144_12_12_message_mix_grid_Z_p0035_r60/seed_9/grid_results.csv,9
521,52,0.0,0.7,0.97,-0.25,0.25,0.75,50000,1,124.0,10.0,10,True,0.0806451612903225,114,0.9193548387096774,578.75,/hpc/group/pfisterlab/mg551/storage/relay/relay/examples/notebook_data/bicycle_bivariate_144_12_12_message_mix_grid_Z_p0035_r60/seed_1/grid_results.csv,1
209,20,-0.1,1.0,0.97,0.0,0.0,0.75,50000,1,124.0,10.0,10,True,0.0806451612903225,114,0.9193548387096774,595.7903225806451,/hpc/group/pfisterlab/mg551/storage/relay/relay/examples/notebook_data/bicycle_bivariate_144_12_12_message_mix_grid_Z_p0035_r60/seed_9/grid_results.csv,9
634,63,0.0,0.85,0.995,-0.1,0.1,0.5,50000,1,119.0,10.0,10,True,0.0840336134453781,107,0.8991596638655462,551.4957983193277,/hpc/group/pfisterlab/mg551/storage/relay/relay/examples/notebook_data/bicycle_bivariate_144_12_12_message_mix_grid_Z_p0035_r60/seed_4/grid_results.csv,4
592,59,0.0,0.85,0.9,0.0,0.25,0.5,50000,1,115.0,10.0,10,True,0.0869565217391304,105,0.9130434782608696,726.695652173913,/hpc/group/pfisterlab/mg551/storage/relay/relay/examples/notebook_data/bicycle_bivariate_144_12_12_message_mix_grid_Z_p0035_r60/seed_2/grid_results.csv,2
113,11,-0.1,0.85,0.97,-0.25,0.1,0.75,50000,1,97.0,10.0,10,True,0.1030927835051546,87,0.8969072164948454,665.8556701030927,/hpc/group/pfisterlab/mg551/storage/relay/relay/examples/notebook_data/bicycle_bivariate_144_12_12_message_mix_grid_Z_p0035_r60/seed_3/grid_results.csv,3
70,7,-0.1,0.7,0.995,-0.1,0.25,0.5,50000,1,97.0,10.0,10,True,0.1030927835051546,87,0.8969072164948454,672.6185567010309,/hpc/group/pfisterlab/mg551/storage/relay/relay/examples/notebook_data/bicycle_bivariate_144_12_12_message_mix_grid_Z_p0035_r60/seed_0/grid_results.csv,0
121,12,-0.1,0.85,0.97,-0.1,0.1,0.5,50000,1,90.0,10.0,10,True,0.1111111111111111,78,0.8666666666666667,789.2777777777778,/hpc/group/pfisterlab/mg551/storage/relay/relay/examples/notebook_data/bicycle_bivariate_144_12_12_message_mix_grid_Z_p0035_r60/seed_1/grid_results.csv,1
115,11,-0.1,0.85,0.97,-0.25,0.25,0.5,50000,1,86.0,10.0,10,True,0.1162790697674418,76,0.8837209302325582,875.953488372093,/hpc/group/pfisterlab/mg551/storage/relay/relay/examples/notebook_data/bicycle_bivariate_144_12_12_message_mix_grid_Z_p0035_r60/seed_5/grid_results.csv,5
364,36,-0.02,0.85,0.97,-0.1,0.1,0.5,50000,1,83.0,10.0,10,True,0.1204819277108433,73,0.8795180722891566,786.0120481927711,/hpc/group/pfisterlab/mg551/storage/relay/relay/examples/notebook_data/bicycle_bivariate_144_12_12_message_mix_grid_Z_p0035_r60/seed_4/grid_results.csv,4
445,44,-0.02,1.0,0.97,-0.1,0.1,0.5,50000,1,82.0,10.0,10,True,0.1219512195121951,72,0.8780487804878049,736.0853658536586,/hpc/group/pfisterlab/mg551/storage/relay/relay/examples/notebook_data/bicycle_bivariate_144_12_12_message_mix_grid_Z_p0035_r60/seed_5/grid_results.csv,5
358,35,-0.02,0.85,0.97,-0.25,0.25,0.5,50000,1,82.0,10.0,10,True,0.1219512195121951,72,0.8780487804878049,741.5365853658536,/hpc/group/pfisterlab/mg551/storage/relay/relay/examples/notebook_data/bicycle_bivariate_144_12_12_message_mix_grid_Z_p0035_r60/seed_8/grid_results.csv,8
350,35,-0.02,0.85,0.9,0.0,0.25,0.75,50000,1,82.0,10.0,10,True,0.1219512195121951,72,0.8780487804878049,906.170731707317,/hpc/group/pfisterlab/mg551/storage/relay/relay/examples/notebook_data/bicycle_bivariate_144_12_12_message_mix_grid_Z_p0035_r60/seed_0/grid_results.csv,0
464,46,-0.02,1.0,0.995,-0.25,0.1,0.75,50000,1,81.0,10.0,10,True,0.1234567901234567,71,0.8765432098765432,599.8024691358024,/hpc/group/pfisterlab/mg551/storage/relay/relay/examples/notebook_data/bicycle_bivariate_144_12_12_message_mix_grid_Z_p0035_r60/seed_4/grid_results.csv,4
477,47,-0.02,1.0,0.995,0.0,0.0,0.25,50000,1,81.0,10.0,10,True,0.1234567901234567,71,0.8765432098765432,607.1728395061729,/hpc/group/pfisterlab/mg551/storage/relay/relay/examples/notebook_data/bicycle_bivariate_144_12_12_message_mix_grid_Z_p0035_r60/seed_7/grid_results.csv,7
721,72,0.0,1.0,0.995,0.0,0.0,0.5,50000,1,81.0,10.0,10,True,0.1234567901234567,70,0.8641975308641975,609.6543209876543,/hpc/group/pfisterlab/mg551/storage/relay/relay/examples/notebook_data/bicycle_bivariate_144_12_12_message_mix_grid_Z_p0035_r60/seed_1/grid_results.csv,1
722,72,0.0,1.0,0.995,0.0,0.0,0.75,50000,1,81.0,10.0,10,True,0.1234567901234567,71,0.8765432098765432,620.074074074074,/hpc/group/pfisterlab/mg551/storage/relay/relay/examples/notebook_data/bicycle_bivariate_144_12_12_message_mix_grid_Z_p0035_r60/seed_2/grid_results.csv,2
231,23,-0.1,1.0,0.995,-0.1,0.25,0.25,50000,1,81.0,10.0,10,True,0.1234567901234567,71,0.8765432098765432,627.5802469135803,/hpc/group/pfisterlab/mg551/storage/relay/relay/examples/notebook_data/bicycle_bivariate_144_12_12_message_mix_grid_Z_p0035_r60/seed_1/grid_results.csv,1
235,23,-0.1,1.0,0.995,0.0,0.0,0.5,50000,1,81.0,10.0,10,True,0.1234567901234567,71,0.8765432098765432,652.0493827160494,/hpc/group/pfisterlab/mg551/storage/relay/relay/examples/notebook_data/bicycle_bivariate_144_12_12_message_mix_grid_Z_p0035_r60/seed_5/grid_results.csv,5
695,69,0.0,1.0,0.97,0.0,0.0,0.75,50000,1,81.0,10.0,10,True,0.1234567901234567,70,0.8641975308641975,667.2716049382716,/hpc/group/pfisterlab/mg551/storage/relay/relay/examples/notebook_data/bicycle_bivariate_144_12_12_message_mix_grid_Z_p0035_r60/seed_5/grid_results.csv,5
447,44,-0.02,1.0,0.97,-0.1,0.25,0.25,50000,1,81.0,10.0,10,True,0.1234567901234567,71,0.8765432098765432,695.1851851851852,/hpc/group/pfisterlab/mg551/storage/relay/relay/examples/notebook_data/bicycle_bivariate_144_12_12_message_mix_grid_Z_p0035_r60/seed_7/grid_results.csv,7
437,43,-0.02,1.0,0.97,-0.25,0.1,0.75,50000,1,81.0,10.0,10,True,0.1234567901234567,71,0.8765432098765432,728.1851851851852,/hpc/group/pfisterlab/mg551/storage/relay/relay/examples/notebook_data/bicycle_bivariate_144_12_12_message_mix_grid_Z_p0035_r60/seed_7/grid_results.csv,7
194,19,-0.1,1.0,0.97,-0.25,0.1,0.75,50000,1,81.0,10.0,10,True,0.1234567901234567,71,0.8765432098765432,733.8271604938271,/hpc/group/pfisterlab/mg551/storage/relay/relay/examples/notebook_data/bicycle_bivariate_144_12_12_message_mix_grid_Z_p0035_r60/seed_4/grid_results.csv,4
208,20,-0.1,1.0,0.97,0.0,0.0,0.5,50000,1,81.0,10.0,10,True,0.1234567901234567,71,0.8765432098765432,736.6296296296297,/hpc/group/pfisterlab/mg551/storage/relay/relay/examples/notebook_data/bicycle_bivariate_144_12_12_message_mix_grid_Z_p0035_r60/seed_8/grid_results.csv,8
443,44,-0.02,1.0,0.97,-0.1,0.0,0.75,50000,1,81.0,10.0,10,True,0.1234567901234567,70,0.8641975308641975,750.1111111111111,/hpc/group/pfisterlab/mg551/storage/relay/relay/examples/notebook_data/bicycle_bivariate_144_12_12_message_mix_grid_Z_p0035_r60/seed_3/grid_results.csv,3
690,69,0.0,1.0,0.97,-0.1,0.25,0.25,50000,1,81.0,10.0,10,True,0.1234567901234567,71,0.8765432098765432,751.0987654320987,/hpc/group/pfisterlab/mg551/storage/relay/relay/examples/notebook_data/bicycle_bivariate_144_12_12_message_mix_grid_Z_p0035_r60/seed_0/grid_results.csv,0
366,36,-0.02,0.85,0.97,-0.1,0.25,0.25,50000,1,81.0,10.0,10,True,0.1234567901234567,70,0.8641975308641975,763.2469135802469,/hpc/group/pfisterlab/mg551/storage/relay/relay/examples/notebook_data/bicycle_bivariate_144_12_12_message_mix_grid_Z_p0035_r60/seed_6/grid_results.csv,6
601,60,0.0,0.85,0.97,-0.25,0.25,0.5,50000,1,81.0,10.0,10,True,0.1234567901234567,70,0.8641975308641975,765.2716049382716,/hpc/group/pfisterlab/mg551/storage/relay/relay/examples/notebook_data/bicycle_bivariate_144_12_12_message_mix_grid_Z_p0035_r60/seed_1/grid_results.csv,1
593,59,0.0,0.85,0.9,0.0,0.25,0.75,50000,1,81.0,10.0,10,True,0.1234567901234567,71,0.8765432098765432,826.4444444444445,/hpc/group/pfisterlab/mg551/storage/relay/relay/examples/notebook_data/bicycle_bivariate_144_12_12_message_mix_grid_Z_p0035_r60/seed_3/grid_results.csv,3
673,67,0.0,1.0,0.9,0.0,0.25,0.5,50000,1,81.0,10.0,10,True,0.1234567901234567,70,0.8641975308641975,854.1604938271605,/hpc/group/pfisterlab/mg551/storage/relay/relay/examples/notebook_data/bicycle_bivariate_144_12_12_message_mix_grid_Z_p0035_r60/seed_3/grid_results.csv,3
383,38,-0.02,0.85,0.995,-0.25,0.1,0.75,50000,1,77.0,10.0,10,True,0.1298701298701298,67,0.8701298701298701,570.8051948051948,/hpc/group/pfisterlab/mg551/storage/relay/relay/examples/notebook_data/bicycle_bivariate_144_12_12_message_mix_grid_Z_p0035_r60/seed_3/grid_results.csv,3
393,39,-0.02,0.85,0.995,-0.1,0.25,0.25,50000,1,77.0,10.0,10,True,0.1298701298701298,67,0.8701298701298701,631.987012987013,/hpc/group/pfisterlab/mg551/storage/relay/relay/examples/notebook_data/bicycle_bivariate_144_12_12_message_mix_grid_Z_p0035_r60/seed_3/grid_results.csv,3
607,60,0.0,0.85,0.97,-0.1,0.1,0.5,50000,1,77.0,10.0,10,True,0.1298701298701298,67,0.8701298701298701,635.9090909090909,/hpc/group/pfisterlab/mg551/storage/relay/relay/examples/notebook_data/bicycle_bivariate_144_12_12_message_mix_grid_Z_p0035_r60/seed_7/grid_results.csv,7
636,63,0.0,0.85,0.995,-0.1,0.25,0.25,50000,1,77.0,10.0,10,True,0.1298701298701298,67,0.8701298701298701,650.3116883116883,/hpc/group/pfisterlab/mg551/storage/relay/relay/examples/notebook_data/bicycle_bivariate_144_12_12_message_mix_grid_Z_p0035_r60/seed_6/grid_results.csv,6
717,71,0.0,1.0,0.995,-0.1,0.25,0.25,50000,1,77.0,10.0,10,True,0.1298701298701298,67,0.8701298701298701,659.4025974025974,/hpc/group/pfisterlab/mg551/storage/relay/relay/examples/notebook_data/bicycle_bivariate_144_12_12_message_mix_grid_Z_p0035_r60/seed_7/grid_results.csv,7
148,14,-0.1,0.85,0.995,-0.1,0.1,0.5,50000,1,77.0,10.0,10,True,0.1298701298701298,67,0.8701298701298701,664.9090909090909,/hpc/group/pfisterlab/mg551/storage/relay/relay/examples/notebook_data/bicycle_bivariate_144_12_12_message_mix_grid_Z_p0035_r60/seed_8/grid_results.csv,8
372,37,-0.02,0.85,0.97,0.0,0.1,0.25,50000,1,77.0,10.0,10,True,0.1298701298701298,67,0.8701298701298701,669.7012987012987,/hpc/group/pfisterlab/mg551/storage/relay/relay/examples/notebook_data/bicycle_bivariate_144_12_12_message_mix_grid_Z_p0035_r60/seed_2/grid_results.csv,2
720,72,0.0,1.0,0.995,0.0,0.0,0.25,50000,1,77.0,10.0,10,True,0.1298701298701298,66,0.8571428571428571,698.1948051948052,/hpc/group/pfisterlab/mg551/storage/relay/relay/examples/notebook_data/bicycle_bivariate_144_12_12_message_mix_grid_Z_p0035_r60/seed_0/grid_results.csv,0
466,46,-0.02,1.0,0.995,-0.25,0.25,0.5,50000,1,77.0,10.0,10,True,0.1298701298701298,66,0.8571428571428571,731.5194805194806,/hpc/group/pfisterlab/mg551/storage/relay/relay/examples/notebook_data/bicycle_bivariate_144_12_12_message_mix_grid_Z_p0035_r60/seed_6/grid_results.csv,6
451,45,-0.02,1.0,0.97,0.0,0.0,0.5,50000,1,77.0,10.0,10,True,0.1298701298701298,66,0.8571428571428571,741.1558441558442,/hpc/group/pfisterlab/mg551/storage/relay/relay/examples/notebook_data/bicycle_bivariate_144_12_12_message_mix_grid_Z_p0035_r60/seed_1/grid_results.csv,1
223,22,-0.1,1.0,0.995,-0.25,0.25,0.5,50000,1,77.0,10.0,10,True,0.1298701298701298,66,0.8571428571428571,756.6233766233767,/hpc/group/pfisterlab/mg551/storage/relay/relay/examples/notebook_data/bicycle_bivariate_144_12_12_message_mix_grid_Z_p0035_r60/seed_3/grid_results.csv,3
52,5,-0.1,0.7,0.97,0.0,0.25,0.5,50000,1,77.0,10.0,10,True,0.1298701298701298,67,0.8701298701298701,757.4545454545455,/hpc/group/pfisterlab/mg551/storage/relay/relay/examples/notebook_data/bicycle_bivariate_144_12_12_message_mix_grid_Z_p0035_r60/seed_2/grid_results.csv,2
227,22,-0.1,1.0,0.995,-0.1,0.0,0.75,50000,1,77.0,10.0,10,True,0.1298701298701298,67,0.8701298701298701,759.5974025974026,/hpc/group/pfisterlab/mg551/storage/relay/relay/examples/notebook_data/bicycle_bivariate_144_12_12_message_mix_grid_Z_p0035_r60/seed_7/grid_results.csv,7
370,37,-0.02,0.85,0.97,0.0,0.0,0.5,50000,1,77.0,10.0,10,True,0.1298701298701298,65,0.8441558441558441,783.1818181818181,/hpc/group/pfisterlab/mg551/storage/relay/relay/examples/notebook_data/bicycle_bivariate_144_12_12_message_mix_grid_Z_p0035_r60/seed_0/grid_results.csv,0
204,20,-0.1,1.0,0.97,-0.1,0.25,0.25,50000,1,77.0,10.0,10,True,0.1298701298701298,67,0.8701298701298701,809.2597402597403,/hpc/group/pfisterlab/mg551/storage/relay/relay/examples/notebook_data/bicycle_bivariate_144_12_12_message_mix_grid_Z_p0035_r60/seed_4/grid_results.csv,4
609,60,0.0,0.85,0.97,-0.1,0.25,0.25,50000,1,77.0,10.0,10,True,0.1298701298701298,67,0.8701298701298701,824.9090909090909,/hpc/group/pfisterlab/mg551/storage/relay/relay/examples/notebook_data/bicycle_bivariate_144_12_12_message_mix_grid_Z_p0035_r60/seed_9/grid_results.csv,9
371,37,-0.02,0.85,0.97,0.0,0.0,0.75,50000,1,77.0,10.0,10,True,0.1298701298701298,66,0.8571428571428571,869.8701298701299,/hpc/group/pfisterlab/mg551/storage/relay/relay/examples/notebook_data/bicycle_bivariate_144_12_12_message_mix_grid_Z_p0035_r60/seed_1/grid_results.csv,1
286,28,-0.02,0.7,0.97,-0.1,0.25,0.5,50000,1,77.0,10.0,10,True,0.1298701298701298,66,0.8571428571428571,992.7272727272727,/hpc/group/pfisterlab/mg551/storage/relay/relay/examples/notebook_data/bicycle_bivariate_144_12_12_message_mix_grid_Z_p0035_r60/seed_6/grid_results.csv,6
671,67,0.0,1.0,0.9,0.0,0.1,0.75,50000,1,74.0,10.0,10,True,0.1351351351351351,64,0.8648648648648649,876.5135135135135,/hpc/group/pfisterlab/mg551/storage/relay/relay/examples/notebook_data/bicycle_bivariate_144_12_12_message_mix_grid_Z_p0035_r60/seed_1/grid_results.csv,1
682,68,0.0,1.0,0.97,-0.25,0.25,0.5,50000,1,74.0,10.0,10,True,0.1351351351351351,63,0.8513513513513513,898.8243243243244,/hpc/group/pfisterlab/mg551/storage/relay/relay/examples/notebook_data/bicycle_bivariate_144_12_12_message_mix_grid_Z_p0035_r60/seed_2/grid_results.csv,2
391,39,-0.02,0.85,0.995,-0.1,0.1,0.5,50000,1,72.0,10.0,10,True,0.1388888888888889,62,0.8611111111111112,615.8611111111111,/hpc/group/pfisterlab/mg551/storage/relay/relay/examples/notebook_data/bicycle_bivariate_144_12_12_message_mix_grid_Z_p0035_r60/seed_1/grid_results.csv,1
715,71,0.0,1.0,0.995,-0.1,0.1,0.5,50000,1,72.0,10.0,10,True,0.1388888888888889,62,0.8611111111111112,635.3472222222222,/hpc/group/pfisterlab/mg551/storage/relay/relay/examples/notebook_data/bicycle_bivariate_144_12_12_message_mix_grid_Z_p0035_r60/seed_5/grid_results.csv,5
154,15,-0.1,0.85,0.995,0.0,0.0,0.5,50000,1,72.0,10.0,10,True,0.1388888888888889,62,0.8611111111111112,690.5694444444445,/hpc/group/pfisterlab/mg551/storage/relay/relay/examples/notebook_data/bicycle_bivariate_144_12_12_message_mix_grid_Z_p0035_r60/seed_4/grid_results.csv,4
613,61,0.0,0.85,0.97,0.0,0.0,0.5,50000,1,72.0,10.0,10,True,0.1388888888888889,62,0.8611111111111112,705.4444444444445,/hpc/group/pfisterlab/mg551/storage/relay/relay/examples/notebook_data/bicycle_bivariate_144_12_12_message_mix_grid_Z_p0035_r60/seed_3/grid_results.csv,3
641,64,0.0,0.85,0.995,0.0,0.0,0.75,50000,1,72.0,10.0,10,True,0.1388888888888889,62,0.8611111111111112,724.6527777777778,/hpc/group/pfisterlab/mg551/storage/relay/relay/examples/notebook_data/bicycle_bivariate_144_12_12_message_mix_grid_Z_p0035_r60/seed_1/grid_results.csv,1
639,63,0.0,0.85,0.995,0.0,0.0,0.25,50000,1,72.0,10.0,10,True,0.1388888888888889,62,0.8611111111111112,732.7638888888889,/hpc/group/pfisterlab/mg551/storage/relay/relay/examples/notebook_data/bicycle_bivariate_144_12_12_message_mix_grid_Z_p0035_r60/seed_9/grid_results.csv,9
612,61,0.0,0.85,0.97,0.0,0.0,0.25,50000,1,72.0,10.0,10,True,0.1388888888888889,61,0.8472222222222222,773.8055555555555,/hpc/group/pfisterlab/mg551/storage/relay/relay/examples/notebook_data/bicycle_bivariate_144_12_12_message_mix_grid_Z_p0035_r60/seed_2/grid_results.csv,2
127,12,-0.1,0.85,0.97,0.0,0.0,0.5,50000,1,72.0,10.0,10,True,0.1388888888888889,61,0.8472222222222222,774.6111111111111,/hpc/group/pfisterlab/mg551/storage/relay/relay/examples/notebook_data/bicycle_bivariate_144_12_12_message_mix_grid_Z_p0035_r60/seed_7/grid_results.csv,7
155,15,-0.1,0.85,0.995,0.0,0.0,0.75,50000,1,72.0,10.0,10,True,0.1388888888888889,61,0.8472222222222222,792.0694444444445,/hpc/group/pfisterlab/mg551/storage/relay/relay/examples/notebook_data/bicycle_bivariate_144_12_12_message_mix_grid_Z_p0035_r60/seed_5/grid_results.csv,5
207,20,-0.1,1.0,0.97,0.0,0.0,0.25,50000,1,72.0,10.0,10,True,0.1388888888888889,62,0.8611111111111112,792.75,/hpc/group/pfisterlab/mg551/storage/relay/relay/examples/notebook_data/bicycle_bivariate_144_12_12_message_mix_grid_Z_p0035_r60/seed_7/grid_results.csv,7
321,32,-0.02,0.7,0.995,0.0,0.25,0.25,50000,1,72.0,10.0,10,True,0.1388888888888889,62,0.8611111111111112,807.4305555555555,/hpc/group/pfisterlab/mg551/storage/relay/relay/examples/notebook_data/bicycle_bivariate_144_12_12_message_mix_grid_Z_p0035_r60/seed_1/grid_results.csv,1
128,12,-0.1,0.85,0.97,0.0,0.0,0.75,50000,1,72.0,10.0,10,True,0.1388888888888889,61,0.8472222222222222,811.2361111111111,/hpc/group/pfisterlab/mg551/storage/relay/relay/examples/notebook_data/bicycle_bivariate_144_12_12_message_mix_grid_Z_p0035_r60/seed_8/grid_results.csv,8
202,20,-0.1,1.0,0.97,-0.1,0.1,0.5,50000,1,72.0,10.0,10,True,0.1388888888888889,62,0.8611111111111112,844.8888888888889,/hpc/group/pfisterlab/mg551/storage/relay/relay/examples/notebook_data/bicycle_bivariate_144_12_12_message_mix_grid_Z_p0035_r60/seed_2/grid_results.csv,2
439,43,-0.02,1.0,0.97,-0.25,0.25,0.5,50000,1,72.0,10.0,10,True,0.1388888888888889,61,0.8472222222222222,882.4305555555555,/hpc/group/pfisterlab/mg551/storage/relay/relay/examples/notebook_data/bicycle_bivariate_144_12_12_message_mix_grid_Z_p0035_r60/seed_9/grid_results.csv,9
341,34,-0.02,0.85,0.9,-0.1,0.25,0.75,50000,1,63.0,10.0,10,True,0.1587301587301587,53,0.8412698412698413,950.6349206349206,/hpc/group/pfisterlab/mg551/storage/relay/relay/examples/notebook_data/bicycle_bivariate_144_12_12_message_mix_grid_Z_p0035_r60/seed_1/grid_results.csv,1
349,34,-0.02,0.85,0.9,0.0,0.25,0.5,50000,1,63.0,10.0,10,True,0.1587301587301587,53,0.8412698412698413,976.15873015873,/hpc/group/pfisterlab/mg551/storage/relay/relay/examples/notebook_data/bicycle_bivariate_144_12_12_message_mix_grid_Z_p0035_r60/seed_9/grid_results.csv,9
664,66,0.0,1.0,0.9,-0.1,0.25,0.5,50000,1,63.0,10.0,10,True,0.1587301587301587,52,0.8253968253968254,1073.0,/hpc/group/pfisterlab/mg551/storage/relay/relay/examples/notebook_data/bicycle_bivariate_144_12_12_message_mix_grid_Z_p0035_r60/seed_4/grid_results.csv,4
575,57,0.0,0.85,0.9,-0.25,0.25,0.75,50000,1,63.0,10.0,10,True,0.1587301587301587,53,0.8412698412698413,1122.5396825396826,/hpc/group/pfisterlab/mg551/storage/relay/relay/examples/notebook_data/bicycle_bivariate_144_12_12_message_mix_grid_Z_p0035_r60/seed_5/grid_results.csv,5
332,33,-0.02,0.85,0.9,-0.25,0.25,0.75,50000,1,63.0,10.0,10,True,0.1587301587301587,53,0.8412698412698413,1167.3650793650793,/hpc/group/pfisterlab/mg551/storage/relay/relay/examples/notebook_data/bicycle_bivariate_144_12_12_message_mix_grid_Z_p0035_r60/seed_2/grid_results.csv,2
640,64,0.0,0.85,0.995,0.0,0.0,0.5,50000,1,62.0,10.0,10,True,0.1612903225806451,52,0.8387096774193549,772.2096774193549,/hpc/group/pfisterlab/mg551/storage/relay/relay/examples/notebook_data/bicycle_bivariate_144_12_12_message_mix_grid_Z_p0035_r60/seed_0/grid_results.csv,0
201,20,-0.1,1.0,0.97,-0.1,0.1,0.25,50000,1,62.0,10.0,10,True,0.1612903225806451,52,0.8387096774193549,847.483870967742,/hpc/group/pfisterlab/mg551/storage/relay/relay/examples/notebook_data/bicycle_bivariate_144_12_12_message_mix_grid_Z_p0035_r60/seed_1/grid_results.csv,1
35,3,-0.1,0.7,0.97,-0.25,0.25,0.75,50000,1,62.0,10.0,10,True,0.1612903225806451,52,0.8387096774193549,890.9193548387096,/hpc/group/pfisterlab/mg551/storage/relay/relay/examples/notebook_data/bicycle_bivariate_144_12_12_message_mix_grid_Z_p0035_r60/seed_5/grid_results.csv,5
529,52,0.0,0.7,0.97,-0.1,0.25,0.5,50000,1,62.0,10.0,10,True,0.1612903225806451,52,0.8387096774193549,948.016129032258,/hpc/group/pfisterlab/mg551/storage/relay/relay/examples/notebook_data/bicycle_bivariate_144_12_12_message_mix_grid_Z_p0035_r60/seed_9/grid_results.csv,9
687,68,0.0,1.0,0.97,-0.1,0.1,0.25,50000,1,62.0,10.0,10,True,0.1612903225806451,51,0.8225806451612904,982.2258064516128,/hpc/group/pfisterlab/mg551/storage/relay/relay/examples/notebook_data/bicycle_bivariate_144_12_12_message_mix_grid_Z_p0035_r60/seed_7/grid_results.csv,7
669,66,0.0,1.0,0.9,0.0,0.1,0.25,50000,1,62.0,10.0,10,True,0.1612903225806451,52,0.8387096774193549,1114.354838709677,/hpc/group/pfisterlab/mg551/storage/relay/relay/examples/notebook_data/bicycle_bivariate_144_12_12_message_mix_grid_Z_p0035_r60/seed_9/grid_results.csv,9
226,22,-0.1,1.0,0.995,-0.1,0.0,0.5,50000,1,58.0,10.0,10,True,0.1724137931034483,47,0.8103448275862069,894.8103448275862,/hpc/group/pfisterlab/mg551/storage/relay/relay/examples/notebook_data/bicycle_bivariate_144_12_12_message_mix_grid_Z_p0035_r60/seed_6/grid_results.csv,6
196,19,-0.1,1.0,0.97,-0.25,0.25,0.5,50000,1,58.0,10.0,10,True,0.1724137931034483,48,0.8275862068965517,929.6206896551724,/hpc/group/pfisterlab/mg551/storage/relay/relay/examples/notebook_data/bicycle_bivariate_144_12_12_message_mix_grid_Z_p0035_r60/seed_6/grid_results.csv,6
665,66,0.0,1.0,0.9,-0.1,0.25,0.75,50000,1,58.0,10.0,10,True,0.1724137931034483,48,0.8275862068965517,969.0172413793103,/hpc/group/pfisterlab/mg551/storage/relay/relay/examples/notebook_data/bicycle_bivariate_144_12_12_message_mix_grid_Z_p0035_r60/seed_5/grid_results.csv,5
427,42,-0.02,1.0,0.9,0.0,0.1,0.5,50000,1,58.0,10.0,10,True,0.1724137931034483,48,0.8275862068965517,999.8103448275862,/hpc/group/pfisterlab/mg551/storage/relay/relay/examples/notebook_data/bicycle_bivariate_144_12_12_message_mix_grid_Z_p0035_r60/seed_7/grid_results.csv,7
426,42,-0.02,1.0,0.9,0.0,0.1,0.25,50000,1,58.0,10.0,10,True,0.1724137931034483,48,0.8275862068965517,1010.3620689655172,/hpc/group/pfisterlab/mg551/storage/relay/relay/examples/notebook_data/bicycle_bivariate_144_12_12_message_mix_grid_Z_p0035_r60/seed_6/grid_results.csv,6
672,67,0.0,1.0,0.9,0.0,0.25,0.25,50000,1,58.0,10.0,10,True,0.1724137931034483,48,0.8275862068965517,1040.9137931034484,/hpc/group/pfisterlab/mg551/storage/relay/relay/examples/notebook_data/bicycle_bivariate_144_12_12_message_mix_grid_Z_p0035_r60/seed_2/grid_results.csv,2
670,67,0.0,1.0,0.9,0.0,0.1,0.5,50000,1,58.0,10.0,10,True,0.1724137931034483,48,0.8275862068965517,1109.896551724138,/hpc/group/pfisterlab/mg551/storage/relay/relay/examples/notebook_data/bicycle_bivariate_144_12_12_message_mix_grid_Z_p0035_r60/seed_0/grid_results.csv,0
469,46,-0.02,1.0,0.995,-0.1,0.0,0.5,50000,1,55.0,10.0,10,True,0.1818181818181818,45,0.8181818181818182,930.6727272727272,/hpc/group/pfisterlab/mg551/storage/relay/relay/examples/notebook_data/bicycle_bivariate_144_12_12_message_mix_grid_Z_p0035_r60/seed_9/grid_results.csv,9
685,68,0.0,1.0,0.97,-0.1,0.0,0.5,50000,1,55.0,10.0,10,True,0.1818181818181818,45,0.8181818181818182,934.6181818181818,/hpc/group/pfisterlab/mg551/storage/relay/relay/examples/notebook_data/bicycle_bivariate_144_12_12_message_mix_grid_Z_p0035_r60/seed_5/grid_results.csv,5
662,66,0.0,1.0,0.9,-0.1,0.1,0.75,50000,1,55.0,10.0,10,True,0.1818181818181818,45,0.8181818181818182,980.6363636363636,/hpc/group/pfisterlab/mg551/storage/relay/relay/examples/notebook_data/bicycle_bivariate_144_12_12_message_mix_grid_Z_p0035_r60/seed_2/grid_results.csv,2
471,47,-0.02,1.0,0.995,-0.1,0.1,0.25,50000,1,55.0,10.0,10,True,0.1818181818181818,45,0.8181818181818182,981.9090909090908,/hpc/group/pfisterlab/mg551/storage/relay/relay/examples/notebook_data/bicycle_bivariate_144_12_12_message_mix_grid_Z_p0035_r60/seed_1/grid_results.csv,1
583,58,0.0,0.85,0.9,-0.1,0.25,0.5,50000,1,55.0,10.0,10,True,0.1818181818181818,44,0.8,1305.3090909090909,/hpc/group/pfisterlab/mg551/storage/relay/relay/examples/notebook_data/bicycle_bivariate_144_12_12_message_mix_grid_Z_p0035_r60/seed_3/grid_results.csv,3
398,39,-0.02,0.85,0.995,0.0,0.0,0.75,50000,1,53.0,10.0,10,True,0.1886792452830188,43,0.8113207547169812,819.2264150943396,/hpc/group/pfisterlab/mg551/storage/relay/relay/examples/notebook_data/bicycle_bivariate_144_12_12_message_mix_grid_Z_p0035_r60/seed_8/grid_results.csv,8
126,12,-0.1,0.85,0.97,0.0,0.0,0.25,50000,1,53.0,10.0,10,True,0.1886792452830188,43,0.8113207547169812,877.3396226415094,/hpc/group/pfisterlab/mg551/storage/relay/relay/examples/notebook_data/bicycle_bivariate_144_12_12_message_mix_grid_Z_p0035_r60/seed_6/grid_results.csv,6
146,14,-0.1,0.85,0.995,-0.1,0.0,0.75,50000,1,53.0,10.0,10,True,0.1886792452830188,43,0.8113207547169812,912.5283018867924,/hpc/group/pfisterlab/mg551/storage/relay/relay/examples/notebook_data/bicycle_bivariate_144_12_12_message_mix_grid_Z_p0035_r60/seed_6/grid_results.csv,6
614,61,0.0,0.85,0.97,0.0,0.0,0.75,50000,1,53.0,10.0,10,True,0.1886792452830188,43,0.8113207547169812,917.1698113207548,/hpc/group/pfisterlab/mg551/storage/relay/relay/examples/notebook_data/bicycle_bivariate_144_12_12_message_mix_grid_Z_p0035_r60/seed_4/grid_results.csv,4
119,11,-0.1,0.85,0.97,-0.1,0.0,0.75,50000,1,53.0,10.0,10,True,0.1886792452830188,43,0.8113207547169812,949.8679245283018,/hpc/group/pfisterlab/mg551/storage/relay/relay/examples/notebook_data/bicycle_bivariate_144_12_12_message_mix_grid_Z_p0035_r60/seed_9/grid_results.csv,9
625,62,0.0,0.85,0.995,-0.25,0.1,0.5,50000,1,53.0,10.0,10,True,0.1886792452830188,43,0.8113207547169812,957.5849056603772,/hpc/group/pfisterlab/mg551/storage/relay/relay/examples/notebook_data/bicycle_bivariate_144_12_12_message_mix_grid_Z_p0035_r60/seed_5/grid_results.csv,5
605,60,0.0,0.85,0.97,-0.1,0.0,0.75,50000,1,53.0,10.0,10,True,0.1886792452830188,43,0.8113207547169812,958.0188679245284,/hpc/group/pfisterlab/mg551/storage/relay/relay/examples/notebook_data/bicycle_bivariate_144_12_12_message_mix_grid_Z_p0035_r60/seed_5/grid_results.csv,5
123,12,-0.1,0.85,0.97,-0.1,0.25,0.25,50000,1,53.0,10.0,10,True,0.1886792452830188,43,0.8113207547169812,990.0377358490566,/hpc/group/pfisterlab/mg551/storage/relay/relay/examples/notebook_data/bicycle_bivariate_144_12_12_message_mix_grid_Z_p0035_r60/seed_3/grid_results.csv,3
564,56,0.0,0.7,0.995,0.0,0.25,0.25,50000,1,53.0,10.0,10,True,0.1886792452830188,42,0.7924528301886793,1002.8867924528302,/hpc/group/pfisterlab/mg551/storage/relay/relay/examples/notebook_data/bicycle_bivariate_144_12_12_message_mix_grid_Z_p0035_r60/seed_4/grid_results.csv,4
228,22,-0.1,1.0,0.995,-0.1,0.1,0.25,50000,1,53.0,10.0,10,True,0.1886792452830188,43,0.8113207547169812,1006.0377358490566,/hpc/group/pfisterlab/mg551/storage/relay/relay/examples/notebook_data/bicycle_bivariate_144_12_12_message_mix_grid_Z_p0035_r60/seed_8/grid_results.csv,8
139,13,-0.1,0.85,0.995,-0.25,0.1,0.5,50000,1,53.0,10.0,10,True,0.1886792452830188,43,0.8113207547169812,1007.7735849056604,/hpc/group/pfisterlab/mg551/storage/relay/relay/examples/notebook_data/bicycle_bivariate_144_12_12_message_mix_grid_Z_p0035_r60/seed_9/grid_results.csv,9
313,31,-0.02,0.7,0.995,-0.1,0.25,0.5,50000,1,53.0,10.0,10,True,0.1886792452830188,43,0.8113207547169812,1020.245283018868,/hpc/group/pfisterlab/mg551/storage/relay/relay/examples/notebook_data/bicycle_bivariate_144_12_12_message_mix_grid_Z_p0035_r60/seed_3/grid_results.csv,3
362,36,-0.02,0.85,0.97,-0.1,0.0,0.75,50000,1,53.0,10.0,10,True,0.1886792452830188,43,0.8113207547169812,1026.433962264151,/hpc/group/pfisterlab/mg551/storage/relay/relay/examples/notebook_data/bicycle_bivariate_144_12_12_message_mix_grid_Z_p0035_r60/seed_2/grid_results.csv,2
396,39,-0.02,0.85,0.995,0.0,0.0,0.25,50000,1,52.0,10.0,10,True,0.1923076923076923,42,0.8076923076923077,794.2884615384615,/hpc/group/pfisterlab/mg551/storage/relay/relay/examples/notebook_data/bicycle_bivariate_144_12_12_message_mix_grid_Z_p0035_r60/seed_6/grid_results.csv,6
153,15,-0.1,0.85,0.995,0.0,0.0,0.25,50000,1,52.0,10.0,10,True,0.1923076923076923,42,0.8076923076923077,827.4038461538462,/hpc/group/pfisterlab/mg551/storage/relay/relay/examples/notebook_data/bicycle_bivariate_144_12_12_message_mix_grid_Z_p0035_r60/seed_3/grid_results.csv,3
397,39,-0.02,0.85,0.995,0.0,0.0,0.5,50000,1,52.0,10.0,10,True,0.1923076923076923,41,0.7884615384615384,852.1923076923077,/hpc/group/pfisterlab/mg551/storage/relay/relay/examples/notebook_data/bicycle_bivariate_144_12_12_message_mix_grid_Z_p0035_r60/seed_7/grid_results.csv,7
632,63,0.0,0.85,0.995,-0.1,0.0,0.75,50000,1,52.0,10.0,10,True,0.1923076923076923,41,0.7884615384615384,912.2692307692308,/hpc/group/pfisterlab/mg551/storage/relay/relay/examples/notebook_data/bicycle_bivariate_144_12_12_message_mix_grid_Z_p0035_r60/seed_2/grid_results.csv,2
369,36,-0.02,0.85,0.97,0.0,0.0,0.25,50000,1,52.0,10.0,10,True,0.1923076923076923,42,0.8076923076923077,913.75,/hpc/group/pfisterlab/mg551/storage/relay/relay/examples/notebook_data/bicycle_bivariate_144_12_12_message_mix_grid_Z_p0035_r60/seed_9/grid_results.csv,9
382,38,-0.02,0.85,0.995,-0.25,0.1,0.5,50000,1,52.0,10.0,10,True,0.1923076923076923,42,0.8076923076923077,933.8461538461538,/hpc/group/pfisterlab/mg551/storage/relay/relay/examples/notebook_data/bicycle_bivariate_144_12_12_message_mix_grid_Z_p0035_r60/seed_2/grid_results.csv,2
623,62,0.0,0.85,0.995,-0.25,0.0,0.75,50000,1,52.0,10.0,10,True,0.1923076923076923,42,0.8076923076923077,968.9423076923076,/hpc/group/pfisterlab/mg551/storage/relay/relay/examples/notebook_data/bicycle_bivariate_144_12_12_message_mix_grid_Z_p0035_r60/seed_3/grid_results.csv,3
43,4,-0.1,0.7,0.97,-0.1,0.25,0.5,50000,1,52.0,10.0,10,True,0.1923076923076923,42,0.8076923076923077,1028.423076923077,/hpc/group/pfisterlab/mg551/storage/relay/relay/examples/notebook_data/bicycle_bivariate_144_12_12_message_mix_grid_Z_p0035_r60/seed_3/grid_results.csv,3
463,46,-0.02,1.0,0.995,-0.25,0.1,0.5,50000,1,52.0,10.0,10,True,0.1923076923076923,40,0.7692307692307693,1066.4038461538462,/hpc/group/pfisterlab/mg551/storage/relay/relay/examples/notebook_data/bicycle_bivariate_144_12_12_message_mix_grid_Z_p0035_r60/seed_3/grid_results.csv,3
50,5,-0.1,0.7,0.97,0.0,0.1,0.75,50000,1,52.0,10.0,10,True,0.1923076923076923,42,0.8076923076923077,1094.826923076923,/hpc/group/pfisterlab/mg551/storage/relay/relay/examples/notebook_data/bicycle_bivariate_144_12_12_message_mix_grid_Z_p0035_r60/seed_0/grid_results.csv,0
347,34,-0.02,0.85,0.9,0.0,0.1,0.75,50000,1,52.0,10.0,10,True,0.1923076923076923,41,0.7884615384615384,1234.6346153846157,/hpc/group/pfisterlab/mg551/storage/relay/relay/examples/notebook_data/bicycle_bivariate_144_12_12_message_mix_grid_Z_p0035_r60/seed_7/grid_results.csv,7
470,47,-0.02,1.0,0.995,-0.1,0.0,0.75,50000,1,51.0,10.0,10,True,0.196078431372549,41,0.803921568627451,852.2941176470588,/hpc/group/pfisterlab/mg551/storage/relay/relay/examples/notebook_data/bicycle_bivariate_144_12_12_message_mix_grid_Z_p0035_r60/seed_0/grid_results.csv,0
200,20,-0.1,1.0,0.97,-0.1,0.0,0.75,50000,1,51.0,10.0,10,True,0.196078431372549,41,0.803921568627451,887.8627450980392,/hpc/group/pfisterlab/mg551/storage/relay/relay/examples/notebook_data/bicycle_bivariate_144_12_12_message_mix_grid_Z_p0035_r60/seed_0/grid_results.csv,0
686,68,0.0,1.0,0.97,-0.1,0.0,0.75,50000,1,51.0,10.0,10,True,0.196078431372549,41,0.803921568627451,890.2352941176471,/hpc/group/pfisterlab/mg551/storage/relay/relay/examples/notebook_data/bicycle_bivariate_144_12_12_message_mix_grid_Z_p0035_r60/seed_6/grid_results.csv,6
78,7,-0.1,0.7,0.995,0.0,0.25,0.25,50000,1,51.0,10.0,10,True,0.196078431372549,41,0.803921568627451,924.5490196078432,/hpc/group/pfisterlab/mg551/storage/relay/relay/examples/notebook_data/bicycle_bivariate_144_12_12_message_mix_grid_Z_p0035_r60/seed_8/grid_results.csv,8
674,67,0.0,1.0,0.9,0.0,0.25,0.75,50000,1,51.0,10.0,10,True,0.196078431372549,41,0.803921568627451,934.5098039215686,/hpc/group/pfisterlab/mg551/storage/relay/relay/examples/notebook_data/bicycle_bivariate_144_12_12_message_mix_grid_Z_p0035_r60/seed_4/grid_results.csv,4
444,44,-0.02,1.0,0.97,-0.1,0.1,0.25,50000,1,51.0,10.0,10,True,0.196078431372549,41,0.803921568627451,976.0980392156864,/hpc/group/pfisterlab/mg551/storage/relay/relay/examples/notebook_data/bicycle_bivariate_144_12_12_message_mix_grid_Z_p0035_r60/seed_4/grid_results.csv,4
199,19,-0.1,1.0,0.97,-0.1,0.0,0.5,50000,1,51.0,10.0,10,True,0.196078431372549,41,0.803921568627451,1016.2352941176472,/hpc/group/pfisterlab/mg551/storage/relay/relay/examples/notebook_data/bicycle_bivariate_144_12_12_message_mix_grid_Z_p0035_r60/seed_9/grid_results.csv,9
677,67,0.0,1.0,0.97,-0.25,0.0,0.75,50000,1,51.0,10.0,10,True,0.196078431372549,41,0.803921568627451,1031.235294117647,/hpc/group/pfisterlab/mg551/storage/relay/relay/examples/notebook_data/bicycle_bivariate_144_12_12_message_mix_grid_Z_p0035_r60/seed_7/grid_results.csv,7
294,29,-0.02,0.7,0.97,0.0,0.25,0.25,50000,1,51.0,10.0,10,True,0.196078431372549,41,0.803921568627451,1057.3725490196075,/hpc/group/pfisterlab/mg551/storage/relay/relay/examples/notebook_data/bicycle_bivariate_144_12_12_message_mix_grid_Z_p0035_r60/seed_4/grid_results.csv,4
422,42,-0.02,1.0,0.9,-0.1,0.25,0.75,50000,1,51.0,10.0,10,True,0.196078431372549,41,0.803921568627451,1060.1176470588234,/hpc/group/pfisterlab/mg551/storage/relay/relay/examples/notebook_data/bicycle_bivariate_144_12_12_message_mix_grid_Z_p0035_r60/seed_2/grid_results.csv,2
353,35,-0.02,0.85,0.97,-0.25,0.0,0.75,50000,1,51.0,10.0,10,True,0.196078431372549,41,0.803921568627451,1074.6666666666667,/hpc/group/pfisterlab/mg551/storage/relay/relay/examples/notebook_data/bicycle_bivariate_144_12_12_message_mix_grid_Z_p0035_r60/seed_3/grid_results.csv,3
428,42,-0.02,1.0,0.9,0.0,0.1,0.75,50000,1,51.0,10.0,10,True,0.196078431372549,41,0.803921568627451,1103.7450980392157,/hpc/group/pfisterlab/mg551/storage/relay/relay/examples/notebook_data/bicycle_bivariate_144_12_12_message_mix_grid_Z_p0035_r60/seed_8/grid_results.csv,8
598,59,0.0,0.85,0.97,-0.25,0.1,0.5,50000,1,51.0,10.0,10,True,0.196078431372549,41,0.803921568627451,1106.7254901960785,/hpc/group/pfisterlab/mg551/storage/relay/relay/examples/notebook_data/bicycle_bivariate_144_12_12_message_mix_grid_Z_p0035_r60/seed_8/grid_results.csv,8
590,59,0.0,0.85,0.9,0.0,0.1,0.75,50000,1,51.0,10.0,10,True,0.196078431372549,41,0.803921568627451,1109.8235294117646,/hpc/group/pfisterlab/mg551/storage/relay/relay/examples/notebook_data/bicycle_bivariate_144_12_12_message_mix_grid_Z_p0035_r60/seed_0/grid_results.csv,0
49,4,-0.1,0.7,0.97,0.0,0.1,0.5,50000,1,51.0,10.0,10,True,0.196078431372549,40,0.7843137254901961,1189.3333333333333,/hpc/group/pfisterlab/mg551/storage/relay/relay/examples/notebook_data/bicycle_bivariate_144_12_12_message_mix_grid_Z_p0035_r60/seed_9/grid_results.csv,9
591,59,0.0,0.85,0.9,0.0,0.25,0.25,50000,1,51.0,10.0,10,True,0.196078431372549,40,0.7843137254901961,1204.2941176470588,/hpc/group/pfisterlab/mg551/storage/relay/relay/examples/notebook_data/bicycle_bivariate_144_12_12_message_mix_grid_Z_p0035_r60/seed_1/grid_results.csv,1
547,54,0.0,0.7,0.995,-0.25,0.25,0.5,50000,1,51.0,10.0,10,True,0.196078431372549,41,0.803921568627451,1278.7843137254902,/hpc/group/pfisterlab/mg551/storage/relay/relay/examples/notebook_data/bicycle_bivariate_144_12_12_message_mix_grid_Z_p0035_r60/seed_7/grid_results.csv,7
187,18,-0.1,1.0,0.9,0.0,0.25,0.5,50000,1,51.0,10.0,10,True,0.196078431372549,41,0.803921568627451,1291.3529411764705,/hpc/group/pfisterlab/mg551/storage/relay/relay/examples/notebook_data/bicycle_bivariate_144_12_12_message_mix_grid_Z_p0035_r60/seed_7/grid_results.csv,7
461,46,-0.02,1.0,0.995,-0.25,0.0,0.75,50000,1,50.0,10.0,10,True,0.2,40,0.8,844.22,/hpc/group/pfisterlab/mg551/storage/relay/relay/examples/notebook_data/bicycle_bivariate_144_12_12_message_mix_grid_Z_p0035_r60/seed_1/grid_results.csv,1
713,71,0.0,1.0,0.995,-0.1,0.0,0.75,50000,1,50.0,10.0,10,True,0.2,40,0.8,867.62,/hpc/group/pfisterlab/mg551/storage/relay/relay/examples/notebook_data/bicycle_bivariate_144_12_12_message_mix_grid_Z_p0035_r60/seed_3/grid_results.csv,3
389,38,-0.02,0.85,0.995,-0.1,0.0,0.75,50000,1,50.0,10.0,10,True,0.2,40,0.8,874.44,/hpc/group/pfisterlab/mg551/storage/relay/relay/examples/notebook_data/bicycle_bivariate_144_12_12_message_mix_grid_Z_p0035_r60/seed_9/grid_results.csv,9
218,21,-0.1,1.0,0.995,-0.25,0.0,0.75,50000,1,50.0,10.0,10,True,0.2,40,0.8,893.32,/hpc/group/pfisterlab/mg551/storage/relay/relay/examples/notebook_data/bicycle_bivariate_144_12_12_message_mix_grid_Z_p0035_r60/seed_8/grid_results.csv,8
380,38,-0.02,0.85,0.995,-0.25,0.0,0.75,50000,1,50.0,10.0,10,True,0.2,40,0.8,938.06,/hpc/group/pfisterlab/mg551/storage/relay/relay/examples/notebook_data/bicycle_bivariate_144_12_12_message_mix_grid_Z_p0035_r60/seed_0/grid_results.csv,0
220,22,-0.1,1.0,0.995,-0.25,0.1,0.5,50000,1,50.0,10.0,10,True,0.2,40,0.8,947.8,/hpc/group/pfisterlab/mg551/storage/relay/relay/examples/notebook_data/bicycle_bivariate_144_12_12_message_mix_grid_Z_p0035_r60/seed_0/grid_results.csv,0
147,14,-0.1,0.85,0.995,-0.1,0.1,0.25,50000,1,50.0,10.0,10,True,0.2,40,0.8,951.34,/hpc/group/pfisterlab/mg551/storage/relay/relay/examples/notebook_data/bicycle_bivariate_144_12_12_message_mix_grid_Z_p0035_r60/seed_7/grid_results.csv,7
431,43,-0.02,1.0,0.9,0.0,0.25,0.75,50000,1,50.0,10.0,10,True,0.2,40,0.8,960.28,/hpc/group/pfisterlab/mg551/storage/relay/relay/examples/notebook_data/bicycle_bivariate_144_12_12_message_mix_grid_Z_p0035_r60/seed_1/grid_results.csv,1
120,12,-0.1,0.85,0.97,-0.1,0.1,0.25,50000,1,50.0,10.0,10,True,0.2,40,0.8,971.84,/hpc/group/pfisterlab/mg551/storage/relay/relay/examples/notebook_data/bicycle_bivariate_144_12_12_message_mix_grid_Z_p0035_r60/seed_0/grid_results.csv,0
706,70,0.0,1.0,0.995,-0.25,0.1,0.5,50000,1,50.0,10.0,10,True,0.2,40,0.8,979.64,/hpc/group/pfisterlab/mg551/storage/relay/relay/examples/notebook_data/bicycle_bivariate_144_12_12_message_mix_grid_Z_p0035_r60/seed_6/grid_results.csv,6
442,44,-0.02,1.0,0.97,-0.1,0.0,0.5,50000,1,50.0,10.0,10,True,0.2,39,0.78,981.1,/hpc/group/pfisterlab/mg551/storage/relay/relay/examples/notebook_data/bicycle_bivariate_144_12_12_message_mix_grid_Z_p0035_r60/seed_2/grid_results.csv,2
606,60,0.0,0.85,0.97,-0.1,0.1,0.25,50000,1,50.0,10.0,10,True,0.2,40,0.8,989.34,/hpc/group/pfisterlab/mg551/storage/relay/relay/examples/notebook_data/bicycle_bivariate_144_12_12_message_mix_grid_Z_p0035_r60/seed_6/grid_results.csv,6
137,13,-0.1,0.85,0.995,-0.25,0.0,0.75,50000,1,50.0,10.0,10,True,0.2,39,0.78,1005.98,/hpc/group/pfisterlab/mg551/storage/relay/relay/examples/notebook_data/bicycle_bivariate_144_12_12_message_mix_grid_Z_p0035_r60/seed_7/grid_results.csv,7
363,36,-0.02,0.85,0.97,-0.1,0.1,0.25,50000,1,50.0,10.0,10,True,0.2,40,0.8,1012.68,/hpc/group/pfisterlab/mg551/storage/relay/relay/examples/notebook_data/bicycle_bivariate_144_12_12_message_mix_grid_Z_p0035_r60/seed_3/grid_results.csv,3
596,59,0.0,0.85,0.97,-0.25,0.0,0.75,50000,1,50.0,10.0,10,True,0.2,40,0.8,1018.88,/hpc/group/pfisterlab/mg551/storage/relay/relay/examples/notebook_data/bicycle_bivariate_144_12_12_message_mix_grid_Z_p0035_r60/seed_6/grid_results.csv,6
536,53,0.0,0.7,0.97,0.0,0.1,0.75,50000,1,50.0,10.0,10,True,0.2,40,0.8,1030.24,/hpc/group/pfisterlab/mg551/storage/relay/relay/examples/notebook_data/bicycle_bivariate_144_12_12_message_mix_grid_Z_p0035_r60/seed_6/grid_results.csv,6
604,60,0.0,0.85,0.97,-0.1,0.0,0.5,50000,1,50.0,10.0,10,True,0.2,40,0.8,1035.62,/hpc/group/pfisterlab/mg551/storage/relay/relay/examples/notebook_data/bicycle_bivariate_144_12_12_message_mix_grid_Z_p0035_r60/seed_4/grid_results.csv,4
563,56,0.0,0.7,0.995,0.0,0.1,0.75,50000,1,50.0,10.0,10,True,0.2,39,0.78,1041.76,/hpc/group/pfisterlab/mg551/storage/relay/relay/examples/notebook_data/bicycle_bivariate_144_12_12_message_mix_grid_Z_p0035_r60/seed_3/grid_results.csv,3
68,6,-0.1,0.7,0.995,-0.1,0.1,0.75,50000,1,50.0,10.0,10,True,0.2,39,0.78,1049.8,/hpc/group/pfisterlab/mg551/storage/relay/relay/examples/notebook_data/bicycle_bivariate_144_12_12_message_mix_grid_Z_p0035_r60/seed_8/grid_results.csv,8
110,11,-0.1,0.85,0.97,-0.25,0.0,0.75,50000,1,50.0,10.0,10,True,0.2,38,0.76,1051.62,/hpc/group/pfisterlab/mg551/storage/relay/relay/examples/notebook_data/bicycle_bivariate_144_12_12_message_mix_grid_Z_p0035_r60/seed_0/grid_results.csv,0
355,35,-0.02,0.85,0.97,-0.25,0.1,0.5,50000,1,50.0,10.0,10,True,0.2,40,0.8,1068.04,/hpc/group/pfisterlab/mg551/storage/relay/relay/examples/notebook_data/bicycle_bivariate_144_12_12_message_mix_grid_Z_p0035_r60/seed_5/grid_results.csv,5
293,29,-0.02,0.7,0.97,0.0,0.1,0.75,50000,1,50.0,10.0,10,True,0.2,38,0.76,1085.3,/hpc/group/pfisterlab/mg551/storage/relay/relay/examples/notebook_data/bicycle_bivariate_144_12_12_message_mix_grid_Z_p0035_r60/seed_3/grid_results.csv,3
198,19,-0.1,1.0,0.97,-0.1,0.0,0.25,50000,1,50.0,10.0,10,True,0.2,40,0.8,1089.84,/hpc/group/pfisterlab/mg551/storage/relay/relay/examples/notebook_data/bicycle_bivariate_144_12_12_message_mix_grid_Z_p0035_r60/seed_8/grid_results.csv,8
666,66,0.0,1.0,0.9,0.0,0.0,0.25,50000,1,50.0,10.0,10,True,0.2,38,0.76,1101.32,/hpc/group/pfisterlab/mg551/storage/relay/relay/examples/notebook_data/bicycle_bivariate_144_12_12_message_mix_grid_Z_p0035_r60/seed_6/grid_results.csv,6
562,56,0.0,0.7,0.995,0.0,0.1,0.5,50000,1,50.0,10.0,10,True,0.2,39,0.78,1102.78,/hpc/group/pfisterlab/mg551/storage/relay/relay/examples/notebook_data/bicycle_bivariate_144_12_12_message_mix_grid_Z_p0035_r60/seed_2/grid_results.csv,2
429,42,-0.02,1.0,0.9,0.0,0.25,0.25,50000,1,50.0,10.0,10,True,0.2,40,0.8,1103.96,/hpc/group/pfisterlab/mg551/storage/relay/relay/examples/notebook_data/bicycle_bivariate_144_12_12_message_mix_grid_Z_p0035_r60/seed_9/grid_results.csv,9
656,65,0.0,1.0,0.9,-0.25,0.25,0.75,50000,1,50.0,10.0,10,True,0.2,40,0.8,1117.68,/hpc/group/pfisterlab/mg551/storage/relay/relay/examples/notebook_data/bicycle_bivariate_144_12_12_message_mix_grid_Z_p0035_r60/seed_6/grid_results.csv,6
589,58,0.0,0.85,0.9,0.0,0.1,0.5,50000,1,50.0,10.0,10,True,0.2,40,0.8,1122.14,/hpc/group/pfisterlab/mg551/storage/relay/relay/examples/notebook_data/bicycle_bivariate_144_12_12_message_mix_grid_Z_p0035_r60/seed_9/grid_results.csv,9
304,30,-0.02,0.7,0.995,-0.25,0.25,0.5,50000,1,50.0,10.0,10,True,0.2,40,0.8,1122.3,/hpc/group/pfisterlab/mg551/storage/relay/relay/examples/notebook_data/bicycle_bivariate_144_12_12_message_mix_grid_Z_p0035_r60/seed_4/grid_results.csv,4
537,53,0.0,0.7,0.97,0.0,0.25,0.25,50000,1,50.0,10.0,10,True,0.2,40,0.8,1123.74,/hpc/group/pfisterlab/mg551/storage/relay/relay/examples/notebook_data/bicycle_bivariate_144_12_12_message_mix_grid_Z_p0035_r60/seed_7/grid_results.csv,7
653,65,0.0,1.0,0.9,-0.25,0.1,0.75,50000,1,50.0,10.0,10,True,0.2,40,0.8,1139.8,/hpc/group/pfisterlab/mg551/storage/relay/relay/examples/notebook_data/bicycle_bivariate_144_12_12_message_mix_grid_Z_p0035_r60/seed_3/grid_results.csv,3
441,44,-0.02,1.0,0.97,-0.1,0.0,0.25,50000,1,50.0,10.0,10,True,0.2,38,0.76,1143.22,/hpc/group/pfisterlab/mg551/storage/relay/relay/examples/notebook_data/bicycle_bivariate_144_12_12_message_mix_grid_Z_p0035_r60/seed_1/grid_results.csv,1
419,41,-0.02,1.0,0.9,-0.1,0.1,0.75,50000,1,50.0,10.0,10,True,0.2,40,0.8,1144.16,/hpc/group/pfisterlab/mg551/storage/relay/relay/examples/notebook_data/bicycle_bivariate_144_12_12_message_mix_grid_Z_p0035_r60/seed_9/grid_results.csv,9
348,34,-0.02,0.85,0.9,0.0,0.25,0.25,50000,1,50.0,10.0,10,True,0.2,40,0.8,1194.48,/hpc/group/pfisterlab/mg551/storage/relay/relay/examples/notebook_data/bicycle_bivariate_144_12_12_message_mix_grid_Z_p0035_r60/seed_8/grid_results.csv,8
346,34,-0.02,0.85,0.9,0.0,0.1,0.5,50000,1,50.0,10.0,10,True,0.2,40,0.8,1195.3,/hpc/group/pfisterlab/mg551/storage/relay/relay/examples/notebook_data/bicycle_bivariate_144_12_12_message_mix_grid_Z_p0035_r60/seed_6/grid_results.csv,6
179,17,-0.1,1.0,0.9,-0.1,0.25,0.75,50000,1,50.0,10.0,10,True,0.2,40,0.8,1248.6,/hpc/group/pfisterlab/mg551/storage/relay/relay/examples/notebook_data/bicycle_bivariate_144_12_12_message_mix_grid_Z_p0035_r60/seed_9/grid_results.csv,9
106,10,-0.1,0.85,0.9,0.0,0.25,0.5,50000,1,50.0,10.0,10,True,0.2,40,0.8,1308.92,/hpc/group/pfisterlab/mg551/storage/relay/relay/examples/notebook_data/bicycle_bivariate_144_12_12_message_mix_grid_Z_p0035_r60/seed_6/grid_results.csv,6
340,34,-0.02,0.85,0.9,-0.1,0.25,0.5,50000,1,50.0,10.0,10,True,0.2,40,0.8,1341.72,/hpc/group/pfisterlab/mg551/storage/relay/relay/examples/notebook_data/bicycle_bivariate_144_12_12_message_mix_grid_Z_p0035_r60/seed_0/grid_results.csv,0
302,30,-0.02,0.7,0.995,-0.25,0.1,0.75,50000,1,50.0,10.0,10,True,0.2,39,0.78,1341.88,/hpc/group/pfisterlab/mg551/storage/relay/relay/examples/notebook_data/bicycle_bivariate_144_12_12_message_mix_grid_Z_p0035_r60/seed_2/grid_results.csv,2
704,70,0.0,1.0,0.995,-0.25,0.0,0.75,50000,1,49.0,10.0,10,True,0.2040816326530612,39,0.7959183673469388,815.6122448979592,/hpc/group/pfisterlab/mg551/storage/relay/relay/examples/notebook_data/bicycle_bivariate_144_12_12_message_mix_grid_Z_p0035_r60/seed_4/grid_results.csv,4
714,71,0.0,1.0,0.995,-0.1,0.1,0.25,50000,1,49.0,10.0,10,True,0.2040816326530612,39,0.7959183673469388,850.8163265306123,/hpc/group/pfisterlab/mg551/storage/relay/relay/examples/notebook_data/bicycle_bivariate_144_12_12_message_mix_grid_Z_p0035_r60/seed_4/grid_results.csv,4
633,63,0.0,0.85,0.995,-0.1,0.1,0.25,50000,1,49.0,10.0,10,True,0.2040816326530612,39,0.7959183673469388,862.1428571428571,/hpc/group/pfisterlab/mg551/storage/relay/relay/examples/notebook_data/bicycle_bivariate_144_12_12_message_mix_grid_Z_p0035_r60/seed_3/grid_results.csv,3
631,63,0.0,0.85,0.995,-0.1,0.0,0.5,50000,1,49.0,10.0,10,True,0.2040816326530612,39,0.7959183673469388,903.8163265306124,/hpc/group/pfisterlab/mg551/storage/relay/relay/examples/notebook_data/bicycle_bivariate_144_12_12_message_mix_grid_Z_p0035_r60/seed_1/grid_results.csv,1
390,39,-0.02,0.85,0.995,-0.1,0.1,0.25,50000,1,49.0,10.0,10,True,0.2040816326530612,39,0.7959183673469388,949.734693877551,/hpc/group/pfisterlab/mg551/storage/relay/relay/examples/notebook_data/bicycle_bivariate_144_12_12_message_mix_grid_Z_p0035_r60/seed_0/grid_results.csv,0
679,67,0.0,1.0,0.97,-0.25,0.1,0.5,50000,1,49.0,10.0,10,True,0.2040816326530612,39,0.7959183673469388,964.1224489795918,/hpc/group/pfisterlab/mg551/storage/relay/relay/examples/notebook_data/bicycle_bivariate_144_12_12_message_mix_grid_Z_p0035_r60/seed_9/grid_results.csv,9
468,46,-0.02,1.0,0.995,-0.1,0.0,0.25,50000,1,49.0,10.0,10,True,0.2040816326530612,38,0.7755102040816326,973.2244897959184,/hpc/group/pfisterlab/mg551/storage/relay/relay/examples/notebook_data/bicycle_bivariate_144_12_12_message_mix_grid_Z_p0035_r60/seed_8/grid_results.csv,8
320,32,-0.02,0.7,0.995,0.0,0.1,0.75,50000,1,49.0,10.0,10,True,0.2040816326530612,38,0.7755102040816326,984.7755102040816,/hpc/group/pfisterlab/mg551/storage/relay/relay/examples/notebook_data/bicycle_bivariate_144_12_12_message_mix_grid_Z_p0035_r60/seed_0/grid_results.csv,0
361,36,-0.02,0.85,0.97,-0.1,0.0,0.5,50000,1,49.0,10.0,10,True,0.2040816326530612,39,0.7959183673469388,1017.1632653061224,/hpc/group/pfisterlab/mg551/storage/relay/relay/examples/notebook_data/bicycle_bivariate_144_12_12_message_mix_grid_Z_p0035_r60/seed_1/grid_results.csv,1
118,11,-0.1,0.85,0.97,-0.1,0.0,0.5,50000,1,49.0,10.0,10,True,0.2040816326530612,38,0.7755102040816326,1049.1020408163265,/hpc/group/pfisterlab/mg551/storage/relay/relay/examples/notebook_data/bicycle_bivariate_144_12_12_message_mix_grid_Z_p0035_r60/seed_8/grid_results.csv,8
684,68,0.0,1.0,0.97,-0.1,0.0,0.25,50000,1,49.0,10.0,10,True,0.2040816326530612,39,0.7959183673469388,1063.2857142857142,/hpc/group/pfisterlab/mg551/storage/relay/relay/examples/notebook_data/bicycle_bivariate_144_12_12_message_mix_grid_Z_p0035_r60/seed_4/grid_results.csv,4
661,66,0.0,1.0,0.9,-0.1,0.1,0.5,50000,1,49.0,10.0,10,True,0.2040816326530612,39,0.7959183673469388,1093.9591836734694,/hpc/group/pfisterlab/mg551/storage/relay/relay/examples/notebook_data/bicycle_bivariate_144_12_12_message_mix_grid_Z_p0035_r60/seed_1/grid_results.csv,1
413,41,-0.02,1.0,0.9,-0.25,0.25,0.75,50000,1,49.0,10.0,10,True,0.2040816326530612,39,0.7959183673469388,1105.2448979591836,/hpc/group/pfisterlab/mg551/storage/relay/relay/examples/notebook_data/bicycle_bivariate_144_12_12_message_mix_grid_Z_p0035_r60/seed_3/grid_results.csv,3
107,10,-0.1,0.85,0.9,0.0,0.25,0.75,50000,1,49.0,10.0,10,True,0.2040816326530612,39,0.7959183673469388,1123.0,/hpc/group/pfisterlab/mg551/storage/relay/relay/examples/notebook_data/bicycle_bivariate_144_12_12_message_mix_grid_Z_p0035_r60/seed_7/grid_results.csv,7
76,7,-0.1,0.7,0.995,0.0,0.1,0.5,50000,1,49.0,10.0,10,True,0.2040816326530612,38,0.7755102040816326,1132.4489795918366,/hpc/group/pfisterlab/mg551/storage/relay/relay/examples/notebook_data/bicycle_bivariate_144_12_12_message_mix_grid_Z_p0035_r60/seed_6/grid_results.csv,6
423,42,-0.02,1.0,0.9,0.0,0.0,0.25,50000,1,49.0,10.0,10,True,0.2040816326530612,39,0.7959183673469388,1149.0816326530612,/hpc/group/pfisterlab/mg551/storage/relay/relay/examples/notebook_data/bicycle_bivariate_144_12_12_message_mix_grid_Z_p0035_r60/seed_3/grid_results.csv,3
421,42,-0.02,1.0,0.9,-0.1,0.25,0.5,50000,1,49.0,10.0,10,True,0.2040816326530612,38,0.7755102040816326,1154.1020408163265,/hpc/group/pfisterlab/mg551/storage/relay/relay/examples/notebook_data/bicycle_bivariate_144_12_12_message_mix_grid_Z_p0035_r60/seed_1/grid_results.csv,1
284,28,-0.02,0.7,0.97,-0.1,0.1,0.75,50000,1,49.0,10.0,10,True,0.2040816326530612,38,0.7755102040816326,1169.3061224489795,/hpc/group/pfisterlab/mg551/storage/relay/relay/examples/notebook_data/bicycle_bivariate_144_12_12_message_mix_grid_Z_p0035_r60/seed_4/grid_results.csv,4
418,41,-0.02,1.0,0.9,-0.1,0.1,0.5,50000,1,49.0,10.0,10,True,0.2040816326530612,39,0.7959183673469388,1171.142857142857,/hpc/group/pfisterlab/mg551/storage/relay/relay/examples/notebook_data/bicycle_bivariate_144_12_12_message_mix_grid_Z_p0035_r60/seed_8/grid_results.csv,8
188,18,-0.1,1.0,0.9,0.0,0.25,0.75,50000,1,49.0,10.0,10,True,0.2040816326530612,38,0.7755102040816326,1189.0,/hpc/group/pfisterlab/mg551/storage/relay/relay/examples/notebook_data/bicycle_bivariate_144_12_12_message_mix_grid_Z_p0035_r60/seed_8/grid_results.csv,8
98,9,-0.1,0.85,0.9,-0.1,0.25,0.75,50000,1,49.0,10.0,10,True,0.2040816326530612,39,0.7959183673469388,1209.9591836734694,/hpc/group/pfisterlab/mg551/storage/relay/relay/examples/notebook_data/bicycle_bivariate_144_12_12_message_mix_grid_Z_p0035_r60/seed_8/grid_results.csv,8
410,41,-0.02,1.0,0.9,-0.25,0.1,0.75,50000,1,49.0,10.0,10,True,0.2040816326530612,39,0.7959183673469388,1214.061224489796,/hpc/group/pfisterlab/mg551/storage/relay/relay/examples/notebook_data/bicycle_bivariate_144_12_12_message_mix_grid_Z_p0035_r60/seed_0/grid_results.csv,0
117,11,-0.1,0.85,0.97,-0.1,0.0,0.25,50000,1,49.0,10.0,10,True,0.2040816326530612,38,0.7755102040816326,1214.1020408163265,/hpc/group/pfisterlab/mg551/storage/relay/relay/examples/notebook_data/bicycle_bivariate_144_12_12_message_mix_grid_Z_p0035_r60/seed_7/grid_results.csv,7
581,58,0.0,0.85,0.9,-0.1,0.1,0.75,50000,1,49.0,10.0,10,True,0.2040816326530612,38,0.7755102040816326,1237.734693877551,/hpc/group/pfisterlab/mg551/storage/relay/relay/examples/notebook_data/bicycle_bivariate_144_12_12_message_mix_grid_Z_p0035_r60/seed_1/grid_results.csv,1
512,51,0.0,0.7,0.9,0.0,0.25,0.75,50000,1,49.0,10.0,10,True,0.2040816326530612,39,0.7959183673469388,1288.428571428571,/hpc/group/pfisterlab/mg551/storage/relay/relay/examples/notebook_data/bicycle_bivariate_144_12_12_message_mix_grid_Z_p0035_r60/seed_2/grid_results.csv,2
69,6,-0.1,0.7,0.995,-0.1,0.25,0.25,50000,1,49.0,10.0,10,True,0.2040816326530612,39,0.7959183673469388,1352.7755102040817,/hpc/group/pfisterlab/mg551/storage/relay/relay/examples/notebook_data/bicycle_bivariate_144_12_12_message_mix_grid_Z_p0035_r60/seed_9/grid_results.csv,9
61,6,-0.1,0.7,0.995,-0.25,0.25,0.5,50000,1,49.0,10.0,10,True,0.2040816326530612,39,0.7959183673469388,1380.2857142857142,/hpc/group/pfisterlab/mg551/storage/relay/relay/examples/notebook_data/bicycle_bivariate_144_12_12_message_mix_grid_Z_p0035_r60/seed_1/grid_results.csv,1
494,49,0.0,0.7,0.9,-0.25,0.25,0.75,50000,1,49.0,10.0,10,True,0.2040816326530612,38,0.7755102040816326,1628.9591836734694,/hpc/group/pfisterlab/mg551/storage/relay/relay/examples/notebook_data/bicycle_bivariate_144_12_12_message_mix_grid_Z_p0035_r60/seed_4/grid_results.csv,4
712,71,0.0,1.0,0.995,-0.1,0.0,0.5,50000,1,48.0,10.0,10,True,0.2083333333333333,38,0.7916666666666666,817.5,/hpc/group/pfisterlab/mg551/storage/relay/relay/examples/notebook_data/bicycle_bivariate_144_12_12_message_mix_grid_Z_p0035_r60/seed_2/grid_results.csv,2
711,71,0.0,1.0,0.995,-0.1,0.0,0.25,50000,1,48.0,10.0,10,True,0.2083333333333333,38,0.7916666666666666,909.0208333333334,/hpc/group/pfisterlab/mg551/storage/relay/relay/examples/notebook_data/bicycle_bivariate_144_12_12_message_mix_grid_Z_p0035_r60/seed_1/grid_results.csv,1
191,19,-0.1,1.0,0.97,-0.25,0.0,0.75,50000,1,48.0,10.0,10,True,0.2083333333333333,38,0.7916666666666666,948.6875,/hpc/group/pfisterlab/mg551/storage/relay/relay/examples/notebook_data/bicycle_bivariate_144_12_12_message_mix_grid_Z_p0035_r60/seed_1/grid_results.csv,1
436,43,-0.02,1.0,0.97,-0.25,0.1,0.5,50000,1,48.0,10.0,10,True,0.2083333333333333,38,0.7916666666666666,969.1458333333334,/hpc/group/pfisterlab/mg551/storage/relay/relay/examples/notebook_data/bicycle_bivariate_144_12_12_message_mix_grid_Z_p0035_r60/seed_6/grid_results.csv,6
554,55,0.0,0.7,0.995,-0.1,0.1,0.75,50000,1,48.0,10.0,10,True,0.2083333333333333,37,0.7708333333333334,977.2083333333334,/hpc/group/pfisterlab/mg551/storage/relay/relay/examples/notebook_data/bicycle_bivariate_144_12_12_message_mix_grid_Z_p0035_r60/seed_4/grid_results.csv,4
527,52,0.0,0.7,0.97,-0.1,0.1,0.75,50000,1,48.0,10.0,10,True,0.2083333333333333,37,0.7708333333333334,1007.3541666666666,/hpc/group/pfisterlab/mg551/storage/relay/relay/examples/notebook_data/bicycle_bivariate_144_12_12_message_mix_grid_Z_p0035_r60/seed_7/grid_results.csv,7
430,43,-0.02,1.0,0.9,0.0,0.25,0.5,50000,1,48.0,10.0,10,True,0.2083333333333333,38,0.7916666666666666,1058.4375,/hpc/group/pfisterlab/mg551/storage/relay/relay/examples/notebook_data/bicycle_bivariate_144_12_12_message_mix_grid_Z_p0035_r60/seed_0/grid_results.csv,0
77,7,-0.1,0.7,0.995,0.0,0.1,0.75,50000,1,48.0,10.0,10,True,0.2083333333333333,36,0.75,1075.6875,/hpc/group/pfisterlab/mg551/storage/relay/relay/examples/notebook_data/bicycle_bivariate_144_12_12_message_mix_grid_Z_p0035_r60/seed_7/grid_results.csv,7
535,53,0.0,0.7,0.97,0.0,0.1,0.5,50000,1,48.0,10.0,10,True,0.2083333333333333,38,0.7916666666666666,1099.7708333333333,/hpc/group/pfisterlab/mg551/storage/relay/relay/examples/notebook_data/bicycle_bivariate_144_12_12_message_mix_grid_Z_p0035_r60/seed_5/grid_results.csv,5
51,5,-0.1,0.7,0.97,0.0,0.25,0.25,50000,1,48.0,10.0,10,True,0.2083333333333333,38,0.7916666666666666,1136.3541666666667,/hpc/group/pfisterlab/mg551/storage/relay/relay/examples/notebook_data/bicycle_bivariate_144_12_12_message_mix_grid_Z_p0035_r60/seed_1/grid_results.csv,1
545,54,0.0,0.7,0.995,-0.25,0.1,0.75,50000,1,48.0,10.0,10,True,0.2083333333333333,37,0.7708333333333334,1136.4791666666667,/hpc/group/pfisterlab/mg551/storage/relay/relay/examples/notebook_data/bicycle_bivariate_144_12_12_message_mix_grid_Z_p0035_r60/seed_5/grid_results.csv,5
425,42,-0.02,1.0,0.9,0.0,0.0,0.75,50000,1,48.0,10.0,10,True,0.2083333333333333,38,0.7916666666666666,1137.9166666666667,/hpc/group/pfisterlab/mg551/storage/relay/relay/examples/notebook_data/bicycle_bivariate_144_12_12_message_mix_grid_Z_p0035_r60/seed_5/grid_results.csv,5
141,14,-0.1,0.85,0.995,-0.25,0.25,0.25,50000,1,48.0,10.0,10,True,0.2083333333333333,37,0.7708333333333334,1159.0625,/hpc/group/pfisterlab/mg551/storage/relay/relay/examples/notebook_data/bicycle_bivariate_144_12_12_message_mix_grid_Z_p0035_r60/seed_1/grid_results.csv,1
112,11,-0.1,0.85,0.97,-0.25,0.1,0.5,50000,1,48.0,10.0,10,True,0.2083333333333333,38,0.7916666666666666,1165.25,/hpc/group/pfisterlab/mg551/storage/relay/relay/examples/notebook_data/bicycle_bivariate_144_12_12_message_mix_grid_Z_p0035_r60/seed_2/grid_results.csv,2
292,29,-0.02,0.7,0.97,0.0,0.1,0.5,50000,1,48.0,10.0,10,True,0.2083333333333333,36,0.75,1177.3333333333333,/hpc/group/pfisterlab/mg551/storage/relay/relay/examples/notebook_data/bicycle_bivariate_144_12_12_message_mix_grid_Z_p0035_r60/seed_2/grid_results.csv,2
41,4,-0.1,0.7,0.97,-0.1,0.1,0.75,50000,1,48.0,10.0,10,True,0.2083333333333333,38,0.7916666666666666,1180.8333333333333,/hpc/group/pfisterlab/mg551/storage/relay/relay/examples/notebook_data/bicycle_bivariate_144_12_12_message_mix_grid_Z_p0035_r60/seed_1/grid_results.csv,1
59,5,-0.1,0.7,0.995,-0.25,0.1,0.75,50000,1,48.0,10.0,10,True,0.2083333333333333,37,0.7708333333333334,1184.3333333333333,/hpc/group/pfisterlab/mg551/storage/relay/relay/examples/notebook_data/bicycle_bivariate_144_12_12_message_mix_grid_Z_p0035_r60/seed_9/grid_results.csv,9
269,26,-0.02,0.7,0.9,0.0,0.25,0.75,50000,1,48.0,10.0,10,True,0.2083333333333333,37,0.7708333333333334,1196.5208333333333,/hpc/group/pfisterlab/mg551/storage/relay/relay/examples/notebook_data/bicycle_bivariate_144_12_12_message_mix_grid_Z_p0035_r60/seed_9/grid_results.csv,9
572,57,0.0,0.85,0.9,-0.25,0.1,0.75,50000,1,48.0,10.0,10,True,0.2083333333333333,38,0.7916666666666666,1211.0416666666667,/hpc/group/pfisterlab/mg551/storage/relay/relay/examples/notebook_data/bicycle_bivariate_144_12_12_message_mix_grid_Z_p0035_r60/seed_2/grid_results.csv,2
338,33,-0.02,0.85,0.9,-0.1,0.1,0.75,50000,1,48.0,10.0,10,True,0.2083333333333333,38,0.7916666666666666,1281.6041666666667,/hpc/group/pfisterlab/mg551/storage/relay/relay/examples/notebook_data/bicycle_bivariate_144_12_12_message_mix_grid_Z_p0035_r60/seed_8/grid_results.csv,8
520,52,0.0,0.7,0.97,-0.25,0.25,0.5,50000,1,48.0,10.0,10,True,0.2083333333333333,38,0.7916666666666666,1329.8333333333333,/hpc/group/pfisterlab/mg551/storage/relay/relay/examples/notebook_data/bicycle_bivariate_144_12_12_message_mix_grid_Z_p0035_r60/seed_0/grid_results.csv,0
104,10,-0.1,0.85,0.9,0.0,0.1,0.75,50000,1,48.0,10.0,10,True,0.2083333333333333,37,0.7708333333333334,1334.0833333333333,/hpc/group/pfisterlab/mg551/storage/relay/relay/examples/notebook_data/bicycle_bivariate_144_12_12_message_mix_grid_Z_p0035_r60/seed_4/grid_results.csv,4
312,31,-0.02,0.7,0.995,-0.1,0.25,0.25,50000,1,48.0,10.0,10,True,0.2083333333333333,36,0.75,1340.7291666666667,/hpc/group/pfisterlab/mg551/storage/relay/relay/examples/notebook_data/bicycle_bivariate_144_12_12_message_mix_grid_Z_p0035_r60/seed_2/grid_results.csv,2
170,17,-0.1,1.0,0.9,-0.25,0.25,0.75,50000,1,48.0,10.0,10,True,0.2083333333333333,37,0.7708333333333334,1374.9166666666667,/hpc/group/pfisterlab/mg551/storage/relay/relay/examples/notebook_data/bicycle_bivariate_144_12_12_message_mix_grid_Z_p0035_r60/seed_0/grid_results.csv,0
555,55,0.0,0.7,0.995,-0.1,0.25,0.25,50000,1,48.0,10.0,10,True,0.2083333333333333,37,0.7708333333333334,1378.2291666666667,/hpc/group/pfisterlab/mg551/storage/relay/relay/examples/notebook_data/bicycle_bivariate_144_12_12_message_mix_grid_Z_p0035_r60/seed_5/grid_results.csv,5
553,55,0.0,0.7,0.995,-0.1,0.1,0.5,50000,1,48.0,10.0,10,True,0.2083333333333333,36,0.75,1378.2916666666667,/hpc/group/pfisterlab/mg551/storage/relay/relay/examples/notebook_data/bicycle_bivariate_144_12_12_message_mix_grid_Z_p0035_r60/seed_3/grid_results.csv,3
225,22,-0.1,1.0,0.995,-0.1,0.0,0.25,50000,1,46.0,10.0,10,True,0.217391304347826,36,0.782608695652174,875.0217391304348,/hpc/group/pfisterlab/mg551/storage/relay/relay/examples/notebook_data/bicycle_bivariate_144_12_12_message_mix_grid_Z_p0035_r60/seed_5/grid_results.csv,5
145,14,-0.1,0.85,0.995,-0.1,0.0,0.5,50000,1,46.0,10.0,10,True,0.217391304347826,36,0.782608695652174,946.4130434782608,/hpc/group/pfisterlab/mg551/storage/relay/relay/examples/notebook_data/bicycle_bivariate_144_12_12_message_mix_grid_Z_p0035_r60/seed_5/grid_results.csv,5
388,38,-0.02,0.85,0.995,-0.1,0.0,0.5,50000,1,46.0,10.0,10,True,0.217391304347826,35,0.7608695652173914,952.2608695652174,/hpc/group/pfisterlab/mg551/storage/relay/relay/examples/notebook_data/bicycle_bivariate_144_12_12_message_mix_grid_Z_p0035_r60/seed_8/grid_results.csv,8
434,43,-0.02,1.0,0.97,-0.25,0.0,0.75,50000,1,46.0,10.0,10,True,0.217391304347826,35,0.7608695652173914,981.9782608695652,/hpc/group/pfisterlab/mg551/storage/relay/relay/examples/notebook_data/bicycle_bivariate_144_12_12_message_mix_grid_Z_p0035_r60/seed_4/grid_results.csv,4
311,31,-0.02,0.7,0.995,-0.1,0.1,0.75,50000,1,46.0,10.0,10,True,0.217391304347826,35,0.7608695652173914,1018.8695652173913,/hpc/group/pfisterlab/mg551/storage/relay/relay/examples/notebook_data/bicycle_bivariate_144_12_12_message_mix_grid_Z_p0035_r60/seed_1/grid_results.csv,1
360,36,-0.02,0.85,0.97,-0.1,0.0,0.25,50000,1,46.0,10.0,10,True,0.217391304347826,36,0.782608695652174,1053.4565217391305,/hpc/group/pfisterlab/mg551/storage/relay/relay/examples/notebook_data/bicycle_bivariate_144_12_12_message_mix_grid_Z_p0035_r60/seed_0/grid_results.csv,0
181,18,-0.1,1.0,0.9,0.0,0.0,0.5,50000,1,46.0,10.0,10,True,0.217391304347826,36,0.782608695652174,1101.2608695652175,/hpc/group/pfisterlab/mg551/storage/relay/relay/examples/notebook_data/bicycle_bivariate_144_12_12_message_mix_grid_Z_p0035_r60/seed_1/grid_results.csv,1
319,31,-0.02,0.7,0.995,0.0,0.1,0.5,50000,1,46.0,10.0,10,True,0.217391304347826,34,0.7391304347826086,1101.6304347826087,/hpc/group/pfisterlab/mg551/storage/relay/relay/examples/notebook_data/bicycle_bivariate_144_12_12_message_mix_grid_Z_p0035_r60/seed_9/grid_results.csv,9
384,38,-0.02,0.85,0.995,-0.25,0.25,0.25,50000,1,46.0,10.0,10,True,0.217391304347826,36,0.782608695652174,1113.4130434782608,/hpc/group/pfisterlab/mg551/storage/relay/relay/examples/notebook_data/bicycle_bivariate_144_12_12_message_mix_grid_Z_p0035_r60/seed_4/grid_results.csv,4
603,60,0.0,0.85,0.97,-0.1,0.0,0.25,50000,1,46.0,10.0,10,True,0.217391304347826,35,0.7608695652173914,1135.3260869565215,/hpc/group/pfisterlab/mg551/storage/relay/relay/examples/notebook_data/bicycle_bivariate_144_12_12_message_mix_grid_Z_p0035_r60/seed_3/grid_results.csv,3
503,50,0.0,0.7,0.9,-0.1,0.25,0.75,50000,1,46.0,10.0,10,True,0.217391304347826,36,0.782608695652174,1137.8695652173913,/hpc/group/pfisterlab/mg551/storage/relay/relay/examples/notebook_data/bicycle_bivariate_144_12_12_message_mix_grid_Z_p0035_r60/seed_3/grid_results.csv,3
144,14,-0.1,0.85,0.995,-0.1,0.0,0.25,50000,1,46.0,10.0,10,True,0.217391304347826,35,0.7608695652173914,1147.3695652173913,/hpc/group/pfisterlab/mg551/storage/relay/relay/examples/notebook_data/bicycle_bivariate_144_12_12_message_mix_grid_Z_p0035_r60/seed_4/grid_results.csv,4
424,42,-0.02,1.0,0.9,0.0,0.0,0.5,50000,1,46.0,10.0,10,True,0.217391304347826,36,0.782608695652174,1179.5652173913045,/hpc/group/pfisterlab/mg551/storage/relay/relay/examples/notebook_data/bicycle_bivariate_144_12_12_message_mix_grid_Z_p0035_r60/seed_4/grid_results.csv,4
659,65,0.0,1.0,0.9,-0.1,0.0,0.75,50000,1,46.0,10.0,10,True,0.217391304347826,36,0.782608695652174,1251.2608695652175,/hpc/group/pfisterlab/mg551/storage/relay/relay/examples/notebook_data/bicycle_bivariate_144_12_12_message_mix_grid_Z_p0035_r60/seed_9/grid_results.csv,9
184,18,-0.1,1.0,0.9,0.0,0.1,0.5,50000,1,46.0,10.0,10,True,0.217391304347826,36,0.782608695652174,1281.7608695652175,/hpc/group/pfisterlab/mg551/storage/relay/relay/examples/notebook_data/bicycle_bivariate_144_12_12_message_mix_grid_Z_p0035_r60/seed_4/grid_results.csv,4
663,66,0.0,1.0,0.9,-0.1,0.25,0.25,50000,1,46.0,10.0,10,True,0.217391304347826,36,0.782608695652174,1296.3695652173913,/hpc/group/pfisterlab/mg551/storage/relay/relay/examples/notebook_data/bicycle_bivariate_144_12_12_message_mix_grid_Z_p0035_r60/seed_3/grid_results.csv,3
561,56,0.0,0.7,0.995,0.0,0.1,0.25,50000,1,46.0,10.0,10,True,0.217391304347826,34,0.7391304347826086,1315.0869565217392,/hpc/group/pfisterlab/mg551/storage/relay/relay/examples/notebook_data/bicycle_bivariate_144_12_12_message_mix_grid_Z_p0035_r60/seed_1/grid_results.csv,1
260,26,-0.02,0.7,0.9,-0.1,0.25,0.75,50000,1,46.0,10.0,10,True,0.217391304347826,36,0.782608695652174,1328.2826086956522,/hpc/group/pfisterlab/mg551/storage/relay/relay/examples/notebook_data/bicycle_bivariate_144_12_12_message_mix_grid_Z_p0035_r60/seed_0/grid_results.csv,0
588,58,0.0,0.85,0.9,0.0,0.1,0.25,50000,1,46.0,10.0,10,True,0.217391304347826,36,0.782608695652174,1343.0434782608695,/hpc/group/pfisterlab/mg551/storage/relay/relay/examples/notebook_data/bicycle_bivariate_144_12_12_message_mix_grid_Z_p0035_r60/seed_8/grid_results.csv,8
275,27,-0.02,0.7,0.97,-0.25,0.1,0.75,50000,1,46.0,10.0,10,True,0.217391304347826,34,0.7391304347826086,1385.5652173913045,/hpc/group/pfisterlab/mg551/storage/relay/relay/examples/notebook_data/bicycle_bivariate_144_12_12_message_mix_grid_Z_p0035_r60/seed_5/grid_results.csv,5
534,53,0.0,0.7,0.97,0.0,0.1,0.25,50000,1,46.0,10.0,10,True,0.217391304347826,35,0.7608695652173914,1390.2173913043478,/hpc/group/pfisterlab/mg551/storage/relay/relay/examples/notebook_data/bicycle_bivariate_144_12_12_message_mix_grid_Z_p0035_r60/seed_4/grid_results.csv,4
89,8,-0.1,0.85,0.9,-0.25,0.25,0.75,50000,1,46.0,10.0,10,True,0.217391304347826,35,0.7608695652173914,1425.4565217391305,/hpc/group/pfisterlab/mg551/storage/relay/relay/examples/notebook_data/bicycle_bivariate_144_12_12_message_mix_grid_Z_p0035_r60/seed_9/grid_results.csv,9
580,58,0.0,0.85,0.9,-0.1,0.1,0.5,50000,1,46.0,10.0,10,True,0.217391304347826,35,0.7608695652173914,1433.0217391304348,/hpc/group/pfisterlab/mg551/storage/relay/relay/examples/notebook_data/bicycle_bivariate_144_12_12_message_mix_grid_Z_p0035_r60/seed_0/grid_results.csv,0
518,51,0.0,0.7,0.97,-0.25,0.1,0.75,50000,1,46.0,10.0,10,True,0.217391304347826,34,0.7391304347826086,1480.6521739130435,/hpc/group/pfisterlab/mg551/storage/relay/relay/examples/notebook_data/bicycle_bivariate_144_12_12_message_mix_grid_Z_p0035_r60/seed_8/grid_results.csv,8
34,3,-0.1,0.7,0.97,-0.25,0.25,0.5,50000,1,46.0,10.0,10,True,0.217391304347826,34,0.7391304347826086,1635.0,/hpc/group/pfisterlab/mg551/storage/relay/relay/examples/notebook_data/bicycle_bivariate_144_12_12_message_mix_grid_Z_p0035_r60/seed_4/grid_results.csv,4
387,38,-0.02,0.85,0.995,-0.1,0.0,0.25,50000,1,45.0,10.0,10,True,0.2222222222222222,35,0.7777777777777778,963.6666666666666,/hpc/group/pfisterlab/mg551/storage/relay/relay/examples/notebook_data/bicycle_bivariate_144_12_12_message_mix_grid_Z_p0035_r60/seed_7/grid_results.csv,7
667,66,0.0,1.0,0.9,0.0,0.0,0.5,50000,1,45.0,10.0,10,True,0.2222222222222222,35,0.7777777777777778,1109.9555555555555,/hpc/group/pfisterlab/mg551/storage/relay/relay/examples/notebook_data/bicycle_bivariate_144_12_12_message_mix_grid_Z_p0035_r60/seed_7/grid_results.csv,7
668,66,0.0,1.0,0.9,0.0,0.0,0.75,50000,1,45.0,10.0,10,True,0.2222222222222222,35,0.7777777777777778,1116.088888888889,/hpc/group/pfisterlab/mg551/storage/relay/relay/examples/notebook_data/bicycle_bivariate_144_12_12_message_mix_grid_Z_p0035_r60/seed_8/grid_results.csv,8
420,42,-0.02,1.0,0.9,-0.1,0.25,0.25,50000,1,45.0,10.0,10,True,0.2222222222222222,35,0.7777777777777778,1122.1555555555556,/hpc/group/pfisterlab/mg551/storage/relay/relay/examples/notebook_data/bicycle_bivariate_144_12_12_message_mix_grid_Z_p0035_r60/seed_0/grid_results.csv,0
416,41,-0.02,1.0,0.9,-0.1,0.0,0.75,50000,1,45.0,10.0,10,True,0.2222222222222222,35,0.7777777777777778,1165.2666666666669,/hpc/group/pfisterlab/mg551/storage/relay/relay/examples/notebook_data/bicycle_bivariate_144_12_12_message_mix_grid_Z_p0035_r60/seed_6/grid_results.csv,6
136,13,-0.1,0.85,0.995,-0.25,0.0,0.5,50000,1,45.0,10.0,10,True,0.2222222222222222,35,0.7777777777777778,1198.7333333333331,/hpc/group/pfisterlab/mg551/storage/relay/relay/examples/notebook_data/bicycle_bivariate_144_12_12_message_mix_grid_Z_p0035_r60/seed_6/grid_results.csv,6
627,62,0.0,0.85,0.995,-0.25,0.25,0.25,50000,1,45.0,10.0,10,True,0.2222222222222222,35,0.7777777777777778,1201.4666666666667,/hpc/group/pfisterlab/mg551/storage/relay/relay/examples/notebook_data/bicycle_bivariate_144_12_12_message_mix_grid_Z_p0035_r60/seed_7/grid_results.csv,7
318,31,-0.02,0.7,0.995,0.0,0.1,0.25,50000,1,45.0,10.0,10,True,0.2222222222222222,34,0.7555555555555555,1215.3777777777775,/hpc/group/pfisterlab/mg551/storage/relay/relay/examples/notebook_data/bicycle_bivariate_144_12_12_message_mix_grid_Z_p0035_r60/seed_8/grid_results.csv,8
291,29,-0.02,0.7,0.97,0.0,0.1,0.25,50000,1,45.0,10.0,10,True,0.2222222222222222,35,0.7777777777777778,1276.4444444444443,/hpc/group/pfisterlab/mg551/storage/relay/relay/examples/notebook_data/bicycle_bivariate_144_12_12_message_mix_grid_Z_p0035_r60/seed_1/grid_results.csv,1
379,37,-0.02,0.85,0.995,-0.25,0.0,0.5,50000,1,45.0,10.0,10,True,0.2222222222222222,33,0.7333333333333333,1289.8444444444444,/hpc/group/pfisterlab/mg551/storage/relay/relay/examples/notebook_data/bicycle_bivariate_144_12_12_message_mix_grid_Z_p0035_r60/seed_9/grid_results.csv,9
183,18,-0.1,1.0,0.9,0.0,0.1,0.25,50000,1,45.0,10.0,10,True,0.2222222222222222,35,0.7777777777777778,1327.0666666666666,/hpc/group/pfisterlab/mg551/storage/relay/relay/examples/notebook_data/bicycle_bivariate_144_12_12_message_mix_grid_Z_p0035_r60/seed_3/grid_results.csv,3
186,18,-0.1,1.0,0.9,0.0,0.25,0.25,50000,1,45.0,10.0,10,True,0.2222222222222222,35,0.7777777777777778,1346.2,/hpc/group/pfisterlab/mg551/storage/relay/relay/examples/notebook_data/bicycle_bivariate_144_12_12_message_mix_grid_Z_p0035_r60/seed_6/grid_results.csv,6
660,66,0.0,1.0,0.9,-0.1,0.1,0.25,50000,1,45.0,10.0,10,True,0.2222222222222222,35,0.7777777777777778,1364.2,/hpc/group/pfisterlab/mg551/storage/relay/relay/examples/notebook_data/bicycle_bivariate_144_12_12_message_mix_grid_Z_p0035_r60/seed_0/grid_results.csv,0
345,34,-0.02,0.85,0.9,0.0,0.1,0.25,50000,1,45.0,10.0,10,True,0.2222222222222222,34,0.7555555555555555,1372.9333333333334,/hpc/group/pfisterlab/mg551/storage/relay/relay/examples/notebook_data/bicycle_bivariate_144_12_12_message_mix_grid_Z_p0035_r60/seed_5/grid_results.csv,5
277,27,-0.02,0.7,0.97,-0.25,0.25,0.5,50000,1,45.0,10.0,10,True,0.2222222222222222,34,0.7555555555555555,1433.3111111111111,/hpc/group/pfisterlab/mg551/storage/relay/relay/examples/notebook_data/bicycle_bivariate_144_12_12_message_mix_grid_Z_p0035_r60/seed_7/grid_results.csv,7
582,58,0.0,0.85,0.9,-0.1,0.25,0.25,50000,1,45.0,10.0,10,True,0.2222222222222222,35,0.7777777777777778,1467.8444444444444,/hpc/group/pfisterlab/mg551/storage/relay/relay/examples/notebook_data/bicycle_bivariate_144_12_12_message_mix_grid_Z_p0035_r60/seed_2/grid_results.csv,2
337,33,-0.02,0.85,0.9,-0.1,0.1,0.5,50000,1,45.0,10.0,10,True,0.2222222222222222,34,0.7555555555555555,1477.8666666666666,/hpc/group/pfisterlab/mg551/storage/relay/relay/examples/notebook_data/bicycle_bivariate_144_12_12_message_mix_grid_Z_p0035_r60/seed_7/grid_results.csv,7
528,52,0.0,0.7,0.97,-0.1,0.25,0.25,50000,1,45.0,10.0,10,True,0.2222222222222222,33,0.7333333333333333,1580.3555555555556,/hpc/group/pfisterlab/mg551/storage/relay/relay/examples/notebook_data/bicycle_bivariate_144_12_12_message_mix_grid_Z_p0035_r60/seed_8/grid_results.csv,8
185,18,-0.1,1.0,0.9,0.0,0.1,0.75,50000,1,44.0,10.0,10,True,0.2272727272727272,34,0.7727272727272727,1220.2045454545455,/hpc/group/pfisterlab/mg551/storage/relay/relay/examples/notebook_data/bicycle_bivariate_144_12_12_message_mix_grid_Z_p0035_r60/seed_5/grid_results.csv,5
658,65,0.0,1.0,0.9,-0.1,0.0,0.5,50000,1,44.0,10.0,10,True,0.2272727272727272,34,0.7727272727272727,1238.909090909091,/hpc/group/pfisterlab/mg551/storage/relay/relay/examples/notebook_data/bicycle_bivariate_144_12_12_message_mix_grid_Z_p0035_r60/seed_8/grid_results.csv,8
176,17,-0.1,1.0,0.9,-0.1,0.1,0.75,50000,1,44.0,10.0,10,True,0.2272727272727272,34,0.7727272727272727,1256.659090909091,/hpc/group/pfisterlab/mg551/storage/relay/relay/examples/notebook_data/bicycle_bivariate_144_12_12_message_mix_grid_Z_p0035_r60/seed_6/grid_results.csv,6
433,43,-0.02,1.0,0.97,-0.25,0.0,0.5,50000,1,44.0,10.0,10,True,0.2272727272727272,33,0.75,1300.6818181818182,/hpc/group/pfisterlab/mg551/storage/relay/relay/examples/notebook_data/bicycle_bivariate_144_12_12_message_mix_grid_Z_p0035_r60/seed_3/grid_results.csv,3
175,17,-0.1,1.0,0.9,-0.1,0.1,0.5,50000,1,44.0,10.0,10,True,0.2272727272727272,34,0.7727272727272727,1316.8636363636365,/hpc/group/pfisterlab/mg551/storage/relay/relay/examples/notebook_data/bicycle_bivariate_144_12_12_message_mix_grid_Z_p0035_r60/seed_5/grid_results.csv,5
109,10,-0.1,0.85,0.97,-0.25,0.0,0.5,50000,1,44.0,10.0,10,True,0.2272727272727272,33,0.75,1331.3636363636365,/hpc/group/pfisterlab/mg551/storage/relay/relay/examples/notebook_data/bicycle_bivariate_144_12_12_message_mix_grid_Z_p0035_r60/seed_9/grid_results.csv,9
587,58,0.0,0.85,0.9,0.0,0.0,0.75,50000,1,44.0,10.0,10,True,0.2272727272727272,32,0.7272727272727273,1367.6136363636365,/hpc/group/pfisterlab/mg551/storage/relay/relay/examples/notebook_data/bicycle_bivariate_144_12_12_message_mix_grid_Z_p0035_r60/seed_7/grid_results.csv,7
32,3,-0.1,0.7,0.97,-0.25,0.1,0.75,50000,1,44.0,10.0,10,True,0.2272727272727272,33,0.75,1396.5454545454545,/hpc/group/pfisterlab/mg551/storage/relay/relay/examples/notebook_data/bicycle_bivariate_144_12_12_message_mix_grid_Z_p0035_r60/seed_2/grid_results.csv,2
414,41,-0.02,1.0,0.9,-0.1,0.0,0.25,50000,1,43.0,10.0,10,True,0.2325581395348837,33,0.7674418604651163,1294.5348837209303,/hpc/group/pfisterlab/mg551/storage/relay/relay/examples/notebook_data/bicycle_bivariate_144_12_12_message_mix_grid_Z_p0035_r60/seed_4/grid_results.csv,4
180,18,-0.1,1.0,0.9,0.0,0.0,0.25,50000,1,43.0,10.0,10,True,0.2325581395348837,33,0.7674418604651163,1297.3953488372092,/hpc/group/pfisterlab/mg551/storage/relay/relay/examples/notebook_data/bicycle_bivariate_144_12_12_message_mix_grid_Z_p0035_r60/seed_0/grid_results.csv,0
343,34,-0.02,0.85,0.9,0.0,0.0,0.5,50000,1,43.0,10.0,10,True,0.2325581395348837,32,0.7441860465116279,1336.0,/hpc/group/pfisterlab/mg551/storage/relay/relay/examples/notebook_data/bicycle_bivariate_144_12_12_message_mix_grid_Z_p0035_r60/seed_3/grid_results.csv,3
586,58,0.0,0.85,0.9,0.0,0.0,0.5,50000,1,43.0,10.0,10,True,0.2325581395348837,32,0.7441860465116279,1368.9767441860463,/hpc/group/pfisterlab/mg551/storage/relay/relay/examples/notebook_data/bicycle_bivariate_144_12_12_message_mix_grid_Z_p0035_r60/seed_6/grid_results.csv,6
655,65,0.0,1.0,0.9,-0.25,0.25,0.5,50000,1,43.0,10.0,10,True,0.2325581395348837,31,0.7209302325581395,1383.9302325581396,/hpc/group/pfisterlab/mg551/storage/relay/relay/examples/notebook_data/bicycle_bivariate_144_12_12_message_mix_grid_Z_p0035_r60/seed_5/grid_results.csv,5
97,9,-0.1,0.85,0.9,-0.1,0.25,0.5,50000,1,43.0,10.0,10,True,0.2325581395348837,33,0.7674418604651163,1484.1627906976744,/hpc/group/pfisterlab/mg551/storage/relay/relay/examples/notebook_data/bicycle_bivariate_144_12_12_message_mix_grid_Z_p0035_r60/seed_7/grid_results.csv,7
251,25,-0.02,0.7,0.9,-0.25,0.25,0.75,50000,1,43.0,10.0,10,True,0.2325581395348837,32,0.7441860465116279,1637.3720930232555,/hpc/group/pfisterlab/mg551/storage/relay/relay/examples/notebook_data/bicycle_bivariate_144_12_12_message_mix_grid_Z_p0035_r60/seed_1/grid_results.csv,1
630,63,0.0,0.85,0.995,-0.1,0.0,0.25,50000,1,42.0,10.0,10,True,0.238095238095238,32,0.7619047619047619,997.3333333333334,/hpc/group/pfisterlab/mg551/storage/relay/relay/examples/notebook_data/bicycle_bivariate_144_12_12_message_mix_grid_Z_p0035_r60/seed_0/grid_results.csv,0
193,19,-0.1,1.0,0.97,-0.25,0.1,0.5,50000,1,42.0,10.0,10,True,0.238095238095238,32,0.7619047619047619,1040.547619047619,/hpc/group/pfisterlab/mg551/storage/relay/relay/examples/notebook_data/bicycle_bivariate_144_12_12_message_mix_grid_Z_p0035_r60/seed_3/grid_results.csv,3
182,18,-0.1,1.0,0.9,0.0,0.0,0.75,50000,1,42.0,10.0,10,True,0.238095238095238,32,0.7619047619047619,1177.1666666666667,/hpc/group/pfisterlab/mg551/storage/relay/relay/examples/notebook_data/bicycle_bivariate_144_12_12_message_mix_grid_Z_p0035_r60/seed_2/grid_results.csv,2
178,17,-0.1,1.0,0.9,-0.1,0.25,0.5,50000,1,42.0,10.0,10,True,0.238095238095238,32,0.7619047619047619,1312.0,/hpc/group/pfisterlab/mg551/storage/relay/relay/examples/notebook_data/bicycle_bivariate_144_12_12_message_mix_grid_Z_p0035_r60/seed_8/grid_results.csv,8
173,17,-0.1,1.0,0.9,-0.1,0.0,0.75,50000,1,42.0,10.0,10,True,0.238095238095238,32,0.7619047619047619,1320.7857142857142,/hpc/group/pfisterlab/mg551/storage/relay/relay/examples/notebook_data/bicycle_bivariate_144_12_12_message_mix_grid_Z_p0035_r60/seed_3/grid_results.csv,3
574,57,0.0,0.85,0.9,-0.25,0.25,0.5,50000,1,42.0,10.0,10,True,0.238095238095238,32,0.7619047619047619,1407.2857142857142,/hpc/group/pfisterlab/mg551/storage/relay/relay/examples/notebook_data/bicycle_bivariate_144_12_12_message_mix_grid_Z_p0035_r60/seed_4/grid_results.csv,4
595,59,0.0,0.85,0.97,-0.25,0.0,0.5,50000,1,42.0,10.0,10,True,0.238095238095238,32,0.7619047619047619,1420.142857142857,/hpc/group/pfisterlab/mg551/storage/relay/relay/examples/notebook_data/bicycle_bivariate_144_12_12_message_mix_grid_Z_p0035_r60/seed_5/grid_results.csv,5
357,35,-0.02,0.85,0.97,-0.25,0.25,0.25,50000,1,42.0,10.0,10,True,0.238095238095238,30,0.7142857142857143,1444.6190476190477,/hpc/group/pfisterlab/mg551/storage/relay/relay/examples/notebook_data/bicycle_bivariate_144_12_12_message_mix_grid_Z_p0035_r60/seed_7/grid_results.csv,7
177,17,-0.1,1.0,0.9,-0.1,0.25,0.25,50000,1,42.0,10.0,10,True,0.238095238095238,31,0.7380952380952381,1490.595238095238,/hpc/group/pfisterlab/mg551/storage/relay/relay/examples/notebook_data/bicycle_bivariate_144_12_12_message_mix_grid_Z_p0035_r60/seed_7/grid_results.csv,7
268,26,-0.02,0.7,0.9,0.0,0.25,0.5,50000,1,42.0,10.0,10,True,0.238095238095238,32,0.7619047619047619,1504.6190476190477,/hpc/group/pfisterlab/mg551/storage/relay/relay/examples/notebook_data/bicycle_bivariate_144_12_12_message_mix_grid_Z_p0035_r60/seed_8/grid_results.csv,8
217,21,-0.1,1.0,0.995,-0.25,0.0,0.5,50000,1,40.0,10.0,10,True,0.25,30,0.75,1185.375,/hpc/group/pfisterlab/mg551/storage/relay/relay/examples/notebook_data/bicycle_bivariate_144_12_12_message_mix_grid_Z_p0035_r60/seed_7/grid_results.csv,7
460,46,-0.02,1.0,0.995,-0.25,0.0,0.5,50000,1,40.0,10.0,10,True,0.25,29,0.725,1186.725,/hpc/group/pfisterlab/mg551/storage/relay/relay/examples/notebook_data/bicycle_bivariate_144_12_12_message_mix_grid_Z_p0035_r60/seed_0/grid_results.csv,0
75,7,-0.1,0.7,0.995,0.0,0.1,0.25,50000,1,40.0,10.0,10,True,0.25,30,0.75,1212.7,/hpc/group/pfisterlab/mg551/storage/relay/relay/examples/notebook_data/bicycle_bivariate_144_12_12_message_mix_grid_Z_p0035_r60/seed_5/grid_results.csv,5
600,60,0.0,0.85,0.97,-0.25,0.25,0.25,50000,1,40.0,10.0,10,True,0.25,30,0.75,1233.5,/hpc/group/pfisterlab/mg551/storage/relay/relay/examples/notebook_data/bicycle_bivariate_144_12_12_message_mix_grid_Z_p0035_r60/seed_0/grid_results.csv,0
650,65,0.0,1.0,0.9,-0.25,0.0,0.75,50000,1,40.0,10.0,10,True,0.25,30,0.75,1253.075,/hpc/group/pfisterlab/mg551/storage/relay/relay/examples/notebook_data/bicycle_bivariate_144_12_12_message_mix_grid_Z_p0035_r60/seed_0/grid_results.csv,0
622,62,0.0,0.85,0.995,-0.25,0.0,0.5,50000,1,40.0,10.0,10,True,0.25,30,0.75,1281.525,/hpc/group/pfisterlab/mg551/storage/relay/relay/examples/notebook_data/bicycle_bivariate_144_12_12_message_mix_grid_Z_p0035_r60/seed_2/grid_results.csv,2
344,34,-0.02,0.85,0.9,0.0,0.0,0.75,50000,1,40.0,10.0,10,True,0.25,30,0.75,1300.725,/hpc/group/pfisterlab/mg551/storage/relay/relay/examples/notebook_data/bicycle_bivariate_144_12_12_message_mix_grid_Z_p0035_r60/seed_4/grid_results.csv,4
310,31,-0.02,0.7,0.995,-0.1,0.1,0.5,50000,1,40.0,10.0,10,True,0.25,29,0.725,1303.25,/hpc/group/pfisterlab/mg551/storage/relay/relay/examples/notebook_data/bicycle_bivariate_144_12_12_message_mix_grid_Z_p0035_r60/seed_0/grid_results.csv,0
329,32,-0.02,0.85,0.9,-0.25,0.1,0.75,50000,1,40.0,10.0,10,True,0.25,30,0.75,1332.15,/hpc/group/pfisterlab/mg551/storage/relay/relay/examples/notebook_data/bicycle_bivariate_144_12_12_message_mix_grid_Z_p0035_r60/seed_9/grid_results.csv,9
511,51,0.0,0.7,0.9,0.0,0.25,0.5,50000,1,40.0,10.0,10,True,0.25,30,0.75,1333.3,/hpc/group/pfisterlab/mg551/storage/relay/relay/examples/notebook_data/bicycle_bivariate_144_12_12_message_mix_grid_Z_p0035_r60/seed_1/grid_results.csv,1
95,9,-0.1,0.85,0.9,-0.1,0.1,0.75,50000,1,40.0,10.0,10,True,0.25,30,0.75,1339.65,/hpc/group/pfisterlab/mg551/storage/relay/relay/examples/notebook_data/bicycle_bivariate_144_12_12_message_mix_grid_Z_p0035_r60/seed_5/grid_results.csv,5
657,65,0.0,1.0,0.9,-0.1,0.0,0.25,50000,1,40.0,10.0,10,True,0.25,30,0.75,1351.025,/hpc/group/pfisterlab/mg551/storage/relay/relay/examples/notebook_data/bicycle_bivariate_144_12_12_message_mix_grid_Z_p0035_r60/seed_7/grid_results.csv,7
114,11,-0.1,0.85,0.97,-0.25,0.25,0.25,50000,1,40.0,10.0,10,True,0.25,30,0.75,1362.975,/hpc/group/pfisterlab/mg551/storage/relay/relay/examples/notebook_data/bicycle_bivariate_144_12_12_message_mix_grid_Z_p0035_r60/seed_4/grid_results.csv,4
412,41,-0.02,1.0,0.9,-0.25,0.25,0.5,50000,1,40.0,10.0,10,True,0.25,30,0.75,1363.975,/hpc/group/pfisterlab/mg551/storage/relay/relay/examples/notebook_data/bicycle_bivariate_144_12_12_message_mix_grid_Z_p0035_r60/seed_2/grid_results.csv,2
578,57,0.0,0.85,0.9,-0.1,0.0,0.75,50000,1,40.0,10.0,10,True,0.25,30,0.75,1365.8,/hpc/group/pfisterlab/mg551/storage/relay/relay/examples/notebook_data/bicycle_bivariate_144_12_12_message_mix_grid_Z_p0035_r60/seed_8/grid_results.csv,8
585,58,0.0,0.85,0.9,0.0,0.0,0.25,50000,1,40.0,10.0,10,True,0.25,29,0.725,1401.175,/hpc/group/pfisterlab/mg551/storage/relay/relay/examples/notebook_data/bicycle_bivariate_144_12_12_message_mix_grid_Z_p0035_r60/seed_5/grid_results.csv,5
579,57,0.0,0.85,0.9,-0.1,0.1,0.25,50000,1,40.0,10.0,10,True,0.25,30,0.75,1423.85,/hpc/group/pfisterlab/mg551/storage/relay/relay/examples/notebook_data/bicycle_bivariate_144_12_12_message_mix_grid_Z_p0035_r60/seed_9/grid_results.csv,9
283,28,-0.02,0.7,0.97,-0.1,0.1,0.5,50000,1,40.0,10.0,10,True,0.25,29,0.725,1433.275,/hpc/group/pfisterlab/mg551/storage/relay/relay/examples/notebook_data/bicycle_bivariate_144_12_12_message_mix_grid_Z_p0035_r60/seed_3/grid_results.csv,3
335,33,-0.02,0.85,0.9,-0.1,0.0,0.75,50000,1,40.0,10.0,10,True,0.25,30,0.75,1622.05,/hpc/group/pfisterlab/mg551/storage/relay/relay/examples/notebook_data/bicycle_bivariate_144_12_12_message_mix_grid_Z_p0035_r60/seed_5/grid_results.csv,5
46,4,-0.1,0.7,0.97,0.0,0.0,0.5,50000,1,40.0,10.0,10,True,0.25,28,0.7,1735.2,/hpc/group/pfisterlab/mg551/storage/relay/relay/examples/notebook_data/bicycle_bivariate_144_12_12_message_mix_grid_Z_p0035_r60/seed_6/grid_results.csv,6
417,41,-0.02,1.0,0.9,-0.1,0.1,0.25,50000,1,38.0,10.0,10,True,0.2631578947368421,28,0.7368421052631579,1201.0526315789473,/hpc/group/pfisterlab/mg551/storage/relay/relay/examples/notebook_data/bicycle_bivariate_144_12_12_message_mix_grid_Z_p0035_r60/seed_7/grid_results.csv,7
190,19,-0.1,1.0,0.97,-0.25,0.0,0.5,50000,1,38.0,10.0,10,True,0.2631578947368421,28,0.7368421052631579,1315.921052631579,/hpc/group/pfisterlab/mg551/storage/relay/relay/examples/notebook_data/bicycle_bivariate_144_12_12_message_mix_grid_Z_p0035_r60/seed_0/grid_results.csv,0
415,41,-0.02,1.0,0.9,-0.1,0.0,0.5,50000,1,38.0,10.0,10,True,0.2631578947368421,28,0.7368421052631579,1334.7105263157894,/hpc/group/pfisterlab/mg551/storage/relay/relay/examples/notebook_data/bicycle_bivariate_144_12_12_message_mix_grid_Z_p0035_r60/seed_5/grid_results.csv,5
438,43,-0.02,1.0,0.97,-0.25,0.25,0.25,50000,1,38.0,10.0,10,True,0.2631578947368421,28,0.7368421052631579,1427.8684210526317,/hpc/group/pfisterlab/mg551/storage/relay/relay/examples/notebook_data/bicycle_bivariate_144_12_12_message_mix_grid_Z_p0035_r60/seed_8/grid_results.csv,8
352,35,-0.02,0.85,0.97,-0.25,0.0,0.5,50000,1,38.0,10.0,10,True,0.2631578947368421,27,0.7105263157894737,1469.2105263157894,/hpc/group/pfisterlab/mg551/storage/relay/relay/examples/notebook_data/bicycle_bivariate_144_12_12_message_mix_grid_Z_p0035_r60/seed_2/grid_results.csv,2
105,10,-0.1,0.85,0.9,0.0,0.25,0.25,50000,1,38.0,10.0,10,True,0.2631578947368421,28,0.7368421052631579,1518.4473684210527,/hpc/group/pfisterlab/mg551/storage/relay/relay/examples/notebook_data/bicycle_bivariate_144_12_12_message_mix_grid_Z_p0035_r60/seed_5/grid_results.csv,5
326,32,-0.02,0.85,0.9,-0.25,0.0,0.75,50000,1,38.0,10.0,10,True,0.2631578947368421,28,0.7368421052631579,1543.1315789473683,/hpc/group/pfisterlab/mg551/storage/relay/relay/examples/notebook_data/bicycle_bivariate_144_12_12_message_mix_grid_Z_p0035_r60/seed_6/grid_results.csv,6
577,57,0.0,0.85,0.9,-0.1,0.0,0.5,50000,1,38.0,10.0,10,True,0.2631578947368421,28,0.7368421052631579,1544.157894736842,/hpc/group/pfisterlab/mg551/storage/relay/relay/examples/notebook_data/bicycle_bivariate_144_12_12_message_mix_grid_Z_p0035_r60/seed_7/grid_results.csv,7
526,52,0.0,0.7,0.97,-0.1,0.1,0.5,50000,1,38.0,10.0,10,True,0.2631578947368421,28,0.7368421052631579,1634.4473684210527,/hpc/group/pfisterlab/mg551/storage/relay/relay/examples/notebook_data/bicycle_bivariate_144_12_12_message_mix_grid_Z_p0035_r60/seed_6/grid_results.csv,6
67,6,-0.1,0.7,0.995,-0.1,0.1,0.5,50000,1,34.0,10.0,10,True,0.2941176470588235,24,0.7058823529411765,1379.3529411764705,/hpc/group/pfisterlab/mg551/storage/relay/relay/examples/notebook_data/bicycle_bivariate_144_12_12_message_mix_grid_Z_p0035_r60/seed_7/grid_results.csv,7
48,4,-0.1,0.7,0.97,0.0,0.1,0.25,50000,1,34.0,10.0,10,True,0.2941176470588235,22,0.6470588235294118,1674.9411764705883,/hpc/group/pfisterlab/mg551/storage/relay/relay/examples/notebook_data/bicycle_bivariate_144_12_12_message_mix_grid_Z_p0035_r60/seed_8/grid_results.csv,8
509,50,0.0,0.7,0.9,0.0,0.1,0.75,50000,1,34.0,10.0,10,True,0.2941176470588235,24,0.7058823529411765,1998.1470588235293,/hpc/group/pfisterlab/mg551/storage/relay/relay/examples/notebook_data/bicycle_bivariate_144_12_12_message_mix_grid_Z_p0035_r60/seed_9/grid_results.csv,9
167,16,-0.1,1.0,0.9,-0.25,0.1,0.75,50000,1,30.0,10.0,10,True,0.3333333333333333,20,0.6666666666666666,1639.9333333333334,/hpc/group/pfisterlab/mg551/storage/relay/relay/examples/notebook_data/bicycle_bivariate_144_12_12_message_mix_grid_Z_p0035_r60/seed_7/grid_results.csv,7
342,34,-0.02,0.85,0.9,0.0,0.0,0.25,50000,1,30.0,10.0,10,True,0.3333333333333333,20,0.6666666666666666,1736.2,/hpc/group/pfisterlab/mg551/storage/relay/relay/examples/notebook_data/bicycle_bivariate_144_12_12_message_mix_grid_Z_p0035_r60/seed_2/grid_results.csv,2
103,10,-0.1,0.85,0.9,0.0,0.1,0.5,50000,1,30.0,10.0,10,True,0.3333333333333333,20,0.6666666666666666,1764.4333333333334,/hpc/group/pfisterlab/mg551/storage/relay/relay/examples/notebook_data/bicycle_bivariate_144_12_12_message_mix_grid_Z_p0035_r60/seed_3/grid_results.csv,3
174,17,-0.1,1.0,0.9,-0.1,0.1,0.25,50000,1,29.0,10.0,10,True,0.3448275862068966,19,0.6551724137931034,1741.1724137931035,/hpc/group/pfisterlab/mg551/storage/relay/relay/examples/notebook_data/bicycle_bivariate_144_12_12_message_mix_grid_Z_p0035_r60/seed_4/grid_results.csv,4
99,9,-0.1,0.85,0.9,0.0,0.0,0.25,50000,1,29.0,10.0,10,True,0.3448275862068966,18,0.6206896551724138,2060.758620689656,/hpc/group/pfisterlab/mg551/storage/relay/relay/examples/notebook_data/bicycle_bivariate_144_12_12_message_mix_grid_Z_p0035_r60/seed_9/grid_results.csv,9
533,53,0.0,0.7,0.97,0.0,0.0,0.75,50000,1,28.0,10.0,10,True,0.3571428571428571,17,0.6071428571428571,1937.607142857143,/hpc/group/pfisterlab/mg551/storage/relay/relay/examples/notebook_data/bicycle_bivariate_144_12_12_message_mix_grid_Z_p0035_r60/seed_3/grid_results.csv,3
266,26,-0.02,0.7,0.9,0.0,0.1,0.75,50000,1,28.0,10.0,10,True,0.3571428571428571,18,0.6428571428571429,1954.357142857143,/hpc/group/pfisterlab/mg551/storage/relay/relay/examples/notebook_data/bicycle_bivariate_144_12_12_message_mix_grid_Z_p0035_r60/seed_6/grid_results.csv,6
703,70,0.0,1.0,0.995,-0.25,0.0,0.5,50000,1,27.0,10.0,10,True,0.3703703703703703,17,0.6296296296296297,1505.2222222222222,/hpc/group/pfisterlab/mg551/storage/relay/relay/examples/notebook_data/bicycle_bivariate_144_12_12_message_mix_grid_Z_p0035_r60/seed_3/grid_results.csv,3
407,40,-0.02,1.0,0.9,-0.25,0.0,0.75,50000,1,27.0,10.0,10,True,0.3703703703703703,17,0.6296296296296297,1586.2592592592594,/hpc/group/pfisterlab/mg551/storage/relay/relay/examples/notebook_data/bicycle_bivariate_144_12_12_message_mix_grid_Z_p0035_r60/seed_7/grid_results.csv,7
222,22,-0.1,1.0,0.995,-0.25,0.25,0.25,50000,1,27.0,10.0,10,True,0.3703703703703703,17,0.6296296296296297,1606.3333333333333,/hpc/group/pfisterlab/mg551/storage/relay/relay/examples/notebook_data/bicycle_bivariate_144_12_12_message_mix_grid_Z_p0035_r60/seed_2/grid_results.csv,2
652,65,0.0,1.0,0.9,-0.25,0.1,0.5,50000,1,27.0,10.0,10,True,0.3703703703703703,17,0.6296296296296297,1617.148148148148,/hpc/group/pfisterlab/mg551/storage/relay/relay/examples/notebook_data/bicycle_bivariate_144_12_12_message_mix_grid_Z_p0035_r60/seed_2/grid_results.csv,2
681,68,0.0,1.0,0.97,-0.25,0.25,0.25,50000,1,27.0,10.0,10,True,0.3703703703703703,17,0.6296296296296297,1627.074074074074,/hpc/group/pfisterlab/mg551/storage/relay/relay/examples/notebook_data/bicycle_bivariate_144_12_12_message_mix_grid_Z_p0035_r60/seed_1/grid_results.csv,1
708,70,0.0,1.0,0.995,-0.25,0.25,0.25,50000,1,27.0,10.0,10,True,0.3703703703703703,17,0.6296296296296297,1647.6296296296296,/hpc/group/pfisterlab/mg551/storage/relay/relay/examples/notebook_data/bicycle_bivariate_144_12_12_message_mix_grid_Z_p0035_r60/seed_8/grid_results.csv,8
101,10,-0.1,0.85,0.9,0.0,0.0,0.75,50000,1,27.0,10.0,10,True,0.3703703703703703,17,0.6296296296296297,1741.7777777777778,/hpc/group/pfisterlab/mg551/storage/relay/relay/examples/notebook_data/bicycle_bivariate_144_12_12_message_mix_grid_Z_p0035_r60/seed_1/grid_results.csv,1
88,8,-0.1,0.85,0.9,-0.25,0.25,0.5,50000,1,27.0,10.0,10,True,0.3703703703703703,16,0.5925925925925926,1768.7407407407406,/hpc/group/pfisterlab/mg551/storage/relay/relay/examples/notebook_data/bicycle_bivariate_144_12_12_message_mix_grid_Z_p0035_r60/seed_8/grid_results.csv,8
285,28,-0.02,0.7,0.97,-0.1,0.25,0.25,50000,1,27.0,10.0,10,True,0.3703703703703703,17,0.6296296296296297,1780.3333333333333,/hpc/group/pfisterlab/mg551/storage/relay/relay/examples/notebook_data/bicycle_bivariate_144_12_12_message_mix_grid_Z_p0035_r60/seed_5/grid_results.csv,5
334,33,-0.02,0.85,0.9,-0.1,0.0,0.5,50000,1,27.0,10.0,10,True,0.3703703703703703,17,0.6296296296296297,1807.555555555556,/hpc/group/pfisterlab/mg551/storage/relay/relay/examples/notebook_data/bicycle_bivariate_144_12_12_message_mix_grid_Z_p0035_r60/seed_4/grid_results.csv,4
172,17,-0.1,1.0,0.9,-0.1,0.0,0.5,50000,1,27.0,10.0,10,True,0.3703703703703703,17,0.6296296296296297,1815.037037037037,/hpc/group/pfisterlab/mg551/storage/relay/relay/examples/notebook_data/bicycle_bivariate_144_12_12_message_mix_grid_Z_p0035_r60/seed_2/grid_results.csv,2
409,40,-0.02,1.0,0.9,-0.25,0.1,0.5,50000,1,27.0,10.0,10,True,0.3703703703703703,17,0.6296296296296297,1848.1851851851848,/hpc/group/pfisterlab/mg551/storage/relay/relay/examples/notebook_data/bicycle_bivariate_144_12_12_message_mix_grid_Z_p0035_r60/seed_9/grid_results.csv,9
331,33,-0.02,0.85,0.9,-0.25,0.25,0.5,50000,1,27.0,10.0,10,True,0.3703703703703703,17,0.6296296296296297,1849.2962962962963,/hpc/group/pfisterlab/mg551/storage/relay/relay/examples/notebook_data/bicycle_bivariate_144_12_12_message_mix_grid_Z_p0035_r60/seed_1/grid_results.csv,1
100,10,-0.1,0.85,0.9,0.0,0.0,0.5,50000,1,27.0,10.0,10,True,0.3703703703703703,17,0.6296296296296297,1854.0,/hpc/group/pfisterlab/mg551/storage/relay/relay/examples/notebook_data/bicycle_bivariate_144_12_12_message_mix_grid_Z_p0035_r60/seed_0/grid_results.csv,0
333,33,-0.02,0.85,0.9,-0.1,0.0,0.25,50000,1,27.0,10.0,10,True,0.3703703703703703,17,0.6296296296296297,1905.6666666666667,/hpc/group/pfisterlab/mg551/storage/relay/relay/examples/notebook_data/bicycle_bivariate_144_12_12_message_mix_grid_Z_p0035_r60/seed_3/grid_results.csv,3
164,16,-0.1,1.0,0.9,-0.25,0.0,0.75,50000,1,27.0,10.0,10,True,0.3703703703703703,17,0.6296296296296297,1924.851851851852,/hpc/group/pfisterlab/mg551/storage/relay/relay/examples/notebook_data/bicycle_bivariate_144_12_12_message_mix_grid_Z_p0035_r60/seed_4/grid_results.csv,4
288,28,-0.02,0.7,0.97,0.0,0.0,0.25,50000,1,27.0,10.0,10,True,0.3703703703703703,16,0.5925925925925926,1934.2962962962963,/hpc/group/pfisterlab/mg551/storage/relay/relay/examples/notebook_data/bicycle_bivariate_144_12_12_message_mix_grid_Z_p0035_r60/seed_8/grid_results.csv,8
259,25,-0.02,0.7,0.9,-0.1,0.25,0.5,50000,1,27.0,10.0,10,True,0.3703703703703703,16,0.5925925925925926,1969.888888888889,/hpc/group/pfisterlab/mg551/storage/relay/relay/examples/notebook_data/bicycle_bivariate_144_12_12_message_mix_grid_Z_p0035_r60/seed_9/grid_results.csv,9
102,10,-0.1,0.85,0.9,0.0,0.1,0.25,50000,1,27.0,10.0,10,True,0.3703703703703703,16,0.5925925925925926,1986.074074074074,/hpc/group/pfisterlab/mg551/storage/relay/relay/examples/notebook_data/bicycle_bivariate_144_12_12_message_mix_grid_Z_p0035_r60/seed_2/grid_results.csv,2
169,16,-0.1,1.0,0.9,-0.25,0.25,0.5,50000,1,27.0,10.0,10,True,0.3703703703703703,17,0.6296296296296297,2031.5185185185185,/hpc/group/pfisterlab/mg551/storage/relay/relay/examples/notebook_data/bicycle_bivariate_144_12_12_message_mix_grid_Z_p0035_r60/seed_9/grid_results.csv,9
171,17,-0.1,1.0,0.9,-0.1,0.0,0.25,50000,1,27.0,10.0,10,True,0.3703703703703703,17,0.6296296296296297,2071.3703703703704,/hpc/group/pfisterlab/mg551/storage/relay/relay/examples/notebook_data/bicycle_bivariate_144_12_12_message_mix_grid_Z_p0035_r60/seed_1/grid_results.csv,1
569,56,0.0,0.85,0.9,-0.25,0.0,0.75,50000,1,27.0,10.0,10,True,0.3703703703703703,17,0.6296296296296297,2080.4814814814813,/hpc/group/pfisterlab/mg551/storage/relay/relay/examples/notebook_data/bicycle_bivariate_144_12_12_message_mix_grid_Z_p0035_r60/seed_9/grid_results.csv,9
8,0,-0.1,0.7,0.9,-0.25,0.25,0.75,50000,1,27.0,10.0,10,True,0.3703703703703703,17,0.6296296296296297,2082.074074074074,/hpc/group/pfisterlab/mg551/storage/relay/relay/examples/notebook_data/bicycle_bivariate_144_12_12_message_mix_grid_Z_p0035_r60/seed_8/grid_results.csv,8
166,16,-0.1,1.0,0.9,-0.25,0.1,0.5,50000,1,27.0,10.0,10,True,0.3703703703703703,14,0.5185185185185185,2310.259259259259,/hpc/group/pfisterlab/mg551/storage/relay/relay/examples/notebook_data/bicycle_bivariate_144_12_12_message_mix_grid_Z_p0035_r60/seed_6/grid_results.csv,6
558,55,0.0,0.7,0.995,0.0,0.0,0.25,50000,1,26.0,10.0,10,True,0.3846153846153846,15,0.5769230769230769,1844.9615384615383,/hpc/group/pfisterlab/mg551/storage/relay/relay/examples/notebook_data/bicycle_bivariate_144_12_12_message_mix_grid_Z_p0035_r60/seed_8/grid_results.csv,8
40,4,-0.1,0.7,0.97,-0.1,0.1,0.5,50000,1,26.0,10.0,10,True,0.3846153846153846,15,0.5769230769230769,1868.1538461538464,/hpc/group/pfisterlab/mg551/storage/relay/relay/examples/notebook_data/bicycle_bivariate_144_12_12_message_mix_grid_Z_p0035_r60/seed_0/grid_results.csv,0
72,7,-0.1,0.7,0.995,0.0,0.0,0.25,50000,1,26.0,10.0,10,True,0.3846153846153846,15,0.5769230769230769,1888.0,/hpc/group/pfisterlab/mg551/storage/relay/relay/examples/notebook_data/bicycle_bivariate_144_12_12_message_mix_grid_Z_p0035_r60/seed_2/grid_results.csv,2
525,52,0.0,0.7,0.97,-0.1,0.1,0.25,50000,1,26.0,10.0,10,True,0.3846153846153846,14,0.5384615384615384,2086.230769230769,/hpc/group/pfisterlab/mg551/storage/relay/relay/examples/notebook_data/bicycle_bivariate_144_12_12_message_mix_grid_Z_p0035_r60/seed_5/grid_results.csv,5
551,55,0.0,0.7,0.995,-0.1,0.0,0.75,50000,1,26.0,10.0,10,True,0.3846153846153846,13,0.5,2271.3846153846152,/hpc/group/pfisterlab/mg551/storage/relay/relay/examples/notebook_data/bicycle_bivariate_144_12_12_message_mix_grid_Z_p0035_r60/seed_1/grid_results.csv,1
676,67,0.0,1.0,0.97,-0.25,0.0,0.5,50000,1,25.0,10.0,10,True,0.4,15,0.6,1609.72,/hpc/group/pfisterlab/mg551/storage/relay/relay/examples/notebook_data/bicycle_bivariate_144_12_12_message_mix_grid_Z_p0035_r60/seed_6/grid_results.csv,6
465,46,-0.02,1.0,0.995,-0.25,0.25,0.25,50000,1,25.0,10.0,10,True,0.4,15,0.6,1678.44,/hpc/group/pfisterlab/mg551/storage/relay/relay/examples/notebook_data/bicycle_bivariate_144_12_12_message_mix_grid_Z_p0035_r60/seed_5/grid_results.csv,5
624,62,0.0,0.85,0.995,-0.25,0.1,0.25,50000,1,25.0,10.0,10,True,0.4,15,0.6,1700.44,/hpc/group/pfisterlab/mg551/storage/relay/relay/examples/notebook_data/bicycle_bivariate_144_12_12_message_mix_grid_Z_p0035_r60/seed_4/grid_results.csv,4
290,29,-0.02,0.7,0.97,0.0,0.0,0.75,50000,1,25.0,10.0,10,True,0.4,15,0.6,1759.48,/hpc/group/pfisterlab/mg551/storage/relay/relay/examples/notebook_data/bicycle_bivariate_144_12_12_message_mix_grid_Z_p0035_r60/seed_0/grid_results.csv,0
531,53,0.0,0.7,0.97,0.0,0.0,0.25,50000,1,25.0,10.0,10,True,0.4,14,0.56,1788.0,/hpc/group/pfisterlab/mg551/storage/relay/relay/examples/notebook_data/bicycle_bivariate_144_12_12_message_mix_grid_Z_p0035_r60/seed_1/grid_results.csv,1
195,19,-0.1,1.0,0.97,-0.25,0.25,0.25,50000,1,25.0,10.0,10,True,0.4,15,0.6,1800.56,/hpc/group/pfisterlab/mg551/storage/relay/relay/examples/notebook_data/bicycle_bivariate_144_12_12_message_mix_grid_Z_p0035_r60/seed_5/grid_results.csv,5
26,2,-0.1,0.7,0.9,0.0,0.25,0.75,50000,1,25.0,10.0,10,True,0.4,15,0.6,1808.16,/hpc/group/pfisterlab/mg551/storage/relay/relay/examples/notebook_data/bicycle_bivariate_144_12_12_message_mix_grid_Z_p0035_r60/seed_6/grid_results.csv,6
532,53,0.0,0.7,0.97,0.0,0.0,0.5,50000,1,25.0,10.0,10,True,0.4,15,0.6,1825.72,/hpc/group/pfisterlab/mg551/storage/relay/relay/examples/notebook_data/bicycle_bivariate_144_12_12_message_mix_grid_Z_p0035_r60/seed_2/grid_results.csv,2
45,4,-0.1,0.7,0.97,0.0,0.0,0.25,50000,1,25.0,10.0,10,True,0.4,15,0.6,1829.4,/hpc/group/pfisterlab/mg551/storage/relay/relay/examples/notebook_data/bicycle_bivariate_144_12_12_message_mix_grid_Z_p0035_r60/seed_5/grid_results.csv,5
74,7,-0.1,0.7,0.995,0.0,0.0,0.75,50000,1,25.0,10.0,10,True,0.4,14,0.56,1837.12,/hpc/group/pfisterlab/mg551/storage/relay/relay/examples/notebook_data/bicycle_bivariate_144_12_12_message_mix_grid_Z_p0035_r60/seed_4/grid_results.csv,4
560,56,0.0,0.7,0.995,0.0,0.0,0.75,50000,1,25.0,10.0,10,True,0.4,14,0.56,1898.32,/hpc/group/pfisterlab/mg551/storage/relay/relay/examples/notebook_data/bicycle_bivariate_144_12_12_message_mix_grid_Z_p0035_r60/seed_0/grid_results.csv,0
315,31,-0.02,0.7,0.995,0.0,0.0,0.25,50000,1,25.0,10.0,10,True,0.4,14,0.56,1900.76,/hpc/group/pfisterlab/mg551/storage/relay/relay/examples/notebook_data/bicycle_bivariate_144_12_12_message_mix_grid_Z_p0035_r60/seed_5/grid_results.csv,5
339,33,-0.02,0.85,0.9,-0.1,0.25,0.25,50000,1,25.0,10.0,10,True,0.4,15,0.6,1905.96,/hpc/group/pfisterlab/mg551/storage/relay/relay/examples/notebook_data/bicycle_bivariate_144_12_12_message_mix_grid_Z_p0035_r60/seed_9/grid_results.csv,9
301,30,-0.02,0.7,0.995,-0.25,0.1,0.5,50000,1,25.0,10.0,10,True,0.4,14,0.56,1917.52,/hpc/group/pfisterlab/mg551/storage/relay/relay/examples/notebook_data/bicycle_bivariate_144_12_12_message_mix_grid_Z_p0035_r60/seed_1/grid_results.csv,1
289,28,-0.02,0.7,0.97,0.0,0.0,0.5,50000,1,25.0,10.0,10,True,0.4,14,0.56,1961.76,/hpc/group/pfisterlab/mg551/storage/relay/relay/examples/notebook_data/bicycle_bivariate_144_12_12_message_mix_grid_Z_p0035_r60/seed_9/grid_results.csv,9
111,11,-0.1,0.85,0.97,-0.25,0.1,0.25,50000,1,25.0,10.0,10,True,0.4,15,0.6,1976.84,/hpc/group/pfisterlab/mg551/storage/relay/relay/examples/notebook_data/bicycle_bivariate_144_12_12_message_mix_grid_Z_p0035_r60/seed_1/grid_results.csv,1
571,57,0.0,0.85,0.9,-0.25,0.1,0.5,50000,1,25.0,10.0,10,True,0.4,15,0.6,2028.6,/hpc/group/pfisterlab/mg551/storage/relay/relay/examples/notebook_data/bicycle_bivariate_144_12_12_message_mix_grid_Z_p0035_r60/seed_1/grid_results.csv,1
96,9,-0.1,0.85,0.9,-0.1,0.25,0.25,50000,1,25.0,10.0,10,True,0.4,15,0.6,2046.8,/hpc/group/pfisterlab/mg551/storage/relay/relay/examples/notebook_data/bicycle_bivariate_144_12_12_message_mix_grid_Z_p0035_r60/seed_6/grid_results.csv,6
316,31,-0.02,0.7,0.995,0.0,0.0,0.5,50000,1,25.0,10.0,10,True,0.4,14,0.56,2055.44,/hpc/group/pfisterlab/mg551/storage/relay/relay/examples/notebook_data/bicycle_bivariate_144_12_12_message_mix_grid_Z_p0035_r60/seed_6/grid_results.csv,6
39,3,-0.1,0.7,0.97,-0.1,0.1,0.25,50000,1,25.0,10.0,10,True,0.4,15,0.6,2061.96,/hpc/group/pfisterlab/mg551/storage/relay/relay/examples/notebook_data/bicycle_bivariate_144_12_12_message_mix_grid_Z_p0035_r60/seed_9/grid_results.csv,9
138,13,-0.1,0.85,0.995,-0.25,0.1,0.25,50000,1,25.0,10.0,10,True,0.4,15,0.6,2129.04,/hpc/group/pfisterlab/mg551/storage/relay/relay/examples/notebook_data/bicycle_bivariate_144_12_12_message_mix_grid_Z_p0035_r60/seed_8/grid_results.csv,8
17,1,-0.1,0.7,0.9,-0.1,0.25,0.75,50000,1,25.0,10.0,10,True,0.4,15,0.6,2142.36,/hpc/group/pfisterlab/mg551/storage/relay/relay/examples/notebook_data/bicycle_bivariate_144_12_12_message_mix_grid_Z_p0035_r60/seed_7/grid_results.csv,7
281,28,-0.02,0.7,0.97,-0.1,0.0,0.75,50000,1,25.0,10.0,10,True,0.4,13,0.52,2164.36,/hpc/group/pfisterlab/mg551/storage/relay/relay/examples/notebook_data/bicycle_bivariate_144_12_12_message_mix_grid_Z_p0035_r60/seed_1/grid_results.csv,1
58,5,-0.1,0.7,0.995,-0.25,0.1,0.5,50000,1,25.0,10.0,10,True,0.4,14,0.56,2167.08,/hpc/group/pfisterlab/mg551/storage/relay/relay/examples/notebook_data/bicycle_bivariate_144_12_12_message_mix_grid_Z_p0035_r60/seed_8/grid_results.csv,8
94,9,-0.1,0.85,0.9,-0.1,0.1,0.5,50000,1,25.0,10.0,10,True,0.4,15,0.6,2217.12,/hpc/group/pfisterlab/mg551/storage/relay/relay/examples/notebook_data/bicycle_bivariate_144_12_12_message_mix_grid_Z_p0035_r60/seed_4/grid_results.csv,4
92,9,-0.1,0.85,0.9,-0.1,0.0,0.75,50000,1,25.0,10.0,10,True,0.4,15,0.6,2305.36,/hpc/group/pfisterlab/mg551/storage/relay/relay/examples/notebook_data/bicycle_bivariate_144_12_12_message_mix_grid_Z_p0035_r60/seed_2/grid_results.csv,2
381,38,-0.02,0.85,0.995,-0.25,0.1,0.25,50000,1,24.0,10.0,10,True,0.4166666666666667,14,0.5833333333333334,1835.4583333333333,/hpc/group/pfisterlab/mg551/storage/relay/relay/examples/notebook_data/bicycle_bivariate_144_12_12_message_mix_grid_Z_p0035_r60/seed_1/grid_results.csv,1
705,70,0.0,1.0,0.995,-0.25,0.1,0.25,50000,1,24.0,10.0,10,True,0.4166666666666667,14,0.5833333333333334,1903.2916666666667,/hpc/group/pfisterlab/mg551/storage/relay/relay/examples/notebook_data/bicycle_bivariate_144_12_12_message_mix_grid_Z_p0035_r60/seed_5/grid_results.csv,5
597,59,0.0,0.85,0.97,-0.25,0.1,0.25,50000,1,24.0,10.0,10,True,0.4166666666666667,14,0.5833333333333334,1919.5,/hpc/group/pfisterlab/mg551/storage/relay/relay/examples/notebook_data/bicycle_bivariate_144_12_12_message_mix_grid_Z_p0035_r60/seed_7/grid_results.csv,7
257,25,-0.02,0.7,0.9,-0.1,0.1,0.75,50000,1,24.0,10.0,10,True,0.4166666666666667,13,0.5416666666666666,1966.375,/hpc/group/pfisterlab/mg551/storage/relay/relay/examples/notebook_data/bicycle_bivariate_144_12_12_message_mix_grid_Z_p0035_r60/seed_7/grid_results.csv,7
219,21,-0.1,1.0,0.995,-0.25,0.1,0.25,50000,1,24.0,10.0,10,True,0.4166666666666667,14,0.5833333333333334,2001.75,/hpc/group/pfisterlab/mg551/storage/relay/relay/examples/notebook_data/bicycle_bivariate_144_12_12_message_mix_grid_Z_p0035_r60/seed_9/grid_results.csv,9
462,46,-0.02,1.0,0.995,-0.25,0.1,0.25,50000,1,24.0,10.0,10,True,0.4166666666666667,14,0.5833333333333334,2002.2916666666667,/hpc/group/pfisterlab/mg551/storage/relay/relay/examples/notebook_data/bicycle_bivariate_144_12_12_message_mix_grid_Z_p0035_r60/seed_2/grid_results.csv,2
678,67,0.0,1.0,0.97,-0.25,0.1,0.25,50000,1,24.0,10.0,10,True,0.4166666666666667,14,0.5833333333333334,2014.75,/hpc/group/pfisterlab/mg551/storage/relay/relay/examples/notebook_data/bicycle_bivariate_144_12_12_message_mix_grid_Z_p0035_r60/seed_8/grid_results.csv,8
406,40,-0.02,1.0,0.9,-0.25,0.0,0.5,50000,1,24.0,10.0,10,True,0.4166666666666667,14,0.5833333333333334,2017.75,/hpc/group/pfisterlab/mg551/storage/relay/relay/examples/notebook_data/bicycle_bivariate_144_12_12_message_mix_grid_Z_p0035_r60/seed_6/grid_results.csv,6
544,54,0.0,0.7,0.995,-0.25,0.1,0.5,50000,1,24.0,10.0,10,True,0.4166666666666667,14,0.5833333333333334,2065.6666666666665,/hpc/group/pfisterlab/mg551/storage/relay/relay/examples/notebook_data/bicycle_bivariate_144_12_12_message_mix_grid_Z_p0035_r60/seed_4/grid_results.csv,4
42,4,-0.1,0.7,0.97,-0.1,0.25,0.25,50000,1,24.0,10.0,10,True,0.4166666666666667,13,0.5416666666666666,2078.625,/hpc/group/pfisterlab/mg551/storage/relay/relay/examples/notebook_data/bicycle_bivariate_144_12_12_message_mix_grid_Z_p0035_r60/seed_2/grid_results.csv,2
510,51,0.0,0.7,0.9,0.0,0.25,0.25,50000,1,24.0,10.0,10,True,0.4166666666666667,14,0.5833333333333334,2128.2916666666665,/hpc/group/pfisterlab/mg551/storage/relay/relay/examples/notebook_data/bicycle_bivariate_144_12_12_message_mix_grid_Z_p0035_r60/seed_0/grid_results.csv,0
523,52,0.0,0.7,0.97,-0.1,0.0,0.5,50000,1,24.0,10.0,10,True,0.4166666666666667,13,0.5416666666666666,2131.0416666666665,/hpc/group/pfisterlab/mg551/storage/relay/relay/examples/notebook_data/bicycle_bivariate_144_12_12_message_mix_grid_Z_p0035_r60/seed_3/grid_results.csv,3
308,30,-0.02,0.7,0.995,-0.1,0.0,0.75,50000,1,24.0,10.0,10,True,0.4166666666666667,12,0.5,2289.4166666666665,/hpc/group/pfisterlab/mg551/storage/relay/relay/examples/notebook_data/bicycle_bivariate_144_12_12_message_mix_grid_Z_p0035_r60/seed_8/grid_results.csv,8
274,27,-0.02,0.7,0.97,-0.25,0.1,0.5,50000,1,24.0,10.0,10,True,0.4166666666666667,13,0.5416666666666666,2300.0,/hpc/group/pfisterlab/mg551/storage/relay/relay/examples/notebook_data/bicycle_bivariate_144_12_12_message_mix_grid_Z_p0035_r60/seed_4/grid_results.csv,4
66,6,-0.1,0.7,0.995,-0.1,0.1,0.25,50000,1,24.0,10.0,10,True,0.4166666666666667,12,0.5,2343.5416666666665,/hpc/group/pfisterlab/mg551/storage/relay/relay/examples/notebook_data/bicycle_bivariate_144_12_12_message_mix_grid_Z_p0035_r60/seed_6/grid_results.csv,6
56,5,-0.1,0.7,0.995,-0.25,0.0,0.75,50000,1,24.0,10.0,10,True,0.4166666666666667,11,0.4583333333333333,2425.75,/hpc/group/pfisterlab/mg551/storage/relay/relay/examples/notebook_data/bicycle_bivariate_144_12_12_message_mix_grid_Z_p0035_r60/seed_6/grid_results.csv,6
47,4,-0.1,0.7,0.97,0.0,0.0,0.75,50000,1,23.0,10.0,10,True,0.4347826086956521,13,0.5652173913043478,1778.608695652174,/hpc/group/pfisterlab/mg551/storage/relay/relay/examples/notebook_data/bicycle_bivariate_144_12_12_message_mix_grid_Z_p0035_r60/seed_7/grid_results.csv,7
336,33,-0.02,0.85,0.9,-0.1,0.1,0.25,50000,1,23.0,10.0,10,True,0.4347826086956521,13,0.5652173913043478,1797.0,/hpc/group/pfisterlab/mg551/storage/relay/relay/examples/notebook_data/bicycle_bivariate_144_12_12_message_mix_grid_Z_p0035_r60/seed_6/grid_results.csv,6
576,57,0.0,0.85,0.9,-0.1,0.0,0.25,50000,1,23.0,10.0,10,True,0.4347826086956521,13,0.5652173913043478,1858.0869565217392,/hpc/group/pfisterlab/mg551/storage/relay/relay/examples/notebook_data/bicycle_bivariate_144_12_12_message_mix_grid_Z_p0035_r60/seed_6/grid_results.csv,6
649,64,0.0,1.0,0.9,-0.25,0.0,0.5,50000,1,23.0,10.0,10,True,0.4347826086956521,13,0.5652173913043478,1878.1304347826087,/hpc/group/pfisterlab/mg551/storage/relay/relay/examples/notebook_data/bicycle_bivariate_144_12_12_message_mix_grid_Z_p0035_r60/seed_9/grid_results.csv,9
354,35,-0.02,0.85,0.97,-0.25,0.1,0.25,50000,1,23.0,10.0,10,True,0.4347826086956521,13,0.5652173913043478,1886.5652173913045,/hpc/group/pfisterlab/mg551/storage/relay/relay/examples/notebook_data/bicycle_bivariate_144_12_12_message_mix_grid_Z_p0035_r60/seed_4/grid_results.csv,4
524,52,0.0,0.7,0.97,-0.1,0.0,0.75,50000,1,23.0,10.0,10,True,0.4347826086956521,12,0.5217391304347826,1969.695652173913,/hpc/group/pfisterlab/mg551/storage/relay/relay/examples/notebook_data/bicycle_bivariate_144_12_12_message_mix_grid_Z_p0035_r60/seed_4/grid_results.csv,4
38,3,-0.1,0.7,0.97,-0.1,0.0,0.75,50000,1,23.0,10.0,10,True,0.4347826086956521,12,0.5217391304347826,2021.782608695652,/hpc/group/pfisterlab/mg551/storage/relay/relay/examples/notebook_data/bicycle_bivariate_144_12_12_message_mix_grid_Z_p0035_r60/seed_8/grid_results.csv,8
502,50,0.0,0.7,0.9,-0.1,0.25,0.5,50000,1,23.0,10.0,10,True,0.4347826086956521,13,0.5652173913043478,2060.4347826086955,/hpc/group/pfisterlab/mg551/storage/relay/relay/examples/notebook_data/bicycle_bivariate_144_12_12_message_mix_grid_Z_p0035_r60/seed_2/grid_results.csv,2
351,35,-0.02,0.85,0.97,-0.25,0.0,0.25,50000,1,23.0,10.0,10,True,0.4347826086956521,13,0.5652173913043478,2070.8695652173915,/hpc/group/pfisterlab/mg551/storage/relay/relay/examples/notebook_data/bicycle_bivariate_144_12_12_message_mix_grid_Z_p0035_r60/seed_1/grid_results.csv,1
594,59,0.0,0.85,0.97,-0.25,0.0,0.25,50000,1,23.0,10.0,10,True,0.4347826086956521,13,0.5652173913043478,2116.086956521739,/hpc/group/pfisterlab/mg551/storage/relay/relay/examples/notebook_data/bicycle_bivariate_144_12_12_message_mix_grid_Z_p0035_r60/seed_4/grid_results.csv,4
621,62,0.0,0.85,0.995,-0.25,0.0,0.25,50000,1,23.0,10.0,10,True,0.4347826086956521,12,0.5217391304347826,2135.9565217391305,/hpc/group/pfisterlab/mg551/storage/relay/relay/examples/notebook_data/bicycle_bivariate_144_12_12_message_mix_grid_Z_p0035_r60/seed_1/grid_results.csv,1
91,9,-0.1,0.85,0.9,-0.1,0.0,0.5,50000,1,23.0,10.0,10,True,0.4347826086956521,13,0.5652173913043478,2142.521739130435,/hpc/group/pfisterlab/mg551/storage/relay/relay/examples/notebook_data/bicycle_bivariate_144_12_12_message_mix_grid_Z_p0035_r60/seed_1/grid_results.csv,1
86,8,-0.1,0.85,0.9,-0.25,0.1,0.75,50000,1,23.0,10.0,10,True,0.4347826086956521,12,0.5217391304347826,2181.826086956521,/hpc/group/pfisterlab/mg551/storage/relay/relay/examples/notebook_data/bicycle_bivariate_144_12_12_message_mix_grid_Z_p0035_r60/seed_6/grid_results.csv,6
25,2,-0.1,0.7,0.9,0.0,0.25,0.5,50000,1,23.0,10.0,10,True,0.4347826086956521,13,0.5652173913043478,2243.608695652174,/hpc/group/pfisterlab/mg551/storage/relay/relay/examples/notebook_data/bicycle_bivariate_144_12_12_message_mix_grid_Z_p0035_r60/seed_5/grid_results.csv,5
552,55,0.0,0.7,0.995,-0.1,0.1,0.25,50000,1,23.0,10.0,10,True,0.4347826086956521,11,0.4782608695652174,2357.6521739130435,/hpc/group/pfisterlab/mg551/storage/relay/relay/examples/notebook_data/bicycle_bivariate_144_12_12_message_mix_grid_Z_p0035_r60/seed_2/grid_results.csv,2
83,8,-0.1,0.85,0.9,-0.25,0.0,0.75,50000,1,23.0,10.0,10,True,0.4347826086956521,13,0.5652173913043478,2423.217391304348,/hpc/group/pfisterlab/mg551/storage/relay/relay/examples/notebook_data/bicycle_bivariate_144_12_12_message_mix_grid_Z_p0035_r60/seed_3/grid_results.csv,3
507,50,0.0,0.7,0.9,0.0,0.1,0.25,50000,1,23.0,10.0,10,True,0.4347826086956521,11,0.4782608695652174,2469.5652173913045,/hpc/group/pfisterlab/mg551/storage/relay/relay/examples/notebook_data/bicycle_bivariate_144_12_12_message_mix_grid_Z_p0035_r60/seed_7/grid_results.csv,7
568,56,0.0,0.85,0.9,-0.25,0.0,0.5,50000,1,23.0,10.0,10,True,0.4347826086956521,13,0.5652173913043478,2573.304347826087,/hpc/group/pfisterlab/mg551/storage/relay/relay/examples/notebook_data/bicycle_bivariate_144_12_12_message_mix_grid_Z_p0035_r60/seed_8/grid_results.csv,8
93,9,-0.1,0.85,0.9,-0.1,0.1,0.25,50000,1,22.0,10.0,10,True,0.4545454545454545,12,0.5454545454545454,2064.5,/hpc/group/pfisterlab/mg551/storage/relay/relay/examples/notebook_data/bicycle_bivariate_144_12_12_message_mix_grid_Z_p0035_r60/seed_3/grid_results.csv,3
542,54,0.0,0.7,0.995,-0.25,0.0,0.75,50000,1,21.0,10.0,10,True,0.4761904761904761,11,0.5238095238095238,1997.857142857143,/hpc/group/pfisterlab/mg551/storage/relay/relay/examples/notebook_data/bicycle_bivariate_144_12_12_message_mix_grid_Z_p0035_r60/seed_2/grid_results.csv,2
192,19,-0.1,1.0,0.97,-0.25,0.1,0.25,50000,1,21.0,10.0,10,True,0.4761904761904761,11,0.5238095238095238,1999.2857142857144,/hpc/group/pfisterlab/mg551/storage/relay/relay/examples/notebook_data/bicycle_bivariate_144_12_12_message_mix_grid_Z_p0035_r60/seed_2/grid_results.csv,2
303,30,-0.02,0.7,0.995,-0.25,0.25,0.25,50000,1,21.0,10.0,10,True,0.4761904761904761,11,0.5238095238095238,2099.904761904762,/hpc/group/pfisterlab/mg551/storage/relay/relay/examples/notebook_data/bicycle_bivariate_144_12_12_message_mix_grid_Z_p0035_r60/seed_3/grid_results.csv,3
135,13,-0.1,0.85,0.995,-0.25,0.0,0.25,50000,1,21.0,10.0,10,True,0.4761904761904761,11,0.5238095238095238,2130.714285714286,/hpc/group/pfisterlab/mg551/storage/relay/relay/examples/notebook_data/bicycle_bivariate_144_12_12_message_mix_grid_Z_p0035_r60/seed_5/grid_results.csv,5
73,7,-0.1,0.7,0.995,0.0,0.0,0.5,50000,1,21.0,10.0,10,True,0.4761904761904761,11,0.5238095238095238,2150.190476190476,/hpc/group/pfisterlab/mg551/storage/relay/relay/examples/notebook_data/bicycle_bivariate_144_12_12_message_mix_grid_Z_p0035_r60/seed_3/grid_results.csv,3
508,50,0.0,0.7,0.9,0.0,0.1,0.5,50000,1,21.0,10.0,10,True,0.4761904761904761,11,0.5238095238095238,2151.333333333333,/hpc/group/pfisterlab/mg551/storage/relay/relay/examples/notebook_data/bicycle_bivariate_144_12_12_message_mix_grid_Z_p0035_r60/seed_8/grid_results.csv,8
31,3,-0.1,0.7,0.97,-0.25,0.1,0.5,50000,1,21.0,10.0,10,True,0.4761904761904761,11,0.5238095238095238,2171.0476190476197,/hpc/group/pfisterlab/mg551/storage/relay/relay/examples/notebook_data/bicycle_bivariate_144_12_12_message_mix_grid_Z_p0035_r60/seed_1/grid_results.csv,1
500,50,0.0,0.7,0.9,-0.1,0.1,0.75,50000,1,21.0,10.0,10,True,0.4761904761904761,11,0.5238095238095238,2182.285714285714,/hpc/group/pfisterlab/mg551/storage/relay/relay/examples/notebook_data/bicycle_bivariate_144_12_12_message_mix_grid_Z_p0035_r60/seed_0/grid_results.csv,0
559,55,0.0,0.7,0.995,0.0,0.0,0.5,50000,1,21.0,10.0,10,True,0.4761904761904761,10,0.4761904761904761,2198.5238095238096,/hpc/group/pfisterlab/mg551/storage/relay/relay/examples/notebook_data/bicycle_bivariate_144_12_12_message_mix_grid_Z_p0035_r60/seed_9/grid_results.csv,9
432,43,-0.02,1.0,0.97,-0.25,0.0,0.25,50000,1,21.0,10.0,10,True,0.4761904761904761,11,0.5238095238095238,2214.4761904761904,/hpc/group/pfisterlab/mg551/storage/relay/relay/examples/notebook_data/bicycle_bivariate_144_12_12_message_mix_grid_Z_p0035_r60/seed_2/grid_results.csv,2
328,32,-0.02,0.85,0.9,-0.25,0.1,0.5,50000,1,21.0,10.0,10,True,0.4761904761904761,11,0.5238095238095238,2230.714285714286,/hpc/group/pfisterlab/mg551/storage/relay/relay/examples/notebook_data/bicycle_bivariate_144_12_12_message_mix_grid_Z_p0035_r60/seed_8/grid_results.csv,8
65,6,-0.1,0.7,0.995,-0.1,0.0,0.75,50000,1,21.0,10.0,10,True,0.4761904761904761,10,0.4761904761904761,2235.8571428571427,/hpc/group/pfisterlab/mg551/storage/relay/relay/examples/notebook_data/bicycle_bivariate_144_12_12_message_mix_grid_Z_p0035_r60/seed_5/grid_results.csv,5
267,26,-0.02,0.7,0.9,0.0,0.25,0.25,50000,1,21.0,10.0,10,True,0.4761904761904761,11,0.5238095238095238,2284.3809523809523,/hpc/group/pfisterlab/mg551/storage/relay/relay/examples/notebook_data/bicycle_bivariate_144_12_12_message_mix_grid_Z_p0035_r60/seed_7/grid_results.csv,7
23,2,-0.1,0.7,0.9,0.0,0.1,0.75,50000,1,21.0,10.0,10,True,0.4761904761904761,11,0.5238095238095238,2299.4761904761904,/hpc/group/pfisterlab/mg551/storage/relay/relay/examples/notebook_data/bicycle_bivariate_144_12_12_message_mix_grid_Z_p0035_r60/seed_3/grid_results.csv,3
248,24,-0.02,0.7,0.9,-0.25,0.1,0.75,50000,1,21.0,10.0,10,True,0.4761904761904761,11,0.5238095238095238,2340.2380952380954,/hpc/group/pfisterlab/mg551/storage/relay/relay/examples/notebook_data/bicycle_bivariate_144_12_12_message_mix_grid_Z_p0035_r60/seed_8/grid_results.csv,8
435,43,-0.02,1.0,0.97,-0.25,0.1,0.25,50000,1,21.0,10.0,10,True,0.4761904761904761,11,0.5238095238095238,2376.619047619048,/hpc/group/pfisterlab/mg551/storage/relay/relay/examples/notebook_data/bicycle_bivariate_144_12_12_message_mix_grid_Z_p0035_r60/seed_5/grid_results.csv,5
411,41,-0.02,1.0,0.9,-0.25,0.25,0.25,50000,1,21.0,10.0,10,True,0.4761904761904761,11,0.5238095238095238,2430.4761904761904,/hpc/group/pfisterlab/mg551/storage/relay/relay/examples/notebook_data/bicycle_bivariate_144_12_12_message_mix_grid_Z_p0035_r60/seed_1/grid_results.csv,1
280,28,-0.02,0.7,0.97,-0.1,0.0,0.5,50000,1,21.0,10.0,10,True,0.4761904761904761,10,0.4761904761904761,2447.428571428572,/hpc/group/pfisterlab/mg551/storage/relay/relay/examples/notebook_data/bicycle_bivariate_144_12_12_message_mix_grid_Z_p0035_r60/seed_0/grid_results.csv,0
651,65,0.0,1.0,0.9,-0.25,0.1,0.25,50000,1,21.0,10.0,10,True,0.4761904761904761,11,0.5238095238095238,2450.809523809524,/hpc/group/pfisterlab/mg551/storage/relay/relay/examples/notebook_data/bicycle_bivariate_144_12_12_message_mix_grid_Z_p0035_r60/seed_1/grid_results.csv,1
264,26,-0.02,0.7,0.9,0.0,0.1,0.25,50000,1,21.0,10.0,10,True,0.4761904761904761,9,0.4285714285714285,2451.285714285714,/hpc/group/pfisterlab/mg551/storage/relay/relay/examples/notebook_data/bicycle_bivariate_144_12_12_message_mix_grid_Z_p0035_r60/seed_4/grid_results.csv,4
550,55,0.0,0.7,0.995,-0.1,0.0,0.5,50000,1,21.0,10.0,10,True,0.4761904761904761,9,0.4285714285714285,2456.3809523809523,/hpc/group/pfisterlab/mg551/storage/relay/relay/examples/notebook_data/bicycle_bivariate_144_12_12_message_mix_grid_Z_p0035_r60/seed_0/grid_results.csv,0
90,9,-0.1,0.85,0.9,-0.1,0.0,0.25,50000,1,21.0,10.0,10,True,0.4761904761904761,10,0.4761904761904761,2568.714285714286,/hpc/group/pfisterlab/mg551/storage/relay/relay/examples/notebook_data/bicycle_bivariate_144_12_12_message_mix_grid_Z_p0035_r60/seed_0/grid_results.csv,0
573,57,0.0,0.85,0.9,-0.25,0.25,0.25,50000,1,21.0,10.0,10,True,0.4761904761904761,10,0.4761904761904761,2683.809523809524,/hpc/group/pfisterlab/mg551/storage/relay/relay/examples/notebook_data/bicycle_bivariate_144_12_12_message_mix_grid_Z_p0035_r60/seed_3/grid_results.csv,3
317,31,-0.02,0.7,0.995,0.0,0.0,0.75,50000,1,20.0,10.0,10,True,0.5,10,0.5,1963.5,/hpc/group/pfisterlab/mg551/storage/relay/relay/examples/notebook_data/bicycle_bivariate_144_12_12_message_mix_grid_Z_p0035_r60/seed_7/grid_results.csv,7
459,45,-0.02,1.0,0.995,-0.25,0.0,0.25,50000,1,20.0,10.0,10,True,0.5,10,0.5,2144.7,/hpc/group/pfisterlab/mg551/storage/relay/relay/examples/notebook_data/bicycle_bivariate_144_12_12_message_mix_grid_Z_p0035_r60/seed_9/grid_results.csv,9
309,30,-0.02,0.7,0.995,-0.1,0.1,0.25,50000,1,20.0,10.0,10,True,0.5,10,0.5,2158.8,/hpc/group/pfisterlab/mg551/storage/relay/relay/examples/notebook_data/bicycle_bivariate_144_12_12_message_mix_grid_Z_p0035_r60/seed_9/grid_results.csv,9
265,26,-0.02,0.7,0.9,0.0,0.1,0.5,50000,1,20.0,10.0,10,True,0.5,10,0.5,2159.55,/hpc/group/pfisterlab/mg551/storage/relay/relay/examples/notebook_data/bicycle_bivariate_144_12_12_message_mix_grid_Z_p0035_r60/seed_5/grid_results.csv,5
282,28,-0.02,0.7,0.97,-0.1,0.1,0.25,50000,1,20.0,10.0,10,True,0.5,10,0.5,2160.4,/hpc/group/pfisterlab/mg551/storage/relay/relay/examples/notebook_data/bicycle_bivariate_144_12_12_message_mix_grid_Z_p0035_r60/seed_2/grid_results.csv,2
517,51,0.0,0.7,0.97,-0.25,0.1,0.5,50000,1,20.0,10.0,10,True,0.5,9,0.45,2235.85,/hpc/group/pfisterlab/mg551/storage/relay/relay/examples/notebook_data/bicycle_bivariate_144_12_12_message_mix_grid_Z_p0035_r60/seed_7/grid_results.csv,7
654,65,0.0,1.0,0.9,-0.25,0.25,0.25,50000,1,20.0,10.0,10,True,0.5,10,0.5,2251.75,/hpc/group/pfisterlab/mg551/storage/relay/relay/examples/notebook_data/bicycle_bivariate_144_12_12_message_mix_grid_Z_p0035_r60/seed_4/grid_results.csv,4
378,37,-0.02,0.85,0.995,-0.25,0.0,0.25,50000,1,20.0,10.0,10,True,0.5,10,0.5,2254.05,/hpc/group/pfisterlab/mg551/storage/relay/relay/examples/notebook_data/bicycle_bivariate_144_12_12_message_mix_grid_Z_p0035_r60/seed_8/grid_results.csv,8
519,51,0.0,0.7,0.97,-0.25,0.25,0.25,50000,1,20.0,10.0,10,True,0.5,10,0.5,2304.65,/hpc/group/pfisterlab/mg551/storage/relay/relay/examples/notebook_data/bicycle_bivariate_144_12_12_message_mix_grid_Z_p0035_r60/seed_9/grid_results.csv,9
216,21,-0.1,1.0,0.995,-0.25,0.0,0.25,50000,1,20.0,10.0,10,True,0.5,9,0.45,2364.5,/hpc/group/pfisterlab/mg551/storage/relay/relay/examples/notebook_data/bicycle_bivariate_144_12_12_message_mix_grid_Z_p0035_r60/seed_6/grid_results.csv,6
189,18,-0.1,1.0,0.97,-0.25,0.0,0.25,50000,1,20.0,10.0,10,True,0.5,10,0.5,2387.75,/hpc/group/pfisterlab/mg551/storage/relay/relay/examples/notebook_data/bicycle_bivariate_144_12_12_message_mix_grid_Z_p0035_r60/seed_9/grid_results.csv,9
493,49,0.0,0.7,0.9,-0.25,0.25,0.5,50000,1,20.0,10.0,10,True,0.5,10,0.5,2446.5,/hpc/group/pfisterlab/mg551/storage/relay/relay/examples/notebook_data/bicycle_bivariate_144_12_12_message_mix_grid_Z_p0035_r60/seed_3/grid_results.csv,3
14,1,-0.1,0.7,0.9,-0.1,0.1,0.75,50000,1,20.0,10.0,10,True,0.5,10,0.5,2508.05,/hpc/group/pfisterlab/mg551/storage/relay/relay/examples/notebook_data/bicycle_bivariate_144_12_12_message_mix_grid_Z_p0035_r60/seed_4/grid_results.csv,4
262,26,-0.02,0.7,0.9,0.0,0.0,0.5,50000,1,20.0,10.0,10,True,0.5,10,0.5,2542.2,/hpc/group/pfisterlab/mg551/storage/relay/relay/examples/notebook_data/bicycle_bivariate_144_12_12_message_mix_grid_Z_p0035_r60/seed_2/grid_results.csv,2
505,50,0.0,0.7,0.9,0.0,0.0,0.5,50000,1,20.0,10.0,10,True,0.5,8,0.4,2678.95,/hpc/group/pfisterlab/mg551/storage/relay/relay/examples/notebook_data/bicycle_bivariate_144_12_12_message_mix_grid_Z_p0035_r60/seed_5/grid_results.csv,5
64,6,-0.1,0.7,0.995,-0.1,0.0,0.5,50000,1,19.0,10.0,10,True,0.5263157894736842,8,0.4210526315789473,2541.157894736842,/hpc/group/pfisterlab/mg551/storage/relay/relay/examples/notebook_data/bicycle_bivariate_144_12_12_message_mix_grid_Z_p0035_r60/seed_4/grid_results.csv,4
16,1,-0.1,0.7,0.9,-0.1,0.25,0.5,50000,1,19.0,10.0,10,True,0.5263157894736842,9,0.4736842105263157,2573.1052631578946,/hpc/group/pfisterlab/mg551/storage/relay/relay/examples/notebook_data/bicycle_bivariate_144_12_12_message_mix_grid_Z_p0035_r60/seed_6/grid_results.csv,6
85,8,-0.1,0.85,0.9,-0.25,0.1,0.5,50000,1,19.0,10.0,10,True,0.5263157894736842,9,0.4736842105263157,2598.684210526316,/hpc/group/pfisterlab/mg551/storage/relay/relay/examples/notebook_data/bicycle_bivariate_144_12_12_message_mix_grid_Z_p0035_r60/seed_5/grid_results.csv,5
299,29,-0.02,0.7,0.995,-0.25,0.0,0.75,50000,1,18.0,10.0,10,True,0.5555555555555556,8,0.4444444444444444,2192.6111111111118,/hpc/group/pfisterlab/mg551/storage/relay/relay/examples/notebook_data/bicycle_bivariate_144_12_12_message_mix_grid_Z_p0035_r60/seed_9/grid_results.csv,9
515,51,0.0,0.7,0.97,-0.25,0.0,0.75,50000,1,18.0,10.0,10,True,0.5555555555555556,8,0.4444444444444444,2193.5,/hpc/group/pfisterlab/mg551/storage/relay/relay/examples/notebook_data/bicycle_bivariate_144_12_12_message_mix_grid_Z_p0035_r60/seed_5/grid_results.csv,5
108,10,-0.1,0.85,0.97,-0.25,0.0,0.25,50000,1,18.0,10.0,10,True,0.5555555555555556,8,0.4444444444444444,2233.777777777778,/hpc/group/pfisterlab/mg551/storage/relay/relay/examples/notebook_data/bicycle_bivariate_144_12_12_message_mix_grid_Z_p0035_r60/seed_8/grid_results.csv,8
675,67,0.0,1.0,0.97,-0.25,0.0,0.25,50000,1,18.0,10.0,10,True,0.5555555555555556,8,0.4444444444444444,2288.1666666666665,/hpc/group/pfisterlab/mg551/storage/relay/relay/examples/notebook_data/bicycle_bivariate_144_12_12_message_mix_grid_Z_p0035_r60/seed_5/grid_results.csv,5
307,30,-0.02,0.7,0.995,-0.1,0.0,0.5,50000,1,18.0,10.0,10,True,0.5555555555555556,7,0.3888888888888889,2368.9444444444443,/hpc/group/pfisterlab/mg551/storage/relay/relay/examples/notebook_data/bicycle_bivariate_144_12_12_message_mix_grid_Z_p0035_r60/seed_7/grid_results.csv,7
522,52,0.0,0.7,0.97,-0.1,0.0,0.25,50000,1,18.0,10.0,10,True,0.5555555555555556,8,0.4444444444444444,2383.722222222222,/hpc/group/pfisterlab/mg551/storage/relay/relay/examples/notebook_data/bicycle_bivariate_144_12_12_message_mix_grid_Z_p0035_r60/seed_2/grid_results.csv,2
33,3,-0.1,0.7,0.97,-0.25,0.25,0.25,50000,1,18.0,10.0,10,True,0.5555555555555556,8,0.4444444444444444,2387.333333333333,/hpc/group/pfisterlab/mg551/storage/relay/relay/examples/notebook_data/bicycle_bivariate_144_12_12_message_mix_grid_Z_p0035_r60/seed_3/grid_results.csv,3
272,27,-0.02,0.7,0.97,-0.25,0.0,0.75,50000,1,18.0,10.0,10,True,0.5555555555555556,8,0.4444444444444444,2407.6111111111118,/hpc/group/pfisterlab/mg551/storage/relay/relay/examples/notebook_data/bicycle_bivariate_144_12_12_message_mix_grid_Z_p0035_r60/seed_2/grid_results.csv,2
491,49,0.0,0.7,0.9,-0.25,0.1,0.75,50000,1,18.0,10.0,10,True,0.5555555555555556,8,0.4444444444444444,2409.777777777778,/hpc/group/pfisterlab/mg551/storage/relay/relay/examples/notebook_data/bicycle_bivariate_144_12_12_message_mix_grid_Z_p0035_r60/seed_1/grid_results.csv,1
37,3,-0.1,0.7,0.97,-0.1,0.0,0.5,50000,1,18.0,10.0,10,True,0.5555555555555556,8,0.4444444444444444,2420.9444444444443,/hpc/group/pfisterlab/mg551/storage/relay/relay/examples/notebook_data/bicycle_bivariate_144_12_12_message_mix_grid_Z_p0035_r60/seed_7/grid_results.csv,7
325,32,-0.02,0.85,0.9,-0.25,0.0,0.5,50000,1,18.0,10.0,10,True,0.5555555555555556,8,0.4444444444444444,2488.3888888888887,/hpc/group/pfisterlab/mg551/storage/relay/relay/examples/notebook_data/bicycle_bivariate_144_12_12_message_mix_grid_Z_p0035_r60/seed_5/grid_results.csv,5
506,50,0.0,0.7,0.9,0.0,0.0,0.75,50000,1,18.0,10.0,10,True,0.5555555555555556,8,0.4444444444444444,2494.6111111111118,/hpc/group/pfisterlab/mg551/storage/relay/relay/examples/notebook_data/bicycle_bivariate_144_12_12_message_mix_grid_Z_p0035_r60/seed_6/grid_results.csv,6
60,6,-0.1,0.7,0.995,-0.25,0.25,0.25,50000,1,18.0,10.0,10,True,0.5555555555555556,7,0.3888888888888889,2510.055555555556,/hpc/group/pfisterlab/mg551/storage/relay/relay/examples/notebook_data/bicycle_bivariate_144_12_12_message_mix_grid_Z_p0035_r60/seed_0/grid_results.csv,0
279,27,-0.02,0.7,0.97,-0.1,0.0,0.25,50000,1,18.0,10.0,10,True,0.5555555555555556,7,0.3888888888888889,2590.777777777778,/hpc/group/pfisterlab/mg551/storage/relay/relay/examples/notebook_data/bicycle_bivariate_144_12_12_message_mix_grid_Z_p0035_r60/seed_9/grid_results.csv,9
648,64,0.0,1.0,0.9,-0.25,0.0,0.25,50000,1,18.0,10.0,10,True,0.5555555555555556,7,0.3888888888888889,2598.333333333333,/hpc/group/pfisterlab/mg551/storage/relay/relay/examples/notebook_data/bicycle_bivariate_144_12_12_message_mix_grid_Z_p0035_r60/seed_8/grid_results.csv,8
36,3,-0.1,0.7,0.97,-0.1,0.0,0.25,50000,1,18.0,10.0,10,True,0.5555555555555556,8,0.4444444444444444,2614.1111111111118,/hpc/group/pfisterlab/mg551/storage/relay/relay/examples/notebook_data/bicycle_bivariate_144_12_12_message_mix_grid_Z_p0035_r60/seed_6/grid_results.csv,6
567,56,0.0,0.85,0.9,-0.25,0.0,0.25,50000,1,18.0,10.0,10,True,0.5555555555555556,8,0.4444444444444444,2646.3888888888887,/hpc/group/pfisterlab/mg551/storage/relay/relay/examples/notebook_data/bicycle_bivariate_144_12_12_message_mix_grid_Z_p0035_r60/seed_7/grid_results.csv,7
499,49,0.0,0.7,0.9,-0.1,0.1,0.5,50000,1,18.0,10.0,10,True,0.5555555555555556,8,0.4444444444444444,2674.277777777778,/hpc/group/pfisterlab/mg551/storage/relay/relay/examples/notebook_data/bicycle_bivariate_144_12_12_message_mix_grid_Z_p0035_r60/seed_9/grid_results.csv,9
549,54,0.0,0.7,0.995,-0.1,0.0,0.25,50000,1,18.0,10.0,10,True,0.5555555555555556,7,0.3888888888888889,2762.555555555556,/hpc/group/pfisterlab/mg551/storage/relay/relay/examples/notebook_data/bicycle_bivariate_144_12_12_message_mix_grid_Z_p0035_r60/seed_9/grid_results.csv,9
250,25,-0.02,0.7,0.9,-0.25,0.25,0.5,50000,1,18.0,10.0,10,True,0.5555555555555556,7,0.3888888888888889,2774.333333333333,/hpc/group/pfisterlab/mg551/storage/relay/relay/examples/notebook_data/bicycle_bivariate_144_12_12_message_mix_grid_Z_p0035_r60/seed_0/grid_results.csv,0
256,25,-0.02,0.7,0.9,-0.1,0.1,0.5,50000,1,18.0,10.0,10,True,0.5555555555555556,7,0.3888888888888889,2811.333333333333,/hpc/group/pfisterlab/mg551/storage/relay/relay/examples/notebook_data/bicycle_bivariate_144_12_12_message_mix_grid_Z_p0035_r60/seed_6/grid_results.csv,6
22,2,-0.1,0.7,0.9,0.0,0.1,0.5,50000,1,18.0,10.0,10,True,0.5555555555555556,7,0.3888888888888889,2896.6666666666665,/hpc/group/pfisterlab/mg551/storage/relay/relay/examples/notebook_data/bicycle_bivariate_144_12_12_message_mix_grid_Z_p0035_r60/seed_2/grid_results.csv,2
702,70,0.0,1.0,0.995,-0.25,0.0,0.25,50000,1,17.0,10.0,10,True,0.5882352941176471,7,0.4117647058823529,2379.3529411764707,/hpc/group/pfisterlab/mg551/storage/relay/relay/examples/notebook_data/bicycle_bivariate_144_12_12_message_mix_grid_Z_p0035_r60/seed_2/grid_results.csv,2
163,16,-0.1,1.0,0.9,-0.25,0.0,0.5,50000,1,17.0,10.0,10,True,0.5882352941176471,7,0.4117647058823529,2467.0,/hpc/group/pfisterlab/mg551/storage/relay/relay/examples/notebook_data/bicycle_bivariate_144_12_12_message_mix_grid_Z_p0035_r60/seed_3/grid_results.csv,3
165,16,-0.1,1.0,0.9,-0.25,0.1,0.25,50000,1,17.0,10.0,10,True,0.5882352941176471,7,0.4117647058823529,2680.529411764706,/hpc/group/pfisterlab/mg551/storage/relay/relay/examples/notebook_data/bicycle_bivariate_144_12_12_message_mix_grid_Z_p0035_r60/seed_5/grid_results.csv,5
408,40,-0.02,1.0,0.9,-0.25,0.1,0.25,50000,1,17.0,10.0,10,True,0.5882352941176471,7,0.4117647058823529,2683.6470588235293,/hpc/group/pfisterlab/mg551/storage/relay/relay/examples/notebook_data/bicycle_bivariate_144_12_12_message_mix_grid_Z_p0035_r60/seed_8/grid_results.csv,8
24,2,-0.1,0.7,0.9,0.0,0.25,0.25,50000,1,17.0,10.0,10,True,0.5882352941176471,5,0.2941176470588235,2954.470588235294,/hpc/group/pfisterlab/mg551/storage/relay/relay/examples/notebook_data/bicycle_bivariate_144_12_12_message_mix_grid_Z_p0035_r60/seed_4/grid_results.csv,4
570,57,0.0,0.85,0.9,-0.25,0.1,0.25,50000,1,16.0,10.0,10,True,0.625,6,0.375,2562.5625,/hpc/group/pfisterlab/mg551/storage/relay/relay/examples/notebook_data/bicycle_bivariate_144_12_12_message_mix_grid_Z_p0035_r60/seed_0/grid_results.csv,0
254,25,-0.02,0.7,0.9,-0.1,0.0,0.75,50000,1,16.0,10.0,10,True,0.625,6,0.375,2630.0,/hpc/group/pfisterlab/mg551/storage/relay/relay/examples/notebook_data/bicycle_bivariate_144_12_12_message_mix_grid_Z_p0035_r60/seed_4/grid_results.csv,4
546,54,0.0,0.7,0.995,-0.25,0.25,0.25,50000,1,16.0,10.0,10,True,0.625,6,0.375,2654.3125,/hpc/group/pfisterlab/mg551/storage/relay/relay/examples/notebook_data/bicycle_bivariate_144_12_12_message_mix_grid_Z_p0035_r60/seed_6/grid_results.csv,6
330,33,-0.02,0.85,0.9,-0.25,0.25,0.25,50000,1,16.0,10.0,10,True,0.625,6,0.375,2671.625,/hpc/group/pfisterlab/mg551/storage/relay/relay/examples/notebook_data/bicycle_bivariate_144_12_12_message_mix_grid_Z_p0035_r60/seed_0/grid_results.csv,0
87,8,-0.1,0.85,0.9,-0.25,0.25,0.25,50000,1,16.0,10.0,10,True,0.625,5,0.3125,2722.3125,/hpc/group/pfisterlab/mg551/storage/relay/relay/examples/notebook_data/bicycle_bivariate_144_12_12_message_mix_grid_Z_p0035_r60/seed_7/grid_results.csv,7
501,50,0.0,0.7,0.9,-0.1,0.25,0.25,50000,1,16.0,10.0,10,True,0.625,6,0.375,2730.3125,/hpc/group/pfisterlab/mg551/storage/relay/relay/examples/notebook_data/bicycle_bivariate_144_12_12_message_mix_grid_Z_p0035_r60/seed_1/grid_results.csv,1
541,54,0.0,0.7,0.995,-0.25,0.0,0.5,50000,1,16.0,10.0,10,True,0.625,5,0.3125,2755.875,/hpc/group/pfisterlab/mg551/storage/relay/relay/examples/notebook_data/bicycle_bivariate_144_12_12_message_mix_grid_Z_p0035_r60/seed_1/grid_results.csv,1
306,30,-0.02,0.7,0.995,-0.1,0.0,0.25,50000,1,16.0,10.0,10,True,0.625,5,0.3125,2781.6875,/hpc/group/pfisterlab/mg551/storage/relay/relay/examples/notebook_data/bicycle_bivariate_144_12_12_message_mix_grid_Z_p0035_r60/seed_6/grid_results.csv,6
63,6,-0.1,0.7,0.995,-0.1,0.0,0.25,50000,1,16.0,10.0,10,True,0.625,4,0.25,2822.875,/hpc/group/pfisterlab/mg551/storage/relay/relay/examples/notebook_data/bicycle_bivariate_144_12_12_message_mix_grid_Z_p0035_r60/seed_3/grid_results.csv,3
263,26,-0.02,0.7,0.9,0.0,0.0,0.75,50000,1,16.0,10.0,10,True,0.625,6,0.375,2877.125,/hpc/group/pfisterlab/mg551/storage/relay/relay/examples/notebook_data/bicycle_bivariate_144_12_12_message_mix_grid_Z_p0035_r60/seed_3/grid_results.csv,3
271,27,-0.02,0.7,0.97,-0.25,0.0,0.5,50000,1,16.0,10.0,10,True,0.625,5,0.3125,2955.0,/hpc/group/pfisterlab/mg551/storage/relay/relay/examples/notebook_data/bicycle_bivariate_144_12_12_message_mix_grid_Z_p0035_r60/seed_1/grid_results.csv,1
497,49,0.0,0.7,0.9,-0.1,0.0,0.75,50000,1,16.0,10.0,10,True,0.625,4,0.25,3053.125,/hpc/group/pfisterlab/mg551/storage/relay/relay/examples/notebook_data/bicycle_bivariate_144_12_12_message_mix_grid_Z_p0035_r60/seed_7/grid_results.csv,7
276,27,-0.02,0.7,0.97,-0.25,0.25,0.25,50000,1,16.0,10.0,10,True,0.625,6,0.375,3079.8125,/hpc/group/pfisterlab/mg551/storage/relay/relay/examples/notebook_data/bicycle_bivariate_144_12_12_message_mix_grid_Z_p0035_r60/seed_6/grid_results.csv,6
82,8,-0.1,0.85,0.9,-0.25,0.0,0.5,50000,1,16.0,10.0,10,True,0.625,6,0.375,3142.4375,/hpc/group/pfisterlab/mg551/storage/relay/relay/examples/notebook_data/bicycle_bivariate_144_12_12_message_mix_grid_Z_p0035_r60/seed_2/grid_results.csv,2
29,2,-0.1,0.7,0.97,-0.25,0.0,0.75,50000,1,15.0,10.0,10,True,0.6666666666666666,5,0.3333333333333333,2564.8,/hpc/group/pfisterlab/mg551/storage/relay/relay/examples/notebook_data/bicycle_bivariate_144_12_12_message_mix_grid_Z_p0035_r60/seed_9/grid_results.csv,9
496,49,0.0,0.7,0.9,-0.1,0.0,0.5,50000,1,15.0,10.0,10,True,0.6666666666666666,5,0.3333333333333333,2728.0666666666666,/hpc/group/pfisterlab/mg551/storage/relay/relay/examples/notebook_data/bicycle_bivariate_144_12_12_message_mix_grid_Z_p0035_r60/seed_6/grid_results.csv,6
300,30,-0.02,0.7,0.995,-0.25,0.1,0.25,50000,1,15.0,10.0,10,True,0.6666666666666666,5,0.3333333333333333,2734.0666666666666,/hpc/group/pfisterlab/mg551/storage/relay/relay/examples/notebook_data/bicycle_bivariate_144_12_12_message_mix_grid_Z_p0035_r60/seed_0/grid_results.csv,0
504,50,0.0,0.7,0.9,0.0,0.0,0.25,50000,1,15.0,10.0,10,True,0.6666666666666666,5,0.3333333333333333,2761.733333333333,/hpc/group/pfisterlab/mg551/storage/relay/relay/examples/notebook_data/bicycle_bivariate_144_12_12_message_mix_grid_Z_p0035_r60/seed_4/grid_results.csv,4
258,25,-0.02,0.7,0.9,-0.1,0.25,0.25,50000,1,15.0,10.0,10,True,0.6666666666666666,4,0.2666666666666666,2831.4,/hpc/group/pfisterlab/mg551/storage/relay/relay/examples/notebook_data/bicycle_bivariate_144_12_12_message_mix_grid_Z_p0035_r60/seed_8/grid_results.csv,8
28,2,-0.1,0.7,0.97,-0.25,0.0,0.5,50000,1,15.0,10.0,10,True,0.6666666666666666,5,0.3333333333333333,2903.5333333333333,/hpc/group/pfisterlab/mg551/storage/relay/relay/examples/notebook_data/bicycle_bivariate_144_12_12_message_mix_grid_Z_p0035_r60/seed_8/grid_results.csv,8
516,51,0.0,0.7,0.97,-0.25,0.1,0.25,50000,1,15.0,10.0,10,True,0.6666666666666666,4,0.2666666666666666,3036.133333333333,/hpc/group/pfisterlab/mg551/storage/relay/relay/examples/notebook_data/bicycle_bivariate_144_12_12_message_mix_grid_Z_p0035_r60/seed_6/grid_results.csv,6
84,8,-0.1,0.85,0.9,-0.25,0.1,0.25,50000,1,15.0,10.0,10,True,0.6666666666666666,4,0.2666666666666666,3403.9333333333334,/hpc/group/pfisterlab/mg551/storage/relay/relay/examples/notebook_data/bicycle_bivariate_144_12_12_message_mix_grid_Z_p0035_r60/seed_4/grid_results.csv,4
514,51,0.0,0.7,0.97,-0.25,0.0,0.5,50000,1,14.0,10.0,10,True,0.7142857142857143,4,0.2857142857142857,2720.5,/hpc/group/pfisterlab/mg551/storage/relay/relay/examples/notebook_data/bicycle_bivariate_144_12_12_message_mix_grid_Z_p0035_r60/seed_4/grid_results.csv,4
298,29,-0.02,0.7,0.995,-0.25,0.0,0.5,50000,1,14.0,10.0,10,True,0.7142857142857143,4,0.2857142857142857,2837.285714285714,/hpc/group/pfisterlab/mg551/storage/relay/relay/examples/notebook_data/bicycle_bivariate_144_12_12_message_mix_grid_Z_p0035_r60/seed_8/grid_results.csv,8
490,49,0.0,0.7,0.9,-0.25,0.1,0.5,50000,1,14.0,10.0,10,True,0.7142857142857143,4,0.2857142857142857,2845.785714285714,/hpc/group/pfisterlab/mg551/storage/relay/relay/examples/notebook_data/bicycle_bivariate_144_12_12_message_mix_grid_Z_p0035_r60/seed_0/grid_results.csv,0
327,32,-0.02,0.85,0.9,-0.25,0.1,0.25,50000,1,14.0,10.0,10,True,0.7142857142857143,4,0.2857142857142857,2849.8571428571427,/hpc/group/pfisterlab/mg551/storage/relay/relay/examples/notebook_data/bicycle_bivariate_144_12_12_message_mix_grid_Z_p0035_r60/seed_7/grid_results.csv,7
21,2,-0.1,0.7,0.9,0.0,0.1,0.25,50000,1,14.0,10.0,10,True,0.7142857142857143,4,0.2857142857142857,2905.5,/hpc/group/pfisterlab/mg551/storage/relay/relay/examples/notebook_data/bicycle_bivariate_144_12_12_message_mix_grid_Z_p0035_r60/seed_1/grid_results.csv,1
261,26,-0.02,0.7,0.9,0.0,0.0,0.25,50000,1,14.0,10.0,10,True,0.7142857142857143,4,0.2857142857142857,2917.214285714286,/hpc/group/pfisterlab/mg551/storage/relay/relay/examples/notebook_data/bicycle_bivariate_144_12_12_message_mix_grid_Z_p0035_r60/seed_1/grid_results.csv,1
168,16,-0.1,1.0,0.9,-0.25,0.25,0.25,50000,1,14.0,10.0,10,True,0.7142857142857143,4,0.2857142857142857,2930.214285714286,/hpc/group/pfisterlab/mg551/storage/relay/relay/examples/notebook_data/bicycle_bivariate_144_12_12_message_mix_grid_Z_p0035_r60/seed_8/grid_results.csv,8
20,2,-0.1,0.7,0.9,0.0,0.0,0.75,50000,1,14.0,10.0,10,True,0.7142857142857143,3,0.2142857142857142,2989.3571428571427,/hpc/group/pfisterlab/mg551/storage/relay/relay/examples/notebook_data/bicycle_bivariate_144_12_12_message_mix_grid_Z_p0035_r60/seed_0/grid_results.csv,0
253,25,-0.02,0.7,0.9,-0.1,0.0,0.5,50000,1,14.0,10.0,10,True,0.7142857142857143,4,0.2857142857142857,3091.3571428571427,/hpc/group/pfisterlab/mg551/storage/relay/relay/examples/notebook_data/bicycle_bivariate_144_12_12_message_mix_grid_Z_p0035_r60/seed_3/grid_results.csv,3
57,5,-0.1,0.7,0.995,-0.25,0.1,0.25,50000,1,14.0,10.0,10,True,0.7142857142857143,4,0.2857142857142857,3108.714285714286,/hpc/group/pfisterlab/mg551/storage/relay/relay/examples/notebook_data/bicycle_bivariate_144_12_12_message_mix_grid_Z_p0035_r60/seed_7/grid_results.csv,7
540,54,0.0,0.7,0.995,-0.25,0.0,0.25,50000,1,14.0,10.0,10,True,0.7142857142857143,3,0.2142857142857142,3146.5714285714284,/hpc/group/pfisterlab/mg551/storage/relay/relay/examples/notebook_data/bicycle_bivariate_144_12_12_message_mix_grid_Z_p0035_r60/seed_0/grid_results.csv,0
252,25,-0.02,0.7,0.9,-0.1,0.0,0.25,50000,1,14.0,10.0,10,True,0.7142857142857143,3,0.2142857142857142,3232.6428571428573,/hpc/group/pfisterlab/mg551/storage/relay/relay/examples/notebook_data/bicycle_bivariate_144_12_12_message_mix_grid_Z_p0035_r60/seed_2/grid_results.csv,2
405,40,-0.02,1.0,0.9,-0.25,0.0,0.25,50000,1,13.0,10.0,10,True,0.7692307692307693,3,0.2307692307692307,2927.230769230769,/hpc/group/pfisterlab/mg551/storage/relay/relay/examples/notebook_data/bicycle_bivariate_144_12_12_message_mix_grid_Z_p0035_r60/seed_5/grid_results.csv,5
324,32,-0.02,0.85,0.9,-0.25,0.0,0.25,50000,1,13.0,10.0,10,True,0.7692307692307693,3,0.2307692307692307,3129.769230769231,/hpc/group/pfisterlab/mg551/storage/relay/relay/examples/notebook_data/bicycle_bivariate_144_12_12_message_mix_grid_Z_p0035_r60/seed_4/grid_results.csv,4
543,54,0.0,0.7,0.995,-0.25,0.1,0.25,50000,1,12.0,10.0,10,True,0.8333333333333334,2,0.1666666666666666,3081.1666666666665,/hpc/group/pfisterlab/mg551/storage/relay/relay/examples/notebook_data/bicycle_bivariate_144_12_12_message_mix_grid_Z_p0035_r60/seed_3/grid_results.csv,3
488,48,0.0,0.7,0.9,-0.25,0.0,0.75,50000,1,12.0,10.0,10,True,0.8333333333333334,2,0.1666666666666666,3106.333333333333,/hpc/group/pfisterlab/mg551/storage/relay/relay/examples/notebook_data/bicycle_bivariate_144_12_12_message_mix_grid_Z_p0035_r60/seed_8/grid_results.csv,8
5,0,-0.1,0.7,0.9,-0.25,0.1,0.75,50000,1,12.0,10.0,10,True,0.8333333333333334,2,0.1666666666666666,3116.25,/hpc/group/pfisterlab/mg551/storage/relay/relay/examples/notebook_data/bicycle_bivariate_144_12_12_message_mix_grid_Z_p0035_r60/seed_5/grid_results.csv,5
54,5,-0.1,0.7,0.995,-0.25,0.0,0.25,50000,1,12.0,10.0,10,True,0.8333333333333334,2,0.1666666666666666,3135.5,/hpc/group/pfisterlab/mg551/storage/relay/relay/examples/notebook_data/bicycle_bivariate_144_12_12_message_mix_grid_Z_p0035_r60/seed_4/grid_results.csv,4
55,5,-0.1,0.7,0.995,-0.25,0.0,0.5,50000,1,12.0,10.0,10,True,0.8333333333333334,2,0.1666666666666666,3161.583333333333,/hpc/group/pfisterlab/mg551/storage/relay/relay/examples/notebook_data/bicycle_bivariate_144_12_12_message_mix_grid_Z_p0035_r60/seed_5/grid_results.csv,5
247,24,-0.02,0.7,0.9,-0.25,0.1,0.5,50000,1,12.0,10.0,10,True,0.8333333333333334,2,0.1666666666666666,3245.25,/hpc/group/pfisterlab/mg551/storage/relay/relay/examples/notebook_data/bicycle_bivariate_144_12_12_message_mix_grid_Z_p0035_r60/seed_7/grid_results.csv,7
273,27,-0.02,0.7,0.97,-0.25,0.1,0.25,50000,1,12.0,10.0,10,True,0.8333333333333334,2,0.1666666666666666,3268.833333333333,/hpc/group/pfisterlab/mg551/storage/relay/relay/examples/notebook_data/bicycle_bivariate_144_12_12_message_mix_grid_Z_p0035_r60/seed_3/grid_results.csv,3
513,51,0.0,0.7,0.97,-0.25,0.0,0.25,50000,1,12.0,10.0,10,True,0.8333333333333334,2,0.1666666666666666,3268.833333333333,/hpc/group/pfisterlab/mg551/storage/relay/relay/examples/notebook_data/bicycle_bivariate_144_12_12_message_mix_grid_Z_p0035_r60/seed_3/grid_results.csv,3
498,49,0.0,0.7,0.9,-0.1,0.1,0.25,50000,1,12.0,10.0,10,True,0.8333333333333334,2,0.1666666666666666,3285.4166666666665,/hpc/group/pfisterlab/mg551/storage/relay/relay/examples/notebook_data/bicycle_bivariate_144_12_12_message_mix_grid_Z_p0035_r60/seed_8/grid_results.csv,8
7,0,-0.1,0.7,0.9,-0.25,0.25,0.5,50000,1,12.0,10.0,10,True,0.8333333333333334,2,0.1666666666666666,3318.833333333333,/hpc/group/pfisterlab/mg551/storage/relay/relay/examples/notebook_data/bicycle_bivariate_144_12_12_message_mix_grid_Z_p0035_r60/seed_7/grid_results.csv,7
487,48,0.0,0.7,0.9,-0.25,0.0,0.5,50000,1,12.0,10.0,10,True,0.8333333333333334,2,0.1666666666666666,3362.1666666666665,/hpc/group/pfisterlab/mg551/storage/relay/relay/examples/notebook_data/bicycle_bivariate_144_12_12_message_mix_grid_Z_p0035_r60/seed_7/grid_results.csv,7
495,49,0.0,0.7,0.9,-0.1,0.0,0.25,50000,1,12.0,10.0,10,True,0.8333333333333334,2,0.1666666666666666,3363.4166666666665,/hpc/group/pfisterlab/mg551/storage/relay/relay/examples/notebook_data/bicycle_bivariate_144_12_12_message_mix_grid_Z_p0035_r60/seed_5/grid_results.csv,5
11,1,-0.1,0.7,0.9,-0.1,0.0,0.75,50000,1,12.0,10.0,10,True,0.8333333333333334,2,0.1666666666666666,3366.6666666666665,/hpc/group/pfisterlab/mg551/storage/relay/relay/examples/notebook_data/bicycle_bivariate_144_12_12_message_mix_grid_Z_p0035_r60/seed_1/grid_results.csv,1
30,3,-0.1,0.7,0.97,-0.25,0.1,0.25,50000,1,12.0,10.0,10,True,0.8333333333333334,2,0.1666666666666666,3372.0,/hpc/group/pfisterlab/mg551/storage/relay/relay/examples/notebook_data/bicycle_bivariate_144_12_12_message_mix_grid_Z_p0035_r60/seed_0/grid_results.csv,0
162,16,-0.1,1.0,0.9,-0.25,0.0,0.25,50000,1,12.0,10.0,10,True,0.8333333333333334,2,0.1666666666666666,3372.333333333333,/hpc/group/pfisterlab/mg551/storage/relay/relay/examples/notebook_data/bicycle_bivariate_144_12_12_message_mix_grid_Z_p0035_r60/seed_2/grid_results.csv,2
19,1,-0.1,0.7,0.9,0.0,0.0,0.5,50000,1,12.0,10.0,10,True,0.8333333333333334,2,0.1666666666666666,3393.5,/hpc/group/pfisterlab/mg551/storage/relay/relay/examples/notebook_data/bicycle_bivariate_144_12_12_message_mix_grid_Z_p0035_r60/seed_9/grid_results.csv,9
255,25,-0.02,0.7,0.9,-0.1,0.1,0.25,50000,1,12.0,10.0,10,True,0.8333333333333334,1,0.0833333333333333,3620.75,/hpc/group/pfisterlab/mg551/storage/relay/relay/examples/notebook_data/bicycle_bivariate_144_12_12_message_mix_grid_Z_p0035_r60/seed_5/grid_results.csv,5
10,1,-0.1,0.7,0.9,-0.1,0.0,0.5,50000,1,11.0,10.0,10,True,0.9090909090909092,1,0.0909090909090909,3345.909090909091,/hpc/group/pfisterlab/mg551/storage/relay/relay/examples/notebook_data/bicycle_bivariate_144_12_12_message_mix_grid_Z_p0035_r60/seed_0/grid_results.csv,0
245,24,-0.02,0.7,0.9,-0.25,0.0,0.75,50000,1,11.0,10.0,10,True,0.9090909090909092,1,0.0909090909090909,3353.6363636363635,/hpc/group/pfisterlab/mg551/storage/relay/relay/examples/notebook_data/bicycle_bivariate_144_12_12_message_mix_grid_Z_p0035_r60/seed_5/grid_results.csv,5
270,27,-0.02,0.7,0.97,-0.25,0.0,0.25,50000,1,11.0,10.0,10,True,0.9090909090909092,1,0.0909090909090909,3353.818181818182,/hpc/group/pfisterlab/mg551/storage/relay/relay/examples/notebook_data/bicycle_bivariate_144_12_12_message_mix_grid_Z_p0035_r60/seed_0/grid_results.csv,0
297,29,-0.02,0.7,0.995,-0.25,0.0,0.25,50000,1,11.0,10.0,10,True,0.9090909090909092,1,0.0909090909090909,3354.090909090909,/hpc/group/pfisterlab/mg551/storage/relay/relay/examples/notebook_data/bicycle_bivariate_144_12_12_message_mix_grid_Z_p0035_r60/seed_7/grid_results.csv,7
9,0,-0.1,0.7,0.9,-0.1,0.0,0.25,50000,1,11.0,10.0,10,True,0.9090909090909092,1,0.0909090909090909,3364.3636363636365,/hpc/group/pfisterlab/mg551/storage/relay/relay/examples/notebook_data/bicycle_bivariate_144_12_12_message_mix_grid_Z_p0035_r60/seed_9/grid_results.csv,9
27,2,-0.1,0.7,0.97,-0.25,0.0,0.25,50000,1,11.0,10.0,10,True,0.9090909090909092,1,0.0909090909090909,3369.7272727272725,/hpc/group/pfisterlab/mg551/storage/relay/relay/examples/notebook_data/bicycle_bivariate_144_12_12_message_mix_grid_Z_p0035_r60/seed_7/grid_results.csv,7
15,1,-0.1,0.7,0.9,-0.1,0.25,0.25,50000,1,11.0,10.0,10,True,0.9090909090909092,1,0.0909090909090909,3408.090909090909,/hpc/group/pfisterlab/mg551/storage/relay/relay/examples/notebook_data/bicycle_bivariate_144_12_12_message_mix_grid_Z_p0035_r60/seed_5/grid_results.csv,5
492,49,0.0,0.7,0.9,-0.25,0.25,0.25,50000,1,11.0,10.0,10,True,0.9090909090909092,1,0.0909090909090909,3441.7272727272725,/hpc/group/pfisterlab/mg551/storage/relay/relay/examples/notebook_data/bicycle_bivariate_144_12_12_message_mix_grid_Z_p0035_r60/seed_2/grid_results.csv,2
13,1,-0.1,0.7,0.9,-0.1,0.1,0.5,50000,1,11.0,10.0,10,True,0.9090909090909092,1,0.0909090909090909,3447.0,/hpc/group/pfisterlab/mg551/storage/relay/relay/examples/notebook_data/bicycle_bivariate_144_12_12_message_mix_grid_Z_p0035_r60/seed_3/grid_results.csv,3
81,8,-0.1,0.85,0.9,-0.25,0.0,0.25,50000,1,11.0,10.0,10,True,0.9090909090909092,1,0.0909090909090909,3474.0,/hpc/group/pfisterlab/mg551/storage/relay/relay/examples/notebook_data/bicycle_bivariate_144_12_12_message_mix_grid_Z_p0035_r60/seed_1/grid_results.csv,1
489,48,0.0,0.7,0.9,-0.25,0.1,0.25,50000,1,11.0,10.0,10,True,0.9090909090909092,1,0.0909090909090909,3490.090909090909,/hpc/group/pfisterlab/mg551/storage/relay/relay/examples/notebook_data/bicycle_bivariate_144_12_12_message_mix_grid_Z_p0035_r60/seed_9/grid_results.csv,9
486,48,0.0,0.7,0.9,-0.25,0.0,0.25,50000,1,11.0,10.0,10,True,0.9090909090909092,1,0.0909090909090909,3491.7272727272725,/hpc/group/pfisterlab/mg551/storage/relay/relay/examples/notebook_data/bicycle_bivariate_144_12_12_message_mix_grid_Z_p0035_r60/seed_6/grid_results.csv,6
4,0,-0.1,0.7,0.9,-0.25,0.1,0.5,50000,1,11.0,10.0,10,True,0.9090909090909092,1,0.0909090909090909,3523.090909090909,/hpc/group/pfisterlab/mg551/storage/relay/relay/examples/notebook_data/bicycle_bivariate_144_12_12_message_mix_grid_Z_p0035_r60/seed_4/grid_results.csv,4
2,0,-0.1,0.7,0.9,-0.25,0.0,0.75,50000,1,11.0,10.0,10,True,0.9090909090909092,1,0.0909090909090909,3533.3636363636365,/hpc/group/pfisterlab/mg551/storage/relay/relay/examples/notebook_data/bicycle_bivariate_144_12_12_message_mix_grid_Z_p0035_r60/seed_2/grid_results.csv,2
246,24,-0.02,0.7,0.9,-0.25,0.1,0.25,50000,1,11.0,10.0,10,True,0.9090909090909092,1,0.0909090909090909,3590.181818181818,/hpc/group/pfisterlab/mg551/storage/relay/relay/examples/notebook_data/bicycle_bivariate_144_12_12_message_mix_grid_Z_p0035_r60/seed_6/grid_results.csv,6
18,1,-0.1,0.7,0.9,0.0,0.0,0.25,50000,1,11.0,10.0,10,True,0.9090909090909092,1,0.0909090909090909,3643.363636363637,/hpc/group/pfisterlab/mg551/storage/relay/relay/examples/notebook_data/bicycle_bivariate_144_12_12_message_mix_grid_Z_p0035_r60/seed_8/grid_results.csv,8
0,0,-0.1,0.7,0.9,-0.25,0.0,0.25,50000,1,10.0,10.0,10,True,1.0,0,0.0,3680.0,/hpc/group/pfisterlab/mg551/storage/relay/relay/examples/notebook_data/bicycle_bivariate_144_12_12_message_mix_grid_Z_p0035_r60/seed_0/grid_results.csv,0
1,0,-0.1,0.7,0.9,-0.25,0.0,0.5,50000,1,10.0,10.0,10,True,1.0,0,0.0,3680.0,/hpc/group/pfisterlab/mg551/storage/relay/relay/examples/notebook_data/bicycle_bivariate_144_12_12_message_mix_grid_Z_p0035_r60/seed_1/grid_results.csv,1
3,0,-0.1,0.7,0.9,-0.25,0.1,0.25,50000,1,10.0,10.0,10,True,1.0,0,0.0,3680.0,/hpc/group/pfisterlab/mg551/storage/relay/relay/examples/notebook_data/bicycle_bivariate_144_12_12_message_mix_grid_Z_p0035_r60/seed_3/grid_results.csv,3
6,0,-0.1,0.7,0.9,-0.25,0.25,0.25,50000,1,10.0,10.0,10,True,1.0,0,0.0,3680.0,/hpc/group/pfisterlab/mg551/storage/relay/relay/examples/notebook_data/bicycle_bivariate_144_12_12_message_mix_grid_Z_p0035_r60/seed_6/grid_results.csv,6
12,1,-0.1,0.7,0.9,-0.1,0.1,0.25,50000,1,10.0,10.0,10,True,1.0,0,0.0,3680.0,/hpc/group/pfisterlab/mg551/storage/relay/relay/examples/notebook_data/bicycle_bivariate_144_12_12_message_mix_grid_Z_p0035_r60/seed_2/grid_results.csv,2
243,24,-0.02,0.7,0.9,-0.25,0.0,0.25,50000,1,10.0,10.0,10,True,1.0,0,0.0,3680.0,/hpc/group/pfisterlab/mg551/storage/relay/relay/examples/notebook_data/bicycle_bivariate_144_12_12_message_mix_grid_Z_p0035_r60/seed_3/grid_results.csv,3
244,24,-0.02,0.7,0.9,-0.25,0.0,0.5,50000,1,10.0,10.0,10,True,1.0,0,0.0,3680.0,/hpc/group/pfisterlab/mg551/storage/relay/relay/examples/notebook_data/bicycle_bivariate_144_12_12_message_mix_grid_Z_p0035_r60/seed_4/grid_results.csv,4
249,24,-0.02,0.7,0.9,-0.25,0.25,0.25,50000,1,10.0,10.0,10,True,1.0,0,0.0,3680.0,/hpc/group/pfisterlab/mg551/storage/relay/relay/examples/notebook_data/bicycle_bivariate_144_12_12_message_mix_grid_Z_p0035_r60/seed_9/grid_results.csv,9
