parameter,from_value,to_value,candidate_index_left,candidate_index_right,logical_failure_left,logical_failure_right,logical_failure_delta,abs_logical_failure_delta,convergence_left,convergence_right,convergence_delta,abs_convergence_delta,mean_iterations_left,mean_iterations_right,fixed_fresh_negative,fixed_fresh_p_positive,fixed_previous_negative,fixed_previous_positive,fixed_previous_p_positive,fixed_fresh_positive
fresh_positive,0.7,0.85,245,326,0.9090909090909092,0.2631578947368421,-0.6459330143540671,0.6459330143540671,0.0909090909090909,0.7368421052631579,0.6459330143540669,0.6459330143540669,3353.6363636363635,1543.1315789473683,-0.02,0.9,-0.25,0.0,0.75,
fresh_p_positive,0.9,0.97,7,34,0.8333333333333334,0.217391304347826,-0.6159420289855073,0.6159420289855073,0.1666666666666666,0.7391304347826086,0.572463768115942,0.572463768115942,3318.833333333333,1635.0,-0.1,,-0.25,0.25,0.5,0.7
fresh_positive,0.7,0.85,55,136,0.8333333333333334,0.2222222222222222,-0.6111111111111112,0.6111111111111112,0.1666666666666666,0.7777777777777778,0.6111111111111112,0.6111111111111112,3161.583333333333,1198.7333333333331,-0.1,0.995,-0.25,0.0,0.5,
fresh_p_positive,0.9,0.97,5,32,0.8333333333333334,0.2272727272727272,-0.6060606060606062,0.6060606060606062,0.1666666666666666,0.75,0.5833333333333334,0.5833333333333334,3116.25,1396.5454545454545,-0.1,,-0.25,0.1,0.75,0.7
fresh_p_positive,0.9,0.97,12,39,1.0,0.4,-0.6,0.6,0.0,0.6,0.6,0.6,3680.0,2061.96,-0.1,,-0.1,0.1,0.25,0.7
fresh_positive,0.7,0.85,498,579,0.8333333333333334,0.25,-0.5833333333333334,0.5833333333333334,0.1666666666666666,0.75,0.5833333333333334,0.5833333333333334,3285.4166666666665,1423.85,0.0,0.9,-0.1,0.1,0.25,
fresh_p_positive,0.9,0.97,19,46,0.8333333333333334,0.25,-0.5833333333333334,0.5833333333333334,0.1666666666666666,0.7,0.5333333333333333,0.5333333333333333,3393.5,1735.2,-0.1,,0.0,0.0,0.5,0.7
fresh_positive,0.7,0.85,18,99,0.9090909090909092,0.3448275862068966,-0.5642633228840126,0.5642633228840126,0.0909090909090909,0.6206896551724138,0.5297805642633229,0.5297805642633229,3643.363636363637,2060.758620689656,-0.1,0.9,0.0,0.0,0.25,
fresh_positive,0.7,0.85,12,93,1.0,0.4545454545454545,-0.5454545454545455,0.5454545454545455,0.0,0.5454545454545454,0.5454545454545454,0.5454545454545454,3680.0,2064.5,-0.1,0.9,-0.1,0.1,0.25,
previous_negative,-0.25,-0.1,405,414,0.7692307692307693,0.2325581395348837,-0.5366726296958856,0.5366726296958856,0.2307692307692307,0.7674418604651163,0.5366726296958856,0.5366726296958856,2927.230769230769,1294.5348837209303,-0.02,0.9,,0.0,0.25,1.0
fresh_p_positive,0.9,0.97,13,40,0.9090909090909092,0.3846153846153846,-0.5244755244755246,0.5244755244755246,0.0909090909090909,0.5769230769230769,0.486013986013986,0.486013986013986,3447.0,1868.1538461538464,-0.1,,-0.1,0.1,0.5,0.7
fresh_positive,0.7,0.85,15,96,0.9090909090909092,0.4,-0.5090909090909091,0.5090909090909091,0.0909090909090909,0.6,0.509090909090909,0.509090909090909,3408.090909090909,2046.8,-0.1,0.9,-0.1,0.25,0.25,
fresh_positive,0.7,0.85,13,94,0.9090909090909092,0.4,-0.5090909090909091,0.5090909090909091,0.0909090909090909,0.6,0.509090909090909,0.509090909090909,3447.0,2217.12,-0.1,0.9,-0.1,0.1,0.5,
fresh_p_positive,0.9,0.97,18,45,0.9090909090909092,0.4,-0.5090909090909091,0.5090909090909091,0.0909090909090909,0.6,0.509090909090909,0.509090909090909,3643.363636363637,1829.4,-0.1,,0.0,0.0,0.25,0.7
fresh_p_positive,0.9,0.97,15,42,0.9090909090909092,0.4166666666666667,-0.4924242424242425,0.4924242424242425,0.0909090909090909,0.5416666666666666,0.45075757575757575,0.45075757575757575,3408.090909090909,2078.625,-0.1,,-0.1,0.25,0.25,0.7
fresh_positive,0.7,0.85,298,379,0.7142857142857143,0.2222222222222222,-0.4920634920634921,0.4920634920634921,0.2857142857142857,0.7333333333333333,0.4476190476190476,0.4476190476190476,2837.285714285714,1289.8444444444444,-0.02,0.995,-0.25,0.0,0.5,
fresh_positive,0.7,0.85,514,595,0.7142857142857143,0.238095238095238,-0.4761904761904763,0.4761904761904763,0.2857142857142857,0.7619047619047619,0.47619047619047616,0.47619047619047616,2720.5,1420.142857142857,0.0,0.97,-0.25,0.0,0.5,
previous_negative,-0.25,-0.1,168,177,0.7142857142857143,0.238095238095238,-0.4761904761904763,0.4761904761904763,0.2857142857142857,0.7380952380952381,0.45238095238095244,0.45238095238095244,2930.214285714286,1490.595238095238,-0.1,0.9,,0.25,0.25,1.0
fresh_positive,0.7,0.85,10,91,0.9090909090909092,0.4347826086956521,-0.47430830039525707,0.47430830039525707,0.0909090909090909,0.5652173913043478,0.4743083003952569,0.4743083003952569,3345.909090909091,2142.521739130435,-0.1,0.9,-0.1,0.0,0.5,
fresh_positive,0.7,0.85,270,351,0.9090909090909092,0.4347826086956521,-0.47430830039525707,0.47430830039525707,0.0909090909090909,0.5652173913043478,0.4743083003952569,0.4743083003952569,3353.818181818182,2070.8695652173915,-0.02,0.97,-0.25,0.0,0.25,
fresh_positive,0.7,0.85,2,83,0.9090909090909092,0.4347826086956521,-0.47430830039525707,0.47430830039525707,0.0909090909090909,0.5652173913043478,0.4743083003952569,0.4743083003952569,3533.3636363636365,2423.217391304348,-0.1,0.9,-0.25,0.0,0.75,
fresh_positive,0.7,0.85,29,110,0.6666666666666666,0.2,-0.4666666666666666,0.4666666666666666,0.3333333333333333,0.76,0.4266666666666667,0.4266666666666667,2564.8,1051.62,-0.1,0.97,-0.25,0.0,0.75,
fresh_positive,0.7,0.85,488,569,0.8333333333333334,0.3703703703703703,-0.4629629629629631,0.4629629629629631,0.1666666666666666,0.6296296296296297,0.462962962962963,0.462962962962963,3106.333333333333,2080.4814814814813,0.0,0.9,-0.25,0.0,0.75,
previous_positive,0.1,0.25,5,8,0.8333333333333334,0.3703703703703703,-0.4629629629629631,0.4629629629629631,0.1666666666666666,0.6296296296296297,0.462962962962963,0.462962962962963,3116.25,2082.074074074074,-0.1,0.9,-0.25,,0.75,0.7
previous_p_positive,0.5,0.75,7,8,0.8333333333333334,0.3703703703703703,-0.4629629629629631,0.4629629629629631,0.1666666666666666,0.6296296296296297,0.462962962962963,0.462962962962963,3318.833333333333,2082.074074074074,-0.1,0.9,-0.25,0.25,,0.7
previous_negative,-0.25,-0.1,162,171,0.8333333333333334,0.3703703703703703,-0.4629629629629631,0.4629629629629631,0.1666666666666666,0.6296296296296297,0.462962962962963,0.462962962962963,3372.333333333333,2071.3703703703704,-0.1,0.9,,0.0,0.25,1.0
fresh_positive,0.7,0.85,19,100,0.8333333333333334,0.3703703703703703,-0.4629629629629631,0.4629629629629631,0.1666666666666666,0.6296296296296297,0.462962962962963,0.462962962962963,3393.5,1854.0,-0.1,0.9,0.0,0.0,0.5,
fresh_positive,0.7,0.85,7,88,0.8333333333333334,0.3703703703703703,-0.4629629629629631,0.4629629629629631,0.1666666666666666,0.5925925925925926,0.42592592592592593,0.42592592592592593,3318.833333333333,1768.7407407407406,-0.1,0.9,-0.25,0.25,0.5,
fresh_p_positive,0.9,0.97,498,525,0.8333333333333334,0.3846153846153846,-0.4487179487179488,0.4487179487179488,0.1666666666666666,0.5384615384615384,0.3717948717948718,0.3717948717948718,3285.4166666666665,2086.230769230769,0.0,,-0.1,0.1,0.25,0.7
fresh_p_positive,0.9,0.97,6,33,1.0,0.5555555555555556,-0.4444444444444444,0.4444444444444444,0.0,0.4444444444444444,0.4444444444444444,0.4444444444444444,3680.0,2387.333333333333,-0.1,,-0.25,0.25,0.25,0.7
fresh_positive,0.7,0.85,244,325,1.0,0.5555555555555556,-0.4444444444444444,0.4444444444444444,0.0,0.4444444444444444,0.4444444444444444,0.4444444444444444,3680.0,2488.3888888888887,-0.02,0.9,-0.25,0.0,0.5,
previous_p_positive,0.25,0.5,249,250,1.0,0.5555555555555556,-0.4444444444444444,0.4444444444444444,0.0,0.3888888888888889,0.3888888888888889,0.3888888888888889,3680.0,2774.333333333333,-0.02,0.9,-0.25,0.25,,0.7
previous_positive,0.0,0.1,29,32,0.6666666666666666,0.2272727272727272,-0.43939393939393945,0.43939393939393945,0.3333333333333333,0.75,0.4166666666666667,0.4166666666666667,2564.8,1396.5454545454545,-0.1,0.97,-0.25,,0.75,0.7
fresh_positive,0.7,0.85,28,109,0.6666666666666666,0.2272727272727272,-0.43939393939393945,0.43939393939393945,0.3333333333333333,0.75,0.4166666666666667,0.4166666666666667,2903.5333333333333,1331.3636363636365,-0.1,0.97,-0.25,0.0,0.5,
fresh_positive,0.7,0.85,543,624,0.8333333333333334,0.4,-0.43333333333333335,0.43333333333333335,0.1666666666666666,0.6,0.43333333333333335,0.43333333333333335,3081.1666666666665,1700.44,0.0,0.995,-0.25,0.1,0.25,
fresh_positive,0.7,0.85,11,92,0.8333333333333334,0.4,-0.43333333333333335,0.43333333333333335,0.1666666666666666,0.6,0.43333333333333335,0.43333333333333335,3366.6666666666665,2305.36,-0.1,0.9,-0.1,0.0,0.75,
fresh_positive,0.7,0.85,30,111,0.8333333333333334,0.4,-0.43333333333333335,0.43333333333333335,0.1666666666666666,0.6,0.43333333333333335,0.43333333333333335,3372.0,1976.84,-0.1,0.97,-0.25,0.1,0.25,
previous_negative,-0.25,-0.1,30,39,0.8333333333333334,0.4,-0.43333333333333335,0.43333333333333335,0.1666666666666666,0.6,0.43333333333333335,0.43333333333333335,3372.0,2061.96,-0.1,0.97,,0.1,0.25,0.7
previous_positive,0.0,0.1,55,58,0.8333333333333334,0.4,-0.43333333333333335,0.43333333333333335,0.1666666666666666,0.56,0.3933333333333334,0.3933333333333334,3161.583333333333,2167.08,-0.1,0.995,-0.25,,0.5,0.7
previous_positive,0.0,0.1,245,248,0.9090909090909092,0.4761904761904761,-0.43290043290043306,0.43290043290043306,0.0909090909090909,0.5238095238095238,0.43290043290043295,0.43290043290043295,3353.6363636363635,2340.2380952380954,-0.02,0.9,-0.25,,0.75,0.7
fresh_p_positive,0.9,0.97,4,31,0.9090909090909092,0.4761904761904761,-0.43290043290043306,0.43290043290043306,0.0909090909090909,0.5238095238095238,0.43290043290043295,0.43290043290043295,3523.090909090909,2171.0476190476197,-0.1,,-0.25,0.1,0.5,0.7
fresh_positive,0.7,0.85,9,90,0.9090909090909092,0.4761904761904761,-0.43290043290043306,0.43290043290043306,0.0909090909090909,0.4761904761904761,0.3852813852813852,0.3852813852813852,3364.3636363636365,2568.714285714286,-0.1,0.9,-0.1,0.0,0.25,
fresh_positive,0.7,0.85,492,573,0.9090909090909092,0.4761904761904761,-0.43290043290043306,0.43290043290043306,0.0909090909090909,0.4761904761904761,0.3852813852813852,0.3852813852813852,3441.7272727272725,2683.809523809524,0.0,0.9,-0.25,0.25,0.25,
previous_negative,-0.25,-0.1,81,90,0.9090909090909092,0.4761904761904761,-0.43290043290043306,0.43290043290043306,0.0909090909090909,0.4761904761904761,0.3852813852813852,0.3852813852813852,3474.0,2568.714285714286,-0.1,0.9,,0.0,0.25,0.85
previous_p_positive,0.25,0.5,546,547,0.625,0.196078431372549,-0.428921568627451,0.428921568627451,0.375,0.803921568627451,0.428921568627451,0.428921568627451,2654.3125,1278.7843137254902,0.0,0.995,-0.25,0.25,,0.7
fresh_p_positive,0.9,0.97,21,48,0.7142857142857143,0.2941176470588235,-0.4201680672268908,0.4201680672268908,0.2857142857142857,0.6470588235294118,0.3613445378151261,0.3613445378151261,2905.5,1674.9411764705883,-0.1,,0.0,0.1,0.25,0.7
previous_negative,-0.25,-0.1,546,555,0.625,0.2083333333333333,-0.41666666666666674,0.41666666666666674,0.375,0.7708333333333334,0.39583333333333337,0.39583333333333337,2654.3125,1378.2291666666667,0.0,0.995,,0.25,0.25,0.7
previous_p_positive,0.25,0.5,543,544,0.8333333333333334,0.4166666666666667,-0.4166666666666667,0.4166666666666667,0.1666666666666666,0.5833333333333334,0.41666666666666674,0.41666666666666674,3081.1666666666665,2065.6666666666665,0.0,0.995,-0.25,0.1,,0.7
fresh_p_positive,0.9,0.97,247,274,0.8333333333333334,0.4166666666666667,-0.4166666666666667,0.4166666666666667,0.1666666666666666,0.5416666666666666,0.375,0.375,3245.25,2300.0,-0.02,,-0.25,0.1,0.5,0.7
previous_p_positive,0.25,0.5,273,274,0.8333333333333334,0.4166666666666667,-0.4166666666666667,0.4166666666666667,0.1666666666666666,0.5416666666666666,0.375,0.375,3268.833333333333,2300.0,-0.02,0.97,-0.25,0.1,,0.7
previous_p_positive,0.5,0.75,55,56,0.8333333333333334,0.4166666666666667,-0.4166666666666667,0.4166666666666667,0.1666666666666666,0.4583333333333333,0.29166666666666674,0.29166666666666674,3161.583333333333,2425.75,-0.1,0.995,-0.25,0.0,,0.7
fresh_positive,0.7,0.85,504,585,0.6666666666666666,0.25,-0.41666666666666663,0.41666666666666663,0.3333333333333333,0.725,0.39166666666666666,0.39166666666666666,2761.733333333333,1401.175,0.0,0.9,0.0,0.0,0.25,
fresh_positive,0.7,0.85,297,378,0.9090909090909092,0.5,-0.40909090909090917,0.40909090909090917,0.0909090909090909,0.5,0.4090909090909091,0.4090909090909091,3354.090909090909,2254.05,-0.02,0.995,-0.25,0.0,0.25,
fresh_p_positive,0.9,0.97,492,519,0.9090909090909092,0.5,-0.40909090909090917,0.40909090909090917,0.0909090909090909,0.5,0.4090909090909091,0.4090909090909091,3441.7272727272725,2304.65,0.0,,-0.25,0.25,0.25,0.7
previous_p_positive,0.25,0.5,492,493,0.9090909090909092,0.5,-0.40909090909090917,0.40909090909090917,0.0909090909090909,0.5,0.4090909090909091,0.4090909090909091,3441.7272727272725,2446.5,0.0,0.9,-0.25,0.25,,0.7
previous_p_positive,0.5,0.75,13,14,0.9090909090909092,0.5,-0.40909090909090917,0.40909090909090917,0.0909090909090909,0.5,0.4090909090909091,0.4090909090909091,3447.0,2508.05,-0.1,0.9,-0.1,0.1,,0.7
fresh_positive,0.7,0.85,63,144,0.625,0.217391304347826,-0.407608695652174,0.407608695652174,0.25,0.7608695652173914,0.5108695652173914,0.5108695652173914,2822.875,1147.3695652173913,-0.1,0.995,-0.1,0.0,0.25,
fresh_positive,0.7,0.85,496,577,0.6666666666666666,0.2631578947368421,-0.40350877192982454,0.40350877192982454,0.3333333333333333,0.7368421052631579,0.40350877192982454,0.40350877192982454,2728.0666666666666,1544.157894736842,0.0,0.9,-0.1,0.0,0.5,
fresh_positive,0.7,0.85,306,387,0.625,0.2222222222222222,-0.4027777777777778,0.4027777777777778,0.3125,0.7777777777777778,0.4652777777777778,0.4652777777777778,2781.6875,963.6666666666666,-0.02,0.995,-0.1,0.0,0.25,
fresh_positive,0.7,0.85,546,627,0.625,0.2222222222222222,-0.4027777777777778,0.4027777777777778,0.375,0.7777777777777778,0.4027777777777778,0.4027777777777778,2654.3125,1201.4666666666667,0.0,0.995,-0.25,0.25,0.25,
fresh_positive,0.7,0.85,501,582,0.625,0.2222222222222222,-0.4027777777777778,0.4027777777777778,0.375,0.7777777777777778,0.4027777777777778,0.4027777777777778,2730.3125,1467.8444444444444,0.0,0.9,-0.1,0.25,0.25,
previous_p_positive,0.25,0.5,276,277,0.625,0.2222222222222222,-0.4027777777777778,0.4027777777777778,0.375,0.7555555555555555,0.38055555555555554,0.38055555555555554,3079.8125,1433.3111111111111,-0.02,0.97,-0.25,0.25,,0.7
fresh_p_positive,0.9,0.97,501,528,0.625,0.2222222222222222,-0.4027777777777778,0.4027777777777778,0.375,0.7333333333333333,0.3583333333333333,0.3583333333333333,2730.3125,1580.3555555555556,0.0,,-0.1,0.25,0.25,0.7
previous_negative,-0.25,-0.1,324,333,0.7692307692307693,0.3703703703703703,-0.398860398860399,0.398860398860399,0.2307692307692307,0.6296296296296297,0.3988603988603989,0.3988603988603989,3129.769230769231,1905.6666666666667,-0.02,0.9,,0.0,0.25,0.85
fresh_positive,0.7,0.85,255,336,0.8333333333333334,0.4347826086956521,-0.39855072463768126,0.39855072463768126,0.0833333333333333,0.5652173913043478,0.48188405797101447,0.48188405797101447,3620.75,1797.0,-0.02,0.9,-0.1,0.1,0.25,
fresh_positive,0.7,0.85,273,354,0.8333333333333334,0.4347826086956521,-0.39855072463768126,0.39855072463768126,0.1666666666666666,0.5652173913043478,0.39855072463768115,0.39855072463768115,3268.833333333333,1886.5652173913045,-0.02,0.97,-0.25,0.1,0.25,
fresh_positive,0.7,0.85,513,594,0.8333333333333334,0.4347826086956521,-0.39855072463768126,0.39855072463768126,0.1666666666666666,0.5652173913043478,0.39855072463768115,0.39855072463768115,3268.833333333333,2116.086956521739,0.0,0.97,-0.25,0.0,0.25,
fresh_positive,0.7,0.85,487,568,0.8333333333333334,0.4347826086956521,-0.39855072463768126,0.39855072463768126,0.1666666666666666,0.5652173913043478,0.39855072463768115,0.39855072463768115,3362.1666666666665,2573.304347826087,0.0,0.9,-0.25,0.0,0.5,
fresh_positive,0.7,0.85,495,576,0.8333333333333334,0.4347826086956521,-0.39855072463768126,0.39855072463768126,0.1666666666666666,0.5652173913043478,0.39855072463768115,0.39855072463768115,3363.4166666666665,1858.0869565217392,0.0,0.9,-0.1,0.0,0.25,
fresh_positive,0.7,0.85,5,86,0.8333333333333334,0.4347826086956521,-0.39855072463768126,0.39855072463768126,0.1666666666666666,0.5217391304347826,0.35507246376811596,0.35507246376811596,3116.25,2181.826086956521,-0.1,0.9,-0.25,0.1,0.75,
fresh_p_positive,0.9,0.97,11,38,0.8333333333333334,0.4347826086956521,-0.39855072463768126,0.39855072463768126,0.1666666666666666,0.5217391304347826,0.35507246376811596,0.35507246376811596,3366.6666666666665,2021.782608695652,-0.1,,-0.1,0.0,0.75,0.7
previous_negative,-0.25,-0.1,543,552,0.8333333333333334,0.4347826086956521,-0.39855072463768126,0.39855072463768126,0.1666666666666666,0.4782608695652174,0.3115942028985508,0.3115942028985508,3081.1666666666665,2357.6521739130435,0.0,0.995,,0.1,0.25,0.7
previous_negative,-0.1,0.0,498,507,0.8333333333333334,0.4347826086956521,-0.39855072463768126,0.39855072463768126,0.1666666666666666,0.4782608695652174,0.3115942028985508,0.3115942028985508,3285.4166666666665,2469.5652173913045,0.0,0.9,,0.1,0.25,0.7
fresh_p_positive,0.9,0.97,82,109,0.625,0.2272727272727272,-0.3977272727272728,0.3977272727272728,0.375,0.75,0.375,0.375,3142.4375,1331.3636363636365,-0.1,,-0.25,0.0,0.5,0.85
fresh_p_positive,0.9,0.97,330,357,0.625,0.238095238095238,-0.386904761904762,0.386904761904762,0.375,0.7142857142857143,0.3392857142857143,0.3392857142857143,2671.625,1444.6190476190477,-0.02,,-0.25,0.25,0.25,0.85
fresh_positive,0.7,0.85,276,357,0.625,0.238095238095238,-0.386904761904762,0.386904761904762,0.375,0.7142857142857143,0.3392857142857143,0.3392857142857143,3079.8125,1444.6190476190477,-0.02,0.97,-0.25,0.25,0.25,
previous_p_positive,0.25,0.5,15,16,0.9090909090909092,0.5263157894736842,-0.382775119617225,0.382775119617225,0.0909090909090909,0.4736842105263157,0.3827751196172248,0.3827751196172248,3408.090909090909,2573.1052631578946,-0.1,0.9,-0.1,0.25,,0.7
previous_positive,0.1,0.25,13,16,0.9090909090909092,0.5263157894736842,-0.382775119617225,0.382775119617225,0.0909090909090909,0.4736842105263157,0.3827751196172248,0.3827751196172248,3447.0,2573.1052631578946,-0.1,0.9,-0.1,,0.5,0.7
fresh_positive,0.7,0.85,4,85,0.9090909090909092,0.5263157894736842,-0.382775119617225,0.382775119617225,0.0909090909090909,0.4736842105263157,0.3827751196172248,0.3827751196172248,3523.090909090909,2598.684210526316,-0.1,0.9,-0.25,0.1,0.5,
fresh_positive,0.7,0.85,261,342,0.7142857142857143,0.3333333333333333,-0.380952380952381,0.380952380952381,0.2857142857142857,0.6666666666666666,0.38095238095238093,0.38095238095238093,2917.214285714286,1736.2,-0.02,0.9,0.0,0.0,0.25,
fresh_p_positive,0.9,0.97,24,51,0.5882352941176471,0.2083333333333333,-0.3799019607843138,0.3799019607843138,0.2941176470588235,0.7916666666666666,0.49754901960784315,0.49754901960784315,2954.470588235294,1136.3541666666667,-0.1,,0.0,0.25,0.25,0.7
previous_negative,-0.25,-0.1,702,711,0.5882352941176471,0.2083333333333333,-0.3799019607843138,0.3799019607843138,0.4117647058823529,0.7916666666666666,0.3799019607843137,0.3799019607843137,2379.3529411764707,909.0208333333334,0.0,0.995,,0.0,0.25,1.0
fresh_positive,0.7,0.85,497,578,0.625,0.25,-0.375,0.375,0.25,0.75,0.5,0.5,3053.125,1365.8,0.0,0.9,-0.1,0.0,0.75,
fresh_p_positive,0.9,0.97,87,114,0.625,0.25,-0.375,0.375,0.3125,0.75,0.4375,0.4375,2722.3125,1362.975,-0.1,,-0.25,0.25,0.25,0.85
fresh_positive,0.7,0.85,541,622,0.625,0.25,-0.375,0.375,0.3125,0.75,0.4375,0.4375,2755.875,1281.525,0.0,0.995,-0.25,0.0,0.5,
previous_negative,-0.25,-0.1,570,579,0.625,0.25,-0.375,0.375,0.375,0.75,0.375,0.375,2562.5625,1423.85,0.0,0.9,,0.1,0.25,0.85
fresh_positive,0.7,0.85,254,335,0.625,0.25,-0.375,0.375,0.375,0.75,0.375,0.375,2630.0,1622.05,-0.02,0.9,-0.1,0.0,0.75,
fresh_positive,0.7,0.85,263,344,0.625,0.25,-0.375,0.375,0.375,0.75,0.375,0.375,2877.125,1300.725,-0.02,0.9,0.0,0.0,0.75,
fresh_positive,0.7,0.85,1,82,1.0,0.625,-0.375,0.375,0.0,0.375,0.375,0.375,3680.0,3142.4375,-0.1,0.9,-0.25,0.0,0.5,
fresh_positive,0.7,0.85,249,330,1.0,0.625,-0.375,0.375,0.0,0.375,0.375,0.375,3680.0,2671.625,-0.02,0.9,-0.25,0.25,0.25,
fresh_p_positive,0.9,0.97,249,276,1.0,0.625,-0.375,0.375,0.0,0.375,0.375,0.375,3680.0,3079.8125,-0.02,,-0.25,0.25,0.25,0.7
fresh_positive,0.7,0.85,6,87,1.0,0.625,-0.375,0.375,0.0,0.3125,0.3125,0.3125,3680.0,2722.3125,-0.1,0.9,-0.25,0.25,0.25,
fresh_p_positive,0.9,0.97,244,271,1.0,0.625,-0.375,0.375,0.0,0.3125,0.3125,0.3125,3680.0,2955.0,-0.02,,-0.25,0.0,0.5,0.7
fresh_positive,0.7,0.85,271,352,0.625,0.2631578947368421,-0.3618421052631579,0.3618421052631579,0.3125,0.7105263157894737,0.3980263157894737,0.3980263157894737,2955.0,1469.2105263157894,-0.02,0.97,-0.25,0.0,0.5,
fresh_p_positive,0.9,0.97,22,49,0.5555555555555556,0.196078431372549,-0.3594771241830066,0.3594771241830066,0.3888888888888889,0.7843137254901961,0.3954248366013072,0.3954248366013072,2896.6666666666665,1189.3333333333333,-0.1,,0.0,0.1,0.5,0.7
fresh_positive,0.7,0.85,272,353,0.5555555555555556,0.196078431372549,-0.3594771241830066,0.3594771241830066,0.4444444444444444,0.803921568627451,0.3594771241830066,0.3594771241830066,2407.6111111111118,1074.6666666666667,-0.02,0.97,-0.25,0.0,0.75,
fresh_negative,-0.1,-0.02,5,248,0.8333333333333334,0.4761904761904761,-0.35714285714285726,0.35714285714285726,0.1666666666666666,0.5238095238095238,0.3571428571428572,0.3571428571428572,3116.25,2340.2380952380954,,0.9,-0.25,0.1,0.75,0.7
fresh_positive,0.7,0.85,54,135,0.8333333333333334,0.4761904761904761,-0.35714285714285726,0.35714285714285726,0.1666666666666666,0.5238095238095238,0.3571428571428572,0.3571428571428572,3135.5,2130.714285714286,-0.1,0.995,-0.25,0.0,0.25,
fresh_positive,0.7,0.85,247,328,0.8333333333333334,0.4761904761904761,-0.35714285714285726,0.35714285714285726,0.1666666666666666,0.5238095238095238,0.3571428571428572,0.3571428571428572,3245.25,2230.714285714286,-0.02,0.9,-0.25,0.1,0.5,
previous_p_positive,0.5,0.75,247,248,0.8333333333333334,0.4761904761904761,-0.35714285714285726,0.35714285714285726,0.1666666666666666,0.5238095238095238,0.3571428571428572,0.3571428571428572,3245.25,2340.2380952380954,-0.02,0.9,-0.25,0.1,,0.7
previous_p_positive,0.25,0.5,30,31,0.8333333333333334,0.4761904761904761,-0.35714285714285726,0.35714285714285726,0.1666666666666666,0.5238095238095238,0.3571428571428572,0.3571428571428572,3372.0,2171.0476190476197,-0.1,0.97,-0.25,0.1,,0.7
previous_negative,-0.1,0.0,255,264,0.8333333333333334,0.4761904761904761,-0.35714285714285726,0.35714285714285726,0.0833333333333333,0.4285714285714285,0.3452380952380952,0.3452380952380952,3620.75,2451.285714285714,-0.02,0.9,,0.1,0.25,0.7
fresh_positive,0.7,0.85,299,380,0.5555555555555556,0.2,-0.35555555555555557,0.35555555555555557,0.4444444444444444,0.8,0.3555555555555556,0.3555555555555556,2192.6111111111118,938.06,-0.02,0.995,-0.25,0.0,0.75,
fresh_positive,0.7,0.85,515,596,0.5555555555555556,0.2,-0.35555555555555557,0.35555555555555557,0.4444444444444444,0.8,0.3555555555555556,0.3555555555555556,2193.5,1018.88,0.0,0.97,-0.25,0.0,0.75,
previous_positive,0.0,0.1,299,302,0.5555555555555556,0.2,-0.35555555555555557,0.35555555555555557,0.4444444444444444,0.78,0.3355555555555556,0.3355555555555556,2192.6111111111118,1341.88,-0.02,0.995,-0.25,,0.75,0.7
fresh_p_positive,0.9,0.97,10,37,0.9090909090909092,0.5555555555555556,-0.3535353535353536,0.3535353535353536,0.0909090909090909,0.4444444444444444,0.35353535353535354,0.35353535353535354,3345.909090909091,2420.9444444444443,-0.1,,-0.1,0.0,0.5,0.7
fresh_p_positive,0.9,0.97,245,272,0.9090909090909092,0.5555555555555556,-0.3535353535353536,0.3535353535353536,0.0909090909090909,0.4444444444444444,0.35353535353535354,0.35353535353535354,3353.6363636363635,2407.6111111111118,-0.02,,-0.25,0.0,0.75,0.7
fresh_p_positive,0.9,0.97,9,36,0.9090909090909092,0.5555555555555556,-0.3535353535353536,0.3535353535353536,0.0909090909090909,0.4444444444444444,0.35353535353535354,0.35353535353535354,3364.3636363636365,2614.1111111111118,-0.1,,-0.1,0.0,0.25,0.7
fresh_positive,0.7,0.85,27,108,0.9090909090909092,0.5555555555555556,-0.3535353535353536,0.3535353535353536,0.0909090909090909,0.4444444444444444,0.35353535353535354,0.35353535353535354,3369.7272727272725,2233.777777777778,-0.1,0.97,-0.25,0.0,0.25,
previous_negative,-0.25,-0.1,27,36,0.9090909090909092,0.5555555555555556,-0.3535353535353536,0.3535353535353536,0.0909090909090909,0.4444444444444444,0.35353535353535354,0.35353535353535354,3369.7272727272725,2614.1111111111118,-0.1,0.97,,0.0,0.25,0.7
fresh_p_positive,0.9,0.97,81,108,0.9090909090909092,0.5555555555555556,-0.3535353535353536,0.3535353535353536,0.0909090909090909,0.4444444444444444,0.35353535353535354,0.35353535353535354,3474.0,2233.777777777778,-0.1,,-0.25,0.0,0.25,0.85
fresh_positive,0.7,0.85,486,567,0.9090909090909092,0.5555555555555556,-0.3535353535353536,0.3535353535353536,0.0909090909090909,0.4444444444444444,0.35353535353535354,0.35353535353535354,3491.7272727272725,2646.3888888888887,0.0,0.9,-0.25,0.0,0.25,
previous_negative,-0.25,-0.1,270,279,0.9090909090909092,0.5555555555555556,-0.3535353535353536,0.3535353535353536,0.0909090909090909,0.3888888888888889,0.297979797979798,0.297979797979798,3353.818181818182,2590.777777777778,-0.02,0.97,,0.0,0.25,0.7
fresh_negative,-0.1,-0.02,13,256,0.9090909090909092,0.5555555555555556,-0.3535353535353536,0.3535353535353536,0.0909090909090909,0.3888888888888889,0.297979797979798,0.297979797979798,3447.0,2811.333333333333,,0.9,-0.1,0.1,0.5,0.7
previous_negative,-0.1,0.0,13,22,0.9090909090909092,0.5555555555555556,-0.3535353535353536,0.3535353535353536,0.0909090909090909,0.3888888888888889,0.297979797979798,0.297979797979798,3447.0,2896.6666666666665,-0.1,0.9,,0.1,0.5,0.7
previous_p_positive,0.25,0.5,405,406,0.7692307692307693,0.4166666666666667,-0.3525641025641026,0.3525641025641026,0.2307692307692307,0.5833333333333334,0.35256410256410264,0.35256410256410264,2927.230769230769,2017.75,-0.02,0.9,-0.25,0.0,,1.0
previous_negative,-0.25,-0.1,60,69,0.5555555555555556,0.2040816326530612,-0.35147392290249435,0.35147392290249435,0.3888888888888889,0.7959183673469388,0.4070294784580499,0.4070294784580499,2510.055555555556,1352.7755102040817,-0.1,0.995,,0.25,0.25,0.7
previous_p_positive,0.25,0.5,60,61,0.5555555555555556,0.2040816326530612,-0.35147392290249435,0.35147392290249435,0.3888888888888889,0.7959183673469388,0.4070294784580499,0.4070294784580499,2510.055555555556,1380.2857142857142,-0.1,0.995,-0.25,0.25,,0.7
previous_negative,-0.25,-0.1,675,684,0.5555555555555556,0.2040816326530612,-0.35147392290249435,0.35147392290249435,0.4444444444444444,0.7959183673469388,0.35147392290249435,0.35147392290249435,2288.1666666666665,1063.2857142857142,0.0,0.97,,0.0,0.25,1.0
previous_negative,-0.25,-0.1,108,117,0.5555555555555556,0.2040816326530612,-0.35147392290249435,0.35147392290249435,0.4444444444444444,0.7755102040816326,0.3310657596371882,0.3310657596371882,2233.777777777778,1214.1020408163265,-0.1,0.97,,0.0,0.25,0.85
previous_positive,0.1,0.25,491,494,0.5555555555555556,0.2040816326530612,-0.35147392290249435,0.35147392290249435,0.4444444444444444,0.7755102040816326,0.3310657596371882,0.3310657596371882,2409.777777777778,1628.9591836734694,0.0,0.9,-0.25,,0.75,0.7
fresh_positive,0.7,0.85,37,118,0.5555555555555556,0.2040816326530612,-0.35147392290249435,0.35147392290249435,0.4444444444444444,0.7755102040816326,0.3310657596371882,0.3310657596371882,2420.9444444444443,1049.1020408163265,-0.1,0.97,-0.1,0.0,0.5,
fresh_positive,0.7,0.85,36,117,0.5555555555555556,0.2040816326530612,-0.35147392290249435,0.35147392290249435,0.4444444444444444,0.7755102040816326,0.3310657596371882,0.3310657596371882,2614.1111111111118,1214.1020408163265,-0.1,0.97,-0.1,0.0,0.25,
fresh_positive,0.7,0.85,60,141,0.5555555555555556,0.2083333333333333,-0.3472222222222223,0.3472222222222223,0.3888888888888889,0.7708333333333334,0.3819444444444445,0.3819444444444445,2510.055555555556,1159.0625,-0.1,0.995,-0.25,0.25,0.25,
fresh_positive,0.7,0.85,491,572,0.5555555555555556,0.2083333333333333,-0.3472222222222223,0.3472222222222223,0.4444444444444444,0.7916666666666666,0.3472222222222222,0.3472222222222222,2409.777777777778,1211.0416666666667,0.0,0.9,-0.25,0.1,0.75,
fresh_positive,0.7,0.85,20,101,0.7142857142857143,0.3703703703703703,-0.343915343915344,0.343915343915344,0.2142857142857142,0.6296296296296297,0.41534391534391546,0.41534391534391546,2989.3571428571427,1741.7777777777778,-0.1,0.9,0.0,0.0,0.75,
fresh_positive,0.7,0.85,252,333,0.7142857142857143,0.3703703703703703,-0.343915343915344,0.343915343915344,0.2142857142857142,0.6296296296296297,0.41534391534391546,0.41534391534391546,3232.6428571428573,1905.6666666666667,-0.02,0.9,-0.1,0.0,0.25,
previous_p_positive,0.25,0.5,168,169,0.7142857142857143,0.3703703703703703,-0.343915343915344,0.343915343915344,0.2857142857142857,0.6296296296296297,0.34391534391534395,0.34391534391534395,2930.214285714286,2031.5185185185185,-0.1,0.9,-0.25,0.25,,1.0
fresh_positive,0.7,0.85,253,334,0.7142857142857143,0.3703703703703703,-0.343915343915344,0.343915343915344,0.2857142857142857,0.6296296296296297,0.34391534391534395,0.34391534391534395,3091.3571428571427,1807.555555555556,-0.02,0.9,-0.1,0.0,0.5,
fresh_positive,0.7,0.85,21,102,0.7142857142857143,0.3703703703703703,-0.343915343915344,0.343915343915344,0.2857142857142857,0.5925925925925926,0.30687830687830686,0.30687830687830686,2905.5,1986.074074074074,-0.1,0.9,0.0,0.1,0.25,
fresh_p_positive,0.9,0.97,261,288,0.7142857142857143,0.3703703703703703,-0.343915343915344,0.343915343915344,0.2857142857142857,0.5925925925925926,0.30687830687830686,0.30687830687830686,2917.214285714286,1934.2962962962963,-0.02,,0.0,0.0,0.25,0.7
fresh_p_positive,0.9,0.97,17,44,0.4,0.059171597633136,-0.340828402366864,0.340828402366864,0.6,0.9289940828402368,0.3289940828402368,0.3289940828402368,2142.36,512.6272189349113,-0.1,,-0.1,0.25,0.75,0.7
fresh_positive,0.7,0.85,279,360,0.5555555555555556,0.217391304347826,-0.3381642512077296,0.3381642512077296,0.3888888888888889,0.782608695652174,0.39371980676328505,0.39371980676328505,2590.777777777778,1053.4565217391305,-0.02,0.97,-0.1,0.0,0.25,
fresh_positive,0.7,0.85,307,388,0.5555555555555556,0.217391304347826,-0.3381642512077296,0.3381642512077296,0.3888888888888889,0.7608695652173914,0.37198067632850246,0.37198067632850246,2368.9444444444443,952.2608695652174,-0.02,0.995,-0.1,0.0,0.5,
fresh_positive,0.7,0.85,522,603,0.5555555555555556,0.217391304347826,-0.3381642512077296,0.3381642512077296,0.4444444444444444,0.7608695652173914,0.31642512077294693,0.31642512077294693,2383.722222222222,1135.3260869565215,0.0,0.97,-0.1,0.0,0.25,
fresh_positive,0.7,0.85,499,580,0.5555555555555556,0.217391304347826,-0.3381642512077296,0.3381642512077296,0.4444444444444444,0.7608695652173914,0.31642512077294693,0.31642512077294693,2674.277777777778,1433.0217391304348,0.0,0.9,-0.1,0.1,0.5,
previous_positive,0.0,0.1,515,518,0.5555555555555556,0.217391304347826,-0.3381642512077296,0.3381642512077296,0.4444444444444444,0.7391304347826086,0.2946859903381642,0.2946859903381642,2193.5,1480.6521739130435,0.0,0.97,-0.25,,0.75,0.7
previous_p_positive,0.25,0.5,33,34,0.5555555555555556,0.217391304347826,-0.3381642512077296,0.3381642512077296,0.4444444444444444,0.7391304347826086,0.2946859903381642,0.2946859903381642,2387.333333333333,1635.0,-0.1,0.97,-0.25,0.25,,0.7
previous_positive,0.0,0.1,272,275,0.5555555555555556,0.217391304347826,-0.3381642512077296,0.3381642512077296,0.4444444444444444,0.7391304347826086,0.2946859903381642,0.2946859903381642,2407.6111111111118,1385.5652173913045,-0.02,0.97,-0.25,,0.75,0.7
fresh_p_positive,0.9,0.97,491,518,0.5555555555555556,0.217391304347826,-0.3381642512077296,0.3381642512077296,0.4444444444444444,0.7391304347826086,0.2946859903381642,0.2946859903381642,2409.777777777778,1480.6521739130435,0.0,,-0.25,0.1,0.75,0.7
fresh_positive,0.7,0.85,73,154,0.4761904761904761,0.1388888888888889,-0.3373015873015872,0.3373015873015872,0.5238095238095238,0.8611111111111112,0.3373015873015873,0.3373015873015873,2150.190476190476,690.5694444444445,-0.1,0.995,0.0,0.0,0.5,
fresh_p_positive,0.9,0.97,324,351,0.7692307692307693,0.4347826086956521,-0.33444816053511717,0.33444816053511717,0.2307692307692307,0.5652173913043478,0.33444816053511706,0.33444816053511706,3129.769230769231,2070.8695652173915,-0.02,,-0.25,0.0,0.25,0.85
fresh_p_positive,0.9,0.97,16,43,0.5263157894736842,0.1923076923076923,-0.3340080971659919,0.3340080971659919,0.4736842105263157,0.8076923076923077,0.334008097165992,0.334008097165992,2573.1052631578946,1028.423076923077,-0.1,,-0.1,0.25,0.5,0.7
fresh_p_positive,0.9,0.97,255,282,0.8333333333333334,0.5,-0.33333333333333337,0.33333333333333337,0.0833333333333333,0.5,0.4166666666666667,0.4166666666666667,3620.75,2160.4,-0.02,,-0.1,0.1,0.25,0.7
fresh_p_positive,0.9,0.97,250,277,0.5555555555555556,0.2222222222222222,-0.33333333333333337,0.33333333333333337,0.3888888888888889,0.7555555555555555,0.36666666666666664,0.36666666666666664,2774.333333333333,1433.3111111111111,-0.02,,-0.25,0.25,0.5,0.7
fresh_positive,0.7,0.85,256,337,0.5555555555555556,0.2222222222222222,-0.33333333333333337,0.33333333333333337,0.3888888888888889,0.7555555555555555,0.36666666666666664,0.36666666666666664,2811.333333333333,1477.8666666666666,-0.02,0.9,-0.1,0.1,0.5,
previous_negative,-0.25,-0.1,5,14,0.8333333333333334,0.5,-0.33333333333333337,0.33333333333333337,0.1666666666666666,0.5,0.33333333333333337,0.33333333333333337,3116.25,2508.05,-0.1,0.9,,0.1,0.75,0.7
previous_negative,-0.25,-0.1,273,282,0.8333333333333334,0.5,-0.33333333333333337,0.33333333333333337,0.1666666666666666,0.5,0.33333333333333337,0.33333333333333337,3268.833333333333,2160.4,-0.02,0.97,,0.1,0.25,0.7
previous_positive,0.0,0.1,11,14,0.8333333333333334,0.5,-0.33333333333333337,0.33333333333333337,0.1666666666666666,0.5,0.33333333333333337,0.33333333333333337,3366.6666666666665,2508.05,-0.1,0.9,-0.1,,0.75,0.7
fresh_p_positive,0.9,0.97,162,189,0.8333333333333334,0.5,-0.33333333333333337,0.33333333333333337,0.1666666666666666,0.5,0.33333333333333337,0.33333333333333337,3372.333333333333,2387.75,-0.1,,-0.25,0.0,0.25,1.0
fresh_negative,-0.1,-0.02,19,262,0.8333333333333334,0.5,-0.33333333333333337,0.33333333333333337,0.1666666666666666,0.5,0.33333333333333337,0.33333333333333337,3393.5,2542.2,,0.9,0.0,0.0,0.5,0.7
fresh_p_positive,0.9,0.97,1,28,1.0,0.6666666666666666,-0.33333333333333337,0.33333333333333337,0.0,0.3333333333333333,0.3333333333333333,0.3333333333333333,3680.0,2903.5333333333333,-0.1,,-0.25,0.0,0.5,0.7
fresh_positive,0.7,0.85,3,84,1.0,0.6666666666666666,-0.33333333333333337,0.33333333333333337,0.0,0.2666666666666666,0.2666666666666666,0.2666666666666666,3680.0,3403.9333333333334,-0.1,0.9,-0.25,0.1,0.25,
previous_negative,-0.25,-0.1,249,258,1.0,0.6666666666666666,-0.33333333333333337,0.33333333333333337,0.0,0.2666666666666666,0.2666666666666666,0.2666666666666666,3680.0,2831.4,-0.02,0.9,,0.25,0.25,0.7
fresh_p_positive,0.9,0.97,26,53,0.4,0.0671140939597315,-0.3328859060402685,0.3328859060402685,0.6,0.9328859060402684,0.33288590604026846,0.33288590604026846,1808.16,416.4295302013423,-0.1,,0.0,0.25,0.75,0.7
fresh_p_positive,0.9,0.97,86,113,0.4347826086956521,0.1030927835051546,-0.3316898251904975,0.3316898251904975,0.5217391304347826,0.8969072164948454,0.3751680860600628,0.3751680860600628,2181.826086956521,665.8556701030927,-0.1,,-0.25,0.1,0.75,0.85
previous_negative,-0.25,-0.1,465,474,0.4,0.0714285714285714,-0.3285714285714286,0.3285714285714286,0.6,0.9214285714285714,0.3214285714285714,0.3214285714285714,1678.44,470.7642857142857,-0.02,0.995,,0.25,0.25,1.0
previous_p_positive,0.25,0.5,108,109,0.5555555555555556,0.2272727272727272,-0.3282828282828284,0.3282828282828284,0.4444444444444444,0.75,0.3055555555555556,0.3055555555555556,2233.777777777778,1331.3636363636365,-0.1,0.97,-0.25,0.0,,0.85
fresh_positive,0.7,0.85,506,587,0.5555555555555556,0.2272727272727272,-0.3282828282828284,0.3282828282828284,0.4444444444444444,0.7272727272727273,0.2828282828282829,0.2828282828282829,2494.6111111111118,1367.6136363636365,0.0,0.9,0.0,0.0,0.75,
fresh_positive,0.7,0.85,24,105,0.5882352941176471,0.2631578947368421,-0.325077399380805,0.325077399380805,0.2941176470588235,0.7368421052631579,0.44272445820433437,0.44272445820433437,2954.470588235294,1518.4473684210527,-0.1,0.9,0.0,0.25,0.25,
fresh_p_positive,0.9,0.97,163,190,0.5882352941176471,0.2631578947368421,-0.325077399380805,0.325077399380805,0.4117647058823529,0.7368421052631579,0.32507739938080493,0.32507739938080493,2467.0,1315.921052631579,-0.1,,-0.25,0.0,0.5,1.0
previous_negative,-0.25,-0.1,408,417,0.5882352941176471,0.2631578947368421,-0.325077399380805,0.325077399380805,0.4117647058823529,0.7368421052631579,0.32507739938080493,0.32507739938080493,2683.6470588235293,1201.0526315789473,-0.02,0.9,,0.1,0.25,1.0
previous_p_positive,0.5,0.75,250,251,0.5555555555555556,0.2325581395348837,-0.3229974160206719,0.3229974160206719,0.3888888888888889,0.7441860465116279,0.355297157622739,0.355297157622739,2774.333333333333,1637.3720930232555,-0.02,0.9,-0.25,0.25,,0.7
previous_negative,-0.1,0.0,15,24,0.9090909090909092,0.5882352941176471,-0.3208556149732621,0.3208556149732621,0.0909090909090909,0.2941176470588235,0.2032085561497326,0.2032085561497326,3408.090909090909,2954.470588235294,-0.1,0.9,,0.25,0.25,0.7
fresh_p_positive,0.9,0.97,85,112,0.5263157894736842,0.2083333333333333,-0.3179824561403509,0.3179824561403509,0.4736842105263157,0.7916666666666666,0.3179824561403509,0.3179824561403509,2598.684210526316,1165.25,-0.1,,-0.25,0.1,0.5,0.85
fresh_positive,0.7,0.85,549,630,0.5555555555555556,0.238095238095238,-0.31746031746031755,0.31746031746031755,0.3888888888888889,0.7619047619047619,0.37301587301587297,0.37301587301587297,2762.555555555556,997.3333333333334,0.0,0.995,-0.1,0.0,0.25,
fresh_positive,0.7,0.85,559,640,0.4761904761904761,0.1612903225806451,-0.31490015360983103,0.31490015360983103,0.4761904761904761,0.8387096774193549,0.36251920122887876,0.36251920122887876,2198.5238095238096,772.2096774193549,0.0,0.995,0.0,0.0,0.5,
previous_negative,-0.25,-0.1,192,201,0.4761904761904761,0.1612903225806451,-0.31490015360983103,0.31490015360983103,0.5238095238095238,0.8387096774193549,0.31490015360983103,0.31490015360983103,1999.2857142857144,847.483870967742,-0.1,0.97,,0.1,0.25,1.0
fresh_positive,0.7,0.85,490,571,0.7142857142857143,0.4,-0.3142857142857143,0.3142857142857143,0.2857142857142857,0.6,0.3142857142857143,0.3142857142857143,2845.785714285714,2028.6,0.0,0.9,-0.25,0.1,0.5,
fresh_p_positive,0.9,0.97,168,195,0.7142857142857143,0.4,-0.3142857142857143,0.3142857142857143,0.2857142857142857,0.6,0.3142857142857143,0.3142857142857143,2930.214285714286,1800.56,-0.1,,-0.25,0.25,0.25,1.0
fresh_positive,0.7,0.85,57,138,0.7142857142857143,0.4,-0.3142857142857143,0.3142857142857143,0.2857142857142857,0.6,0.3142857142857143,0.3142857142857143,3108.714285714286,2129.04,-0.1,0.995,-0.25,0.1,0.25,
previous_positive,0.0,0.1,298,301,0.7142857142857143,0.4,-0.3142857142857143,0.3142857142857143,0.2857142857142857,0.56,0.27428571428571435,0.27428571428571435,2837.285714285714,1917.52,-0.02,0.995,-0.25,,0.5,0.7
previous_p_positive,0.25,0.5,57,58,0.7142857142857143,0.4,-0.3142857142857143,0.3142857142857143,0.2857142857142857,0.56,0.27428571428571435,0.27428571428571435,3108.714285714286,2167.08,-0.1,0.995,-0.25,0.1,,0.7
fresh_positive,0.7,0.85,317,398,0.5,0.1886792452830188,-0.3113207547169812,0.3113207547169812,0.5,0.8113207547169812,0.3113207547169812,0.3113207547169812,1963.5,819.2264150943396,-0.02,0.995,0.0,0.0,0.75,
fresh_positive,0.7,0.85,64,145,0.5263157894736842,0.217391304347826,-0.3089244851258582,0.3089244851258582,0.4210526315789473,0.782608695652174,0.36155606407322666,0.36155606407322666,2541.157894736842,946.4130434782608,-0.1,0.995,-0.1,0.0,0.5,
previous_negative,-0.25,-0.1,7,16,0.8333333333333334,0.5263157894736842,-0.3070175438596492,0.3070175438596492,0.1666666666666666,0.4736842105263157,0.3070175438596491,0.3070175438596491,3318.833333333333,2573.1052631578946,-0.1,0.9,,0.25,0.5,0.7
previous_negative,-0.25,-0.1,55,64,0.8333333333333334,0.5263157894736842,-0.3070175438596492,0.3070175438596492,0.1666666666666666,0.4210526315789473,0.2543859649122807,0.2543859649122807,3161.583333333333,2541.157894736842,-0.1,0.995,,0.0,0.5,0.7
previous_negative,-0.25,-0.1,648,657,0.5555555555555556,0.25,-0.3055555555555556,0.3055555555555556,0.3888888888888889,0.75,0.3611111111111111,0.3611111111111111,2598.333333333333,1351.025,0.0,0.9,,0.0,0.25,1.0
previous_positive,0.0,0.1,307,310,0.5555555555555556,0.25,-0.3055555555555556,0.3055555555555556,0.3888888888888889,0.725,0.3361111111111111,0.3361111111111111,2368.9444444444443,1303.25,-0.02,0.995,-0.1,,0.5,0.7
fresh_p_positive,0.9,0.97,256,283,0.5555555555555556,0.25,-0.3055555555555556,0.3055555555555556,0.3888888888888889,0.725,0.3361111111111111,0.3361111111111111,2811.333333333333,1433.275,-0.02,,-0.1,0.1,0.5,0.7
fresh_positive,0.7,0.85,33,114,0.5555555555555556,0.25,-0.3055555555555556,0.3055555555555556,0.4444444444444444,0.75,0.3055555555555556,0.3055555555555556,2387.333333333333,1362.975,-0.1,0.97,-0.25,0.25,0.25,
previous_negative,-0.1,0.0,37,46,0.5555555555555556,0.25,-0.3055555555555556,0.3055555555555556,0.4444444444444444,0.7,0.25555555555555554,0.25555555555555554,2420.9444444444443,1735.2,-0.1,0.97,,0.0,0.5,0.7
fresh_p_positive,0.9,0.97,25,52,0.4347826086956521,0.1298701298701298,-0.3049124788255223,0.3049124788255223,0.5652173913043478,0.8701298701298701,0.3049124788255223,0.3049124788255223,2243.608695652174,757.4545454545455,-0.1,,0.0,0.25,0.5,0.7
fresh_positive,0.7,0.85,517,598,0.5,0.196078431372549,-0.303921568627451,0.303921568627451,0.45,0.803921568627451,0.353921568627451,0.353921568627451,2235.85,1106.7254901960785,0.0,0.97,-0.25,0.1,0.5,
fresh_positive,0.7,0.85,265,346,0.5,0.2,-0.3,0.3,0.5,0.8,0.30000000000000004,0.30000000000000004,2159.55,1195.3,-0.02,0.9,0.0,0.1,0.5,
fresh_positive,0.7,0.85,282,363,0.5,0.2,-0.3,0.3,0.5,0.8,0.30000000000000004,0.30000000000000004,2160.4,1012.68,-0.02,0.97,-0.1,0.1,0.25,
previous_negative,-0.25,-0.1,189,198,0.5,0.2,-0.3,0.3,0.5,0.8,0.30000000000000004,0.30000000000000004,2387.75,1089.84,-0.1,0.97,,0.0,0.25,1.0
previous_negative,-0.25,-0.1,514,523,0.7142857142857143,0.4166666666666667,-0.2976190476190476,0.2976190476190476,0.2857142857142857,0.5416666666666666,0.25595238095238093,0.25595238095238093,2720.5,2131.0416666666665,0.0,0.97,,0.0,0.5,0.7
previous_negative,-0.25,-0.1,57,66,0.7142857142857143,0.4166666666666667,-0.2976190476190476,0.2976190476190476,0.2857142857142857,0.5,0.2142857142857143,0.2142857142857143,3108.714285714286,2343.5416666666665,-0.1,0.995,,0.1,0.25,0.7
fresh_p_positive,0.9,0.97,258,285,0.6666666666666666,0.3703703703703703,-0.29629629629629634,0.29629629629629634,0.2666666666666666,0.6296296296296297,0.36296296296296304,0.36296296296296304,2831.4,1780.3333333333333,-0.02,,-0.1,0.25,0.25,0.7
previous_p_positive,0.25,0.5,258,259,0.6666666666666666,0.3703703703703703,-0.29629629629629634,0.29629629629629634,0.2666666666666666,0.5925925925925926,0.32592592592592595,0.32592592592592595,2831.4,1969.888888888889,-0.02,0.9,-0.1,0.25,,0.7
fresh_positive,0.7,0.85,309,390,0.5,0.2040816326530612,-0.29591836734693877,0.29591836734693877,0.5,0.7959183673469388,0.29591836734693877,0.29591836734693877,2158.8,949.734693877551,-0.02,0.995,-0.1,0.1,0.25,
previous_positive,0.0,0.1,317,320,0.5,0.2040816326530612,-0.29591836734693877,0.29591836734693877,0.5,0.7755102040816326,0.2755102040816326,0.2755102040816326,1963.5,984.7755102040816,-0.02,0.995,0.0,,0.75,0.7
previous_negative,-0.25,-0.1,459,468,0.5,0.2040816326530612,-0.29591836734693877,0.29591836734693877,0.5,0.7755102040816326,0.2755102040816326,0.2755102040816326,2144.7,973.2244897959184,-0.02,0.995,,0.0,0.25,1.0
previous_p_positive,0.5,0.75,493,494,0.5,0.2040816326530612,-0.29591836734693877,0.29591836734693877,0.5,0.7755102040816326,0.2755102040816326,0.2755102040816326,2446.5,1628.9591836734694,0.0,0.9,-0.25,0.25,,0.7
fresh_positive,0.7,0.85,47,128,0.4347826086956521,0.1388888888888889,-0.2958937198067632,0.2958937198067632,0.5652173913043478,0.8472222222222222,0.2820048309178744,0.2820048309178744,1778.608695652174,811.2361111111111,-0.1,0.97,0.0,0.0,0.75,
fresh_positive,0.7,0.85,16,97,0.5263157894736842,0.2325581395348837,-0.2937576499388005,0.2937576499388005,0.4736842105263157,0.7674418604651163,0.2937576499388006,0.2937576499388006,2573.1052631578946,1484.1627906976744,-0.1,0.9,-0.1,0.25,0.5,
fresh_p_positive,0.9,0.97,405,432,0.7692307692307693,0.4761904761904761,-0.29304029304029316,0.29304029304029316,0.2307692307692307,0.5238095238095238,0.2930402930402931,0.2930402930402931,2927.230769230769,2214.4761904761904,-0.02,,-0.25,0.0,0.25,1.0
previous_p_positive,0.5,0.75,325,326,0.5555555555555556,0.2631578947368421,-0.2923976608187135,0.2923976608187135,0.4444444444444444,0.7368421052631579,0.29239766081871343,0.29239766081871343,2488.3888888888887,1543.1315789473683,-0.02,0.9,-0.25,0.0,,0.85
fresh_p_positive,0.9,0.97,499,526,0.5555555555555556,0.2631578947368421,-0.2923976608187135,0.2923976608187135,0.4444444444444444,0.7368421052631579,0.29239766081871343,0.29239766081871343,2674.277777777778,1634.4473684210527,0.0,,-0.1,0.1,0.5,0.7
fresh_p_positive,0.9,0.97,325,352,0.5555555555555556,0.2631578947368421,-0.2923976608187135,0.2923976608187135,0.4444444444444444,0.7105263157894737,0.26608187134502925,0.26608187134502925,2488.3888888888887,1469.2105263157894,-0.02,,-0.25,0.0,0.5,0.85
previous_positive,0.1,0.25,517,520,0.5,0.2083333333333333,-0.29166666666666674,0.29166666666666674,0.45,0.7916666666666666,0.3416666666666666,0.3416666666666666,2235.85,1329.8333333333333,0.0,0.97,-0.25,,0.5,0.7
previous_p_positive,0.25,0.5,519,520,0.5,0.2083333333333333,-0.29166666666666674,0.29166666666666674,0.5,0.7916666666666666,0.29166666666666663,0.29166666666666663,2304.65,1329.8333333333333,0.0,0.97,-0.25,0.25,,0.7
fresh_p_positive,0.9,0.97,493,520,0.5,0.2083333333333333,-0.29166666666666674,0.29166666666666674,0.5,0.7916666666666666,0.29166666666666663,0.29166666666666663,2446.5,1329.8333333333333,0.0,,-0.25,0.25,0.5,0.7
fresh_p_positive,0.9,0.97,14,41,0.5,0.2083333333333333,-0.29166666666666674,0.29166666666666674,0.5,0.7916666666666666,0.29166666666666663,0.29166666666666663,2508.05,1180.8333333333333,-0.1,,-0.1,0.1,0.75,0.7
previous_positive,0.1,0.25,309,312,0.5,0.2083333333333333,-0.29166666666666674,0.29166666666666674,0.5,0.75,0.25,0.25,2158.8,1340.7291666666667,-0.02,0.995,-0.1,,0.25,0.7
fresh_p_positive,0.9,0.97,265,292,0.5,0.2083333333333333,-0.29166666666666674,0.29166666666666674,0.5,0.75,0.25,0.25,2159.55,1177.3333333333333,-0.02,,0.0,0.1,0.5,0.7
fresh_p_positive,0.9,0.97,102,129,0.3703703703703703,0.0806451612903225,-0.2897252090800478,0.2897252090800478,0.5925925925925926,0.9193548387096774,0.3267622461170848,0.3267622461170848,1986.074074074074,554.5645161290323,-0.1,,0.0,0.1,0.25,0.85
previous_p_positive,0.25,0.5,708,709,0.3703703703703703,0.0806451612903225,-0.2897252090800478,0.2897252090800478,0.6296296296296297,0.9112903225806452,0.2816606929510156,0.2816606929510156,1647.6296296296296,573.5403225806451,0.0,0.995,-0.25,0.25,,1.0
fresh_p_positive,0.9,0.97,94,121,0.4,0.1111111111111111,-0.2888888888888889,0.2888888888888889,0.6,0.8666666666666667,0.2666666666666667,0.2666666666666667,2217.12,789.2777777777778,-0.1,,-0.1,0.1,0.5,0.85
fresh_positive,0.7,0.85,65,146,0.4761904761904761,0.1886792452830188,-0.28751123090745734,0.28751123090745734,0.4761904761904761,0.8113207547169812,0.33513027852650507,0.33513027852650507,2235.8571428571427,912.5283018867924,-0.1,0.995,-0.1,0.0,0.75,
previous_negative,-0.1,0.0,12,21,1.0,0.7142857142857143,-0.2857142857142857,0.2857142857142857,0.0,0.2857142857142857,0.2857142857142857,0.2857142857142857,3680.0,2905.5,-0.1,0.9,,0.1,0.25,0.7
previous_negative,-0.25,-0.1,244,253,1.0,0.7142857142857143,-0.2857142857142857,0.2857142857142857,0.0,0.2857142857142857,0.2857142857142857,0.2857142857142857,3680.0,3091.3571428571427,-0.02,0.9,,0.0,0.5,0.7
previous_negative,-0.25,-0.1,243,252,1.0,0.7142857142857143,-0.2857142857142857,0.2857142857142857,0.0,0.2142857142857142,0.2142857142857142,0.2142857142857142,3680.0,3232.6428571428573,-0.02,0.9,,0.0,0.25,0.7
previous_negative,-0.25,-0.1,245,254,0.9090909090909092,0.625,-0.28409090909090917,0.28409090909090917,0.0909090909090909,0.375,0.2840909090909091,0.2840909090909091,3353.6363636363635,2630.0,-0.02,0.9,,0.0,0.75,0.7
previous_negative,-0.25,-0.1,492,501,0.9090909090909092,0.625,-0.28409090909090917,0.28409090909090917,0.0909090909090909,0.375,0.2840909090909091,0.2840909090909091,3441.7272727272725,2730.3125,0.0,0.9,,0.25,0.25,0.7
previous_p_positive,0.25,0.5,81,82,0.9090909090909092,0.625,-0.28409090909090917,0.28409090909090917,0.0909090909090909,0.375,0.2840909090909091,0.2840909090909091,3474.0,3142.4375,-0.1,0.9,-0.25,0.0,,0.85
fresh_positive,0.7,0.85,489,570,0.9090909090909092,0.625,-0.28409090909090917,0.28409090909090917,0.0909090909090909,0.375,0.2840909090909091,0.2840909090909091,3490.090909090909,2562.5625,0.0,0.9,-0.25,0.1,0.25,
previous_p_positive,0.25,0.5,270,271,0.9090909090909092,0.625,-0.28409090909090917,0.28409090909090917,0.0909090909090909,0.3125,0.22159090909090912,0.22159090909090912,3353.818181818182,2955.0,-0.02,0.97,-0.25,0.0,,0.7
previous_negative,-0.25,-0.1,297,306,0.9090909090909092,0.625,-0.28409090909090917,0.28409090909090917,0.0909090909090909,0.3125,0.22159090909090912,0.22159090909090912,3354.090909090909,2781.6875,-0.02,0.995,,0.0,0.25,0.7
fresh_positive,0.7,0.85,542,623,0.4761904761904761,0.1923076923076923,-0.2838827838827838,0.2838827838827838,0.5238095238095238,0.8076923076923077,0.2838827838827839,0.2838827838827839,1997.857142857143,968.9423076923076,0.0,0.995,-0.25,0.0,0.75,
fresh_p_positive,0.9,0.97,23,50,0.4761904761904761,0.1923076923076923,-0.2838827838827838,0.2838827838827838,0.5238095238095238,0.8076923076923077,0.2838827838827839,0.2838827838827839,2299.4761904761904,1094.826923076923,-0.1,,0.0,0.1,0.75,0.7
previous_negative,-0.25,-0.1,216,225,0.5,0.217391304347826,-0.282608695652174,0.282608695652174,0.45,0.782608695652174,0.33260869565217394,0.33260869565217394,2364.5,875.0217391304348,-0.1,0.995,,0.0,0.25,1.0
previous_p_positive,0.5,0.75,517,518,0.5,0.217391304347826,-0.282608695652174,0.282608695652174,0.45,0.7391304347826086,0.28913043478260864,0.28913043478260864,2235.85,1480.6521739130435,0.0,0.97,-0.25,0.1,,0.7
previous_negative,-0.25,-0.1,654,663,0.5,0.217391304347826,-0.282608695652174,0.282608695652174,0.5,0.782608695652174,0.28260869565217395,0.28260869565217395,2251.75,1296.3695652173913,0.0,0.9,,0.25,0.25,1.0
previous_negative,-0.25,-0.1,516,525,0.6666666666666666,0.3846153846153846,-0.28205128205128205,0.28205128205128205,0.2666666666666666,0.5384615384615384,0.27179487179487183,0.27179487179487183,3036.133333333333,2086.230769230769,0.0,0.97,,0.1,0.25,0.7
fresh_p_positive,0.9,0.97,267,294,0.4761904761904761,0.196078431372549,-0.2801120448179271,0.2801120448179271,0.5238095238095238,0.803921568627451,0.2801120448179272,0.2801120448179272,2284.3809523809523,1057.3725490196075,-0.02,,0.0,0.25,0.25,0.7
previous_negative,-0.25,-0.1,435,444,0.4761904761904761,0.196078431372549,-0.2801120448179271,0.2801120448179271,0.5238095238095238,0.803921568627451,0.2801120448179272,0.2801120448179272,2376.619047619048,976.0980392156864,-0.02,0.97,,0.1,0.25,1.0
fresh_p_positive,0.9,0.97,20,47,0.7142857142857143,0.4347826086956521,-0.2795031055900622,0.2795031055900622,0.2142857142857142,0.5652173913043478,0.3509316770186336,0.3509316770186336,2989.3571428571427,1778.608695652174,-0.1,,0.0,0.0,0.75,0.7
fresh_positive,0.7,0.85,540,621,0.7142857142857143,0.4347826086956521,-0.2795031055900622,0.2795031055900622,0.2142857142857142,0.5217391304347826,0.3074534161490684,0.3074534161490684,3146.5714285714284,2135.9565217391305,0.0,0.995,-0.25,0.0,0.25,
fresh_p_positive,0.9,0.97,327,354,0.7142857142857143,0.4347826086956521,-0.2795031055900622,0.2795031055900622,0.2857142857142857,0.5652173913043478,0.2795031055900621,0.2795031055900621,2849.8571428571427,1886.5652173913045,-0.02,,-0.25,0.1,0.25,0.85
previous_negative,-0.25,-0.1,327,336,0.7142857142857143,0.4347826086956521,-0.2795031055900622,0.2795031055900622,0.2857142857142857,0.5652173913043478,0.2795031055900621,0.2795031055900621,2849.8571428571427,1797.0,-0.02,0.9,,0.1,0.25,0.85
previous_p_positive,0.25,0.5,255,256,0.8333333333333334,0.5555555555555556,-0.2777777777777778,0.2777777777777778,0.0833333333333333,0.3888888888888889,0.3055555555555556,0.3055555555555556,3620.75,2811.333333333333,-0.02,0.9,-0.1,0.1,,0.7
previous_negative,-0.1,0.0,282,291,0.5,0.2222222222222222,-0.2777777777777778,0.2777777777777778,0.5,0.7777777777777778,0.2777777777777778,0.2777777777777778,2160.4,1276.4444444444443,-0.02,0.97,,0.1,0.25,0.7
previous_negative,-0.25,-0.1,378,387,0.5,0.2222222222222222,-0.2777777777777778,0.2777777777777778,0.5,0.7777777777777778,0.2777777777777778,0.2777777777777778,2254.05,963.6666666666666,-0.02,0.995,,0.0,0.25,0.85
fresh_p_positive,0.9,0.97,488,515,0.8333333333333334,0.5555555555555556,-0.2777777777777778,0.2777777777777778,0.1666666666666666,0.4444444444444444,0.2777777777777778,0.2777777777777778,3106.333333333333,2193.5,0.0,,-0.25,0.0,0.75,0.7
previous_positive,0.0,0.1,488,491,0.8333333333333334,0.5555555555555556,-0.2777777777777778,0.2777777777777778,0.1666666666666666,0.4444444444444444,0.2777777777777778,0.2777777777777778,3106.333333333333,2409.777777777778,0.0,0.9,-0.25,,0.75,0.7
previous_negative,-0.25,-0.1,513,522,0.8333333333333334,0.5555555555555556,-0.2777777777777778,0.2777777777777778,0.1666666666666666,0.4444444444444444,0.2777777777777778,0.2777777777777778,3268.833333333333,2383.722222222222,0.0,0.97,,0.0,0.25,0.7
previous_p_positive,0.25,0.5,498,499,0.8333333333333334,0.5555555555555556,-0.2777777777777778,0.2777777777777778,0.1666666666666666,0.4444444444444444,0.2777777777777778,0.2777777777777778,3285.4166666666665,2674.277777777778,0.0,0.9,-0.1,0.1,,0.7
fresh_p_positive,0.9,0.97,495,522,0.8333333333333334,0.5555555555555556,-0.2777777777777778,0.2777777777777778,0.1666666666666666,0.4444444444444444,0.2777777777777778,0.2777777777777778,3363.4166666666665,2383.722222222222,0.0,,-0.1,0.0,0.25,0.7
previous_positive,0.1,0.25,30,33,0.8333333333333334,0.5555555555555556,-0.2777777777777778,0.2777777777777778,0.1666666666666666,0.4444444444444444,0.2777777777777778,0.2777777777777778,3372.0,2387.333333333333,-0.1,0.97,-0.25,,0.25,0.7
previous_negative,-0.1,0.0,309,318,0.5,0.2222222222222222,-0.2777777777777778,0.2777777777777778,0.5,0.7555555555555555,0.25555555555555554,0.25555555555555554,2158.8,1215.3777777777775,-0.02,0.995,,0.1,0.25,0.7
previous_p_positive,0.25,0.5,378,379,0.5,0.2222222222222222,-0.2777777777777778,0.2777777777777778,0.5,0.7333333333333333,0.23333333333333328,0.23333333333333328,2254.05,1289.8444444444444,-0.02,0.995,-0.25,0.0,,0.85
previous_negative,-0.25,-0.1,519,528,0.5,0.2222222222222222,-0.2777777777777778,0.2777777777777778,0.5,0.7333333333333333,0.23333333333333328,0.23333333333333328,2304.65,1580.3555555555556,0.0,0.97,,0.25,0.25,0.7
previous_negative,-0.25,-0.1,247,256,0.8333333333333334,0.5555555555555556,-0.2777777777777778,0.2777777777777778,0.1666666666666666,0.3888888888888889,0.2222222222222223,0.2222222222222223,3245.25,2811.333333333333,-0.02,0.9,,0.1,0.5,0.7
previous_positive,0.1,0.25,247,250,0.8333333333333334,0.5555555555555556,-0.2777777777777778,0.2777777777777778,0.1666666666666666,0.3888888888888889,0.2222222222222223,0.2222222222222223,3245.25,2774.333333333333,-0.02,0.9,-0.25,,0.5,0.7
fresh_negative,-0.1,-0.02,7,250,0.8333333333333334,0.5555555555555556,-0.2777777777777778,0.2777777777777778,0.1666666666666666,0.3888888888888889,0.2222222222222223,0.2222222222222223,3318.833333333333,2774.333333333333,,0.9,-0.25,0.25,0.5,0.7
previous_positive,0.0,0.1,19,22,0.8333333333333334,0.5555555555555556,-0.2777777777777778,0.2777777777777778,0.1666666666666666,0.3888888888888889,0.2222222222222223,0.2222222222222223,3393.5,2896.6666666666665,-0.1,0.9,0.0,,0.5,0.7
fresh_p_positive,0.9,0.97,339,366,0.4,0.1234567901234567,-0.27654320987654335,0.27654320987654335,0.6,0.8641975308641975,0.2641975308641975,0.2641975308641975,1905.96,763.2469135802469,-0.02,,-0.1,0.25,0.25,0.85
previous_positive,0.0,0.1,559,562,0.4761904761904761,0.2,-0.2761904761904761,0.2761904761904761,0.4761904761904761,0.78,0.3038095238095239,0.3038095238095239,2198.5238095238096,1102.78,0.0,0.995,0.0,,0.5,0.7
previous_positive,0.0,0.1,65,68,0.4761904761904761,0.2,-0.2761904761904761,0.2761904761904761,0.4761904761904761,0.78,0.3038095238095239,0.3038095238095239,2235.8571428571427,1049.8,-0.1,0.995,-0.1,,0.75,0.7
previous_p_positive,0.25,0.5,303,304,0.4761904761904761,0.2,-0.2761904761904761,0.2761904761904761,0.5238095238095238,0.8,0.2761904761904762,0.2761904761904762,2099.904761904762,1122.3,-0.02,0.995,-0.25,0.25,,0.7
fresh_positive,0.7,0.85,508,589,0.4761904761904761,0.2,-0.2761904761904761,0.2761904761904761,0.5238095238095238,0.8,0.2761904761904762,0.2761904761904762,2151.333333333333,1122.14,0.0,0.9,0.0,0.1,0.5,
fresh_p_positive,0.9,0.97,328,355,0.4761904761904761,0.2,-0.2761904761904761,0.2761904761904761,0.5238095238095238,0.8,0.2761904761904762,0.2761904761904762,2230.714285714286,1068.04,-0.02,,-0.25,0.1,0.5,0.85
fresh_positive,0.7,0.85,267,348,0.4761904761904761,0.2,-0.2761904761904761,0.2761904761904761,0.5238095238095238,0.8,0.2761904761904762,0.2761904761904762,2284.3809523809523,1194.48,-0.02,0.9,0.0,0.25,0.25,
previous_negative,-0.25,-0.1,432,441,0.4761904761904761,0.2,-0.2761904761904761,0.2761904761904761,0.5238095238095238,0.76,0.23619047619047617,0.23619047619047617,2214.4761904761904,1143.22,-0.02,0.97,,0.0,0.25,1.0
fresh_positive,0.7,0.85,40,121,0.3846153846153846,0.1111111111111111,-0.2735042735042735,0.2735042735042735,0.5769230769230769,0.8666666666666667,0.2897435897435898,0.2897435897435898,1868.1538461538464,789.2777777777778,-0.1,0.97,-0.1,0.1,0.5,
fresh_p_positive,0.9,0.97,502,529,0.4347826086956521,0.1612903225806451,-0.273492286115007,0.273492286115007,0.5652173913043478,0.8387096774193549,0.2734922861150071,0.2734922861150071,2060.4347826086955,948.016129032258,0.0,,-0.1,0.25,0.5,0.7
fresh_positive,0.7,0.85,550,631,0.4761904761904761,0.2040816326530612,-0.27210884353741494,0.27210884353741494,0.4285714285714285,0.7959183673469388,0.3673469387755103,0.3673469387755103,2456.3809523809523,903.8163265306124,0.0,0.995,-0.1,0.0,0.5,
fresh_positive,0.7,0.85,280,361,0.4761904761904761,0.2040816326530612,-0.27210884353741494,0.27210884353741494,0.4761904761904761,0.7959183673469388,0.31972789115646266,0.31972789115646266,2447.428571428572,1017.1632653061224,-0.02,0.97,-0.1,0.0,0.5,
fresh_p_positive,0.9,0.97,90,117,0.4761904761904761,0.2040816326530612,-0.27210884353741494,0.27210884353741494,0.4761904761904761,0.7755102040816326,0.2993197278911565,0.2993197278911565,2568.714285714286,1214.1020408163265,-0.1,,-0.1,0.0,0.25,0.85
previous_positive,0.0,0.1,73,76,0.4761904761904761,0.2040816326530612,-0.27210884353741494,0.27210884353741494,0.5238095238095238,0.7755102040816326,0.2517006802721088,0.2517006802721088,2150.190476190476,1132.4489795918366,-0.1,0.995,0.0,,0.5,0.7
fresh_positive,0.7,0.85,500,581,0.4761904761904761,0.2040816326530612,-0.27210884353741494,0.27210884353741494,0.5238095238095238,0.7755102040816326,0.2517006802721088,0.2517006802721088,2182.285714285714,1237.734693877551,0.0,0.9,-0.1,0.1,0.75,
fresh_positive,0.7,0.85,289,370,0.4,0.1298701298701298,-0.2701298701298702,0.2701298701298702,0.56,0.8441558441558441,0.28415584415584405,0.28415584415584405,1961.76,783.1818181818181,-0.02,0.97,0.0,0.0,0.5,
previous_negative,-0.25,-0.1,195,204,0.4,0.1298701298701298,-0.2701298701298702,0.2701298701298702,0.6,0.8701298701298701,0.2701298701298701,0.2701298701298701,1800.56,809.2597402597403,-0.1,0.97,,0.25,0.25,1.0
previous_p_positive,0.25,0.5,465,466,0.4,0.1298701298701298,-0.2701298701298702,0.2701298701298702,0.6,0.8571428571428571,0.2571428571428571,0.2571428571428571,1678.44,731.5194805194806,-0.02,0.995,-0.25,0.25,,1.0
fresh_positive,0.7,0.85,290,371,0.4,0.1298701298701298,-0.2701298701298702,0.2701298701298702,0.6,0.8571428571428571,0.2571428571428571,0.2571428571428571,1759.48,869.8701298701299,-0.02,0.97,0.0,0.0,0.75,
previous_positive,0.0,0.1,263,266,0.625,0.3571428571428571,-0.2678571428571429,0.2678571428571429,0.375,0.6428571428571429,0.2678571428571429,0.2678571428571429,2877.125,1954.357142857143,-0.02,0.9,0.0,,0.75,0.7
previous_positive,0.0,0.1,550,553,0.4761904761904761,0.2083333333333333,-0.2678571428571428,0.2678571428571428,0.4285714285714285,0.75,0.3214285714285715,0.3214285714285715,2456.3809523809523,1378.2916666666667,0.0,0.995,-0.1,,0.5,0.7
fresh_p_positive,0.9,0.97,508,535,0.4761904761904761,0.2083333333333333,-0.2678571428571428,0.2678571428571428,0.5238095238095238,0.7916666666666666,0.2678571428571428,0.2678571428571428,2151.333333333333,1099.7708333333333,0.0,,0.0,0.1,0.5,0.7
fresh_positive,0.7,0.85,31,112,0.4761904761904761,0.2083333333333333,-0.2678571428571428,0.2678571428571428,0.5238095238095238,0.7916666666666666,0.2678571428571428,0.2678571428571428,2171.0476190476197,1165.25,-0.1,0.97,-0.25,0.1,0.5,
previous_p_positive,0.25,0.5,435,436,0.4761904761904761,0.2083333333333333,-0.2678571428571428,0.2678571428571428,0.5238095238095238,0.7916666666666666,0.2678571428571428,0.2678571428571428,2376.619047619048,969.1458333333334,-0.02,0.97,-0.25,0.1,,1.0
previous_positive,0.0,0.1,542,545,0.4761904761904761,0.2083333333333333,-0.2678571428571428,0.2678571428571428,0.5238095238095238,0.7708333333333334,0.24702380952380953,0.24702380952380953,1997.857142857143,1136.4791666666667,0.0,0.995,-0.25,,0.75,0.7
fresh_p_positive,0.9,0.97,500,527,0.4761904761904761,0.2083333333333333,-0.2678571428571428,0.2678571428571428,0.5238095238095238,0.7708333333333334,0.24702380952380953,0.24702380952380953,2182.285714285714,1007.3541666666666,0.0,,-0.1,0.1,0.75,0.7
fresh_positive,0.7,0.85,23,104,0.4761904761904761,0.2083333333333333,-0.2678571428571428,0.2678571428571428,0.5238095238095238,0.7708333333333334,0.24702380952380953,0.24702380952380953,2299.4761904761904,1334.0833333333333,-0.1,0.9,0.0,0.1,0.75,
previous_negative,-0.25,-0.1,303,312,0.4761904761904761,0.2083333333333333,-0.2678571428571428,0.2678571428571428,0.5238095238095238,0.75,0.22619047619047616,0.22619047619047616,2099.904761904762,1340.7291666666667,-0.02,0.995,,0.25,0.25,0.7
fresh_positive,0.7,0.85,505,586,0.5,0.2325581395348837,-0.2674418604651163,0.2674418604651163,0.4,0.7441860465116279,0.3441860465116279,0.3441860465116279,2678.95,1368.9767441860463,0.0,0.9,0.0,0.0,0.5,
fresh_positive,0.7,0.85,262,343,0.5,0.2325581395348837,-0.2674418604651163,0.2674418604651163,0.5,0.7441860465116279,0.2441860465116279,0.2441860465116279,2542.2,1336.0,-0.02,0.9,0.0,0.0,0.5,
previous_p_positive,0.25,0.5,654,655,0.5,0.2325581395348837,-0.2674418604651163,0.2674418604651163,0.5,0.7209302325581395,0.22093023255813948,0.22093023255813948,2251.75,1383.9302325581396,0.0,0.9,-0.25,0.25,,1.0
fresh_positive,0.7,0.85,258,339,0.6666666666666666,0.4,-0.2666666666666666,0.2666666666666666,0.2666666666666666,0.6,0.33333333333333337,0.33333333333333337,2831.4,1905.96,-0.02,0.9,-0.1,0.25,0.25,
fresh_p_positive,0.9,0.97,84,111,0.6666666666666666,0.4,-0.2666666666666666,0.2666666666666666,0.2666666666666666,0.6,0.33333333333333337,0.33333333333333337,3403.9333333333334,1976.84,-0.1,,-0.25,0.1,0.25,0.85
previous_p_positive,0.25,0.5,300,301,0.6666666666666666,0.4,-0.2666666666666666,0.2666666666666666,0.3333333333333333,0.56,0.22666666666666674,0.22666666666666674,2734.0666666666666,1917.52,-0.02,0.995,-0.25,0.1,,0.7
fresh_p_positive,0.9,0.97,504,531,0.6666666666666666,0.4,-0.2666666666666666,0.2666666666666666,0.3333333333333333,0.56,0.22666666666666674,0.22666666666666674,2761.733333333333,1788.0,0.0,,0.0,0.0,0.25,0.7
previous_positive,0.1,0.25,265,268,0.5,0.238095238095238,-0.261904761904762,0.261904761904762,0.5,0.7619047619047619,0.26190476190476186,0.26190476190476186,2159.55,1504.6190476190477,-0.02,0.9,0.0,,0.5,0.7
fresh_positive,0.7,0.85,493,574,0.5,0.238095238095238,-0.261904761904762,0.261904761904762,0.5,0.7619047619047619,0.26190476190476186,0.26190476190476186,2446.5,1407.2857142857142,0.0,0.9,-0.25,0.25,0.5,
fresh_p_positive,0.9,0.97,103,130,0.3333333333333333,0.0714285714285714,-0.2619047619047619,0.2619047619047619,0.6666666666666666,0.9214285714285714,0.25476190476190474,0.25476190476190474,1764.4333333333334,487.82142857142856,-0.1,,0.0,0.1,0.5,0.85
previous_positive,0.0,0.1,506,509,0.5555555555555556,0.2941176470588235,-0.2614379084967321,0.2614379084967321,0.4444444444444444,0.7058823529411765,0.2614379084967321,0.2614379084967321,2494.6111111111118,1998.1470588235293,0.0,0.9,0.0,,0.75,0.7
fresh_positive,0.7,0.85,560,641,0.4,0.1388888888888889,-0.2611111111111111,0.2611111111111111,0.56,0.8611111111111112,0.3011111111111111,0.3011111111111111,1898.32,724.6527777777778,0.0,0.995,0.0,0.0,0.75,
fresh_positive,0.7,0.85,531,612,0.4,0.1388888888888889,-0.2611111111111111,0.2611111111111111,0.56,0.8472222222222222,0.28722222222222216,0.28722222222222216,1788.0,773.8055555555555,0.0,0.97,0.0,0.0,0.25,
fresh_positive,0.7,0.85,74,155,0.4,0.1388888888888889,-0.2611111111111111,0.2611111111111111,0.56,0.8472222222222222,0.28722222222222216,0.28722222222222216,1837.12,792.0694444444445,-0.1,0.995,0.0,0.0,0.75,
fresh_positive,0.7,0.85,532,613,0.4,0.1388888888888889,-0.2611111111111111,0.2611111111111111,0.6,0.8611111111111112,0.2611111111111112,0.2611111111111112,1825.72,705.4444444444445,0.0,0.97,0.0,0.0,0.5,
fresh_positive,0.7,0.85,303,384,0.4761904761904761,0.217391304347826,-0.2587991718426501,0.2587991718426501,0.5238095238095238,0.782608695652174,0.2587991718426501,0.2587991718426501,2099.904761904762,1113.4130434782608,-0.02,0.995,-0.25,0.25,0.25,
previous_positive,0.1,0.25,500,503,0.4761904761904761,0.217391304347826,-0.2587991718426501,0.2587991718426501,0.5238095238095238,0.782608695652174,0.2587991718426501,0.2587991718426501,2182.285714285714,1137.8695652173913,0.0,0.9,-0.1,,0.75,0.7
previous_negative,-0.25,-0.1,135,144,0.4761904761904761,0.217391304347826,-0.2587991718426501,0.2587991718426501,0.5238095238095238,0.7608695652173914,0.23706004140786752,0.23706004140786752,2130.714285714286,1147.3695652173913,-0.1,0.995,,0.0,0.25,0.85
previous_positive,0.1,0.25,31,34,0.4761904761904761,0.217391304347826,-0.2587991718426501,0.2587991718426501,0.5238095238095238,0.7391304347826086,0.2153209109730848,0.2153209109730848,2171.0476190476197,1635.0,-0.1,0.97,-0.25,,0.5,0.7
fresh_p_positive,0.9,0.97,248,275,0.4761904761904761,0.217391304347826,-0.2587991718426501,0.2587991718426501,0.5238095238095238,0.7391304347826086,0.2153209109730848,0.2153209109730848,2340.2380952380954,1385.5652173913045,-0.02,,-0.25,0.1,0.75,0.7
previous_negative,-0.25,-0.1,678,687,0.4166666666666667,0.1612903225806451,-0.2553763440860216,0.2553763440860216,0.5833333333333334,0.8225806451612904,0.239247311827957,0.239247311827957,2014.75,982.2258064516128,0.0,0.97,,0.1,0.25,1.0
previous_p_positive,0.25,0.5,87,88,0.625,0.3703703703703703,-0.2546296296296297,0.2546296296296297,0.3125,0.5925925925925926,0.28009259259259256,0.28009259259259256,2722.3125,1768.7407407407406,-0.1,0.9,-0.25,0.25,,0.85
previous_p_positive,0.25,0.5,330,331,0.625,0.3703703703703703,-0.2546296296296297,0.2546296296296297,0.375,0.6296296296296297,0.25462962962962965,0.25462962962962965,2671.625,1849.2962962962963,-0.02,0.9,-0.25,0.25,,0.85
previous_negative,-0.25,-0.1,276,285,0.625,0.3703703703703703,-0.2546296296296297,0.2546296296296297,0.375,0.6296296296296297,0.25462962962962965,0.25462962962962965,3079.8125,1780.3333333333333,-0.02,0.97,,0.25,0.25,0.7
fresh_p_positive,0.9,0.97,93,120,0.4545454545454545,0.2,-0.25454545454545446,0.25454545454545446,0.5454545454545454,0.8,0.25454545454545463,0.25454545454545463,2064.5,971.84,-0.1,,-0.1,0.1,0.25,0.85
fresh_p_positive,0.9,0.97,88,115,0.3703703703703703,0.1162790697674418,-0.2540913006029285,0.2540913006029285,0.5925925925925926,0.8837209302325582,0.2911283376399656,0.2911283376399656,1768.7407407407406,875.953488372093,-0.1,,-0.25,0.25,0.5,0.85
fresh_p_positive,0.9,0.97,264,291,0.4761904761904761,0.2222222222222222,-0.2539682539682539,0.2539682539682539,0.4285714285714285,0.7777777777777778,0.3492063492063493,0.3492063492063493,2451.285714285714,1276.4444444444443,-0.02,,0.0,0.1,0.25,0.7
fresh_positive,0.7,0.85,264,345,0.4761904761904761,0.2222222222222222,-0.2539682539682539,0.2539682539682539,0.4285714285714285,0.7555555555555555,0.32698412698412704,0.32698412698412704,2451.285714285714,1372.9333333333334,-0.02,0.9,0.0,0.1,0.25,
previous_negative,-0.25,-0.1,573,582,0.4761904761904761,0.2222222222222222,-0.2539682539682539,0.2539682539682539,0.4761904761904761,0.7777777777777778,0.3015873015873017,0.3015873015873017,2683.809523809524,1467.8444444444444,0.0,0.9,,0.25,0.25,0.85
previous_p_positive,0.25,0.5,135,136,0.4761904761904761,0.2222222222222222,-0.2539682539682539,0.2539682539682539,0.5238095238095238,0.7777777777777778,0.25396825396825395,0.25396825396825395,2130.714285714286,1198.7333333333331,-0.1,0.995,-0.25,0.0,,0.85
previous_negative,-0.25,-0.1,411,420,0.4761904761904761,0.2222222222222222,-0.2539682539682539,0.2539682539682539,0.5238095238095238,0.7777777777777778,0.25396825396825395,0.25396825396825395,2430.4761904761904,1122.1555555555556,-0.02,0.9,,0.25,0.25,1.0
previous_negative,-0.25,-0.1,651,660,0.4761904761904761,0.2222222222222222,-0.2539682539682539,0.2539682539682539,0.5238095238095238,0.7777777777777778,0.25396825396825395,0.25396825396825395,2450.809523809524,1364.2,0.0,0.9,,0.1,0.25,1.0
previous_negative,-0.25,-0.1,328,337,0.4761904761904761,0.2222222222222222,-0.2539682539682539,0.2539682539682539,0.5238095238095238,0.7555555555555555,0.2317460317460317,0.2317460317460317,2230.714285714286,1477.8666666666666,-0.02,0.9,,0.1,0.5,0.85
fresh_positive,0.7,0.85,502,583,0.4347826086956521,0.1818181818181818,-0.25296442687747034,0.25296442687747034,0.5652173913043478,0.8,0.23478260869565226,0.23478260869565226,2060.4347826086955,1305.3090909090909,0.0,0.9,-0.1,0.25,0.5,
previous_p_positive,0.25,0.5,216,217,0.5,0.25,-0.25,0.25,0.45,0.75,0.3,0.3,2364.5,1185.375,-0.1,0.995,-0.25,0.0,,1.0
fresh_positive,0.7,0.85,519,600,0.5,0.25,-0.25,0.25,0.5,0.75,0.25,0.25,2304.65,1233.5,0.0,0.97,-0.25,0.25,0.25,
fresh_positive,0.7,0.85,14,95,0.5,0.25,-0.25,0.25,0.5,0.75,0.25,0.25,2508.05,1339.65,-0.1,0.9,-0.1,0.1,0.75,
previous_p_positive,0.25,0.5,459,460,0.5,0.25,-0.25,0.25,0.5,0.725,0.22499999999999998,0.22499999999999998,2144.7,1186.725,-0.02,0.995,-0.25,0.0,,1.0
previous_p_positive,0.25,0.5,309,310,0.5,0.25,-0.25,0.25,0.5,0.725,0.22499999999999998,0.22499999999999998,2158.8,1303.25,-0.02,0.995,-0.1,0.1,,0.7
previous_p_positive,0.25,0.5,282,283,0.5,0.25,-0.25,0.25,0.5,0.725,0.22499999999999998,0.22499999999999998,2160.4,1433.275,-0.02,0.97,-0.1,0.1,,0.7
fresh_positive,0.7,0.85,516,597,0.6666666666666666,0.4166666666666667,-0.24999999999999994,0.24999999999999994,0.2666666666666666,0.5833333333333334,0.31666666666666676,0.31666666666666676,3036.133333333333,1919.5,0.0,0.97,-0.25,0.1,0.25,
fresh_positive,0.7,0.85,300,381,0.6666666666666666,0.4166666666666667,-0.24999999999999994,0.24999999999999994,0.3333333333333333,0.5833333333333334,0.25000000000000006,0.25000000000000006,2734.0666666666666,1835.4583333333333,-0.02,0.995,-0.25,0.1,0.25,
fresh_p_positive,0.9,0.97,496,523,0.6666666666666666,0.4166666666666667,-0.24999999999999994,0.24999999999999994,0.3333333333333333,0.5416666666666666,0.20833333333333331,0.20833333333333331,2728.0666666666666,2131.0416666666665,0.0,,-0.1,0.0,0.5,0.7
fresh_p_positive,0.97,0.995,29,56,0.6666666666666666,0.4166666666666667,-0.24999999999999994,0.24999999999999994,0.3333333333333333,0.4583333333333333,0.125,0.125,2564.8,2425.75,-0.1,,-0.25,0.0,0.75,0.7
previous_p_positive,0.5,0.75,31,32,0.4761904761904761,0.2272727272727272,-0.2489177489177489,0.2489177489177489,0.5238095238095238,0.75,0.22619047619047616,0.22619047619047616,2171.0476190476197,1396.5454545454545,-0.1,0.97,-0.25,0.1,,0.7
previous_p_positive,0.25,0.5,432,433,0.4761904761904761,0.2272727272727272,-0.2489177489177489,0.2489177489177489,0.5238095238095238,0.75,0.22619047619047616,0.22619047619047616,2214.4761904761904,1300.6818181818182,-0.02,0.97,-0.25,0.0,,1.0
fresh_p_positive,0.9,0.97,331,358,0.3703703703703703,0.1219512195121951,-0.24841915085817518,0.24841915085817518,0.6296296296296297,0.8780487804878049,0.24841915085817523,0.24841915085817523,1849.2962962962963,741.5365853658536,-0.02,,-0.25,0.25,0.5,0.85
previous_negative,-0.25,-0.1,222,231,0.3703703703703703,0.1234567901234567,-0.2469135802469136,0.2469135802469136,0.6296296296296297,0.8765432098765432,0.24691358024691357,0.24691358024691357,1606.3333333333333,627.5802469135803,-0.1,0.995,,0.25,0.25,1.0
previous_negative,-0.25,-0.1,681,690,0.3703703703703703,0.1234567901234567,-0.2469135802469136,0.2469135802469136,0.6296296296296297,0.8765432098765432,0.24691358024691357,0.24691358024691357,1627.074074074074,751.0987654320987,0.0,0.97,,0.25,0.25,1.0
fresh_positive,0.7,0.85,285,366,0.3703703703703703,0.1234567901234567,-0.2469135802469136,0.2469135802469136,0.6296296296296297,0.8641975308641975,0.23456790123456783,0.23456790123456783,1780.3333333333333,763.2469135802469,-0.02,0.97,-0.1,0.25,0.25,
fresh_positive,0.7,0.85,524,605,0.4347826086956521,0.1886792452830188,-0.2461033634126333,0.2461033634126333,0.5217391304347826,0.8113207547169812,0.2895816242821986,0.2895816242821986,1969.695652173913,958.0188679245284,0.0,0.97,-0.1,0.0,0.75,
fresh_positive,0.7,0.85,38,119,0.4347826086956521,0.1886792452830188,-0.2461033634126333,0.2461033634126333,0.5217391304347826,0.8113207547169812,0.2895816242821986,0.2895816242821986,2021.782608695652,949.8679245283018,-0.1,0.97,-0.1,0.0,0.75,
fresh_positive,0.7,0.85,558,639,0.3846153846153846,0.1388888888888889,-0.2457264957264957,0.2457264957264957,0.5769230769230769,0.8611111111111112,0.2841880341880343,0.2841880341880343,1844.9615384615383,732.7638888888889,0.0,0.995,0.0,0.0,0.25,
previous_positive,0.0,0.1,162,165,0.8333333333333334,0.5882352941176471,-0.2450980392156863,0.2450980392156863,0.1666666666666666,0.4117647058823529,0.24509803921568632,0.24509803921568632,3372.333333333333,2680.529411764706,-0.1,0.9,-0.25,,0.25,1.0
previous_p_positive,0.25,0.5,162,163,0.8333333333333334,0.5882352941176471,-0.2450980392156863,0.2450980392156863,0.1666666666666666,0.4117647058823529,0.24509803921568632,0.24509803921568632,3372.333333333333,2467.0,-0.1,0.9,-0.25,0.0,,1.0
previous_positive,0.1,0.25,248,251,0.4761904761904761,0.2325581395348837,-0.24363233665559242,0.24363233665559242,0.5238095238095238,0.7441860465116279,0.22037652270210406,0.22037652270210406,2340.2380952380954,1637.3720930232555,-0.02,0.9,-0.25,,0.75,0.7
previous_negative,-0.25,-0.1,165,174,0.5882352941176471,0.3448275862068966,-0.2434077079107505,0.2434077079107505,0.4117647058823529,0.6551724137931034,0.2434077079107505,0.2434077079107505,2680.529411764706,1741.1724137931035,-0.1,0.9,,0.1,0.25,1.0
previous_positive,0.0,0.1,47,50,0.4347826086956521,0.1923076923076923,-0.24247491638795982,0.24247491638795982,0.5652173913043478,0.8076923076923077,0.24247491638795993,0.24247491638795993,1778.608695652174,1094.826923076923,-0.1,0.97,0.0,,0.75,0.7
previous_positive,0.0,0.1,297,300,0.9090909090909092,0.6666666666666666,-0.24242424242424254,0.24242424242424254,0.0909090909090909,0.3333333333333333,0.24242424242424243,0.24242424242424243,3354.090909090909,2734.0666666666666,-0.02,0.995,-0.25,,0.25,0.7
previous_p_positive,0.25,0.5,27,28,0.9090909090909092,0.6666666666666666,-0.24242424242424254,0.24242424242424254,0.0909090909090909,0.3333333333333333,0.24242424242424243,0.24242424242424243,3369.7272727272725,2903.5333333333333,-0.1,0.97,-0.25,0.0,,0.7
fresh_p_positive,0.9,0.97,2,29,0.9090909090909092,0.6666666666666666,-0.24242424242424254,0.24242424242424254,0.0909090909090909,0.3333333333333333,0.24242424242424243,0.24242424242424243,3533.3636363636365,2564.8,-0.1,,-0.25,0.0,0.75,0.7
fresh_negative,-0.1,-0.02,15,258,0.9090909090909092,0.6666666666666666,-0.24242424242424254,0.24242424242424254,0.0909090909090909,0.2666666666666666,0.17575757575757572,0.17575757575757572,3408.090909090909,2831.4,,0.9,-0.1,0.25,0.25,0.7
previous_positive,0.0,0.1,81,84,0.9090909090909092,0.6666666666666666,-0.24242424242424254,0.24242424242424254,0.0909090909090909,0.2666666666666666,0.17575757575757572,0.17575757575757572,3474.0,3403.9333333333334,-0.1,0.9,-0.25,,0.25,0.85
fresh_p_positive,0.9,0.97,489,516,0.9090909090909092,0.6666666666666666,-0.24242424242424254,0.24242424242424254,0.0909090909090909,0.2666666666666666,0.17575757575757572,0.17575757575757572,3490.090909090909,3036.133333333333,0.0,,-0.25,0.1,0.25,0.7
fresh_p_positive,0.9,0.97,259,286,0.3703703703703703,0.1298701298701298,-0.2405002405002405,0.2405002405002405,0.5925925925925926,0.8571428571428571,0.26455026455026454,0.26455026455026454,1969.888888888889,992.7272727272727,-0.02,,-0.1,0.25,0.5,0.7
previous_negative,-0.25,-0.1,708,717,0.3703703703703703,0.1298701298701298,-0.2405002405002405,0.2405002405002405,0.6296296296296297,0.8701298701298701,0.24050024050024044,0.24050024050024044,1647.6296296296296,659.4025974025974,0.0,0.995,,0.25,0.25,1.0
previous_p_positive,0.25,0.5,222,223,0.3703703703703703,0.1298701298701298,-0.2405002405002405,0.2405002405002405,0.6296296296296297,0.8571428571428571,0.22751322751322745,0.22751322751322745,1606.3333333333333,756.6233766233767,-0.1,0.995,-0.25,0.25,,1.0
previous_p_positive,0.25,0.5,285,286,0.3703703703703703,0.1298701298701298,-0.2405002405002405,0.2405002405002405,0.6296296296296297,0.8571428571428571,0.22751322751322745,0.22751322751322745,1780.3333333333333,992.7272727272727,-0.02,0.97,-0.1,0.25,,0.7
previous_negative,-0.1,0.0,63,72,0.625,0.3846153846153846,-0.24038461538461542,0.24038461538461542,0.25,0.5769230769230769,0.32692307692307687,0.32692307692307687,2822.875,1888.0,-0.1,0.995,,0.0,0.25,0.7
previous_positive,0.0,0.1,20,23,0.7142857142857143,0.4761904761904761,-0.2380952380952382,0.2380952380952382,0.2142857142857142,0.5238095238095238,0.30952380952380965,0.30952380952380965,2989.3571428571427,2299.4761904761904,-0.1,0.9,0.0,,0.75,0.7
previous_p_positive,0.25,0.5,327,328,0.7142857142857143,0.4761904761904761,-0.2380952380952382,0.2380952380952382,0.2857142857142857,0.5238095238095238,0.23809523809523814,0.23809523809523814,2849.8571428571427,2230.714285714286,-0.02,0.9,-0.25,0.1,,0.85
fresh_negative,-0.1,-0.02,168,411,0.7142857142857143,0.4761904761904761,-0.2380952380952382,0.2380952380952382,0.2857142857142857,0.5238095238095238,0.23809523809523814,0.23809523809523814,2930.214285714286,2430.4761904761904,,0.9,-0.25,0.25,0.25,1.0
fresh_p_positive,0.9,0.97,253,280,0.7142857142857143,0.4761904761904761,-0.2380952380952382,0.2380952380952382,0.2857142857142857,0.4761904761904761,0.1904761904761904,0.1904761904761904,3091.3571428571427,2447.428571428572,-0.02,,-0.1,0.0,0.5,0.7
fresh_negative,-0.1,-0.02,21,264,0.7142857142857143,0.4761904761904761,-0.2380952380952382,0.2380952380952382,0.2857142857142857,0.4285714285714285,0.1428571428571428,0.1428571428571428,2905.5,2451.285714285714,,0.9,0.0,0.1,0.25,0.7
previous_positive,0.0,0.1,261,264,0.7142857142857143,0.4761904761904761,-0.2380952380952382,0.2380952380952382,0.2857142857142857,0.4285714285714285,0.1428571428571428,0.1428571428571428,2917.214285714286,2451.285714285714,-0.02,0.9,0.0,,0.25,0.7
previous_p_positive,0.25,0.5,573,574,0.4761904761904761,0.238095238095238,-0.2380952380952381,0.2380952380952381,0.4761904761904761,0.7619047619047619,0.28571428571428575,0.28571428571428575,2683.809523809524,1407.2857142857142,0.0,0.9,-0.25,0.25,,0.85
previous_p_positive,0.25,0.5,192,193,0.4761904761904761,0.238095238095238,-0.2380952380952381,0.2380952380952381,0.5238095238095238,0.7619047619047619,0.23809523809523803,0.23809523809523803,1999.2857142857144,1040.547619047619,-0.1,0.97,-0.25,0.1,,1.0
previous_p_positive,0.25,0.5,267,268,0.4761904761904761,0.238095238095238,-0.2380952380952381,0.2380952380952381,0.5238095238095238,0.7619047619047619,0.23809523809523803,0.23809523809523803,2284.3809523809523,1504.6190476190477,-0.02,0.9,0.0,0.25,,0.7
previous_negative,-0.25,-0.1,517,526,0.5,0.2631578947368421,-0.2368421052631579,0.2368421052631579,0.45,0.7368421052631579,0.28684210526315784,0.28684210526315784,2235.85,1634.4473684210527,0.0,0.97,,0.1,0.5,0.7
previous_p_positive,0.25,0.5,189,190,0.5,0.2631578947368421,-0.2368421052631579,0.2368421052631579,0.5,0.7368421052631579,0.23684210526315785,0.23684210526315785,2387.75,1315.921052631579,-0.1,0.97,-0.25,0.0,,1.0
previous_p_positive,0.25,0.5,681,682,0.3703703703703703,0.1351351351351351,-0.2352352352352352,0.2352352352352352,0.6296296296296297,0.8513513513513513,0.22172172172172167,0.22172172172172167,1627.074074074074,898.8243243243244,0.0,0.97,-0.25,0.25,,1.0
previous_negative,-0.25,-0.1,462,471,0.4166666666666667,0.1818181818181818,-0.2348484848484849,0.2348484848484849,0.5833333333333334,0.8181818181818182,0.23484848484848486,0.23484848484848486,2002.2916666666667,981.9090909090908,-0.02,0.995,,0.1,0.25,1.0
fresh_p_positive,0.9,0.97,336,363,0.4347826086956521,0.2,-0.2347826086956521,0.2347826086956521,0.5652173913043478,0.8,0.23478260869565226,0.23478260869565226,1797.0,1012.68,-0.02,,-0.1,0.1,0.25,0.85
previous_negative,-0.25,-0.1,354,363,0.4347826086956521,0.2,-0.2347826086956521,0.2347826086956521,0.5652173913043478,0.8,0.23478260869565226,0.23478260869565226,1886.5652173913045,1012.68,-0.02,0.97,,0.1,0.25,0.85
previous_p_positive,0.25,0.5,354,355,0.4347826086956521,0.2,-0.2347826086956521,0.2347826086956521,0.5652173913043478,0.8,0.23478260869565226,0.23478260869565226,1886.5652173913045,1068.04,-0.02,0.97,-0.25,0.1,,0.85
fresh_positive,0.7,0.85,25,106,0.4347826086956521,0.2,-0.2347826086956521,0.2347826086956521,0.5652173913043478,0.8,0.23478260869565226,0.23478260869565226,2243.608695652174,1308.92,-0.1,0.9,0.0,0.25,0.5,
fresh_p_positive,0.9,0.97,83,110,0.4347826086956521,0.2,-0.2347826086956521,0.2347826086956521,0.5652173913043478,0.76,0.19478260869565223,0.19478260869565223,2423.217391304348,1051.62,-0.1,,-0.25,0.0,0.75,0.85
previous_positive,0.0,0.1,64,67,0.5263157894736842,0.2941176470588235,-0.2321981424148607,0.2321981424148607,0.4210526315789473,0.7058823529411765,0.2848297213622292,0.2848297213622292,2541.157894736842,1379.3529411764705,-0.1,0.995,-0.1,,0.5,0.7
previous_negative,-0.25,-0.1,29,38,0.6666666666666666,0.4347826086956521,-0.23188405797101452,0.23188405797101452,0.3333333333333333,0.5217391304347826,0.18840579710144928,0.18840579710144928,2564.8,2021.782608695652,-0.1,0.97,,0.0,0.75,0.7
previous_positive,0.0,0.1,504,507,0.6666666666666666,0.4347826086956521,-0.23188405797101452,0.23188405797101452,0.3333333333333333,0.4782608695652174,0.1449275362318841,0.1449275362318841,2761.733333333333,2469.5652173913045,0.0,0.9,0.0,,0.25,0.7
fresh_p_positive,0.9,0.97,101,128,0.3703703703703703,0.1388888888888889,-0.2314814814814814,0.2314814814814814,0.6296296296296297,0.8472222222222222,0.21759259259259256,0.21759259259259256,1741.7777777777778,811.2361111111111,-0.1,,0.0,0.0,0.75,0.85
fresh_p_positive,0.9,0.97,100,127,0.3703703703703703,0.1388888888888889,-0.2314814814814814,0.2314814814814814,0.6296296296296297,0.8472222222222222,0.21759259259259256,0.21759259259259256,1854.0,774.6111111111111,-0.1,,0.0,0.0,0.5,0.85
fresh_positive,0.7,0.85,243,324,1.0,0.7692307692307693,-0.23076923076923073,0.23076923076923073,0.0,0.2307692307692307,0.2307692307692307,0.2307692307692307,3680.0,3129.769230769231,-0.02,0.9,-0.25,0.0,0.25,
fresh_positive,0.7,0.85,552,633,0.4347826086956521,0.2040816326530612,-0.2307009760425909,0.2307009760425909,0.4782608695652174,0.7959183673469388,0.31765749778172137,0.31765749778172137,2357.6521739130435,862.1428571428571,0.0,0.995,-0.1,0.1,0.25,
fresh_p_positive,0.9,0.97,91,118,0.4347826086956521,0.2040816326530612,-0.2307009760425909,0.2307009760425909,0.5652173913043478,0.7755102040816326,0.21029281277728484,0.21029281277728484,2142.521739130435,1049.1020408163265,-0.1,,-0.1,0.0,0.5,0.85
fresh_positive,0.7,0.85,42,123,0.4166666666666667,0.1886792452830188,-0.2279874213836479,0.2279874213836479,0.5416666666666666,0.8113207547169812,0.26965408805031454,0.26965408805031454,2078.625,990.0377358490566,-0.1,0.97,-0.1,0.25,0.25,
previous_negative,-0.25,-0.1,219,228,0.4166666666666667,0.1886792452830188,-0.2279874213836479,0.2279874213836479,0.5833333333333334,0.8113207547169812,0.2279874213836478,0.2279874213836478,2001.75,1006.0377358490566,-0.1,0.995,,0.1,0.25,1.0
fresh_positive,0.7,0.85,544,625,0.4166666666666667,0.1886792452830188,-0.2279874213836479,0.2279874213836479,0.5833333333333334,0.8113207547169812,0.2279874213836478,0.2279874213836478,2065.6666666666665,957.5849056603772,0.0,0.995,-0.25,0.1,0.5,
previous_p_positive,0.25,0.5,195,196,0.4,0.1724137931034483,-0.22758620689655173,0.22758620689655173,0.6,0.8275862068965517,0.22758620689655173,0.22758620689655173,1800.56,929.6206896551724,-0.1,0.97,-0.25,0.25,,1.0
previous_positive,0.1,0.25,552,555,0.4347826086956521,0.2083333333333333,-0.22644927536231882,0.22644927536231882,0.4782608695652174,0.7708333333333334,0.29257246376811596,0.29257246376811596,2357.6521739130435,1378.2291666666667,0.0,0.995,-0.1,,0.25,0.7
previous_p_positive,0.25,0.5,552,553,0.4347826086956521,0.2083333333333333,-0.22644927536231882,0.22644927536231882,0.4782608695652174,0.75,0.2717391304347826,0.2717391304347826,2357.6521739130435,1378.2916666666667,0.0,0.995,-0.1,0.1,,0.7
previous_positive,0.0,0.1,38,41,0.4347826086956521,0.2083333333333333,-0.22644927536231882,0.22644927536231882,0.5217391304347826,0.7916666666666666,0.26992753623188404,0.26992753623188404,2021.782608695652,1180.8333333333333,-0.1,0.97,-0.1,,0.75,0.7
previous_positive,0.0,0.1,524,527,0.4347826086956521,0.2083333333333333,-0.22644927536231882,0.22644927536231882,0.5217391304347826,0.7708333333333334,0.24909420289855078,0.24909420289855078,1969.695652173913,1007.3541666666666,0.0,0.97,-0.1,,0.75,0.7
fresh_p_positive,0.9,0.97,573,600,0.4761904761904761,0.25,-0.2261904761904761,0.2261904761904761,0.4761904761904761,0.75,0.2738095238095239,0.2738095238095239,2683.809523809524,1233.5,0.0,,-0.25,0.25,0.25,0.85
previous_positive,0.0,0.1,280,283,0.4761904761904761,0.25,-0.2261904761904761,0.2261904761904761,0.4761904761904761,0.725,0.24880952380952387,0.24880952380952387,2447.428571428572,1433.275,-0.02,0.97,-0.1,,0.5,0.7
previous_positive,0.1,0.25,508,511,0.4761904761904761,0.25,-0.2261904761904761,0.2261904761904761,0.5238095238095238,0.75,0.22619047619047616,0.22619047619047616,2151.333333333333,1333.3,0.0,0.9,0.0,,0.5,0.7
previous_p_positive,0.5,0.75,328,329,0.4761904761904761,0.25,-0.2261904761904761,0.2261904761904761,0.5238095238095238,0.75,0.22619047619047616,0.22619047619047616,2230.714285714286,1332.15,-0.02,0.9,-0.25,0.1,,0.85
fresh_positive,0.7,0.85,248,329,0.4761904761904761,0.25,-0.2261904761904761,0.2261904761904761,0.5238095238095238,0.75,0.22619047619047616,0.22619047619047616,2340.2380952380954,1332.15,-0.02,0.9,-0.25,0.1,0.75,
previous_p_positive,0.25,0.5,411,412,0.4761904761904761,0.25,-0.2261904761904761,0.2261904761904761,0.5238095238095238,0.75,0.22619047619047616,0.22619047619047616,2430.4761904761904,1363.975,-0.02,0.9,-0.25,0.25,,1.0
fresh_p_positive,0.97,0.995,46,73,0.25,0.4761904761904761,0.2261904761904761,0.2261904761904761,0.7,0.5238095238095238,-0.17619047619047612,0.17619047619047612,1735.2,2150.190476190476,-0.1,,0.0,0.0,0.5,0.7
previous_negative,-0.25,-0.1,87,96,0.625,0.4,-0.22499999999999998,0.22499999999999998,0.3125,0.6,0.2875,0.2875,2722.3125,2046.8,-0.1,0.9,,0.25,0.25,0.85
previous_negative,-0.1,0.0,306,315,0.625,0.4,-0.22499999999999998,0.22499999999999998,0.3125,0.56,0.24750000000000005,0.24750000000000005,2781.6875,1900.76,-0.02,0.995,,0.0,0.25,0.7
previous_p_positive,0.25,0.5,570,571,0.625,0.4,-0.22499999999999998,0.22499999999999998,0.375,0.6,0.22499999999999998,0.22499999999999998,2562.5625,2028.6,0.0,0.9,-0.25,0.1,,0.85
previous_negative,-0.25,-0.1,330,339,0.625,0.4,-0.22499999999999998,0.22499999999999998,0.375,0.6,0.22499999999999998,0.22499999999999998,2671.625,1905.96,-0.02,0.9,,0.25,0.25,0.85
fresh_p_positive,0.9,0.97,263,290,0.625,0.4,-0.22499999999999998,0.22499999999999998,0.375,0.6,0.22499999999999998,0.22499999999999998,2877.125,1759.48,-0.02,,0.0,0.0,0.75,0.7
fresh_p_positive,0.9,0.97,254,281,0.625,0.4,-0.22499999999999998,0.22499999999999998,0.375,0.52,0.14500000000000002,0.14500000000000002,2630.0,2164.36,-0.02,,-0.1,0.0,0.75,0.7
previous_p_positive,0.25,0.5,42,43,0.4166666666666667,0.1923076923076923,-0.2243589743589744,0.2243589743589744,0.5416666666666666,0.8076923076923077,0.2660256410256411,0.2660256410256411,2078.625,1028.423076923077,-0.1,0.97,-0.1,0.25,,0.7
previous_p_positive,0.25,0.5,381,382,0.4166666666666667,0.1923076923076923,-0.2243589743589744,0.2243589743589744,0.5833333333333334,0.8076923076923077,0.22435897435897434,0.22435897435897434,1835.4583333333333,933.8461538461538,-0.02,0.995,-0.25,0.1,,0.85
previous_p_positive,0.25,0.5,462,463,0.4166666666666667,0.1923076923076923,-0.2243589743589744,0.2243589743589744,0.5833333333333334,0.7692307692307693,0.1858974358974359,0.1858974358974359,2002.2916666666667,1066.4038461538462,-0.02,0.995,-0.25,0.1,,1.0
fresh_positive,0.7,0.85,22,103,0.5555555555555556,0.3333333333333333,-0.22222222222222227,0.22222222222222227,0.3888888888888889,0.6666666666666666,0.27777777777777773,0.27777777777777773,2896.6666666666665,1764.4333333333334,-0.1,0.9,0.0,0.1,0.5,
previous_p_positive,0.25,0.5,597,598,0.4166666666666667,0.196078431372549,-0.2205882352941177,0.2205882352941177,0.5833333333333334,0.803921568627451,0.22058823529411764,0.22058823529411764,1919.5,1106.7254901960785,0.0,0.97,-0.25,0.1,,0.85
previous_positive,0.1,0.25,544,547,0.4166666666666667,0.196078431372549,-0.2205882352941177,0.2205882352941177,0.5833333333333334,0.803921568627451,0.22058823529411764,0.22058823529411764,2065.6666666666665,1278.7843137254902,0.0,0.995,-0.25,,0.5,0.7
fresh_positive,0.7,0.85,510,591,0.4166666666666667,0.196078431372549,-0.2205882352941177,0.2205882352941177,0.5833333333333334,0.7843137254901961,0.2009803921568627,0.2009803921568627,2128.2916666666665,1204.2941176470588,0.0,0.9,0.0,0.25,0.25,
previous_negative,-0.25,-0.1,676,685,0.4,0.1818181818181818,-0.21818181818181823,0.21818181818181823,0.6,0.8181818181818182,0.21818181818181825,0.21818181818181825,1609.72,934.6181818181818,0.0,0.97,,0.0,0.5,1.0
previous_p_positive,0.25,0.5,702,703,0.5882352941176471,0.3703703703703703,-0.21786492374727678,0.21786492374727678,0.4117647058823529,0.6296296296296297,0.21786492374727673,0.21786492374727673,2379.3529411764707,1505.2222222222222,0.0,0.995,-0.25,0.0,,1.0
previous_negative,-0.25,-0.1,163,172,0.5882352941176471,0.3703703703703703,-0.21786492374727678,0.21786492374727678,0.4117647058823529,0.6296296296296297,0.21786492374727673,0.21786492374727673,2467.0,1815.037037037037,-0.1,0.9,,0.0,0.5,1.0
previous_p_positive,0.5,0.75,163,164,0.5882352941176471,0.3703703703703703,-0.21786492374727678,0.21786492374727678,0.4117647058823529,0.6296296296296297,0.21786492374727673,0.21786492374727673,2467.0,1924.851851851852,-0.1,0.9,-0.25,0.0,,1.0
previous_p_positive,0.25,0.5,408,409,0.5882352941176471,0.3703703703703703,-0.21786492374727678,0.21786492374727678,0.4117647058823529,0.6296296296296297,0.21786492374727673,0.21786492374727673,2683.6470588235293,1848.1851851851848,-0.02,0.9,-0.25,0.1,,1.0
previous_positive,0.0,0.1,163,166,0.5882352941176471,0.3703703703703703,-0.21786492374727678,0.21786492374727678,0.4117647058823529,0.5185185185185185,0.10675381263616557,0.10675381263616557,2467.0,2310.259259259259,-0.1,0.9,-0.25,,0.5,1.0
previous_p_positive,0.25,0.5,165,166,0.5882352941176471,0.3703703703703703,-0.21786492374727678,0.21786492374727678,0.4117647058823529,0.5185185185185185,0.10675381263616557,0.10675381263616557,2680.529411764706,2310.259259259259,-0.1,0.9,-0.25,0.1,,1.0
fresh_positive,0.7,0.85,507,588,0.4347826086956521,0.217391304347826,-0.2173913043478261,0.2173913043478261,0.4782608695652174,0.782608695652174,0.30434782608695654,0.30434782608695654,2469.5652173913045,1343.0434782608695,0.0,0.9,0.0,0.1,0.25,
fresh_p_positive,0.9,0.97,507,534,0.4347826086956521,0.217391304347826,-0.2173913043478261,0.2173913043478261,0.4782608695652174,0.7608695652173914,0.28260869565217395,0.28260869565217395,2469.5652173913045,1390.2173913043478,0.0,,0.0,0.1,0.25,0.7
previous_negative,-0.1,0.0,552,561,0.4347826086956521,0.217391304347826,-0.2173913043478261,0.2173913043478261,0.4782608695652174,0.7391304347826086,0.26086956521739124,0.26086956521739124,2357.6521739130435,1315.0869565217392,0.0,0.995,,0.1,0.25,0.7
previous_positive,0.1,0.25,86,89,0.4347826086956521,0.217391304347826,-0.2173913043478261,0.2173913043478261,0.5217391304347826,0.7608695652173914,0.23913043478260876,0.23913043478260876,2181.826086956521,1425.4565217391305,-0.1,0.9,-0.25,,0.75,0.85
previous_p_positive,0.5,0.75,502,503,0.4347826086956521,0.217391304347826,-0.2173913043478261,0.2173913043478261,0.5652173913043478,0.782608695652174,0.21739130434782616,0.21739130434782616,2060.4347826086955,1137.8695652173913,0.0,0.9,-0.1,0.25,,0.7
previous_negative,-0.25,-0.1,351,360,0.4347826086956521,0.217391304347826,-0.2173913043478261,0.2173913043478261,0.5652173913043478,0.782608695652174,0.21739130434782616,0.21739130434782616,2070.8695652173915,1053.4565217391305,-0.02,0.97,,0.0,0.25,0.85
fresh_p_positive,0.9,0.97,576,603,0.4347826086956521,0.217391304347826,-0.2173913043478261,0.2173913043478261,0.5652173913043478,0.7608695652173914,0.19565217391304357,0.19565217391304357,1858.0869565217392,1135.3260869565215,0.0,,-0.1,0.0,0.25,0.85
previous_negative,-0.25,-0.1,594,603,0.4347826086956521,0.217391304347826,-0.2173913043478261,0.2173913043478261,0.5652173913043478,0.7608695652173914,0.19565217391304357,0.19565217391304357,2116.086956521739,1135.3260869565215,0.0,0.97,,0.0,0.25,0.85
fresh_positive,0.7,0.85,56,137,0.4166666666666667,0.2,-0.21666666666666667,0.21666666666666667,0.4583333333333333,0.78,0.3216666666666667,0.3216666666666667,2425.75,1005.98,-0.1,0.995,-0.25,0.0,0.75,
fresh_positive,0.7,0.85,308,389,0.4166666666666667,0.2,-0.21666666666666667,0.21666666666666667,0.5,0.8,0.30000000000000004,0.30000000000000004,2289.4166666666665,874.44,-0.02,0.995,-0.1,0.0,0.75,
fresh_positive,0.7,0.85,66,147,0.4166666666666667,0.2,-0.21666666666666667,0.21666666666666667,0.5,0.8,0.30000000000000004,0.30000000000000004,2343.5416666666665,951.34,-0.1,0.995,-0.1,0.1,0.25,
fresh_positive,0.7,0.85,523,604,0.4166666666666667,0.2,-0.21666666666666667,0.21666666666666667,0.5416666666666666,0.8,0.2583333333333334,0.2583333333333334,2131.0416666666665,1035.62,0.0,0.97,-0.1,0.0,0.5,
fresh_positive,0.7,0.85,274,355,0.4166666666666667,0.2,-0.21666666666666667,0.21666666666666667,0.5416666666666666,0.8,0.2583333333333334,0.2583333333333334,2300.0,1068.04,-0.02,0.97,-0.25,0.1,0.5,
previous_p_positive,0.25,0.5,705,706,0.4166666666666667,0.2,-0.21666666666666667,0.21666666666666667,0.5833333333333334,0.8,0.21666666666666667,0.21666666666666667,1903.2916666666667,979.64,0.0,0.995,-0.25,0.1,,1.0
previous_negative,-0.25,-0.1,597,606,0.4166666666666667,0.2,-0.21666666666666667,0.21666666666666667,0.5833333333333334,0.8,0.21666666666666667,0.21666666666666667,1919.5,989.34,0.0,0.97,,0.1,0.25,0.85
previous_p_positive,0.25,0.5,219,220,0.4166666666666667,0.2,-0.21666666666666667,0.21666666666666667,0.5833333333333334,0.8,0.21666666666666667,0.21666666666666667,2001.75,947.8,-0.1,0.995,-0.25,0.1,,1.0
fresh_p_positive,0.9,0.97,510,537,0.4166666666666667,0.2,-0.21666666666666667,0.21666666666666667,0.5833333333333334,0.8,0.21666666666666667,0.21666666666666667,2128.2916666666665,1123.74,0.0,,0.0,0.25,0.25,0.7
previous_positive,0.1,0.25,490,493,0.7142857142857143,0.5,-0.2142857142857143,0.2142857142857143,0.2857142857142857,0.5,0.2142857142857143,0.2142857142857143,2845.785714285714,2446.5,0.0,0.9,-0.25,,0.5,0.7
previous_p_positive,0.25,0.5,261,262,0.7142857142857143,0.5,-0.2142857142857143,0.2142857142857143,0.2857142857142857,0.5,0.2142857142857143,0.2142857142857143,2917.214285714286,2542.2,-0.02,0.9,0.0,0.0,,0.7
previous_negative,-0.1,0.0,253,262,0.7142857142857143,0.5,-0.2142857142857143,0.2142857142857143,0.2857142857142857,0.5,0.2142857142857143,0.2142857142857143,3091.3571428571427,2542.2,-0.02,0.9,,0.0,0.5,0.7
previous_positive,0.0,0.1,514,517,0.7142857142857143,0.5,-0.2142857142857143,0.2142857142857143,0.2857142857142857,0.45,0.1642857142857143,0.1642857142857143,2720.5,2235.85,0.0,0.97,-0.25,,0.5,0.7
fresh_p_positive,0.9,0.97,490,517,0.7142857142857143,0.5,-0.2142857142857143,0.2142857142857143,0.2857142857142857,0.45,0.1642857142857143,0.1642857142857143,2845.785714285714,2235.85,0.0,,-0.25,0.1,0.5,0.7
fresh_negative,-0.02,0.0,324,567,0.7692307692307693,0.5555555555555556,-0.2136752136752137,0.2136752136752137,0.2307692307692307,0.4444444444444444,0.21367521367521372,0.21367521367521372,3129.769230769231,2646.3888888888887,,0.9,-0.25,0.0,0.25,0.85
previous_p_positive,0.25,0.5,324,325,0.7692307692307693,0.5555555555555556,-0.2136752136752137,0.2136752136752137,0.2307692307692307,0.4444444444444444,0.21367521367521372,0.21367521367521372,3129.769230769231,2488.3888888888887,-0.02,0.9,-0.25,0.0,,0.85
fresh_negative,-0.02,0.0,405,648,0.7692307692307693,0.5555555555555556,-0.2136752136752137,0.2136752136752137,0.2307692307692307,0.3888888888888889,0.1581196581196582,0.1581196581196582,2927.230769230769,2598.333333333333,,0.9,-0.25,0.0,0.25,1.0
fresh_p_positive,0.9,0.97,105,132,0.2631578947368421,0.0495049504950495,-0.2136529442417926,0.2136529442417926,0.7368421052631579,0.9455445544554456,0.20870244919228775,0.20870244919228775,1518.4473684210527,466.1534653465346,-0.1,,0.0,0.25,0.25,0.85
fresh_positive,0.7,0.85,48,129,0.2941176470588235,0.0806451612903225,-0.21347248576850097,0.21347248576850097,0.6470588235294118,0.9193548387096774,0.2722960151802656,0.2722960151802656,1674.9411764705883,554.5645161290323,-0.1,0.97,0.0,0.1,0.25,
previous_positive,0.1,0.25,435,438,0.4761904761904761,0.2631578947368421,-0.21303258145363402,0.21303258145363402,0.5238095238095238,0.7368421052631579,0.21303258145363402,0.21303258145363402,2376.619047619048,1427.8684210526317,-0.02,0.97,-0.25,,0.25,1.0
fresh_p_positive,0.9,0.97,411,438,0.4761904761904761,0.2631578947368421,-0.21303258145363402,0.21303258145363402,0.5238095238095238,0.7368421052631579,0.21303258145363402,0.21303258145363402,2430.4761904761904,1427.8684210526317,-0.02,,-0.25,0.25,0.25,1.0
previous_positive,0.1,0.25,66,69,0.4166666666666667,0.2040816326530612,-0.21258503401360548,0.21258503401360548,0.5,0.7959183673469388,0.29591836734693877,0.29591836734693877,2343.5416666666665,1352.7755102040817,-0.1,0.995,-0.1,,0.25,0.7
fresh_p_positive,0.97,0.995,42,69,0.4166666666666667,0.2040816326530612,-0.21258503401360548,0.21258503401360548,0.5416666666666666,0.7959183673469388,0.25425170068027214,0.25425170068027214,2078.625,1352.7755102040817,-0.1,,-0.1,0.25,0.25,0.7
fresh_p_positive,0.9,0.97,257,284,0.4166666666666667,0.2040816326530612,-0.21258503401360548,0.21258503401360548,0.5416666666666666,0.7755102040816326,0.233843537414966,0.233843537414966,1966.375,1169.3061224489795,-0.02,,-0.1,0.1,0.75,0.7
previous_negative,-0.25,-0.1,381,390,0.4166666666666667,0.2040816326530612,-0.21258503401360548,0.21258503401360548,0.5833333333333334,0.7959183673469388,0.2125850340136054,0.2125850340136054,1835.4583333333333,949.734693877551,-0.02,0.995,,0.1,0.25,0.85
previous_negative,-0.25,-0.1,705,714,0.4166666666666667,0.2040816326530612,-0.21258503401360548,0.21258503401360548,0.5833333333333334,0.7959183673469388,0.2125850340136054,0.2125850340136054,1903.2916666666667,850.8163265306123,0.0,0.995,,0.1,0.25,1.0
previous_p_positive,0.25,0.5,678,679,0.4166666666666667,0.2040816326530612,-0.21258503401360548,0.21258503401360548,0.5833333333333334,0.7959183673469388,0.2125850340136054,0.2125850340136054,2014.75,964.1224489795918,0.0,0.97,-0.25,0.1,,1.0
previous_negative,-0.1,0.0,336,345,0.4347826086956521,0.2222222222222222,-0.2125603864734299,0.2125603864734299,0.5652173913043478,0.7555555555555555,0.19033816425120775,0.19033816425120775,1797.0,1372.9333333333334,-0.02,0.9,,0.1,0.25,0.85
previous_p_positive,0.25,0.5,336,337,0.4347826086956521,0.2222222222222222,-0.2125603864734299,0.2125603864734299,0.5652173913043478,0.7555555555555555,0.19033816425120775,0.19033816425120775,1797.0,1477.8666666666666,-0.02,0.9,-0.1,0.1,,0.85
previous_negative,-0.25,-0.1,84,93,0.6666666666666666,0.4545454545454545,-0.21212121212121215,0.21212121212121215,0.2666666666666666,0.5454545454545454,0.2787878787878788,0.2787878787878788,3403.9333333333334,2064.5,-0.1,0.9,,0.1,0.25,0.85
previous_p_positive,0.5,0.75,331,332,0.3703703703703703,0.1587301587301587,-0.2116402116402116,0.2116402116402116,0.6296296296296297,0.8412698412698413,0.21164021164021163,0.21164021164021163,1849.2962962962963,1167.3650793650793,-0.02,0.9,-0.25,0.25,,0.85
fresh_positive,0.7,0.85,281,362,0.4,0.1886792452830188,-0.21132075471698122,0.21132075471698122,0.52,0.8113207547169812,0.29132075471698116,0.29132075471698116,2164.36,1026.433962264151,-0.02,0.97,-0.1,0.0,0.75,
fresh_positive,0.7,0.85,58,139,0.4,0.1886792452830188,-0.21132075471698122,0.21132075471698122,0.56,0.8113207547169812,0.2513207547169811,0.2513207547169811,2167.08,1007.7735849056604,-0.1,0.995,-0.25,0.1,0.5,
previous_p_positive,0.25,0.5,624,625,0.4,0.1886792452830188,-0.21132075471698122,0.21132075471698122,0.6,0.8113207547169812,0.2113207547169812,0.2113207547169812,1700.44,957.5849056603772,0.0,0.995,-0.25,0.1,,0.85
fresh_positive,0.7,0.85,45,126,0.4,0.1886792452830188,-0.21132075471698122,0.21132075471698122,0.6,0.8113207547169812,0.2113207547169812,0.2113207547169812,1829.4,877.3396226415094,-0.1,0.97,0.0,0.0,0.25,
fresh_p_positive,0.9,0.97,96,123,0.4,0.1886792452830188,-0.21132075471698122,0.21132075471698122,0.6,0.8113207547169812,0.2113207547169812,0.2113207547169812,2046.8,990.0377358490566,-0.1,,-0.1,0.25,0.25,0.85
previous_p_positive,0.25,0.5,138,139,0.4,0.1886792452830188,-0.21132075471698122,0.21132075471698122,0.6,0.8113207547169812,0.2113207547169812,0.2113207547169812,2129.04,1007.7735849056604,-0.1,0.995,-0.25,0.1,,0.85
fresh_p_positive,0.9,0.97,92,119,0.4,0.1886792452830188,-0.21132075471698122,0.21132075471698122,0.6,0.8113207547169812,0.2113207547169812,0.2113207547169812,2305.36,949.8679245283018,-0.1,,-0.1,0.0,0.75,0.85
fresh_p_positive,0.9,0.97,167,194,0.3333333333333333,0.1234567901234567,-0.20987654320987661,0.20987654320987661,0.6666666666666666,0.8765432098765432,0.2098765432098766,0.2098765432098766,1639.9333333333334,733.8271604938271,-0.1,,-0.25,0.1,0.75,1.0
fresh_p_positive,0.9,0.97,8,35,0.3703703703703703,0.1612903225806451,-0.2090800477897252,0.2090800477897252,0.6296296296296297,0.8387096774193549,0.20908004778972522,0.20908004778972522,2082.074074074074,890.9193548387096,-0.1,,-0.25,0.25,0.75,0.7
previous_positive,0.0,0.1,56,59,0.4166666666666667,0.2083333333333333,-0.2083333333333334,0.2083333333333334,0.4583333333333333,0.7708333333333334,0.31250000000000006,0.31250000000000006,2425.75,1184.3333333333333,-0.1,0.995,-0.25,,0.75,0.7
fresh_positive,0.7,0.85,257,338,0.4166666666666667,0.2083333333333333,-0.2083333333333334,0.2083333333333334,0.5416666666666666,0.7916666666666666,0.25,0.25,1966.375,1281.6041666666667,-0.02,0.9,-0.1,0.1,0.75,
previous_negative,-0.1,0.0,42,51,0.4166666666666667,0.2083333333333333,-0.2083333333333334,0.2083333333333334,0.5416666666666666,0.7916666666666666,0.25,0.25,2078.625,1136.3541666666667,-0.1,0.97,,0.25,0.25,0.7
previous_p_positive,0.5,0.75,544,545,0.4166666666666667,0.2083333333333333,-0.2083333333333334,0.2083333333333334,0.5833333333333334,0.7708333333333334,0.1875,0.1875,2065.6666666666665,1136.4791666666667,0.0,0.995,-0.25,0.1,,0.7
previous_negative,-0.25,-0.1,544,553,0.4166666666666667,0.2083333333333333,-0.2083333333333334,0.2083333333333334,0.5833333333333334,0.75,0.16666666666666663,0.16666666666666663,2065.6666666666665,1378.2916666666667,0.0,0.995,,0.1,0.5,0.7
previous_positive,0.1,0.25,543,546,0.8333333333333334,0.625,-0.20833333333333337,0.20833333333333337,0.1666666666666666,0.375,0.2083333333333334,0.2083333333333334,3081.1666666666665,2654.3125,0.0,0.995,-0.25,,0.25,0.7
previous_positive,0.1,0.25,273,276,0.8333333333333334,0.625,-0.20833333333333337,0.20833333333333337,0.1666666666666666,0.375,0.2083333333333334,0.2083333333333334,3268.833333333333,3079.8125,-0.02,0.97,-0.25,,0.25,0.7
previous_positive,0.1,0.25,498,501,0.8333333333333334,0.625,-0.20833333333333337,0.20833333333333337,0.1666666666666666,0.375,0.2083333333333334,0.2083333333333334,3285.4166666666665,2730.3125,0.0,0.9,-0.1,,0.25,0.7
fresh_negative,-0.1,-0.02,11,254,0.8333333333333334,0.625,-0.20833333333333337,0.20833333333333337,0.1666666666666666,0.375,0.2083333333333334,0.2083333333333334,3366.6666666666665,2630.0,,0.9,-0.1,0.0,0.75,0.7
previous_negative,-0.25,-0.1,488,497,0.8333333333333334,0.625,-0.20833333333333337,0.20833333333333337,0.1666666666666666,0.25,0.0833333333333334,0.0833333333333334,3106.333333333333,3053.125,0.0,0.9,,0.0,0.75,0.7
previous_negative,-0.25,-0.1,54,63,0.8333333333333334,0.625,-0.20833333333333337,0.20833333333333337,0.1666666666666666,0.25,0.0833333333333334,0.0833333333333334,3135.5,2822.875,-0.1,0.995,,0.0,0.25,0.7
previous_positive,0.0,0.1,541,544,0.625,0.4166666666666667,-0.20833333333333331,0.20833333333333331,0.3125,0.5833333333333334,0.27083333333333337,0.27083333333333337,2755.875,2065.6666666666665,0.0,0.995,-0.25,,0.5,0.7
previous_positive,0.0,0.1,63,66,0.625,0.4166666666666667,-0.20833333333333331,0.20833333333333331,0.25,0.5,0.25,0.25,2822.875,2343.5416666666665,-0.1,0.995,-0.1,,0.25,0.7
previous_positive,0.0,0.1,271,274,0.625,0.4166666666666667,-0.20833333333333331,0.20833333333333331,0.3125,0.5416666666666666,0.22916666666666663,0.22916666666666663,2955.0,2300.0,-0.02,0.97,-0.25,,0.5,0.7
fresh_p_positive,0.9,0.97,570,597,0.625,0.4166666666666667,-0.20833333333333331,0.20833333333333331,0.375,0.5833333333333334,0.20833333333333337,0.20833333333333337,2562.5625,1919.5,0.0,,-0.25,0.1,0.25,0.85
previous_negative,-0.1,0.0,501,510,0.625,0.4166666666666667,-0.20833333333333331,0.20833333333333331,0.375,0.5833333333333334,0.20833333333333337,0.20833333333333337,2730.3125,2128.2916666666665,0.0,0.9,,0.25,0.25,0.7
previous_positive,0.0,0.1,254,257,0.625,0.4166666666666667,-0.20833333333333331,0.20833333333333331,0.375,0.5416666666666666,0.16666666666666663,0.16666666666666663,2630.0,1966.375,-0.02,0.9,-0.1,,0.75,0.7
fresh_positive,0.7,0.85,315,396,0.4,0.1923076923076923,-0.20769230769230773,0.20769230769230773,0.56,0.8076923076923077,0.24769230769230766,0.24769230769230766,1900.76,794.2884615384615,-0.02,0.995,0.0,0.0,0.25,
fresh_positive,0.7,0.85,301,382,0.4,0.1923076923076923,-0.20769230769230773,0.20769230769230773,0.56,0.8076923076923077,0.24769230769230766,0.24769230769230766,1917.52,933.8461538461538,-0.02,0.995,-0.25,0.1,0.5,
fresh_positive,0.7,0.85,316,397,0.4,0.1923076923076923,-0.20769230769230773,0.20769230769230773,0.56,0.7884615384615384,0.22846153846153838,0.22846153846153838,2055.44,852.1923076923077,-0.02,0.995,0.0,0.0,0.5,
previous_negative,-0.25,-0.1,649,658,0.4347826086956521,0.2272727272727272,-0.2075098814229249,0.2075098814229249,0.5652173913043478,0.7727272727272727,0.20750988142292492,0.20750988142292492,1878.1304347826087,1238.909090909091,0.0,0.9,,0.0,0.5,1.0
previous_p_positive,0.5,0.75,676,677,0.4,0.196078431372549,-0.20392156862745103,0.20392156862745103,0.6,0.803921568627451,0.20392156862745103,0.20392156862745103,1609.72,1031.235294117647,0.0,0.97,-0.25,0.0,,1.0
fresh_p_positive,0.9,0.97,571,598,0.4,0.196078431372549,-0.20392156862745103,0.20392156862745103,0.6,0.803921568627451,0.20392156862745103,0.20392156862745103,2028.6,1106.7254901960785,0.0,,-0.25,0.1,0.5,0.85
previous_positive,0.1,0.25,301,304,0.4,0.2,-0.2,0.2,0.56,0.8,0.24,0.24,1917.52,1122.3,-0.02,0.995,-0.25,,0.5,0.7
previous_positive,0.0,0.1,560,563,0.4,0.2,-0.2,0.2,0.56,0.78,0.21999999999999997,0.21999999999999997,1898.32,1041.76,0.0,0.995,0.0,,0.75,0.7
previous_p_positive,0.5,0.75,301,302,0.4,0.2,-0.2,0.2,0.56,0.78,0.21999999999999997,0.21999999999999997,1917.52,1341.88,-0.02,0.995,-0.25,0.1,,0.7
previous_negative,-0.1,0.0,339,348,0.4,0.2,-0.2,0.2,0.6,0.8,0.20000000000000007,0.20000000000000007,1905.96,1194.48,-0.02,0.9,,0.25,0.25,0.85
previous_p_positive,0.25,0.5,339,340,0.4,0.2,-0.2,0.2,0.6,0.8,0.20000000000000007,0.20000000000000007,1905.96,1341.72,-0.02,0.9,-0.1,0.25,,0.85
previous_negative,-0.25,-0.1,111,120,0.4,0.2,-0.2,0.2,0.6,0.8,0.20000000000000007,0.20000000000000007,1976.84,971.84,-0.1,0.97,,0.1,0.25,0.85
fresh_positive,0.7,0.85,39,120,0.4,0.2,-0.2,0.2,0.6,0.8,0.20000000000000007,0.20000000000000007,2061.96,971.84,-0.1,0.97,-0.1,0.1,0.25,
previous_negative,-0.25,-0.1,138,147,0.4,0.2,-0.2,0.2,0.6,0.8,0.20000000000000007,0.20000000000000007,2129.04,951.34,-0.1,0.995,,0.1,0.25,0.85
previous_positive,0.0,0.1,290,293,0.4,0.2,-0.2,0.2,0.6,0.76,0.16000000000000003,0.16000000000000003,1759.48,1085.3,-0.02,0.97,0.0,,0.75,0.7
previous_positive,0.0,0.1,308,311,0.4166666666666667,0.217391304347826,-0.1992753623188407,0.1992753623188407,0.5,0.7608695652173914,0.26086956521739135,0.26086956521739135,2289.4166666666665,1018.8695652173913,-0.02,0.995,-0.1,,0.75,0.7
previous_positive,0.1,0.25,257,260,0.4166666666666667,0.217391304347826,-0.1992753623188407,0.1992753623188407,0.5416666666666666,0.782608695652174,0.24094202898550732,0.24094202898550732,1966.375,1328.2826086956522,-0.02,0.9,-0.1,,0.75,0.7
previous_positive,0.1,0.25,381,384,0.4166666666666667,0.217391304347826,-0.1992753623188407,0.1992753623188407,0.5833333333333334,0.782608695652174,0.19927536231884058,0.19927536231884058,1835.4583333333333,1113.4130434782608,-0.02,0.995,-0.25,,0.25,0.85
previous_p_positive,0.5,0.75,274,275,0.4166666666666667,0.217391304347826,-0.1992753623188407,0.1992753623188407,0.5416666666666666,0.7391304347826086,0.19746376811594202,0.19746376811594202,2300.0,1385.5652173913045,-0.02,0.97,-0.25,0.1,,0.7
fresh_p_positive,0.9,0.97,506,533,0.5555555555555556,0.3571428571428571,-0.19841269841269848,0.19841269841269848,0.4444444444444444,0.6071428571428571,0.16269841269841268,0.16269841269841268,2494.6111111111118,1937.607142857143,0.0,,0.0,0.0,0.75,0.7
fresh_p_positive,0.9,0.97,169,196,0.3703703703703703,0.1724137931034483,-0.197956577266922,0.197956577266922,0.6296296296296297,0.8275862068965517,0.19795657726692206,0.19795657726692206,2031.5185185185185,929.6206896551724,-0.1,,-0.25,0.25,0.5,1.0
previous_negative,-0.25,-0.1,621,630,0.4347826086956521,0.238095238095238,-0.1966873706004141,0.1966873706004141,0.5217391304347826,0.7619047619047619,0.24016563146997927,0.24016563146997927,2135.9565217391305,997.3333333333334,0.0,0.995,,0.0,0.25,0.85
previous_p_positive,0.25,0.5,594,595,0.4347826086956521,0.238095238095238,-0.1966873706004141,0.1966873706004141,0.5652173913043478,0.7619047619047619,0.19668737060041408,0.19668737060041408,2116.086956521739,1420.142857142857,0.0,0.97,-0.25,0.0,,0.85
fresh_negative,-0.1,-0.02,25,268,0.4347826086956521,0.238095238095238,-0.1966873706004141,0.1966873706004141,0.5652173913043478,0.7619047619047619,0.19668737060041408,0.19668737060041408,2243.608695652174,1504.6190476190477,,0.9,0.0,0.25,0.5,0.7
fresh_p_positive,0.9,0.97,568,595,0.4347826086956521,0.238095238095238,-0.1966873706004141,0.1966873706004141,0.5652173913043478,0.7619047619047619,0.19668737060041408,0.19668737060041408,2573.304347826087,1420.142857142857,0.0,,-0.25,0.0,0.5,0.85
previous_positive,0.1,0.25,354,357,0.4347826086956521,0.238095238095238,-0.1966873706004141,0.1966873706004141,0.5652173913043478,0.7142857142857143,0.14906832298136652,0.14906832298136652,1886.5652173913045,1444.6190476190477,-0.02,0.97,-0.25,,0.25,0.85
previous_positive,0.0,0.1,281,284,0.4,0.2040816326530612,-0.19591836734693882,0.19591836734693882,0.52,0.7755102040816326,0.2555102040816326,0.2555102040816326,2164.36,1169.3061224489795,-0.02,0.97,-0.1,,0.75,0.7
previous_positive,0.1,0.25,58,61,0.4,0.2040816326530612,-0.19591836734693882,0.19591836734693882,0.56,0.7959183673469388,0.23591836734693872,0.23591836734693872,2167.08,1380.2857142857142,-0.1,0.995,-0.25,,0.5,0.7
previous_positive,0.0,0.1,676,679,0.4,0.2040816326530612,-0.19591836734693882,0.19591836734693882,0.6,0.7959183673469388,0.1959183673469388,0.1959183673469388,1609.72,964.1224489795918,0.0,0.97,-0.25,,0.5,1.0
previous_negative,-0.25,-0.1,624,633,0.4,0.2040816326530612,-0.19591836734693882,0.19591836734693882,0.6,0.7959183673469388,0.1959183673469388,0.1959183673469388,1700.44,862.1428571428571,0.0,0.995,,0.1,0.25,0.85
fresh_positive,0.7,0.85,26,107,0.4,0.2040816326530612,-0.19591836734693882,0.19591836734693882,0.6,0.7959183673469388,0.1959183673469388,0.1959183673469388,1808.16,1123.0,-0.1,0.9,0.0,0.25,0.75,
fresh_positive,0.7,0.85,17,98,0.4,0.2040816326530612,-0.19591836734693882,0.19591836734693882,0.6,0.7959183673469388,0.1959183673469388,0.1959183673469388,2142.36,1209.9591836734694,-0.1,0.9,-0.1,0.25,0.75,
fresh_negative,-0.1,-0.02,10,253,0.9090909090909092,0.7142857142857143,-0.19480519480519487,0.19480519480519487,0.0909090909090909,0.2857142857142857,0.19480519480519481,0.19480519480519481,3345.909090909091,3091.3571428571427,,0.9,-0.1,0.0,0.5,0.7
previous_p_positive,0.25,0.5,297,298,0.9090909090909092,0.7142857142857143,-0.19480519480519487,0.19480519480519487,0.0909090909090909,0.2857142857142857,0.19480519480519481,0.19480519480519481,3354.090909090909,2837.285714285714,-0.02,0.995,-0.25,0.0,,0.7
previous_p_positive,0.25,0.5,489,490,0.9090909090909092,0.7142857142857143,-0.19480519480519487,0.19480519480519487,0.0909090909090909,0.2857142857142857,0.19480519480519481,0.19480519480519481,3490.090909090909,2845.785714285714,0.0,0.9,-0.25,0.1,,0.7
fresh_positive,0.7,0.85,246,327,0.9090909090909092,0.7142857142857143,-0.19480519480519487,0.19480519480519487,0.0909090909090909,0.2857142857142857,0.19480519480519481,0.19480519480519481,3590.181818181818,2849.8571428571427,-0.02,0.9,-0.25,0.1,0.25,
fresh_negative,-0.1,-0.02,18,261,0.9090909090909092,0.7142857142857143,-0.19480519480519487,0.19480519480519487,0.0909090909090909,0.2857142857142857,0.19480519480519481,0.19480519480519481,3643.363636363637,2917.214285714286,,0.9,0.0,0.0,0.25,0.7
previous_positive,0.0,0.1,18,21,0.9090909090909092,0.7142857142857143,-0.19480519480519487,0.19480519480519487,0.0909090909090909,0.2857142857142857,0.19480519480519481,0.19480519480519481,3643.363636363637,2905.5,-0.1,0.9,0.0,,0.25,0.7
fresh_negative,-0.02,0.0,297,540,0.9090909090909092,0.7142857142857143,-0.19480519480519487,0.19480519480519487,0.0909090909090909,0.2142857142857142,0.12337662337662329,0.12337662337662329,3354.090909090909,3146.5714285714284,,0.995,-0.25,0.0,0.25,0.7
fresh_negative,-0.1,-0.02,9,252,0.9090909090909092,0.7142857142857143,-0.19480519480519487,0.19480519480519487,0.0909090909090909,0.2142857142857142,0.12337662337662329,0.12337662337662329,3364.3636363636365,3232.6428571428573,,0.9,-0.1,0.0,0.25,0.7
previous_positive,0.1,0.25,274,277,0.4166666666666667,0.2222222222222222,-0.19444444444444448,0.19444444444444448,0.5416666666666666,0.7555555555555555,0.2138888888888889,0.2138888888888889,2300.0,1433.3111111111111,-0.02,0.97,-0.25,,0.5,0.7
fresh_positive,0.7,0.85,551,632,0.3846153846153846,0.1923076923076923,-0.1923076923076923,0.1923076923076923,0.5,0.7884615384615384,0.28846153846153844,0.28846153846153844,2271.3846153846152,912.2692307692308,0.0,0.995,-0.1,0.0,0.75,
previous_positive,0.1,0.25,40,43,0.3846153846153846,0.1923076923076923,-0.1923076923076923,0.1923076923076923,0.5769230769230769,0.8076923076923077,0.23076923076923084,0.23076923076923084,1868.1538461538464,1028.423076923077,-0.1,0.97,-0.1,,0.5,0.7
fresh_positive,0.7,0.85,72,153,0.3846153846153846,0.1923076923076923,-0.1923076923076923,0.1923076923076923,0.5769230769230769,0.8076923076923077,0.23076923076923084,0.23076923076923084,1888.0,827.4038461538462,-0.1,0.995,0.0,0.0,0.25,
previous_p_positive,0.5,0.75,58,59,0.4,0.2083333333333333,-0.19166666666666674,0.19166666666666674,0.56,0.7708333333333334,0.21083333333333332,0.21083333333333332,2167.08,1184.3333333333333,-0.1,0.995,-0.25,0.1,,0.7
previous_positive,0.0,0.1,532,535,0.4,0.2083333333333333,-0.19166666666666674,0.19166666666666674,0.6,0.7916666666666666,0.19166666666666665,0.19166666666666665,1825.72,1099.7708333333333,0.0,0.97,0.0,,0.5,0.7
previous_p_positive,0.25,0.5,111,112,0.4,0.2083333333333333,-0.19166666666666674,0.19166666666666674,0.6,0.7916666666666666,0.19166666666666665,0.19166666666666665,1976.84,1165.25,-0.1,0.97,-0.25,0.1,,0.85
previous_p_positive,0.5,0.75,571,572,0.4,0.2083333333333333,-0.19166666666666674,0.19166666666666674,0.6,0.7916666666666666,0.19166666666666665,0.19166666666666665,2028.6,1211.0416666666667,0.0,0.9,-0.25,0.1,,0.85
previous_positive,0.0,0.1,74,77,0.4,0.2083333333333333,-0.19166666666666674,0.19166666666666674,0.56,0.75,0.18999999999999995,0.18999999999999995,1837.12,1075.6875,-0.1,0.995,0.0,,0.75,0.7
previous_positive,0.0,0.1,289,292,0.4,0.2083333333333333,-0.19166666666666674,0.19166666666666674,0.56,0.75,0.18999999999999995,0.18999999999999995,1961.76,1177.3333333333333,-0.02,0.97,0.0,,0.5,0.7
fresh_negative,-0.1,-0.02,26,269,0.4,0.2083333333333333,-0.19166666666666674,0.19166666666666674,0.6,0.7708333333333334,0.1708333333333334,0.1708333333333334,1808.16,1196.5208333333333,,0.9,0.0,0.25,0.75,0.7
previous_positive,0.1,0.25,138,141,0.4,0.2083333333333333,-0.19166666666666674,0.19166666666666674,0.6,0.7708333333333334,0.1708333333333334,0.1708333333333334,2129.04,1159.0625,-0.1,0.995,-0.25,,0.25,0.85
previous_positive,0.1,0.25,67,70,0.2941176470588235,0.1030927835051546,-0.19102486355366888,0.19102486355366888,0.7058823529411765,0.8969072164948454,0.19102486355366888,0.19102486355366888,1379.3529411764705,672.6185567010309,-0.1,0.995,-0.1,,0.5,0.7
previous_negative,-0.1,0.0,258,267,0.6666666666666666,0.4761904761904761,-0.19047619047619052,0.19047619047619052,0.2666666666666666,0.5238095238095238,0.25714285714285723,0.25714285714285723,2831.4,2284.3809523809523,-0.02,0.9,,0.25,0.25,0.7
previous_positive,0.1,0.25,300,303,0.6666666666666666,0.4761904761904761,-0.19047619047619052,0.19047619047619052,0.3333333333333333,0.5238095238095238,0.19047619047619052,0.19047619047619052,2734.0666666666666,2099.904761904762,-0.02,0.995,-0.25,,0.25,0.7
previous_positive,0.0,0.1,28,31,0.6666666666666666,0.4761904761904761,-0.19047619047619052,0.19047619047619052,0.3333333333333333,0.5238095238095238,0.19047619047619052,0.19047619047619052,2903.5333333333333,2171.0476190476197,-0.1,0.97,-0.25,,0.5,0.7
fresh_p_positive,0.9,0.97,497,524,0.625,0.4347826086956521,-0.1902173913043479,0.1902173913043479,0.25,0.5217391304347826,0.2717391304347826,0.2717391304347826,3053.125,1969.695652173913,0.0,,-0.1,0.0,0.75,0.7
previous_p_positive,0.25,0.5,501,502,0.625,0.4347826086956521,-0.1902173913043479,0.1902173913043479,0.375,0.5652173913043478,0.19021739130434778,0.19021739130434778,2730.3125,2060.4347826086955,0.0,0.9,-0.1,0.25,,0.7
previous_negative,-0.25,-0.1,82,91,0.625,0.4347826086956521,-0.1902173913043479,0.1902173913043479,0.375,0.5652173913043478,0.19021739130434778,0.19021739130434778,3142.4375,2142.521739130435,-0.1,0.9,,0.0,0.5,0.85
previous_p_positive,0.5,0.75,82,83,0.625,0.4347826086956521,-0.1902173913043479,0.1902173913043479,0.375,0.5652173913043478,0.19021739130434778,0.19021739130434778,3142.4375,2423.217391304348,-0.1,0.9,-0.25,0.0,,0.85
fresh_p_positive,0.9,0.97,406,433,0.4166666666666667,0.2272727272727272,-0.18939393939393948,0.18939393939393948,0.5833333333333334,0.75,0.16666666666666663,0.16666666666666663,2017.75,1300.6818181818182,-0.02,,-0.25,0.0,0.5,1.0
previous_negative,-0.1,0.0,40,49,0.3846153846153846,0.196078431372549,-0.1885369532428356,0.1885369532428356,0.5769230769230769,0.7843137254901961,0.2073906485671192,0.2073906485671192,1868.1538461538464,1189.3333333333333,-0.1,0.97,,0.1,0.5,0.7
fresh_p_positive,0.9,0.97,95,122,0.25,0.0636942675159235,-0.1863057324840765,0.1863057324840765,0.75,0.929936305732484,0.17993630573248398,0.17993630573248398,1339.65,463.2229299363057,-0.1,,-0.1,0.1,0.75,0.85
fresh_positive,0.7,0.85,250,331,0.5555555555555556,0.3703703703703703,-0.18518518518518529,0.18518518518518529,0.3888888888888889,0.6296296296296297,0.24074074074074076,0.24074074074074076,2774.333333333333,1849.2962962962963,-0.02,0.9,-0.25,0.25,0.5,
previous_negative,-0.1,0.0,279,288,0.5555555555555556,0.3703703703703703,-0.18518518518518529,0.18518518518518529,0.3888888888888889,0.5925925925925926,0.20370370370370366,0.20370370370370366,2590.777777777778,1934.2962962962963,-0.02,0.97,,0.0,0.25,0.7
previous_negative,-0.25,-0.1,250,259,0.5555555555555556,0.3703703703703703,-0.18518518518518529,0.18518518518518529,0.3888888888888889,0.5925925925925926,0.20370370370370366,0.20370370370370366,2774.333333333333,1969.888888888889,-0.02,0.9,,0.25,0.5,0.7
previous_positive,0.1,0.25,256,259,0.5555555555555556,0.3703703703703703,-0.18518518518518529,0.18518518518518529,0.3888888888888889,0.5925925925925926,0.20370370370370366,0.20370370370370366,2811.333333333333,1969.888888888889,-0.02,0.9,-0.1,,0.5,0.7
previous_negative,-0.25,-0.1,325,334,0.5555555555555556,0.3703703703703703,-0.18518518518518529,0.18518518518518529,0.4444444444444444,0.6296296296296297,0.18518518518518523,0.18518518518518523,2488.3888888888887,1807.555555555556,-0.02,0.9,,0.0,0.5,0.85
previous_p_positive,0.25,0.5,621,622,0.4347826086956521,0.25,-0.1847826086956521,0.1847826086956521,0.5217391304347826,0.75,0.2282608695652174,0.2282608695652174,2135.9565217391305,1281.525,0.0,0.995,-0.25,0.0,,0.85
fresh_negative,-0.1,-0.02,86,329,0.4347826086956521,0.25,-0.1847826086956521,0.1847826086956521,0.5217391304347826,0.75,0.2282608695652174,0.2282608695652174,2181.826086956521,1332.15,,0.9,-0.25,0.1,0.75,0.85
previous_negative,-0.25,-0.1,86,95,0.4347826086956521,0.25,-0.1847826086956521,0.1847826086956521,0.5217391304347826,0.75,0.2282608695652174,0.2282608695652174,2181.826086956521,1339.65,-0.1,0.9,,0.1,0.75,0.85
fresh_negative,-0.02,0.0,336,579,0.4347826086956521,0.25,-0.1847826086956521,0.1847826086956521,0.5652173913043478,0.75,0.18478260869565222,0.18478260869565222,1797.0,1423.85,,0.9,-0.1,0.1,0.25,0.85
fresh_positive,0.85,1.0,576,657,0.4347826086956521,0.25,-0.1847826086956521,0.1847826086956521,0.5652173913043478,0.75,0.18478260869565222,0.18478260869565222,1858.0869565217392,1351.025,0.0,0.9,-0.1,0.0,0.25,
previous_positive,0.0,0.1,576,579,0.4347826086956521,0.25,-0.1847826086956521,0.1847826086956521,0.5652173913043478,0.75,0.18478260869565222,0.18478260869565222,1858.0869565217392,1423.85,0.0,0.9,-0.1,,0.25,0.85
previous_p_positive,0.5,0.75,649,650,0.4347826086956521,0.25,-0.1847826086956521,0.1847826086956521,0.5652173913043478,0.75,0.18478260869565222,0.18478260869565222,1878.1304347826087,1253.075,0.0,0.9,-0.25,0.0,,1.0
previous_negative,-0.1,0.0,502,511,0.4347826086956521,0.25,-0.1847826086956521,0.1847826086956521,0.5652173913043478,0.75,0.18478260869565222,0.18478260869565222,2060.4347826086955,1333.3,0.0,0.9,,0.25,0.5,0.7
previous_negative,-0.1,0.0,576,585,0.4347826086956521,0.25,-0.1847826086956521,0.1847826086956521,0.5652173913043478,0.725,0.1597826086956522,0.1597826086956522,1858.0869565217392,1401.175,0.0,0.9,,0.0,0.25,0.85
previous_p_positive,0.5,0.75,46,47,0.25,0.4347826086956521,0.1847826086956521,0.1847826086956521,0.7,0.5652173913043478,-0.13478260869565217,0.13478260869565217,1735.2,1778.608695652174,-0.1,0.97,0.0,0.0,,0.7
fresh_positive,0.7,0.85,525,606,0.3846153846153846,0.2,-0.18461538461538457,0.18461538461538457,0.5384615384615384,0.8,0.2615384615384616,0.2615384615384616,2086.230769230769,989.34,0.0,0.97,-0.1,0.1,0.25,
fresh_p_positive,0.9,0.97,329,356,0.25,0.0657894736842105,-0.1842105263157895,0.1842105263157895,0.75,0.9276315789473684,0.17763157894736836,0.17763157894736836,1332.15,578.5921052631579,-0.02,,-0.25,0.1,0.75,0.85
fresh_p_positive,0.9,0.97,174,201,0.3448275862068966,0.1612903225806451,-0.18353726362625147,0.18353726362625147,0.6551724137931034,0.8387096774193549,0.18353726362625145,0.18353726362625145,1741.1724137931035,847.483870967742,-0.1,,-0.1,0.1,0.25,1.0
previous_positive,0.0,0.1,531,534,0.4,0.217391304347826,-0.18260869565217402,0.18260869565217402,0.56,0.7608695652173914,0.2008695652173913,0.2008695652173913,1788.0,1390.2173913043478,0.0,0.97,0.0,,0.25,0.7
fresh_positive,0.85,1.0,384,465,0.217391304347826,0.4,0.18260869565217402,0.18260869565217402,0.782608695652174,0.6,-0.18260869565217397,0.18260869565217397,1113.4130434782608,1678.44,-0.02,0.995,-0.25,0.25,0.25,
fresh_negative,-0.1,-0.02,17,260,0.4,0.217391304347826,-0.18260869565217402,0.18260869565217402,0.6,0.782608695652174,0.18260869565217397,0.18260869565217397,2142.36,1328.2826086956522,,0.9,-0.1,0.25,0.75,0.7
previous_positive,0.0,0.1,316,319,0.4,0.217391304347826,-0.18260869565217402,0.18260869565217402,0.56,0.7391304347826086,0.1791304347826086,0.1791304347826086,2055.44,1101.6304347826087,-0.02,0.995,0.0,,0.5,0.7
previous_negative,-0.25,-0.1,571,580,0.4,0.217391304347826,-0.18260869565217402,0.18260869565217402,0.6,0.7608695652173914,0.16086956521739137,0.16086956521739137,2028.6,1433.0217391304348,0.0,0.9,,0.1,0.5,0.85
previous_p_positive,0.5,0.75,508,509,0.4761904761904761,0.2941176470588235,-0.18207282913165262,0.18207282913165262,0.5238095238095238,0.7058823529411765,0.18207282913165268,0.18207282913165268,2151.333333333333,1998.1470588235293,0.0,0.9,0.0,0.1,,0.7
previous_negative,-0.1,0.0,500,509,0.4761904761904761,0.2941176470588235,-0.18207282913165262,0.18207282913165262,0.5238095238095238,0.7058823529411765,0.18207282913165268,0.18207282913165268,2182.285714285714,1998.1470588235293,0.0,0.9,,0.1,0.75,0.7
fresh_p_positive,0.9,0.97,89,116,0.217391304347826,0.0359712230215827,-0.1814200813262433,0.1814200813262433,0.7608695652173914,0.9640287769784172,0.2031592117610258,0.2031592117610258,1425.4565217391305,337.6007194244604,-0.1,,-0.25,0.25,0.75,0.85
previous_positive,0.0,0.1,405,408,0.7692307692307693,0.5882352941176471,-0.1809954751131222,0.1809954751131222,0.2307692307692307,0.4117647058823529,0.18099547511312222,0.18099547511312222,2927.230769230769,2683.6470588235293,-0.02,0.9,-0.25,,0.25,1.0
fresh_p_positive,0.9,0.97,511,538,0.25,0.0714285714285714,-0.1785714285714286,0.1785714285714286,0.75,0.9285714285714286,0.1785714285714286,0.1785714285714286,1333.3,557.1357142857142,0.0,,0.0,0.25,0.5,0.7
fresh_positive,0.7,0.85,288,369,0.3703703703703703,0.1923076923076923,-0.178062678062678,0.178062678062678,0.5925925925925926,0.8076923076923077,0.21509971509971515,0.21509971509971515,1934.2962962962963,913.75,-0.02,0.97,0.0,0.0,0.25,
previous_positive,0.0,0.1,315,318,0.4,0.2222222222222222,-0.1777777777777778,0.1777777777777778,0.56,0.7555555555555555,0.19555555555555548,0.19555555555555548,1900.76,1215.3777777777775,-0.02,0.995,0.0,,0.25,0.7
previous_positive,0.1,0.25,624,627,0.4,0.2222222222222222,-0.1777777777777778,0.1777777777777778,0.6,0.7777777777777778,0.1777777777777778,0.1777777777777778,1700.44,1201.4666666666667,0.0,0.995,-0.25,,0.25,0.85
fresh_negative,-0.02,0.0,339,582,0.4,0.2222222222222222,-0.1777777777777778,0.1777777777777778,0.6,0.7777777777777778,0.1777777777777778,0.1777777777777778,1905.96,1467.8444444444444,,0.9,-0.1,0.25,0.25,0.85
fresh_positive,0.85,1.0,339,420,0.4,0.2222222222222222,-0.1777777777777778,0.1777777777777778,0.6,0.7777777777777778,0.1777777777777778,0.1777777777777778,1905.96,1122.1555555555556,-0.02,0.9,-0.1,0.25,0.25,
fresh_negative,-0.1,-0.02,94,337,0.4,0.2222222222222222,-0.1777777777777778,0.1777777777777778,0.6,0.7555555555555555,0.15555555555555556,0.15555555555555556,2217.12,1477.8666666666666,,0.9,-0.1,0.1,0.5,0.85
previous_positive,0.0,0.1,551,554,0.3846153846153846,0.2083333333333333,-0.1762820512820513,0.1762820512820513,0.5,0.7708333333333334,0.27083333333333337,0.27083333333333337,2271.3846153846152,977.2083333333334,0.0,0.995,-0.1,,0.75,0.7
previous_p_positive,0.5,0.75,40,41,0.3846153846153846,0.2083333333333333,-0.1762820512820513,0.1762820512820513,0.5769230769230769,0.7916666666666666,0.21474358974358976,0.21474358974358976,1868.1538461538464,1180.8333333333333,-0.1,0.97,-0.1,0.1,,0.7
fresh_p_positive,0.9,0.97,107,134,0.2040816326530612,0.0280112044817927,-0.1760704281712685,0.1760704281712685,0.7959183673469388,0.969187675070028,0.17326930772308924,0.17326930772308924,1123.0,231.83193277310923,-0.1,,0.0,0.25,0.75,0.85
previous_negative,-0.1,0.0,285,294,0.3703703703703703,0.196078431372549,-0.1742919389978213,0.1742919389978213,0.6296296296296297,0.803921568627451,0.17429193899782136,0.17429193899782136,1780.3333333333333,1057.3725490196075,-0.02,0.97,,0.25,0.25,0.7
fresh_p_positive,0.9,0.97,172,199,0.3703703703703703,0.196078431372549,-0.1742919389978213,0.1742919389978213,0.6296296296296297,0.803921568627451,0.17429193899782136,0.17429193899782136,1815.037037037037,1016.2352941176472,-0.1,,-0.1,0.0,0.5,1.0
fresh_p_positive,0.9,0.97,98,125,0.2040816326530612,0.0298507462686567,-0.1742308863844045,0.1742308863844045,0.7959183673469388,0.9701492537313432,0.17423088638440443,0.17423088638440443,1209.9591836734694,226.3910447761194,-0.1,,-0.1,0.25,0.75,0.85
fresh_positive,0.85,1.0,94,175,0.4,0.2272727272727272,-0.1727272727272728,0.1727272727272728,0.6,0.7727272727272727,0.17272727272727273,0.17272727272727273,2217.12,1316.8636363636365,-0.1,0.9,-0.1,0.1,0.5,
fresh_negative,-0.02,0.0,433,676,0.2272727272727272,0.4,0.1727272727272728,0.1727272727272728,0.75,0.6,-0.15000000000000002,0.15000000000000002,1300.6818181818182,1609.72,,0.97,-0.25,0.0,0.5,1.0
fresh_positive,0.85,1.0,336,417,0.4347826086956521,0.2631578947368421,-0.17162471395881002,0.17162471395881002,0.5652173913043478,0.7368421052631579,0.17162471395881007,0.17162471395881007,1797.0,1201.0526315789473,-0.02,0.9,-0.1,0.1,0.25,
previous_p_positive,0.25,0.5,576,577,0.4347826086956521,0.2631578947368421,-0.17162471395881002,0.17162471395881002,0.5652173913043478,0.7368421052631579,0.17162471395881007,0.17162471395881007,1858.0869565217392,1544.157894736842,0.0,0.9,-0.1,0.0,,0.85
fresh_negative,-0.1,-0.02,83,326,0.4347826086956521,0.2631578947368421,-0.17162471395881002,0.17162471395881002,0.5652173913043478,0.7368421052631579,0.17162471395881007,0.17162471395881007,2423.217391304348,1543.1315789473683,,0.9,-0.25,0.0,0.75,0.85
previous_negative,-0.25,-0.1,568,577,0.4347826086956521,0.2631578947368421,-0.17162471395881002,0.17162471395881002,0.5652173913043478,0.7368421052631579,0.17162471395881007,0.17162471395881007,2573.304347826087,1544.157894736842,0.0,0.9,,0.0,0.5,0.85
previous_p_positive,0.25,0.5,351,352,0.4347826086956521,0.2631578947368421,-0.17162471395881002,0.17162471395881002,0.5652173913043478,0.7105263157894737,0.1453089244851259,0.1453089244851259,2070.8695652173915,1469.2105263157894,-0.02,0.97,-0.25,0.0,,0.85
previous_positive,0.0,0.1,702,705,0.5882352941176471,0.4166666666666667,-0.1715686274509804,0.1715686274509804,0.4117647058823529,0.5833333333333334,0.17156862745098045,0.17156862745098045,2379.3529411764707,1903.2916666666667,0.0,0.995,-0.25,,0.25,1.0
fresh_negative,-0.1,-0.02,163,406,0.5882352941176471,0.4166666666666667,-0.1715686274509804,0.1715686274509804,0.4117647058823529,0.5833333333333334,0.17156862745098045,0.17156862745098045,2467.0,2017.75,,0.9,-0.25,0.0,0.5,1.0
fresh_p_positive,0.9,0.97,268,295,0.238095238095238,0.0671140939597315,-0.1709811441355065,0.1709811441355065,0.7619047619047619,0.9261744966442952,0.16426973473953332,0.16426973473953332,1504.6190476190477,534.771812080537,-0.02,,0.0,0.25,0.5,0.7
previous_negative,-0.1,0.0,549,558,0.5555555555555556,0.3846153846153846,-0.170940170940171,0.170940170940171,0.3888888888888889,0.5769230769230769,0.18803418803418798,0.18803418803418798,2762.555555555556,1844.9615384615383,0.0,0.995,,0.0,0.25,0.7
previous_positive,0.0,0.1,37,40,0.5555555555555556,0.3846153846153846,-0.170940170940171,0.170940170940171,0.4444444444444444,0.5769230769230769,0.13247863247863245,0.13247863247863245,2420.9444444444443,1868.1538461538464,-0.1,0.97,-0.1,,0.5,0.7
previous_positive,0.0,0.1,522,525,0.5555555555555556,0.3846153846153846,-0.170940170940171,0.170940170940171,0.4444444444444444,0.5384615384615384,0.09401709401709402,0.09401709401709402,2383.722222222222,2086.230769230769,0.0,0.97,-0.1,,0.25,0.7
fresh_positive,0.7,0.85,259,340,0.3703703703703703,0.2,-0.17037037037037028,0.17037037037037028,0.5925925925925926,0.8,0.20740740740740748,0.20740740740740748,1969.888888888889,1341.72,-0.02,0.9,-0.1,0.25,0.5,
previous_positive,0.0,0.1,703,706,0.3703703703703703,0.2,-0.17037037037037028,0.17037037037037028,0.6296296296296297,0.8,0.1703703703703704,0.1703703703703704,1505.2222222222222,979.64,0.0,0.995,-0.25,,0.5,1.0
previous_p_positive,0.5,0.75,652,653,0.3703703703703703,0.2,-0.17037037037037028,0.17037037037037028,0.6296296296296297,0.8,0.1703703703703704,0.1703703703703704,1617.148148148148,1139.8,0.0,0.9,-0.25,0.1,,1.0
previous_negative,-0.25,-0.1,331,340,0.3703703703703703,0.2,-0.17037037037037028,0.17037037037037028,0.6296296296296297,0.8,0.1703703703703704,0.1703703703703704,1849.2962962962963,1341.72,-0.02,0.9,,0.25,0.5,0.85
fresh_p_positive,0.9,0.97,171,198,0.3703703703703703,0.2,-0.17037037037037028,0.17037037037037028,0.6296296296296297,0.8,0.1703703703703704,0.1703703703703704,2071.3703703703704,1089.84,-0.1,,-0.1,0.0,0.25,1.0
fresh_p_positive,0.9,0.97,569,596,0.3703703703703703,0.2,-0.17037037037037028,0.17037037037037028,0.6296296296296297,0.8,0.1703703703703704,0.1703703703703704,2080.4814814814813,1018.88,0.0,,-0.25,0.0,0.75,0.85
fresh_positive,0.7,0.85,75,156,0.25,0.0806451612903225,-0.1693548387096775,0.1693548387096775,0.75,0.9112903225806452,0.16129032258064524,0.16129032258064524,1212.7,537.2741935483871,-0.1,0.995,0.0,0.1,0.25,
fresh_positive,0.7,0.85,533,614,0.3571428571428571,0.1886792452830188,-0.1684636118598383,0.1684636118598383,0.6071428571428571,0.8113207547169812,0.20417789757412408,0.20417789757412408,1937.607142857143,917.1698113207548,0.0,0.97,0.0,0.0,0.75,
previous_p_positive,0.25,0.5,627,628,0.2222222222222222,0.054054054054054,-0.1681681681681682,0.1681681681681682,0.7777777777777778,0.945945945945946,0.16816816816816826,0.16816816816816826,1201.4666666666667,388.8216216216216,0.0,0.995,-0.25,0.25,,0.85
previous_positive,0.1,0.25,311,314,0.217391304347826,0.0495049504950495,-0.1678863538527765,0.1678863538527765,0.7608695652173914,0.9504950495049505,0.1896254842875591,0.1896254842875591,1018.8695652173913,341.7277227722772,-0.02,0.995,-0.1,,0.75,0.7
previous_p_positive,0.25,0.5,96,97,0.4,0.2325581395348837,-0.16744186046511633,0.16744186046511633,0.6,0.7674418604651163,0.16744186046511633,0.16744186046511633,2046.8,1484.1627906976744,-0.1,0.9,-0.1,0.25,,0.85
previous_positive,0.1,0.25,94,97,0.4,0.2325581395348837,-0.16744186046511633,0.16744186046511633,0.6,0.7674418604651163,0.16744186046511633,0.16744186046511633,2217.12,1484.1627906976744,-0.1,0.9,-0.1,,0.5,0.85
previous_negative,-0.1,0.0,525,534,0.3846153846153846,0.217391304347826,-0.16722408026755858,0.16722408026755858,0.5384615384615384,0.7608695652173914,0.22240802675585292,0.22240802675585292,2086.230769230769,1390.2173913043478,0.0,0.97,,0.1,0.25,0.7
previous_positive,0.0,0.1,558,561,0.3846153846153846,0.217391304347826,-0.16722408026755858,0.16722408026755858,0.5769230769230769,0.7391304347826086,0.16220735785953178,0.16220735785953178,1844.9615384615383,1315.0869565217392,0.0,0.995,0.0,,0.25,0.7
fresh_p_positive,0.9,0.97,97,124,0.2325581395348837,0.0657894736842105,-0.16676866585067318,0.16676866585067318,0.7674418604651163,0.9276315789473684,0.16018971848225205,0.16018971848225205,1484.1627906976744,456.17105263157896,-0.1,,-0.1,0.25,0.5,0.85
previous_positive,0.1,0.25,255,258,0.8333333333333334,0.6666666666666666,-0.16666666666666674,0.16666666666666674,0.0833333333333333,0.2666666666666666,0.1833333333333333,0.1833333333333333,3620.75,2831.4,-0.02,0.9,-0.1,,0.25,0.7
fresh_negative,-0.02,0.0,300,543,0.6666666666666666,0.8333333333333334,0.16666666666666674,0.16666666666666674,0.3333333333333333,0.1666666666666666,-0.1666666666666667,0.1666666666666667,2734.0666666666666,3081.1666666666665,,0.995,-0.25,0.1,0.25,0.7
fresh_p_positive,0.97,0.995,28,55,0.6666666666666666,0.8333333333333334,0.16666666666666674,0.16666666666666674,0.3333333333333333,0.1666666666666666,-0.1666666666666667,0.1666666666666667,2903.5333333333333,3161.583333333333,-0.1,,-0.25,0.0,0.5,0.7
fresh_p_positive,0.97,0.995,273,300,0.8333333333333334,0.6666666666666666,-0.16666666666666674,0.16666666666666674,0.1666666666666666,0.3333333333333333,0.1666666666666667,0.1666666666666667,3268.833333333333,2734.0666666666666,-0.02,,-0.25,0.1,0.25,0.7
previous_negative,-0.25,-0.1,487,496,0.8333333333333334,0.6666666666666666,-0.16666666666666674,0.16666666666666674,0.1666666666666666,0.3333333333333333,0.1666666666666667,0.1666666666666667,3362.1666666666665,2728.0666666666666,0.0,0.9,,0.0,0.5,0.7
previous_negative,-0.1,0.0,495,504,0.8333333333333334,0.6666666666666666,-0.16666666666666674,0.16666666666666674,0.1666666666666666,0.3333333333333333,0.1666666666666667,0.1666666666666667,3363.4166666666665,2761.733333333333,0.0,0.9,,0.0,0.25,0.7
previous_p_positive,0.25,0.5,495,496,0.8333333333333334,0.6666666666666666,-0.16666666666666674,0.16666666666666674,0.1666666666666666,0.3333333333333333,0.1666666666666667,0.1666666666666667,3363.4166666666665,2728.0666666666666,0.0,0.9,-0.1,0.0,,0.7
fresh_p_positive,0.97,0.995,516,543,0.6666666666666666,0.8333333333333334,0.16666666666666674,0.16666666666666674,0.2666666666666666,0.1666666666666666,-0.1,0.1,3036.133333333333,3081.1666666666665,0.0,,-0.25,0.1,0.25,0.7
fresh_negative,-0.02,0.0,273,516,0.8333333333333334,0.6666666666666666,-0.16666666666666674,0.16666666666666674,0.1666666666666666,0.2666666666666666,0.1,0.1,3268.833333333333,3036.133333333333,,0.97,-0.25,0.1,0.25,0.7
previous_positive,0.0,0.1,513,516,0.8333333333333334,0.6666666666666666,-0.16666666666666674,0.16666666666666674,0.1666666666666666,0.2666666666666666,0.1,0.1,3268.833333333333,3036.133333333333,0.0,0.97,-0.25,,0.25,0.7
previous_negative,-0.1,0.0,66,75,0.4166666666666667,0.25,-0.16666666666666669,0.16666666666666669,0.5,0.75,0.25,0.25,2343.5416666666665,1212.7,-0.1,0.995,,0.1,0.25,0.7
previous_negative,-0.25,-0.1,274,283,0.4166666666666667,0.25,-0.16666666666666669,0.16666666666666669,0.5416666666666666,0.725,0.18333333333333335,0.18333333333333335,2300.0,1433.275,-0.02,0.97,,0.1,0.5,0.7
previous_positive,0.1,0.25,597,600,0.4166666666666667,0.25,-0.16666666666666669,0.16666666666666669,0.5833333333333334,0.75,0.16666666666666663,0.16666666666666663,1919.5,1233.5,0.0,0.97,-0.25,,0.25,0.85
previous_p_positive,0.25,0.5,510,511,0.4166666666666667,0.25,-0.16666666666666669,0.16666666666666669,0.5833333333333334,0.75,0.16666666666666663,0.16666666666666663,2128.2916666666665,1333.3,0.0,0.9,0.0,0.25,,0.7
previous_positive,0.1,0.25,516,519,0.6666666666666666,0.5,-0.16666666666666663,0.16666666666666663,0.2666666666666666,0.5,0.2333333333333334,0.2333333333333334,3036.133333333333,2304.65,0.0,0.97,-0.25,,0.25,0.7
previous_p_positive,0.25,0.5,516,517,0.6666666666666666,0.5,-0.16666666666666663,0.16666666666666663,0.2666666666666666,0.45,0.1833333333333334,0.1833333333333334,3036.133333333333,2235.85,0.0,0.97,-0.25,0.1,,0.7
previous_negative,-0.25,-0.1,300,309,0.6666666666666666,0.5,-0.16666666666666663,0.16666666666666663,0.3333333333333333,0.5,0.16666666666666669,0.16666666666666669,2734.0666666666666,2158.8,-0.02,0.995,,0.1,0.25,0.7
fresh_p_positive,0.9,0.97,3,30,1.0,0.8333333333333334,-0.16666666666666663,0.16666666666666663,0.0,0.1666666666666666,0.1666666666666666,0.1666666666666666,3680.0,3372.0,-0.1,,-0.25,0.1,0.25,0.7
previous_p_positive,0.25,0.5,6,7,1.0,0.8333333333333334,-0.16666666666666663,0.16666666666666663,0.0,0.1666666666666666,0.1666666666666666,0.1666666666666666,3680.0,3318.833333333333,-0.1,0.9,-0.25,0.25,,0.7
fresh_negative,-0.02,0.0,244,487,1.0,0.8333333333333334,-0.16666666666666663,0.16666666666666663,0.0,0.1666666666666666,0.1666666666666666,0.1666666666666666,3680.0,3362.1666666666665,,0.9,-0.25,0.0,0.5,0.7
previous_positive,0.0,0.1,244,247,1.0,0.8333333333333334,-0.16666666666666663,0.16666666666666663,0.0,0.1666666666666666,0.1666666666666666,0.1666666666666666,3680.0,3245.25,-0.02,0.9,-0.25,,0.5,0.7
fresh_negative,-0.1,-0.02,12,255,1.0,0.8333333333333334,-0.16666666666666663,0.16666666666666663,0.0,0.0833333333333333,0.0833333333333333,0.0833333333333333,3680.0,3620.75,,0.9,-0.1,0.1,0.25,0.7
previous_negative,-0.1,0.0,496,505,0.6666666666666666,0.5,-0.16666666666666663,0.16666666666666663,0.3333333333333333,0.4,0.06666666666666671,0.06666666666666671,2728.0666666666666,2678.95,0.0,0.9,,0.0,0.5,0.7
previous_p_positive,0.25,0.5,504,505,0.6666666666666666,0.5,-0.16666666666666663,0.16666666666666663,0.3333333333333333,0.4,0.06666666666666671,0.06666666666666671,2761.733333333333,2678.95,0.0,0.9,0.0,0.0,,0.7
previous_p_positive,0.5,0.75,703,704,0.3703703703703703,0.2040816326530612,-0.1662887377173091,0.1662887377173091,0.6296296296296297,0.7959183673469388,0.16628873771730912,0.16628873771730912,1505.2222222222222,815.6122448979592,0.0,0.995,-0.25,0.0,,1.0
previous_positive,0.0,0.1,407,410,0.3703703703703703,0.2040816326530612,-0.1662887377173091,0.1662887377173091,0.6296296296296297,0.7959183673469388,0.16628873771730912,0.16628873771730912,1586.2592592592594,1214.061224489796,-0.02,0.9,-0.25,,0.75,1.0
fresh_p_positive,0.9,0.97,652,679,0.3703703703703703,0.2040816326530612,-0.1662887377173091,0.1662887377173091,0.6296296296296297,0.7959183673469388,0.16628873771730912,0.16628873771730912,1617.148148148148,964.1224489795918,0.0,,-0.25,0.1,0.5,1.0
previous_negative,-0.25,-0.1,652,661,0.3703703703703703,0.2040816326530612,-0.1662887377173091,0.1662887377173091,0.6296296296296297,0.7959183673469388,0.16628873771730912,0.16628873771730912,1617.148148148148,1093.9591836734694,0.0,0.9,,0.1,0.5,1.0
fresh_p_positive,0.9,0.97,334,361,0.3703703703703703,0.2040816326530612,-0.1662887377173091,0.1662887377173091,0.6296296296296297,0.7959183673469388,0.16628873771730912,0.16628873771730912,1807.555555555556,1017.1632653061224,-0.02,,-0.1,0.0,0.5,0.85
previous_negative,-0.25,-0.1,409,418,0.3703703703703703,0.2040816326530612,-0.1662887377173091,0.1662887377173091,0.6296296296296297,0.7959183673469388,0.16628873771730912,0.16628873771730912,1848.1851851851848,1171.142857142857,-0.02,0.9,,0.1,0.5,1.0
previous_p_positive,0.5,0.75,409,410,0.3703703703703703,0.2040816326530612,-0.1662887377173091,0.1662887377173091,0.6296296296296297,0.7959183673469388,0.16628873771730912,0.16628873771730912,1848.1851851851848,1214.061224489796,-0.02,0.9,-0.25,0.1,,1.0
fresh_p_positive,0.9,0.97,179,206,0.2,0.0344827586206896,-0.1655172413793104,0.1655172413793104,0.8,0.9655172413793104,0.16551724137931034,0.16551724137931034,1248.6,280.4103448275862,-0.1,,-0.1,0.25,0.75,1.0
fresh_p_positive,0.9,0.97,251,278,0.2325581395348837,0.0671140939597315,-0.1654440455751522,0.1654440455751522,0.7441860465116279,0.9261744966442952,0.1819884501326673,0.1819884501326673,1637.3720930232555,558.4563758389262,-0.02,,-0.25,0.25,0.75,0.7
fresh_positive,0.7,0.85,266,347,0.3571428571428571,0.1923076923076923,-0.1648351648351648,0.1648351648351648,0.6428571428571429,0.7884615384615384,0.14560439560439553,0.14560439560439553,1954.357142857143,1234.6346153846157,-0.02,0.9,0.0,0.1,0.75,
fresh_p_positive,0.9,0.97,431,458,0.2,0.0355871886120996,-0.16441281138790043,0.16441281138790043,0.8,0.9644128113879004,0.16441281138790032,0.16441281138790032,960.28,267.7259786476868,-0.02,,0.0,0.25,0.75,1.0
fresh_positive,0.7,0.85,67,148,0.2941176470588235,0.1298701298701298,-0.16424751718869368,0.16424751718869368,0.7058823529411765,0.8701298701298701,0.16424751718869357,0.16424751718869357,1379.3529411764705,664.9090909090909,-0.1,0.995,-0.1,0.1,0.5,
fresh_p_positive,0.9,0.97,185,212,0.2272727272727272,0.0636942675159235,-0.1635784597568037,0.1635784597568037,0.7727272727272727,0.929936305732484,0.15720903300521127,0.15720903300521127,1220.2045454545455,413.6433121019109,-0.1,,0.0,0.1,0.75,1.0
fresh_positive,0.7,0.85,511,592,0.25,0.0869565217391304,-0.1630434782608696,0.1630434782608696,0.75,0.9130434782608696,0.16304347826086962,0.16304347826086962,1333.3,726.695652173913,0.0,0.9,0.0,0.25,0.5,
previous_positive,0.1,0.25,525,528,0.3846153846153846,0.2222222222222222,-0.16239316239316237,0.16239316239316237,0.5384615384615384,0.7333333333333333,0.19487179487179485,0.19487179487179485,2086.230769230769,1580.3555555555556,0.0,0.97,-0.1,,0.25,0.7
previous_negative,-0.25,-0.1,703,712,0.3703703703703703,0.2083333333333333,-0.162037037037037,0.162037037037037,0.6296296296296297,0.7916666666666666,0.16203703703703698,0.16203703703703698,1505.2222222222222,817.5,0.0,0.995,,0.0,0.5,1.0
fresh_p_positive,0.9,0.97,409,436,0.3703703703703703,0.2083333333333333,-0.162037037037037,0.162037037037037,0.6296296296296297,0.7916666666666666,0.16203703703703698,0.16203703703703698,1848.1851851851848,969.1458333333334,-0.02,,-0.25,0.1,0.5,1.0
fresh_p_positive,0.9,0.97,164,191,0.3703703703703703,0.2083333333333333,-0.162037037037037,0.162037037037037,0.6296296296296297,0.7916666666666666,0.16203703703703698,0.16203703703703698,1924.851851851852,948.6875,-0.1,,-0.25,0.0,0.75,1.0
previous_positive,0.0,0.1,569,572,0.3703703703703703,0.2083333333333333,-0.162037037037037,0.162037037037037,0.6296296296296297,0.7916666666666666,0.16203703703703698,0.16203703703703698,2080.4814814814813,1211.0416666666667,0.0,0.9,-0.25,,0.75,0.85
fresh_positive,0.85,1.0,141,222,0.2083333333333333,0.3703703703703703,0.162037037037037,0.162037037037037,0.7708333333333334,0.6296296296296297,-0.14120370370370372,0.14120370370370372,1159.0625,1606.3333333333333,-0.1,0.995,-0.25,0.25,0.25,
previous_positive,0.0,0.1,101,104,0.3703703703703703,0.2083333333333333,-0.162037037037037,0.162037037037037,0.6296296296296297,0.7708333333333334,0.14120370370370372,0.14120370370370372,1741.7777777777778,1334.0833333333333,-0.1,0.9,0.0,,0.75,0.85
previous_p_positive,0.5,0.75,169,170,0.3703703703703703,0.2083333333333333,-0.162037037037037,0.162037037037037,0.6296296296296297,0.7708333333333334,0.14120370370370372,0.14120370370370372,2031.5185185185185,1374.9166666666667,-0.1,0.9,-0.25,0.25,,1.0
fresh_p_positive,0.97,0.995,285,312,0.3703703703703703,0.2083333333333333,-0.162037037037037,0.162037037037037,0.6296296296296297,0.75,0.12037037037037035,0.12037037037037035,1780.3333333333333,1340.7291666666667,-0.02,,-0.1,0.25,0.25,0.7
fresh_positive,0.85,1.0,595,676,0.238095238095238,0.4,0.16190476190476202,0.16190476190476202,0.7619047619047619,0.6,-0.16190476190476188,0.16190476190476188,1420.142857142857,1609.72,0.0,0.97,-0.25,0.0,0.5,
previous_positive,0.1,0.25,571,574,0.4,0.238095238095238,-0.16190476190476202,0.16190476190476202,0.6,0.7619047619047619,0.16190476190476188,0.16190476190476188,2028.6,1407.2857142857142,0.0,0.9,-0.25,,0.5,0.85
fresh_positive,0.85,1.0,92,173,0.4,0.238095238095238,-0.16190476190476202,0.16190476190476202,0.6,0.7619047619047619,0.16190476190476188,0.16190476190476188,2305.36,1320.7857142857142,-0.1,0.9,-0.1,0.0,0.75,
fresh_positive,0.85,1.0,96,177,0.4,0.238095238095238,-0.16190476190476202,0.16190476190476202,0.6,0.7380952380952381,0.13809523809523816,0.13809523809523816,2046.8,1490.595238095238,-0.1,0.9,-0.1,0.25,0.25,
fresh_p_positive,0.9,0.97,674,701,0.196078431372549,0.0344827586206896,-0.16159567275185938,0.16159567275185938,0.803921568627451,0.9655172413793104,0.16159567275185938,0.16159567275185938,934.5098039215686,241.9,0.0,,0.0,0.25,0.75,1.0
fresh_p_positive,0.9,0.97,422,449,0.196078431372549,0.0344827586206896,-0.16159567275185938,0.16159567275185938,0.803921568627451,0.9655172413793104,0.16159567275185938,0.16159567275185938,1060.1176470588234,272.05172413793105,-0.02,,-0.1,0.25,0.75,1.0
fresh_p_positive,0.9,0.97,176,203,0.2272727272727272,0.0657894736842105,-0.16148325358851673,0.16148325358851673,0.7727272727272727,0.9342105263157896,0.1614832535885169,0.1614832535885169,1256.659090909091,431.6578947368421,-0.1,,-0.1,0.1,0.75,1.0
fresh_p_positive,0.9,0.97,430,457,0.2083333333333333,0.0495049504950495,-0.1588283828382838,0.1588283828382838,0.7916666666666666,0.9504950495049505,0.15882838283828382,0.15882838283828382,1058.4375,317.05940594059405,-0.02,,0.0,0.25,0.5,1.0
fresh_positive,0.7,0.85,51,132,0.2083333333333333,0.0495049504950495,-0.1588283828382838,0.1588283828382838,0.7916666666666666,0.9455445544554456,0.15387788778877898,0.15387788778877898,1136.3541666666667,466.1534653465346,-0.1,0.97,0.0,0.25,0.25,
previous_negative,-0.25,-0.1,540,549,0.7142857142857143,0.5555555555555556,-0.15873015873015872,0.15873015873015872,0.2142857142857142,0.3888888888888889,0.1746031746031747,0.1746031746031747,3146.5714285714284,2762.555555555556,0.0,0.995,,0.0,0.25,0.7
fresh_p_positive,0.9,0.97,252,279,0.7142857142857143,0.5555555555555556,-0.15873015873015872,0.15873015873015872,0.2142857142857142,0.3888888888888889,0.1746031746031747,0.1746031746031747,3232.6428571428573,2590.777777777778,-0.02,,-0.1,0.0,0.25,0.7
previous_p_positive,0.5,0.75,514,515,0.7142857142857143,0.5555555555555556,-0.15873015873015872,0.15873015873015872,0.2857142857142857,0.4444444444444444,0.15873015873015872,0.15873015873015872,2720.5,2193.5,0.0,0.97,-0.25,0.0,,0.7
previous_p_positive,0.5,0.75,298,299,0.7142857142857143,0.5555555555555556,-0.15873015873015872,0.15873015873015872,0.2857142857142857,0.4444444444444444,0.15873015873015872,0.15873015873015872,2837.285714285714,2192.6111111111118,-0.02,0.995,-0.25,0.0,,0.7
previous_negative,-0.25,-0.1,490,499,0.7142857142857143,0.5555555555555556,-0.15873015873015872,0.15873015873015872,0.2857142857142857,0.4444444444444444,0.15873015873015872,0.15873015873015872,2845.785714285714,2674.277777777778,0.0,0.9,,0.1,0.5,0.7
previous_p_positive,0.5,0.75,490,491,0.7142857142857143,0.5555555555555556,-0.15873015873015872,0.15873015873015872,0.2857142857142857,0.4444444444444444,0.15873015873015872,0.15873015873015872,2845.785714285714,2409.777777777778,0.0,0.9,-0.25,0.1,,0.7
previous_negative,-0.25,-0.1,298,307,0.7142857142857143,0.5555555555555556,-0.15873015873015872,0.15873015873015872,0.2857142857142857,0.3888888888888889,0.1031746031746032,0.1031746031746032,2837.285714285714,2368.9444444444443,-0.02,0.995,,0.0,0.5,0.7
previous_p_positive,0.25,0.5,21,22,0.7142857142857143,0.5555555555555556,-0.15873015873015872,0.15873015873015872,0.2857142857142857,0.3888888888888889,0.1031746031746032,0.1031746031746032,2905.5,2896.6666666666665,-0.1,0.9,0.0,0.1,,0.7
previous_positive,0.0,0.1,253,256,0.7142857142857143,0.5555555555555556,-0.15873015873015872,0.15873015873015872,0.2857142857142857,0.3888888888888889,0.1031746031746032,0.1031746031746032,3091.3571428571427,2811.333333333333,-0.02,0.9,-0.1,,0.5,0.7
previous_positive,0.1,0.25,57,60,0.7142857142857143,0.5555555555555556,-0.15873015873015872,0.15873015873015872,0.2857142857142857,0.3888888888888889,0.1031746031746032,0.1031746031746032,3108.714285714286,2510.055555555556,-0.1,0.995,-0.25,,0.25,0.7
fresh_p_positive,0.9,0.97,503,530,0.217391304347826,0.059171597633136,-0.15821970671469,0.15821970671469,0.782608695652174,0.9349112426035504,0.15230254695137646,0.15230254695137646,1137.8695652173913,427.9704142011834,0.0,,-0.1,0.25,0.75,0.7
fresh_p_positive,0.9,0.97,182,209,0.238095238095238,0.0806451612903225,-0.15745007680491552,0.15745007680491552,0.7619047619047619,0.9193548387096774,0.15745007680491552,0.15745007680491552,1177.1666666666667,595.7903225806451,-0.1,,0.0,0.0,0.75,1.0
fresh_p_positive,0.9,0.97,178,205,0.238095238095238,0.0806451612903225,-0.15745007680491552,0.15745007680491552,0.7619047619047619,0.9193548387096774,0.15745007680491552,0.15745007680491552,1312.0,491.31451612903226,-0.1,,-0.1,0.25,0.5,1.0
previous_positive,0.0,0.1,533,536,0.3571428571428571,0.2,-0.15714285714285708,0.15714285714285708,0.6071428571428571,0.8,0.19285714285714295,0.19285714285714295,1937.607142857143,1030.24,0.0,0.97,0.0,,0.75,0.7
fresh_p_positive,0.9,0.97,266,293,0.3571428571428571,0.2,-0.15714285714285708,0.15714285714285708,0.6428571428571429,0.76,0.1171428571428571,0.1171428571428571,1954.357142857143,1085.3,-0.02,,0.0,0.1,0.75,0.7
fresh_p_positive,0.9,0.97,99,126,0.3448275862068966,0.1886792452830188,-0.15614834092387778,0.15614834092387778,0.6206896551724138,0.8113207547169812,0.19063109954456736,0.19063109954456736,2060.758620689656,877.3396226415094,-0.1,,0.0,0.0,0.25,0.85
fresh_negative,-0.1,-0.02,16,259,0.5263157894736842,0.3703703703703703,-0.1559454191033139,0.1559454191033139,0.4736842105263157,0.5925925925925926,0.11890838206627685,0.11890838206627685,2573.1052631578946,1969.888888888889,,0.9,-0.1,0.25,0.5,0.7
previous_positive,0.1,0.25,85,88,0.5263157894736842,0.3703703703703703,-0.1559454191033139,0.1559454191033139,0.4736842105263157,0.5925925925925926,0.11890838206627685,0.11890838206627685,2598.684210526316,1768.7407407407406,-0.1,0.9,-0.25,,0.5,0.85
fresh_positive,0.85,1.0,85,166,0.5263157894736842,0.3703703703703703,-0.1559454191033139,0.1559454191033139,0.4736842105263157,0.5185185185185185,0.04483430799220278,0.04483430799220278,2598.684210526316,2310.259259259259,-0.1,0.9,-0.25,0.1,0.5,
fresh_p_positive,0.9,0.97,269,296,0.2083333333333333,0.0526315789473684,-0.1557017543859649,0.1557017543859649,0.7708333333333334,0.9473684210526316,0.17653508771929827,0.17653508771929827,1196.5208333333333,377.16315789473686,-0.02,,0.0,0.25,0.75,0.7
previous_positive,0.1,0.25,59,62,0.2083333333333333,0.0526315789473684,-0.1557017543859649,0.1557017543859649,0.7708333333333334,0.9421052631578948,0.1712719298245614,0.1712719298245614,1184.3333333333333,419.2263157894737,-0.1,0.995,-0.25,,0.75,0.7
previous_negative,-0.1,0.0,307,316,0.5555555555555556,0.4,-0.15555555555555556,0.15555555555555556,0.3888888888888889,0.56,0.17111111111111116,0.17111111111111116,2368.9444444444443,2055.44,-0.02,0.995,,0.0,0.5,0.7
previous_positive,0.0,0.1,108,111,0.5555555555555556,0.4,-0.15555555555555556,0.15555555555555556,0.4444444444444444,0.6,0.15555555555555556,0.15555555555555556,2233.777777777778,1976.84,-0.1,0.97,-0.25,,0.25,0.85
previous_p_positive,0.25,0.5,675,676,0.5555555555555556,0.4,-0.15555555555555556,0.15555555555555556,0.4444444444444444,0.6,0.15555555555555556,0.15555555555555556,2288.1666666666665,1609.72,0.0,0.97,-0.25,0.0,,1.0
previous_negative,-0.1,0.0,36,45,0.5555555555555556,0.4,-0.15555555555555556,0.15555555555555556,0.4444444444444444,0.6,0.15555555555555556,0.15555555555555556,2614.1111111111118,1829.4,-0.1,0.97,,0.0,0.25,0.7
previous_positive,0.0,0.1,36,39,0.5555555555555556,0.4,-0.15555555555555556,0.15555555555555556,0.4444444444444444,0.6,0.15555555555555556,0.15555555555555556,2614.1111111111118,2061.96,-0.1,0.97,-0.1,,0.25,0.7
previous_negative,-0.1,0.0,522,531,0.5555555555555556,0.4,-0.15555555555555556,0.15555555555555556,0.4444444444444444,0.56,0.11555555555555563,0.11555555555555563,2383.722222222222,1788.0,0.0,0.97,,0.0,0.25,0.7
previous_negative,-0.25,-0.1,272,281,0.5555555555555556,0.4,-0.15555555555555556,0.15555555555555556,0.4444444444444444,0.52,0.0755555555555556,0.0755555555555556,2407.6111111111118,2164.36,-0.02,0.97,,0.0,0.75,0.7
previous_p_positive,0.5,0.75,277,278,0.2222222222222222,0.0671140939597315,-0.1551081282624907,0.1551081282624907,0.7555555555555555,0.9261744966442952,0.17061894108873965,0.17061894108873965,1433.3111111111111,558.4563758389262,-0.02,0.97,-0.25,0.25,,0.7
fresh_p_positive,0.9,0.97,186,213,0.2222222222222222,0.0671140939597315,-0.1551081282624907,0.1551081282624907,0.7777777777777778,0.9328859060402684,0.15510812826249065,0.15510812826249065,1346.2,477.38926174496646,-0.1,,0.0,0.25,0.25,1.0
fresh_p_positive,0.9,0.97,184,211,0.217391304347826,0.0636942675159235,-0.1536970368319025,0.1536970368319025,0.782608695652174,0.929936305732484,0.14732761008031003,0.14732761008031003,1281.7608695652175,435.0254777070064,-0.1,,0.0,0.1,0.5,1.0
previous_positive,0.0,0.1,523,526,0.4166666666666667,0.2631578947368421,-0.1535087719298246,0.1535087719298246,0.5416666666666666,0.7368421052631579,0.19517543859649122,0.19517543859649122,2131.0416666666665,1634.4473684210527,0.0,0.97,-0.1,,0.5,0.7
previous_negative,-0.25,-0.1,406,415,0.4166666666666667,0.2631578947368421,-0.1535087719298246,0.1535087719298246,0.5833333333333334,0.7368421052631579,0.15350877192982448,0.15350877192982448,2017.75,1334.7105263157894,-0.02,0.9,,0.0,0.5,1.0
previous_p_positive,0.25,0.5,24,25,0.5882352941176471,0.4347826086956521,-0.15345268542199497,0.15345268542199497,0.2941176470588235,0.5652173913043478,0.2710997442455243,0.2710997442455243,2954.470588235294,2243.608695652174,-0.1,0.9,0.0,0.25,,0.7
fresh_positive,0.85,1.0,621,702,0.4347826086956521,0.5882352941176471,0.15345268542199497,0.15345268542199497,0.5217391304347826,0.4117647058823529,-0.10997442455242967,0.10997442455242967,2135.9565217391305,2379.3529411764707,0.0,0.995,-0.25,0.0,0.25,
previous_p_positive,0.5,0.75,259,260,0.3703703703703703,0.217391304347826,-0.1529790660225443,0.1529790660225443,0.5925925925925926,0.782608695652174,0.1900161030595814,0.1900161030595814,1969.888888888889,1328.2826086956522,-0.02,0.9,-0.1,0.25,,0.7
previous_p_positive,0.5,0.75,88,89,0.3703703703703703,0.217391304347826,-0.1529790660225443,0.1529790660225443,0.5925925925925926,0.7608695652173914,0.1682769726247988,0.1682769726247988,1768.7407407407406,1425.4565217391305,-0.1,0.9,-0.25,0.25,,0.85
previous_negative,-0.1,0.0,172,181,0.3703703703703703,0.217391304347826,-0.1529790660225443,0.1529790660225443,0.6296296296296297,0.782608695652174,0.1529790660225443,0.1529790660225443,1815.037037037037,1101.2608695652175,-0.1,0.9,,0.0,0.5,1.0
fresh_positive,0.85,1.0,100,181,0.3703703703703703,0.217391304347826,-0.1529790660225443,0.1529790660225443,0.6296296296296297,0.782608695652174,0.1529790660225443,0.1529790660225443,1854.0,1101.2608695652175,-0.1,0.9,0.0,0.0,0.5,
fresh_p_positive,0.9,0.97,333,360,0.3703703703703703,0.217391304347826,-0.1529790660225443,0.1529790660225443,0.6296296296296297,0.782608695652174,0.1529790660225443,0.1529790660225443,1905.6666666666667,1053.4565217391305,-0.02,,-0.1,0.0,0.25,0.85
fresh_p_positive,0.9,0.97,407,434,0.3703703703703703,0.217391304347826,-0.1529790660225443,0.1529790660225443,0.6296296296296297,0.7608695652173914,0.1312399355877617,0.1312399355877617,1586.2592592592594,981.9782608695652,-0.02,,-0.25,0.0,0.75,1.0
fresh_positive,0.7,0.85,8,89,0.3703703703703703,0.217391304347826,-0.1529790660225443,0.1529790660225443,0.6296296296296297,0.7608695652173914,0.1312399355877617,0.1312399355877617,2082.074074074074,1425.4565217391305,-0.1,0.9,-0.25,0.25,0.75,
fresh_positive,0.7,0.85,313,394,0.1886792452830188,0.0359712230215827,-0.1527080222614361,0.1527080222614361,0.8113207547169812,0.9640287769784172,0.15270802226143598,0.15270802226143598,1020.245283018868,232.9748201438849,-0.02,0.995,-0.1,0.25,0.5,
fresh_positive,0.7,0.85,275,356,0.217391304347826,0.0657894736842105,-0.1516018306636155,0.1516018306636155,0.7391304347826086,0.9276315789473684,0.18850114416475972,0.18850114416475972,1385.5652173913045,578.5921052631579,-0.02,0.97,-0.25,0.1,0.75,
fresh_p_positive,0.9,0.97,260,287,0.217391304347826,0.0657894736842105,-0.1516018306636155,0.1516018306636155,0.782608695652174,0.9276315789473684,0.14502288329519442,0.14502288329519442,1328.2826086956522,448.7105263157895,-0.02,,-0.1,0.25,0.75,0.7
fresh_p_positive,0.9,0.97,512,539,0.2040816326530612,0.0526315789473684,-0.1514500537056928,0.1514500537056928,0.7959183673469388,0.9473684210526316,0.15145005370569287,0.15145005370569287,1288.428571428571,379.5052631578947,0.0,,0.0,0.25,0.75,0.7
previous_p_positive,0.5,0.75,61,62,0.2040816326530612,0.0526315789473684,-0.1514500537056928,0.1514500537056928,0.7959183673469388,0.9421052631578948,0.146186895810956,0.146186895810956,1380.2857142857142,419.2263157894737,-0.1,0.995,-0.25,0.25,,0.7
fresh_p_positive,0.9,0.97,428,455,0.196078431372549,0.0454545454545454,-0.15062388591800357,0.15062388591800357,0.803921568627451,0.95,0.14607843137254894,0.14607843137254894,1103.7450980392157,326.17727272727274,-0.02,,0.0,0.1,0.75,1.0
previous_positive,0.1,0.25,68,71,0.2,0.0495049504950495,-0.15049504950495052,0.15049504950495052,0.78,0.9455445544554456,0.16554455445544558,0.16554455445544558,1049.8,322.5495049504951,-0.1,0.995,-0.1,,0.75,0.7
fresh_p_positive,0.9,0.97,348,375,0.2,0.0495049504950495,-0.15049504950495052,0.15049504950495052,0.8,0.9504950495049505,0.1504950495049504,0.1504950495049504,1194.48,385.8019801980198,-0.02,,0.0,0.25,0.25,0.85
fresh_p_positive,0.9,0.97,106,133,0.2,0.0495049504950495,-0.15049504950495052,0.15049504950495052,0.8,0.9504950495049505,0.1504950495049504,0.1504950495049504,1308.92,376.8217821782178,-0.1,,0.0,0.25,0.5,0.85
fresh_positive,0.7,0.85,319,400,0.217391304347826,0.0671140939597315,-0.1502772103880945,0.1502772103880945,0.7391304347826086,0.9261744966442952,0.18704406186168654,0.18704406186168654,1101.6304347826087,393.248322147651,-0.02,0.995,0.0,0.1,0.5,
previous_positive,0.1,0.25,319,322,0.217391304347826,0.0671140939597315,-0.1502772103880945,0.1502772103880945,0.7391304347826086,0.9261744966442952,0.18704406186168654,0.18704406186168654,1101.6304347826087,429.87919463087246,-0.02,0.995,0.0,,0.5,0.7
previous_positive,0.1,0.25,275,278,0.217391304347826,0.0671140939597315,-0.1502772103880945,0.1502772103880945,0.7391304347826086,0.9261744966442952,0.18704406186168654,0.18704406186168654,1385.5652173913045,558.4563758389262,-0.02,0.97,-0.25,,0.75,0.7
previous_p_positive,0.25,0.5,384,385,0.217391304347826,0.0671140939597315,-0.1502772103880945,0.1502772103880945,0.782608695652174,0.9328859060402684,0.1502772103880945,0.1502772103880945,1113.4130434782608,470.8590604026846,-0.02,0.995,-0.25,0.25,,0.85
fresh_p_positive,0.9,0.97,421,448,0.2040816326530612,0.054054054054054,-0.1500275785990072,0.1500275785990072,0.7755102040816326,0.945945945945946,0.17043574186431343,0.17043574186431343,1154.1020408163265,392.7783783783784,-0.02,,-0.1,0.25,0.5,1.0
fresh_p_positive,0.9,0.97,188,215,0.2040816326530612,0.054054054054054,-0.1500275785990072,0.1500275785990072,0.7755102040816326,0.9405405405405406,0.16503033645890797,0.16503033645890797,1189.0,363.05945945945945,-0.1,,0.0,0.25,0.75,1.0
previous_negative,-0.25,-0.1,301,310,0.4,0.25,-0.15000000000000002,0.15000000000000002,0.56,0.725,0.16499999999999992,0.16499999999999992,1917.52,1303.25,-0.02,0.995,,0.1,0.5,0.7
fresh_positive,0.85,1.0,114,195,0.25,0.4,0.15000000000000002,0.15000000000000002,0.75,0.6,-0.15000000000000002,0.15000000000000002,1362.975,1800.56,-0.1,0.97,-0.25,0.25,0.25,
previous_positive,0.1,0.25,111,114,0.4,0.25,-0.15000000000000002,0.15000000000000002,0.6,0.75,0.15000000000000002,0.15000000000000002,1976.84,1362.975,-0.1,0.97,-0.25,,0.25,0.85
previous_p_positive,0.5,0.75,94,95,0.4,0.25,-0.15000000000000002,0.15000000000000002,0.6,0.75,0.15000000000000002,0.15000000000000002,2217.12,1339.65,-0.1,0.9,-0.1,0.1,,0.85
fresh_negative,-0.1,-0.02,92,335,0.4,0.25,-0.15000000000000002,0.15000000000000002,0.6,0.75,0.15000000000000002,0.15000000000000002,2305.36,1622.05,,0.9,-0.1,0.0,0.75,0.85
previous_positive,0.0,0.1,92,95,0.4,0.25,-0.15000000000000002,0.15000000000000002,0.6,0.75,0.15000000000000002,0.15000000000000002,2305.36,1339.65,-0.1,0.9,-0.1,,0.75,0.85
fresh_negative,-0.1,-0.02,46,289,0.25,0.4,0.15000000000000002,0.15000000000000002,0.7,0.56,-0.1399999999999999,0.1399999999999999,1735.2,1961.76,,0.97,0.0,0.0,0.5,0.7
previous_p_positive,0.25,0.5,45,46,0.4,0.25,-0.15000000000000002,0.15000000000000002,0.6,0.7,0.09999999999999998,0.09999999999999998,1829.4,1735.2,-0.1,0.97,0.0,0.0,,0.7
previous_positive,0.1,0.25,77,80,0.2083333333333333,0.059171597633136,-0.14916173570019728,0.14916173570019728,0.75,0.9289940828402368,0.17899408284023677,0.17899408284023677,1075.6875,370.3550295857988,-0.1,0.995,0.0,,0.75,0.7
previous_positive,0.1,0.25,527,530,0.2083333333333333,0.059171597633136,-0.14916173570019728,0.14916173570019728,0.7708333333333334,0.9349112426035504,0.16407790927021704,0.16407790927021704,1007.3541666666666,427.9704142011834,0.0,0.97,-0.1,,0.75,0.7
fresh_p_positive,0.9,0.97,170,197,0.2083333333333333,0.059171597633136,-0.14916173570019728,0.14916173570019728,0.7708333333333334,0.9349112426035504,0.16407790927021704,0.16407790927021704,1374.9166666666667,478.4674556213018,-0.1,,-0.25,0.25,0.75,1.0
previous_positive,0.1,0.25,41,44,0.2083333333333333,0.059171597633136,-0.14916173570019728,0.14916173570019728,0.7916666666666666,0.9289940828402368,0.13732741617357014,0.13732741617357014,1180.8333333333333,512.6272189349113,-0.1,0.97,-0.1,,0.75,0.7
previous_positive,0.0,0.1,497,500,0.625,0.4761904761904761,-0.1488095238095239,0.1488095238095239,0.25,0.5238095238095238,0.27380952380952384,0.27380952380952384,3053.125,2182.285714285714,0.0,0.9,-0.1,,0.75,0.7
previous_p_positive,0.5,0.75,541,542,0.625,0.4761904761904761,-0.1488095238095239,0.1488095238095239,0.3125,0.5238095238095238,0.21130952380952384,0.21130952380952384,2755.875,1997.857142857143,0.0,0.995,-0.25,0.0,,0.7
previous_negative,-0.25,-0.1,271,280,0.625,0.4761904761904761,-0.1488095238095239,0.1488095238095239,0.3125,0.4761904761904761,0.1636904761904761,0.1636904761904761,2955.0,2447.428571428572,-0.02,0.97,,0.0,0.5,0.7
fresh_negative,-0.02,0.0,303,546,0.4761904761904761,0.625,0.1488095238095239,0.1488095238095239,0.5238095238095238,0.375,-0.14880952380952384,0.14880952380952384,2099.904761904762,2654.3125,,0.995,-0.25,0.25,0.25,0.7
fresh_positive,0.85,1.0,570,651,0.625,0.4761904761904761,-0.1488095238095239,0.1488095238095239,0.375,0.5238095238095238,0.14880952380952384,0.14880952380952384,2562.5625,2450.809523809524,0.0,0.9,-0.25,0.1,0.25,
fresh_positive,0.85,1.0,330,411,0.625,0.4761904761904761,-0.1488095238095239,0.1488095238095239,0.375,0.5238095238095238,0.14880952380952384,0.14880952380952384,2671.625,2430.4761904761904,-0.02,0.9,-0.25,0.25,0.25,
fresh_p_positive,0.97,0.995,276,303,0.625,0.4761904761904761,-0.1488095238095239,0.1488095238095239,0.375,0.5238095238095238,0.14880952380952384,0.14880952380952384,3079.8125,2099.904761904762,-0.02,,-0.25,0.25,0.25,0.7
previous_negative,-0.25,-0.1,541,550,0.625,0.4761904761904761,-0.1488095238095239,0.1488095238095239,0.3125,0.4285714285714285,0.11607142857142849,0.11607142857142849,2755.875,2456.3809523809523,0.0,0.995,,0.0,0.5,0.7
previous_positive,0.1,0.25,570,573,0.625,0.4761904761904761,-0.1488095238095239,0.1488095238095239,0.375,0.4761904761904761,0.10119047619047611,0.10119047619047611,2562.5625,2683.809523809524,0.0,0.9,-0.25,,0.25,0.85
fresh_negative,-0.02,0.0,330,573,0.625,0.4761904761904761,-0.1488095238095239,0.1488095238095239,0.375,0.4761904761904761,0.10119047619047611,0.10119047619047611,2671.625,2683.809523809524,,0.9,-0.25,0.25,0.25,0.85
previous_positive,0.1,0.25,266,269,0.3571428571428571,0.2083333333333333,-0.1488095238095238,0.1488095238095238,0.6428571428571429,0.7708333333333334,0.12797619047619047,0.12797619047619047,1954.357142857143,1196.5208333333333,-0.02,0.9,0.0,,0.75,0.7
previous_positive,0.0,0.1,288,291,0.3703703703703703,0.2222222222222222,-0.14814814814814808,0.14814814814814808,0.5925925925925926,0.7777777777777778,0.18518518518518523,0.18518518518518523,1934.2962962962963,1276.4444444444443,-0.02,0.97,0.0,,0.25,0.7
fresh_positive,0.85,1.0,102,183,0.3703703703703703,0.2222222222222222,-0.14814814814814808,0.14814814814814808,0.5925925925925926,0.7777777777777778,0.18518518518518523,0.18518518518518523,1986.074074074074,1327.0666666666666,-0.1,0.9,0.0,0.1,0.25,
fresh_negative,-0.1,-0.02,102,345,0.3703703703703703,0.2222222222222222,-0.14814814814814808,0.14814814814814808,0.5925925925925926,0.7555555555555555,0.16296296296296298,0.16296296296296298,1986.074074074074,1372.9333333333334,,0.9,0.0,0.1,0.25,0.85
fresh_positive,0.85,1.0,627,708,0.2222222222222222,0.3703703703703703,0.14814814814814808,0.14814814814814808,0.7777777777777778,0.6296296296296297,-0.14814814814814814,0.14814814814814814,1201.4666666666667,1647.6296296296296,0.0,0.995,-0.25,0.25,0.25,
previous_negative,-0.25,-0.1,407,416,0.3703703703703703,0.2222222222222222,-0.14814814814814808,0.14814814814814808,0.6296296296296297,0.7777777777777778,0.14814814814814814,0.14814814814814814,1586.2592592592594,1165.2666666666669,-0.02,0.9,,0.0,0.75,1.0
previous_positive,0.0,0.1,334,337,0.3703703703703703,0.2222222222222222,-0.14814814814814808,0.14814814814814808,0.6296296296296297,0.7555555555555555,0.12592592592592589,0.12592592592592589,1807.555555555556,1477.8666666666666,-0.02,0.9,-0.1,,0.5,0.85
fresh_negative,-0.02,0.0,285,528,0.3703703703703703,0.2222222222222222,-0.14814814814814808,0.14814814814814808,0.6296296296296297,0.7333333333333333,0.10370370370370363,0.10370370370370363,1780.3333333333333,1580.3555555555556,,0.97,-0.1,0.25,0.25,0.7
previous_positive,0.1,0.25,293,296,0.2,0.0526315789473684,-0.14736842105263162,0.14736842105263162,0.76,0.9473684210526316,0.18736842105263163,0.18736842105263163,1085.3,377.16315789473686,-0.02,0.97,0.0,,0.75,0.7
previous_positive,0.1,0.25,536,539,0.2,0.0526315789473684,-0.14736842105263162,0.14736842105263162,0.8,0.9473684210526316,0.1473684210526316,0.1473684210526316,1030.24,379.5052631578947,0.0,0.97,0.0,,0.75,0.7
previous_positive,0.0,0.1,713,716,0.2,0.0526315789473684,-0.14736842105263162,0.14736842105263162,0.8,0.936842105263158,0.136842105263158,0.136842105263158,867.62,330.66315789473686,0.0,0.995,-0.1,,0.75,1.0
fresh_p_positive,0.9,0.97,583,610,0.1818181818181818,0.0344827586206896,-0.1473354231974922,0.1473354231974922,0.8,0.9620689655172414,0.16206896551724137,0.16206896551724137,1305.3090909090909,299.3172413793104,0.0,,-0.1,0.25,0.5,0.85
fresh_positive,0.7,0.85,78,159,0.196078431372549,0.0495049504950495,-0.1465734808774995,0.1465734808774995,0.803921568627451,0.9504950495049505,0.14657348087749944,0.14657348087749944,924.5490196078432,328.9306930693069,-0.1,0.995,0.0,0.25,0.25,
fresh_positive,0.7,0.85,294,375,0.196078431372549,0.0495049504950495,-0.1465734808774995,0.1465734808774995,0.803921568627451,0.9504950495049505,0.14657348087749944,0.14657348087749944,1057.3725490196075,385.8019801980198,-0.02,0.97,0.0,0.25,0.25,
fresh_positive,0.7,0.85,503,584,0.217391304347826,0.0714285714285714,-0.1459627329192546,0.1459627329192546,0.782608695652174,0.9214285714285714,0.13881987577639743,0.13881987577639743,1137.8695652173913,697.3571428571429,0.0,0.9,-0.1,0.25,0.75,
fresh_p_positive,0.9,0.97,413,440,0.2040816326530612,0.059171597633136,-0.1449100350199252,0.1449100350199252,0.7959183673469388,0.9349112426035504,0.13899287525661164,0.13899287525661164,1105.2448979591836,399.0769230769231,-0.02,,-0.25,0.25,0.75,1.0
previous_positive,0.1,0.25,545,548,0.2083333333333333,0.0636942675159235,-0.1446390658174098,0.1446390658174098,0.7708333333333334,0.9363057324840764,0.16547239915074308,0.16547239915074308,1136.4791666666667,387.1656050955414,0.0,0.995,-0.25,,0.75,0.7
previous_positive,0.1,0.25,554,557,0.2083333333333333,0.0636942675159235,-0.1446390658174098,0.1446390658174098,0.7708333333333334,0.929936305732484,0.1591029723991506,0.1591029723991506,977.2083333333334,372.8089171974522,0.0,0.995,-0.1,,0.75,0.7
fresh_positive,0.7,0.85,41,122,0.2083333333333333,0.0636942675159235,-0.1446390658174098,0.1446390658174098,0.7916666666666666,0.929936305732484,0.13826963906581735,0.13826963906581735,1180.8333333333333,463.2229299363057,-0.1,0.97,-0.1,0.1,0.75,
previous_negative,-0.25,-0.1,166,175,0.3703703703703703,0.2272727272727272,-0.14309764309764308,0.14309764309764308,0.5185185185185185,0.7727272727272727,0.2542087542087542,0.2542087542087542,2310.259259259259,1316.8636363636365,-0.1,0.9,,0.1,0.5,1.0
previous_positive,0.0,0.1,172,175,0.3703703703703703,0.2272727272727272,-0.14309764309764308,0.14309764309764308,0.6296296296296297,0.7727272727272727,0.14309764309764306,0.14309764309764306,1815.037037037037,1316.8636363636365,-0.1,0.9,-0.1,,0.5,1.0
previous_p_positive,0.5,0.75,265,266,0.5,0.3571428571428571,-0.1428571428571429,0.1428571428571429,0.5,0.6428571428571429,0.1428571428571429,0.1428571428571429,2159.55,1954.357142857143,-0.02,0.9,0.0,0.1,,0.7
fresh_positive,0.7,0.85,77,158,0.2083333333333333,0.0657894736842105,-0.1425438596491228,0.1425438596491228,0.75,0.9276315789473684,0.17763157894736836,0.17763157894736836,1075.6875,353.4671052631579,-0.1,0.995,0.0,0.1,0.75,
previous_p_positive,0.25,0.5,141,142,0.2083333333333333,0.0657894736842105,-0.1425438596491228,0.1425438596491228,0.7708333333333334,0.9342105263157896,0.16337719298245623,0.16337719298245623,1159.0625,505.30263157894734,-0.1,0.995,-0.25,0.25,,0.85
fresh_p_positive,0.9,0.97,104,131,0.2083333333333333,0.0657894736842105,-0.1425438596491228,0.1425438596491228,0.7708333333333334,0.9342105263157896,0.16337719298245623,0.16337719298245623,1334.0833333333333,419.7368421052632,-0.1,,0.0,0.1,0.75,0.85
fresh_positive,0.7,0.85,554,635,0.2083333333333333,0.0657894736842105,-0.1425438596491228,0.1425438596491228,0.7708333333333334,0.9210526315789472,0.15021929824561386,0.15021929824561386,977.2083333333334,459.1513157894737,0.0,0.995,-0.1,0.1,0.75,
fresh_positive,0.7,0.85,547,628,0.196078431372549,0.054054054054054,-0.142024377318495,0.142024377318495,0.803921568627451,0.945945945945946,0.14202437731849504,0.14202437731849504,1278.7843137254902,388.8216216216216,0.0,0.995,-0.25,0.25,0.5,
fresh_positive,0.7,0.85,545,626,0.2083333333333333,0.0666666666666666,-0.1416666666666667,0.1416666666666667,0.7708333333333334,0.92,0.14916666666666667,0.14916666666666667,1136.4791666666667,485.3933333333333,0.0,0.995,-0.25,0.1,0.75,
fresh_positive,0.7,0.85,318,399,0.2222222222222222,0.0806451612903225,-0.1415770609318997,0.1415770609318997,0.7555555555555555,0.9032258064516128,0.14767025089605723,0.14767025089605723,1215.3777777777775,502.78225806451616,-0.02,0.995,0.0,0.1,0.25,
fresh_p_positive,0.9,0.97,183,210,0.2222222222222222,0.0806451612903225,-0.1415770609318997,0.1415770609318997,0.7777777777777778,0.9193548387096774,0.1415770609318996,0.1415770609318996,1327.0666666666666,476.75,-0.1,,0.0,0.1,0.25,1.0
fresh_p_positive,0.9,0.97,667,694,0.2222222222222222,0.0806451612903225,-0.1415770609318997,0.1415770609318997,0.7777777777777778,0.9112903225806452,0.13351254480286745,0.13351254480286745,1109.9555555555555,497.25,0.0,,0.0,0.0,0.5,1.0
previous_positive,0.1,0.25,292,295,0.2083333333333333,0.0671140939597315,-0.14121923937360178,0.14121923937360178,0.75,0.9261744966442952,0.1761744966442952,0.1761744966442952,1177.3333333333333,534.771812080537,-0.02,0.97,0.0,,0.5,0.7
fresh_positive,0.7,0.85,59,140,0.2083333333333333,0.0671140939597315,-0.14121923937360178,0.14121923937360178,0.7708333333333334,0.9261744966442952,0.15534116331096182,0.15534116331096182,1184.3333333333333,483.241610738255,-0.1,0.995,-0.25,0.1,0.75,
fresh_positive,0.7,0.85,535,616,0.2083333333333333,0.0671140939597315,-0.14121923937360178,0.14121923937360178,0.7916666666666666,0.9328859060402684,0.1412192393736018,0.1412192393736018,1099.7708333333333,461.5234899328859,0.0,0.97,0.0,0.1,0.5,
fresh_p_positive,0.9,0.97,338,365,0.2083333333333333,0.0671140939597315,-0.14121923937360178,0.14121923937360178,0.7916666666666666,0.9328859060402684,0.1412192393736018,0.1412192393736018,1281.6041666666667,401.5570469798658,-0.02,,-0.1,0.1,0.75,0.85
fresh_p_positive,0.9,0.97,425,452,0.2083333333333333,0.0671140939597315,-0.14121923937360178,0.14121923937360178,0.7916666666666666,0.9194630872483222,0.12779642058165552,0.12779642058165552,1137.9166666666667,509.5838926174497,-0.02,,0.0,0.0,0.75,1.0
fresh_p_positive,0.9,0.97,342,369,0.3333333333333333,0.1923076923076923,-0.14102564102564102,0.14102564102564102,0.6666666666666666,0.8076923076923077,0.14102564102564108,0.14102564102564108,1736.2,913.75,-0.02,,0.0,0.0,0.25,0.85
fresh_positive,0.7,0.85,293,374,0.2,0.059171597633136,-0.140828402366864,0.140828402366864,0.76,0.940828402366864,0.18082840236686404,0.18082840236686404,1085.3,382.7396449704142,-0.02,0.97,0.0,0.1,0.75,
previous_positive,0.1,0.25,302,305,0.2,0.059171597633136,-0.140828402366864,0.140828402366864,0.78,0.9349112426035504,0.15491124260355038,0.15491124260355038,1341.88,440.5680473372781,-0.02,0.995,-0.25,,0.75,0.7
previous_p_positive,0.5,0.75,304,305,0.2,0.059171597633136,-0.140828402366864,0.140828402366864,0.8,0.9349112426035504,0.13491124260355036,0.13491124260355036,1122.3,440.5680473372781,-0.02,0.995,-0.25,0.25,,0.7
fresh_p_positive,0.9,0.97,419,446,0.2,0.059171597633136,-0.140828402366864,0.140828402366864,0.8,0.9349112426035504,0.13491124260355036,0.13491124260355036,1144.16,388.6390532544379,-0.02,,-0.1,0.1,0.75,1.0
previous_p_positive,0.25,0.5,84,85,0.6666666666666666,0.5263157894736842,-0.14035087719298245,0.14035087719298245,0.2666666666666666,0.4736842105263157,0.2070175438596491,0.2070175438596491,3403.9333333333334,2598.684210526316,-0.1,0.9,-0.25,0.1,,0.85
fresh_negative,-0.1,-0.02,81,324,0.9090909090909092,0.7692307692307693,-0.1398601398601399,0.1398601398601399,0.0909090909090909,0.2307692307692307,0.1398601398601398,0.1398601398601398,3474.0,3129.769230769231,,0.9,-0.25,0.0,0.25,0.85
previous_negative,-0.25,-0.1,438,447,0.2631578947368421,0.1234567901234567,-0.1397011046133854,0.1397011046133854,0.7368421052631579,0.8765432098765432,0.13970110461338536,0.13970110461338536,1427.8684210526317,695.1851851851852,-0.02,0.97,,0.25,0.25,1.0
fresh_positive,0.7,0.85,564,645,0.1886792452830188,0.0495049504950495,-0.1391742947879693,0.1391742947879693,0.7924528301886793,0.9455445544554456,0.15309172426676632,0.15309172426676632,1002.8867924528302,292.51485148514854,0.0,0.995,0.0,0.25,0.25,
previous_p_positive,0.5,0.75,313,314,0.1886792452830188,0.0495049504950495,-0.1391742947879693,0.1391742947879693,0.8113207547169812,0.9504950495049505,0.13917429478796928,0.13917429478796928,1020.245283018868,341.7277227722772,-0.02,0.995,-0.1,0.25,,0.7
previous_negative,-0.1,0.0,123,132,0.1886792452830188,0.0495049504950495,-0.1391742947879693,0.1391742947879693,0.8113207547169812,0.9455445544554456,0.13422379973846443,0.13422379973846443,990.0377358490566,466.1534653465346,-0.1,0.97,,0.25,0.25,0.85
previous_p_positive,0.5,0.75,256,257,0.5555555555555556,0.4166666666666667,-0.1388888888888889,0.1388888888888889,0.3888888888888889,0.5416666666666666,0.15277777777777773,0.15277777777777773,2811.333333333333,1966.375,-0.02,0.9,-0.1,0.1,,0.7
previous_positive,0.0,0.1,675,678,0.5555555555555556,0.4166666666666667,-0.1388888888888889,0.1388888888888889,0.4444444444444444,0.5833333333333334,0.13888888888888895,0.13888888888888895,2288.1666666666665,2014.75,0.0,0.97,-0.25,,0.25,1.0
fresh_positive,0.85,1.0,325,406,0.5555555555555556,0.4166666666666667,-0.1388888888888889,0.1388888888888889,0.4444444444444444,0.5833333333333334,0.13888888888888895,0.13888888888888895,2488.3888888888887,2017.75,-0.02,0.9,-0.25,0.0,0.5,
previous_p_positive,0.5,0.75,307,308,0.5555555555555556,0.4166666666666667,-0.1388888888888889,0.1388888888888889,0.3888888888888889,0.5,0.1111111111111111,0.1111111111111111,2368.9444444444443,2289.4166666666665,-0.02,0.995,-0.1,0.0,,0.7
previous_p_positive,0.25,0.5,522,523,0.5555555555555556,0.4166666666666667,-0.1388888888888889,0.1388888888888889,0.4444444444444444,0.5416666666666666,0.09722222222222221,0.09722222222222221,2383.722222222222,2131.0416666666665,0.0,0.97,-0.1,0.0,,0.7
previous_negative,-0.25,-0.1,33,42,0.5555555555555556,0.4166666666666667,-0.1388888888888889,0.1388888888888889,0.4444444444444444,0.5416666666666666,0.09722222222222221,0.09722222222222221,2387.333333333333,2078.625,-0.1,0.97,,0.25,0.25,0.7
previous_negative,-0.25,-0.1,299,308,0.5555555555555556,0.4166666666666667,-0.1388888888888889,0.1388888888888889,0.4444444444444444,0.5,0.05555555555555558,0.05555555555555558,2192.6111111111118,2289.4166666666665,-0.02,0.995,,0.0,0.75,0.7
fresh_negative,-0.1,-0.02,56,299,0.4166666666666667,0.5555555555555556,0.1388888888888889,0.1388888888888889,0.4583333333333333,0.4444444444444444,-0.013888888888888895,0.013888888888888895,2425.75,2192.6111111111118,,0.995,-0.25,0.0,0.75,0.7
fresh_positive,0.7,0.85,561,642,0.217391304347826,0.0787401574803149,-0.1386511468675111,0.1386511468675111,0.7391304347826086,0.9133858267716536,0.17425539198904494,0.17425539198904494,1315.0869565217392,486.5118110236221,0.0,0.995,0.0,0.1,0.25,
previous_positive,0.1,0.25,284,287,0.2040816326530612,0.0657894736842105,-0.13829215896885072,0.13829215896885072,0.7755102040816326,0.9276315789473684,0.15212137486573574,0.15212137486573574,1169.3061224489795,448.7105263157895,-0.02,0.97,-0.1,,0.75,0.7
fresh_positive,0.7,0.85,61,142,0.2040816326530612,0.0657894736842105,-0.13829215896885072,0.13829215896885072,0.7959183673469388,0.9342105263157896,0.13829215896885083,0.13829215896885083,1380.2857142857142,505.30263157894734,-0.1,0.995,-0.25,0.25,0.5,
previous_negative,-0.25,-0.1,88,97,0.3703703703703703,0.2325581395348837,-0.1378122308354866,0.1378122308354866,0.5925925925925926,0.7674418604651163,0.17484926787252375,0.17484926787252375,1768.7407407407406,1484.1627906976744,-0.1,0.9,,0.25,0.5,0.85
fresh_positive,0.85,1.0,333,414,0.3703703703703703,0.2325581395348837,-0.1378122308354866,0.1378122308354866,0.6296296296296297,0.7674418604651163,0.13781223083548666,0.13781223083548666,1905.6666666666667,1294.5348837209303,-0.02,0.9,-0.1,0.0,0.25,
fresh_negative,-0.1,-0.02,171,414,0.3703703703703703,0.2325581395348837,-0.1378122308354866,0.1378122308354866,0.6296296296296297,0.7674418604651163,0.13781223083548666,0.13781223083548666,2071.3703703703704,1294.5348837209303,,0.9,-0.1,0.0,0.25,1.0
previous_negative,-0.1,0.0,171,180,0.3703703703703703,0.2325581395348837,-0.1378122308354866,0.1378122308354866,0.6296296296296297,0.7674418604651163,0.13781223083548666,0.13781223083548666,2071.3703703703704,1297.3953488372092,-0.1,0.9,,0.0,0.25,1.0
previous_negative,-0.1,0.0,334,343,0.3703703703703703,0.2325581395348837,-0.1378122308354866,0.1378122308354866,0.6296296296296297,0.7441860465116279,0.11455641688199825,0.11455641688199825,1807.555555555556,1336.0,-0.02,0.9,,0.0,0.5,0.85
fresh_negative,-0.1,-0.02,100,343,0.3703703703703703,0.2325581395348837,-0.1378122308354866,0.1378122308354866,0.6296296296296297,0.7441860465116279,0.11455641688199825,0.11455641688199825,1854.0,1336.0,,0.9,0.0,0.0,0.5,0.85
fresh_negative,-0.1,-0.02,8,251,0.3703703703703703,0.2325581395348837,-0.1378122308354866,0.1378122308354866,0.6296296296296297,0.7441860465116279,0.11455641688199825,0.11455641688199825,2082.074074074074,1637.3720930232555,,0.9,-0.25,0.25,0.75,0.7
previous_positive,0.1,0.25,652,655,0.3703703703703703,0.2325581395348837,-0.1378122308354866,0.1378122308354866,0.6296296296296297,0.7209302325581395,0.09130060292850983,0.09130060292850983,1617.148148148148,1383.9302325581396,0.0,0.9,-0.25,,0.5,1.0
fresh_positive,0.7,0.85,320,401,0.2040816326530612,0.0671140939597315,-0.1369675386933297,0.1369675386933297,0.7755102040816326,0.9328859060402684,0.15737570195863582,0.15737570195863582,984.7755102040816,353.4630872483221,-0.02,0.995,0.0,0.1,0.75,
previous_positive,0.1,0.25,320,323,0.2040816326530612,0.0671140939597315,-0.1369675386933297,0.1369675386933297,0.7755102040816326,0.9328859060402684,0.15737570195863582,0.15737570195863582,984.7755102040816,369.3087248322148,-0.02,0.995,0.0,,0.75,0.7
fresh_positive,0.7,0.85,284,365,0.2040816326530612,0.0671140939597315,-0.1369675386933297,0.1369675386933297,0.7755102040816326,0.9328859060402684,0.15737570195863582,0.15737570195863582,1169.3061224489795,401.5570469798658,-0.02,0.97,-0.1,0.1,0.75,
previous_positive,0.0,0.1,704,707,0.2040816326530612,0.0671140939597315,-0.1369675386933297,0.1369675386933297,0.7959183673469388,0.9328859060402684,0.13696753869332967,0.13696753869332967,815.6122448979592,415.77852348993287,0.0,0.995,-0.25,,0.75,1.0
previous_negative,-0.1,0.0,714,723,0.2040816326530612,0.0671140939597315,-0.1369675386933297,0.1369675386933297,0.7959183673469388,0.9328859060402684,0.13696753869332967,0.13696753869332967,850.8163265306123,350.06040268456377,0.0,0.995,,0.1,0.25,1.0
previous_positive,0.0,0.1,686,689,0.196078431372549,0.059171597633136,-0.13690683373941298,0.13690683373941298,0.803921568627451,0.940828402366864,0.13690683373941304,0.13690683373941304,890.2352941176471,376.38461538461536,0.0,0.97,-0.1,,0.75,1.0
previous_positive,0.1,0.25,553,556,0.2083333333333333,0.0714285714285714,-0.1369047619047619,0.1369047619047619,0.75,0.9285714285714286,0.1785714285714286,0.1785714285714286,1378.2916666666667,572.0714285714286,0.0,0.995,-0.1,,0.5,0.7
previous_p_positive,0.25,0.5,555,556,0.2083333333333333,0.0714285714285714,-0.1369047619047619,0.1369047619047619,0.7708333333333334,0.9285714285714286,0.15773809523809523,0.15773809523809523,1378.2291666666667,572.0714285714286,0.0,0.995,-0.1,0.25,,0.7
fresh_positive,0.7,0.85,527,608,0.2083333333333333,0.0714285714285714,-0.1369047619047619,0.1369047619047619,0.7708333333333334,0.9214285714285714,0.150595238095238,0.150595238095238,1007.3541666666666,449.65,0.0,0.97,-0.1,0.1,0.75,
previous_positive,0.1,0.25,535,538,0.2083333333333333,0.0714285714285714,-0.1369047619047619,0.1369047619047619,0.7916666666666666,0.9285714285714286,0.13690476190476197,0.13690476190476197,1099.7708333333333,557.1357142857142,0.0,0.97,0.0,,0.5,0.7
fresh_p_positive,0.97,0.995,438,465,0.2631578947368421,0.4,0.13684210526315793,0.13684210526315793,0.7368421052631579,0.6,-0.13684210526315788,0.13684210526315788,1427.8684210526317,1678.44,-0.02,,-0.25,0.25,0.25,1.0
fresh_negative,-0.1,-0.02,195,438,0.4,0.2631578947368421,-0.13684210526315793,0.13684210526315793,0.6,0.7368421052631579,0.13684210526315788,0.13684210526315788,1800.56,1427.8684210526317,,0.97,-0.25,0.25,0.25,1.0
previous_negative,-0.1,0.0,96,105,0.4,0.2631578947368421,-0.13684210526315793,0.13684210526315793,0.6,0.7368421052631579,0.13684210526315788,0.13684210526315788,2046.8,1518.4473684210527,-0.1,0.9,,0.25,0.25,0.85
fresh_positive,0.7,0.85,518,599,0.217391304347826,0.0806451612903225,-0.1367461430575035,0.1367461430575035,0.7391304347826086,0.9193548387096774,0.18022440392706873,0.18022440392706873,1480.6521739130435,567.3387096774194,0.0,0.97,-0.25,0.1,0.75,
previous_positive,0.1,0.25,518,521,0.217391304347826,0.0806451612903225,-0.1367461430575035,0.1367461430575035,0.7391304347826086,0.9193548387096774,0.18022440392706873,0.18022440392706873,1480.6521739130435,578.75,0.0,0.97,-0.25,,0.75,0.7
fresh_positive,0.7,0.85,534,615,0.217391304347826,0.0806451612903225,-0.1367461430575035,0.1367461430575035,0.7608695652173914,0.9193548387096774,0.15848527349228603,0.15848527349228603,1390.2173913043478,521.7741935483871,0.0,0.97,0.0,0.1,0.25,
fresh_positive,0.7,0.85,311,392,0.217391304347826,0.0806451612903225,-0.1367461430575035,0.1367461430575035,0.7608695652173914,0.9112903225806452,0.1504207573632539,0.1504207573632539,1018.8695652173913,434.4032258064516,-0.02,0.995,-0.1,0.1,0.75,
fresh_p_positive,0.9,0.97,588,615,0.217391304347826,0.0806451612903225,-0.1367461430575035,0.1367461430575035,0.782608695652174,0.9193548387096774,0.13674614305750343,0.13674614305750343,1343.0434782608695,521.7741935483871,0.0,,0.0,0.1,0.25,0.85
previous_negative,-0.1,0.0,225,234,0.217391304347826,0.0806451612903225,-0.1367461430575035,0.1367461430575035,0.782608695652174,0.9112903225806452,0.1286816269284713,0.1286816269284713,875.0217391304348,480.3467741935484,-0.1,0.995,,0.0,0.25,1.0
fresh_p_positive,0.9,0.97,656,683,0.2,0.0636942675159235,-0.1363057324840765,0.1363057324840765,0.8,0.9363057324840764,0.1363057324840764,0.1363057324840764,1117.68,381.8407643312102,0.0,,-0.25,0.25,0.75,1.0
fresh_positive,0.7,0.85,537,618,0.2,0.0636942675159235,-0.1363057324840765,0.1363057324840765,0.8,0.9363057324840764,0.1363057324840764,0.1363057324840764,1123.74,420.0127388535032,0.0,0.97,0.0,0.25,0.25,
fresh_p_positive,0.9,0.97,340,367,0.2,0.0636942675159235,-0.1363057324840765,0.1363057324840765,0.8,0.9363057324840764,0.1363057324840764,0.1363057324840764,1341.72,372.92356687898086,-0.02,,-0.1,0.25,0.5,0.85
previous_positive,0.1,0.25,625,628,0.1886792452830188,0.054054054054054,-0.1346251912289648,0.1346251912289648,0.8113207547169812,0.945945945945946,0.13462519122896488,0.13462519122896488,957.5849056603772,388.8216216216216,0.0,0.995,-0.25,,0.5,0.85
previous_positive,0.0,0.1,72,75,0.3846153846153846,0.25,-0.13461538461538458,0.13461538461538458,0.5769230769230769,0.75,0.17307692307692313,0.17307692307692313,1888.0,1212.7,-0.1,0.995,0.0,,0.25,0.7
fresh_negative,-0.1,-0.02,40,283,0.3846153846153846,0.25,-0.13461538461538458,0.13461538461538458,0.5769230769230769,0.725,0.1480769230769231,0.1480769230769231,1868.1538461538464,1433.275,,0.97,-0.1,0.1,0.5,0.7
fresh_positive,0.7,0.85,68,149,0.2,0.0657894736842105,-0.1342105263157895,0.1342105263157895,0.78,0.9342105263157896,0.15421052631578958,0.15421052631578958,1049.8,419.7763157894737,-0.1,0.995,-0.1,0.1,0.75,
previous_positive,0.1,0.25,562,565,0.2,0.0657894736842105,-0.1342105263157895,0.1342105263157895,0.78,0.9342105263157896,0.15421052631578958,0.15421052631578958,1102.78,427.23026315789474,0.0,0.995,0.0,,0.5,0.7
fresh_positive,0.7,0.85,563,644,0.2,0.0657894736842105,-0.1342105263157895,0.1342105263157895,0.78,0.9210526315789472,0.1410526315789472,0.1410526315789472,1041.76,394.7631578947368,0.0,0.995,0.0,0.1,0.75,
previous_p_positive,0.5,0.75,355,356,0.2,0.0657894736842105,-0.1342105263157895,0.1342105263157895,0.8,0.9276315789473684,0.12763157894736832,0.12763157894736832,1068.04,578.5921052631579,-0.02,0.97,-0.25,0.1,,0.85
previous_p_positive,0.25,0.5,114,115,0.25,0.1162790697674418,-0.1337209302325582,0.1337209302325582,0.75,0.8837209302325582,0.13372093023255816,0.13372093023255816,1362.975,875.953488372093,-0.1,0.97,-0.25,0.25,,0.85
fresh_negative,-0.1,-0.02,103,346,0.3333333333333333,0.2,-0.1333333333333333,0.1333333333333333,0.6666666666666666,0.8,0.13333333333333341,0.13333333333333341,1764.4333333333334,1195.3,,0.9,0.0,0.1,0.5,0.85
previous_positive,0.1,0.25,103,106,0.3333333333333333,0.2,-0.1333333333333333,0.1333333333333333,0.6666666666666666,0.8,0.13333333333333341,0.13333333333333341,1764.4333333333334,1308.92,-0.1,0.9,0.0,,0.5,0.85
fresh_positive,0.7,0.85,526,607,0.2631578947368421,0.1298701298701298,-0.1332877648667123,0.1332877648667123,0.7368421052631579,0.8701298701298701,0.13328776486671223,0.13328776486671223,1634.4473684210527,635.9090909090909,0.0,0.97,-0.1,0.1,0.5,
fresh_p_positive,0.9,0.97,347,374,0.1923076923076923,0.059171597633136,-0.13313609467455628,0.13313609467455628,0.7884615384615384,0.940828402366864,0.1523668639053256,0.1523668639053256,1234.6346153846157,382.7396449704142,-0.02,,0.0,0.1,0.75,0.85
previous_p_positive,0.5,0.75,43,44,0.1923076923076923,0.059171597633136,-0.13313609467455628,0.13313609467455628,0.8076923076923077,0.9289940828402368,0.12130177514792906,0.12130177514792906,1028.423076923077,512.6272189349113,-0.1,0.97,-0.1,0.25,,0.7
previous_positive,0.1,0.25,563,566,0.2,0.0671140939597315,-0.1328859060402685,0.1328859060402685,0.78,0.9328859060402684,0.15288590604026842,0.15288590604026842,1041.76,329.3959731543624,0.0,0.995,0.0,,0.75,0.7
previous_positive,0.0,0.1,137,140,0.2,0.0671140939597315,-0.1328859060402685,0.1328859060402685,0.78,0.9261744966442952,0.14617449664429516,0.14617449664429516,1005.98,483.241610738255,-0.1,0.995,-0.25,,0.75,0.85
previous_negative,-0.25,-0.1,220,229,0.2,0.0671140939597315,-0.1328859060402685,0.1328859060402685,0.8,0.9328859060402684,0.1328859060402684,0.1328859060402684,947.8,428.18791946308727,-0.1,0.995,,0.1,0.5,1.0
previous_p_positive,0.5,0.75,706,707,0.2,0.0671140939597315,-0.1328859060402685,0.1328859060402685,0.8,0.9328859060402684,0.1328859060402684,0.1328859060402684,979.64,415.77852348993287,0.0,0.995,-0.25,0.1,,1.0
fresh_positive,0.7,0.85,536,617,0.2,0.0671140939597315,-0.1328859060402685,0.1328859060402685,0.8,0.9328859060402684,0.1328859060402684,0.1328859060402684,1030.24,417.241610738255,0.0,0.97,0.0,0.1,0.75,
fresh_p_positive,0.9,0.97,429,456,0.2,0.0671140939597315,-0.1328859060402685,0.1328859060402685,0.8,0.9328859060402684,0.1328859060402684,0.1328859060402684,1103.96,386.76510067114094,-0.02,,0.0,0.25,0.25,1.0
fresh_p_positive,0.9,0.97,589,616,0.2,0.0671140939597315,-0.1328859060402685,0.1328859060402685,0.8,0.9328859060402684,0.1328859060402684,0.1328859060402684,1122.14,461.5234899328859,0.0,,0.0,0.1,0.5,0.85
fresh_positive,0.7,0.85,304,385,0.2,0.0671140939597315,-0.1328859060402685,0.1328859060402685,0.8,0.9328859060402684,0.1328859060402684,0.1328859060402684,1122.3,470.8590604026846,-0.02,0.995,-0.25,0.25,0.5,
fresh_p_positive,0.9,0.97,581,608,0.2040816326530612,0.0714285714285714,-0.1326530612244898,0.1326530612244898,0.7755102040816326,0.9214285714285714,0.14591836734693875,0.14591836734693875,1237.734693877551,449.65,0.0,,-0.1,0.1,0.75,0.85
previous_positive,0.1,0.25,581,584,0.2040816326530612,0.0714285714285714,-0.1326530612244898,0.1326530612244898,0.7755102040816326,0.9214285714285714,0.14591836734693875,0.14591836734693875,1237.734693877551,697.3571428571429,0.0,0.9,-0.1,,0.75,0.85
fresh_positive,0.7,0.85,76,157,0.2040816326530612,0.0714285714285714,-0.1326530612244898,0.1326530612244898,0.7755102040816326,0.9142857142857144,0.13877551020408174,0.13877551020408174,1132.4489795918366,419.8357142857143,-0.1,0.995,0.0,0.1,0.5,
previous_negative,-0.25,-0.1,679,688,0.2040816326530612,0.0714285714285714,-0.1326530612244898,0.1326530612244898,0.7959183673469388,0.9214285714285714,0.1255102040816326,0.1255102040816326,964.1224489795918,525.5857142857143,0.0,0.97,,0.1,0.5,1.0
fresh_p_positive,0.9,0.97,661,688,0.2040816326530612,0.0714285714285714,-0.1326530612244898,0.1326530612244898,0.7959183673469388,0.9214285714285714,0.1255102040816326,0.1255102040816326,1093.9591836734694,525.5857142857143,0.0,,-0.1,0.1,0.5,1.0
fresh_p_positive,0.9,0.97,591,618,0.196078431372549,0.0636942675159235,-0.1323841638566255,0.1323841638566255,0.7843137254901961,0.9363057324840764,0.15199200699388038,0.15199200699388038,1204.2941176470588,420.0127388535032,0.0,,0.0,0.25,0.25,0.85
previous_positive,0.0,0.1,470,473,0.196078431372549,0.0636942675159235,-0.1323841638566255,0.1323841638566255,0.803921568627451,0.9363057324840764,0.13238416385662544,0.13238416385662544,852.2941176470588,385.9426751592357,-0.02,0.995,-0.1,,0.75,1.0
previous_p_positive,0.5,0.75,547,548,0.196078431372549,0.0636942675159235,-0.1323841638566255,0.1323841638566255,0.803921568627451,0.9363057324840764,0.13238416385662544,0.13238416385662544,1278.7843137254902,387.1656050955414,0.0,0.995,-0.25,0.25,,0.7
fresh_p_positive,0.9,0.97,187,214,0.196078431372549,0.0636942675159235,-0.1323841638566255,0.1323841638566255,0.803921568627451,0.9363057324840764,0.13238416385662544,0.13238416385662544,1291.3529411764705,374.108280254777,-0.1,,0.0,0.25,0.5,1.0
fresh_p_positive,0.9,0.97,166,193,0.3703703703703703,0.238095238095238,-0.1322751322751323,0.1322751322751323,0.5185185185185185,0.7619047619047619,0.24338624338624337,0.24338624338624337,2310.259259259259,1040.547619047619,-0.1,,-0.25,0.1,0.5,1.0
previous_negative,-0.1,0.0,259,268,0.3703703703703703,0.238095238095238,-0.1322751322751323,0.1322751322751323,0.5925925925925926,0.7619047619047619,0.1693121693121693,0.1693121693121693,1969.888888888889,1504.6190476190477,-0.02,0.9,,0.25,0.5,0.7
fresh_positive,0.85,1.0,101,182,0.3703703703703703,0.238095238095238,-0.1322751322751323,0.1322751322751323,0.6296296296296297,0.7619047619047619,0.1322751322751322,0.1322751322751322,1741.7777777777778,1177.1666666666667,-0.1,0.9,0.0,0.0,0.75,
previous_p_positive,0.5,0.75,172,173,0.3703703703703703,0.238095238095238,-0.1322751322751323,0.1322751322751323,0.6296296296296297,0.7619047619047619,0.1322751322751322,0.1322751322751322,1815.037037037037,1320.7857142857142,-0.1,0.9,-0.1,0.0,,1.0
fresh_negative,-0.02,0.0,331,574,0.3703703703703703,0.238095238095238,-0.1322751322751323,0.1322751322751323,0.6296296296296297,0.7619047619047619,0.1322751322751322,0.1322751322751322,1849.2962962962963,1407.2857142857142,,0.9,-0.25,0.25,0.5,0.85
previous_negative,-0.25,-0.1,164,173,0.3703703703703703,0.238095238095238,-0.1322751322751323,0.1322751322751323,0.6296296296296297,0.7619047619047619,0.1322751322751322,0.1322751322751322,1924.851851851852,1320.7857142857142,-0.1,0.9,,0.0,0.75,1.0
previous_negative,-0.25,-0.1,169,178,0.3703703703703703,0.238095238095238,-0.1322751322751323,0.1322751322751323,0.6296296296296297,0.7619047619047619,0.1322751322751322,0.1322751322751322,2031.5185185185185,1312.0,-0.1,0.9,,0.25,0.5,1.0
fresh_p_positive,0.9,0.97,575,602,0.1587301587301587,0.026525198938992,-0.1322049597911667,0.1322049597911667,0.8412698412698413,0.9708222811671088,0.1295524398972675,0.1295524398972675,1122.5396825396826,261.3050397877984,0.0,,-0.25,0.25,0.75,0.85
previous_negative,-0.1,0.0,90,99,0.4761904761904761,0.3448275862068966,-0.13136288998357953,0.13136288998357953,0.4761904761904761,0.6206896551724138,0.1444991789819377,0.1444991789819377,2568.714285714286,2060.758620689656,-0.1,0.9,,0.0,0.25,0.85
previous_positive,0.0,0.1,200,203,0.196078431372549,0.0657894736842105,-0.13028895768833848,0.13028895768833848,0.803921568627451,0.9342105263157896,0.1302889576883386,0.1302889576883386,887.8627450980392,431.6578947368421,-0.1,0.97,-0.1,,0.75,1.0
previous_positive,0.0,0.1,353,356,0.196078431372549,0.0657894736842105,-0.13028895768833848,0.13028895768833848,0.803921568627451,0.9276315789473684,0.12371001031991735,0.12371001031991735,1074.6666666666667,578.5921052631579,-0.02,0.97,-0.25,,0.75,0.85
previous_positive,0.1,0.25,282,285,0.5,0.3703703703703703,-0.1296296296296297,0.1296296296296297,0.5,0.6296296296296297,0.12962962962962965,0.12962962962962965,2160.4,1780.3333333333333,-0.02,0.97,-0.1,,0.25,0.7
fresh_p_positive,0.9,0.97,654,681,0.5,0.3703703703703703,-0.1296296296296297,0.1296296296296297,0.5,0.6296296296296297,0.12962962962962965,0.12962962962962965,2251.75,1627.074074074074,0.0,,-0.25,0.25,0.25,1.0
previous_negative,-0.25,-0.1,141,150,0.2083333333333333,0.0787401574803149,-0.12959317585301838,0.12959317585301838,0.7708333333333334,0.9212598425196852,0.1504265091863518,0.1504265091863518,1159.0625,487.81889763779526,-0.1,0.995,,0.25,0.25,0.85
fresh_positive,0.7,0.85,283,364,0.25,0.1204819277108433,-0.12951807228915668,0.12951807228915668,0.725,0.8795180722891566,0.1545180722891566,0.1545180722891566,1433.275,786.0120481927711,-0.02,0.97,-0.1,0.1,0.5,
previous_negative,-0.1,0.0,470,479,0.196078431372549,0.0666666666666666,-0.1294117647058824,0.1294117647058824,0.803921568627451,0.9266666666666666,0.12274509803921563,0.12274509803921563,852.2941176470588,478.62,-0.02,0.995,,0.0,0.75,1.0
fresh_negative,-0.1,-0.02,167,410,0.3333333333333333,0.2040816326530612,-0.1292517006802721,0.1292517006802721,0.6666666666666666,0.7959183673469388,0.12925170068027214,0.12925170068027214,1639.9333333333334,1214.061224489796,,0.9,-0.25,0.1,0.75,1.0
fresh_positive,0.85,1.0,342,423,0.3333333333333333,0.2040816326530612,-0.1292517006802721,0.1292517006802721,0.6666666666666666,0.7959183673469388,0.12925170068027214,0.12925170068027214,1736.2,1149.0816326530612,-0.02,0.9,0.0,0.0,0.25,
fresh_p_positive,0.9,0.97,590,617,0.196078431372549,0.0671140939597315,-0.1289643374128175,0.1289643374128175,0.803921568627451,0.9328859060402684,0.12896433741281743,0.12896433741281743,1109.8235294117646,417.241610738255,0.0,,0.0,0.1,0.75,0.85
previous_p_positive,0.25,0.5,294,295,0.196078431372549,0.0671140939597315,-0.1289643374128175,0.1289643374128175,0.803921568627451,0.9261744966442952,0.12225292801684418,0.12225292801684418,1057.3725490196075,534.771812080537,-0.02,0.97,0.0,0.25,,0.7
fresh_positive,0.7,0.85,562,643,0.2,0.0714285714285714,-0.12857142857142861,0.12857142857142861,0.78,0.9214285714285714,0.14142857142857135,0.14142857142857135,1102.78,422.5785714285714,0.0,0.995,0.0,0.1,0.5,
previous_p_positive,0.25,0.5,537,538,0.2,0.0714285714285714,-0.12857142857142861,0.12857142857142861,0.8,0.9285714285714286,0.12857142857142856,0.12857142857142856,1123.74,557.1357142857142,0.0,0.97,0.0,0.25,,0.7
fresh_positive,0.7,0.85,292,373,0.2083333333333333,0.0806451612903225,-0.1276881720430108,0.1276881720430108,0.75,0.9193548387096774,0.16935483870967738,0.16935483870967738,1177.3333333333333,440.6774193548387,-0.02,0.97,0.0,0.1,0.5,
fresh_p_positive,0.9,0.97,572,599,0.2083333333333333,0.0806451612903225,-0.1276881720430108,0.1276881720430108,0.7916666666666666,0.9193548387096774,0.12768817204301075,0.12768817204301075,1211.0416666666667,567.3387096774194,0.0,,-0.25,0.1,0.75,0.85
previous_p_positive,0.5,0.75,520,521,0.2083333333333333,0.0806451612903225,-0.1276881720430108,0.1276881720430108,0.7916666666666666,0.9193548387096774,0.12768817204301075,0.12768817204301075,1329.8333333333333,578.75,0.0,0.97,-0.25,0.25,,0.7
fresh_p_positive,0.9,0.97,341,368,0.1587301587301587,0.0313479623824451,-0.12738219634771358,0.12738219634771358,0.8412698412698413,0.9686520376175548,0.12738219634771353,0.12738219634771353,950.6349206349206,239.5485893416928,-0.02,,-0.1,0.25,0.75,0.85
fresh_p_positive,0.9,0.97,672,699,0.1724137931034483,0.0454545454545454,-0.12695924764890287,0.12695924764890287,0.8275862068965517,0.9545454545454546,0.12695924764890287,0.12695924764890287,1040.9137931034484,306.7,0.0,,0.0,0.25,0.25,1.0
fresh_positive,0.7,0.85,529,610,0.1612903225806451,0.0344827586206896,-0.12680756395995552,0.12680756395995552,0.8387096774193549,0.9620689655172414,0.12335928809788654,0.12335928809788654,948.016129032258,299.3172413793104,0.0,0.97,-0.1,0.25,0.5,
previous_p_positive,0.25,0.5,600,601,0.25,0.1234567901234567,-0.1265432098765433,0.1265432098765433,0.75,0.8641975308641975,0.11419753086419748,0.11419753086419748,1233.5,765.2716049382716,0.0,0.97,-0.25,0.25,,0.85
previous_positive,0.0,0.1,632,635,0.1923076923076923,0.0657894736842105,-0.12651821862348178,0.12651821862348178,0.7884615384615384,0.9210526315789472,0.1325910931174088,0.1325910931174088,912.2692307692308,459.1513157894737,0.0,0.995,-0.1,,0.75,0.85
fresh_positive,0.7,0.85,50,131,0.1923076923076923,0.0657894736842105,-0.12651821862348178,0.12651821862348178,0.8076923076923077,0.9342105263157896,0.1265182186234819,0.1265182186234819,1094.826923076923,419.7368421052632,-0.1,0.97,0.0,0.1,0.75,
fresh_positive,0.7,0.85,43,124,0.1923076923076923,0.0657894736842105,-0.12651821862348178,0.12651821862348178,0.8076923076923077,0.9276315789473684,0.11993927125506065,0.11993927125506065,1028.423076923077,456.17105263157896,-0.1,0.97,-0.1,0.25,0.5,
fresh_p_positive,0.9,0.97,349,376,0.1587301587301587,0.0323624595469255,-0.1263676991832332,0.1263676991832332,0.8412698412698413,0.9676375404530744,0.1263676991832331,0.1263676991832331,976.15873015873,235.48543689320388,-0.02,,0.0,0.25,0.5,0.85
previous_p_positive,0.5,0.75,16,17,0.5263157894736842,0.4,-0.12631578947368416,0.12631578947368416,0.4736842105263157,0.6,0.12631578947368427,0.12631578947368427,2573.1052631578946,2142.36,-0.1,0.9,-0.1,0.25,,0.7
previous_negative,-0.25,-0.1,85,94,0.5263157894736842,0.4,-0.12631578947368416,0.12631578947368416,0.4736842105263157,0.6,0.12631578947368427,0.12631578947368427,2598.684210526316,2217.12,-0.1,0.9,,0.1,0.5,0.85
previous_positive,0.1,0.25,165,168,0.5882352941176471,0.7142857142857143,0.12605042016806722,0.12605042016806722,0.4117647058823529,0.2857142857142857,-0.12605042016806722,0.12605042016806722,2680.529411764706,2930.214285714286,-0.1,0.9,-0.25,,0.25,1.0
fresh_positive,0.85,1.0,327,408,0.7142857142857143,0.5882352941176471,-0.12605042016806722,0.12605042016806722,0.2857142857142857,0.4117647058823529,0.12605042016806722,0.12605042016806722,2849.8571428571427,2683.6470588235293,-0.02,0.9,-0.25,0.1,0.25,
previous_positive,0.1,0.25,21,24,0.7142857142857143,0.5882352941176471,-0.12605042016806722,0.12605042016806722,0.2857142857142857,0.2941176470588235,0.008403361344537785,0.008403361344537785,2905.5,2954.470588235294,-0.1,0.9,0.0,,0.25,0.7
previous_positive,0.0,0.1,623,626,0.1923076923076923,0.0666666666666666,-0.1256410256410257,0.1256410256410257,0.8076923076923077,0.92,0.11230769230769233,0.11230769230769233,968.9423076923076,485.3933333333333,0.0,0.995,-0.25,,0.75,0.85
fresh_positive,0.7,0.85,69,150,0.2040816326530612,0.0787401574803149,-0.1253414751727463,0.1253414751727463,0.7959183673469388,0.9212598425196852,0.1253414751727464,0.1253414751727464,1352.7755102040817,487.81889763779526,-0.1,0.995,-0.1,0.25,0.25,
previous_negative,-0.1,0.0,633,642,0.2040816326530612,0.0787401574803149,-0.1253414751727463,0.1253414751727463,0.7959183673469388,0.9133858267716536,0.11746745942471482,0.11746745942471482,862.1428571428571,486.5118110236221,0.0,0.995,,0.1,0.25,0.85
fresh_positive,0.7,0.85,35,116,0.1612903225806451,0.0359712230215827,-0.1253190995590624,0.1253190995590624,0.8387096774193549,0.9640287769784172,0.12531909955906229,0.12531909955906229,890.9193548387096,337.6007194244604,-0.1,0.97,-0.25,0.25,0.75,
previous_positive,0.0,0.1,397,400,0.1923076923076923,0.0671140939597315,-0.1251935983479608,0.1251935983479608,0.7884615384615384,0.9261744966442952,0.13771295818275675,0.13771295818275675,852.1923076923077,393.248322147651,-0.02,0.995,0.0,,0.5,0.85
previous_positive,0.1,0.25,382,385,0.1923076923076923,0.0671140939597315,-0.1251935983479608,0.1251935983479608,0.8076923076923077,0.9328859060402684,0.12519359834796073,0.12519359834796073,933.8461538461538,470.8590604026846,-0.02,0.995,-0.25,,0.5,0.85
previous_positive,0.1,0.25,50,53,0.1923076923076923,0.0671140939597315,-0.1251935983479608,0.1251935983479608,0.8076923076923077,0.9328859060402684,0.12519359834796073,0.12519359834796073,1094.826923076923,416.4295302013423,-0.1,0.97,0.0,,0.75,0.7
previous_positive,0.1,0.25,167,170,0.3333333333333333,0.2083333333333333,-0.12500000000000003,0.12500000000000003,0.6666666666666666,0.7708333333333334,0.10416666666666674,0.10416666666666674,1639.9333333333334,1374.9166666666667,-0.1,0.9,-0.25,,0.75,1.0
previous_p_positive,0.5,0.75,103,104,0.3333333333333333,0.2083333333333333,-0.12500000000000003,0.12500000000000003,0.6666666666666666,0.7708333333333334,0.10416666666666674,0.10416666666666674,1764.4333333333334,1334.0833333333333,-0.1,0.9,0.0,0.1,,0.85
previous_positive,0.0,0.1,306,309,0.625,0.5,-0.125,0.125,0.3125,0.5,0.1875,0.1875,2781.6875,2158.8,-0.02,0.995,-0.1,,0.25,0.7
fresh_p_positive,0.97,0.995,519,546,0.5,0.625,0.125,0.125,0.5,0.375,-0.125,0.125,2304.65,2654.3125,0.0,,-0.25,0.25,0.25,0.7
previous_p_positive,0.5,0.75,262,263,0.5,0.625,0.125,0.125,0.5,0.375,-0.125,0.125,2542.2,2877.125,-0.02,0.9,0.0,0.0,,0.7
fresh_negative,-0.02,0.0,276,519,0.625,0.5,-0.125,0.125,0.375,0.5,0.125,0.125,3079.8125,2304.65,,0.97,-0.25,0.25,0.25,0.7
previous_positive,0.0,0.1,119,122,0.1886792452830188,0.0636942675159235,-0.1249849777670953,0.1249849777670953,0.8113207547169812,0.929936305732484,0.11861555101550281,0.11861555101550281,949.8679245283018,463.2229299363057,-0.1,0.97,-0.1,,0.75,0.85
fresh_positive,0.7,0.85,49,130,0.196078431372549,0.0714285714285714,-0.12464985994397759,0.12464985994397759,0.7843137254901961,0.9214285714285714,0.1371148459383753,0.1371148459383753,1189.3333333333333,487.82142857142856,-0.1,0.97,0.0,0.1,0.5,
previous_negative,-0.25,-0.1,547,556,0.196078431372549,0.0714285714285714,-0.12464985994397759,0.12464985994397759,0.803921568627451,0.9285714285714286,0.12464985994397759,0.12464985994397759,1278.7843137254902,572.0714285714286,0.0,0.995,,0.25,0.5,0.7
previous_negative,-0.1,0.0,444,453,0.196078431372549,0.0714285714285714,-0.12464985994397759,0.12464985994397759,0.803921568627451,0.9214285714285714,0.11750700280112036,0.11750700280112036,976.0980392156864,501.6,-0.02,0.97,,0.1,0.25,1.0
fresh_positive,0.7,0.85,553,634,0.2083333333333333,0.0840336134453781,-0.12429971988795518,0.12429971988795518,0.75,0.8991596638655462,0.14915966386554624,0.14915966386554624,1378.2916666666667,551.4957983193277,0.0,0.995,-0.1,0.1,0.5,
previous_p_positive,0.25,0.5,438,439,0.2631578947368421,0.1388888888888889,-0.1242690058479532,0.1242690058479532,0.7368421052631579,0.8472222222222222,0.11038011695906436,0.11038011695906436,1427.8684210526317,882.4305555555555,-0.02,0.97,-0.25,0.25,,1.0
fresh_positive,0.7,0.85,32,113,0.2272727272727272,0.1030927835051546,-0.1241799437675726,0.1241799437675726,0.75,0.8969072164948454,0.1469072164948454,0.1469072164948454,1396.5454545454545,665.8556701030927,-0.1,0.97,-0.25,0.1,0.75,
previous_positive,0.1,0.25,76,79,0.2040816326530612,0.0806451612903225,-0.1234364713627387,0.1234364713627387,0.7755102040816326,0.9193548387096774,0.14384463462804475,0.14384463462804475,1132.4489795918366,498.2741935483871,-0.1,0.995,0.0,,0.5,0.7
fresh_p_positive,0.9,0.97,494,521,0.2040816326530612,0.0806451612903225,-0.1234364713627387,0.1234364713627387,0.7755102040816326,0.9193548387096774,0.14384463462804475,0.14384463462804475,1628.9591836734694,578.75,0.0,,-0.25,0.25,0.75,0.7
previous_p_positive,0.5,0.75,679,680,0.2040816326530612,0.0806451612903225,-0.1234364713627387,0.1234364713627387,0.7959183673469388,0.9193548387096774,0.12343647136273861,0.12343647136273861,964.1224489795918,519.6290322580645,0.0,0.97,-0.25,0.1,,1.0
previous_negative,-0.1,0.0,684,693,0.2040816326530612,0.0806451612903225,-0.1234364713627387,0.1234364713627387,0.7959183673469388,0.9193548387096774,0.12343647136273861,0.12343647136273861,1063.2857142857142,511.1532258064516,0.0,0.97,,0.0,0.25,1.0
fresh_p_positive,0.9,0.97,423,450,0.2040816326530612,0.0806451612903225,-0.1234364713627387,0.1234364713627387,0.7959183673469388,0.9112903225806452,0.11537195523370647,0.11537195523370647,1149.0816326530612,564.766129032258,-0.02,,0.0,0.0,0.25,1.0
previous_negative,-0.1,0.0,390,399,0.2040816326530612,0.0806451612903225,-0.1234364713627387,0.1234364713627387,0.7959183673469388,0.9032258064516128,0.107307439104674,0.107307439104674,949.734693877551,502.78225806451616,-0.02,0.995,,0.1,0.25,0.85
fresh_p_positive,0.9,0.97,332,359,0.1587301587301587,0.0355871886120996,-0.1231429701180591,0.1231429701180591,0.8412698412698413,0.9644128113879004,0.12314297011805908,0.12314297011805908,1167.3650793650793,260.8683274021352,-0.02,,-0.25,0.25,0.75,0.85
previous_p_positive,0.25,0.5,564,565,0.1886792452830188,0.0657894736842105,-0.1228897715988083,0.1228897715988083,0.7924528301886793,0.9342105263157896,0.1417576961271103,0.1417576961271103,1002.8867924528302,427.23026315789474,0.0,0.995,0.0,0.25,,0.7
previous_positive,0.0,0.1,146,149,0.1886792452830188,0.0657894736842105,-0.1228897715988083,0.1228897715988083,0.8113207547169812,0.9342105263157896,0.12288977159880843,0.12288977159880843,912.5283018867924,419.7763157894737,-0.1,0.995,-0.1,,0.75,0.85
previous_positive,0.1,0.25,139,142,0.1886792452830188,0.0657894736842105,-0.1228897715988083,0.1228897715988083,0.8113207547169812,0.9342105263157896,0.12288977159880843,0.12288977159880843,1007.7735849056604,505.30263157894734,-0.1,0.995,-0.25,,0.5,0.85
previous_p_positive,0.25,0.5,123,124,0.1886792452830188,0.0657894736842105,-0.1228897715988083,0.1228897715988083,0.8113207547169812,0.9276315789473684,0.11631082423038719,0.11631082423038719,990.0377358490566,456.17105263157896,-0.1,0.97,-0.1,0.25,,0.85
fresh_p_positive,0.9,0.97,662,689,0.1818181818181818,0.059171597633136,-0.12264658418504579,0.12264658418504579,0.8181818181818182,0.940828402366864,0.12264658418504581,0.12264658418504581,980.6363636363636,376.38461538461536,0.0,,-0.1,0.1,0.75,1.0
previous_negative,-0.1,0.0,174,183,0.3448275862068966,0.2222222222222222,-0.12260536398467436,0.12260536398467436,0.6551724137931034,0.7777777777777778,0.12260536398467436,0.12260536398467436,1741.1724137931035,1327.0666666666666,-0.1,0.9,,0.1,0.25,1.0
previous_p_positive,0.25,0.5,66,67,0.4166666666666667,0.2941176470588235,-0.1225490196078432,0.1225490196078432,0.5,0.7058823529411765,0.20588235294117652,0.20588235294117652,2343.5416666666665,1379.3529411764705,-0.1,0.995,-0.1,0.1,,0.7
fresh_positive,0.85,1.0,398,479,0.1886792452830188,0.0666666666666666,-0.1220125786163522,0.1220125786163522,0.8113207547169812,0.9266666666666666,0.11534591194968546,0.11534591194968546,819.2264150943396,478.62,-0.02,0.995,0.0,0.0,0.75,
previous_p_positive,0.5,0.75,625,626,0.1886792452830188,0.0666666666666666,-0.1220125786163522,0.1220125786163522,0.8113207547169812,0.92,0.10867924528301887,0.10867924528301887,957.5849056603772,485.3933333333333,0.0,0.995,-0.25,0.1,,0.85
previous_positive,0.0,0.1,398,401,0.1886792452830188,0.0671140939597315,-0.1215651513232873,0.1215651513232873,0.8113207547169812,0.9328859060402684,0.12156515132328727,0.12156515132328727,819.2264150943396,353.4630872483221,-0.02,0.995,0.0,,0.75,0.85
previous_positive,0.0,0.1,614,617,0.1886792452830188,0.0671140939597315,-0.1215651513232873,0.1215651513232873,0.8113207547169812,0.9328859060402684,0.12156515132328727,0.12156515132328727,917.1698113207548,417.241610738255,0.0,0.97,0.0,,0.75,0.85
previous_negative,-0.1,0.0,228,237,0.1886792452830188,0.0671140939597315,-0.1215651513232873,0.1215651513232873,0.8113207547169812,0.9328859060402684,0.12156515132328727,0.12156515132328727,1006.0377358490566,391.9664429530201,-0.1,0.995,,0.1,0.25,1.0
previous_p_positive,0.25,0.5,228,229,0.1886792452830188,0.0671140939597315,-0.1215651513232873,0.1215651513232873,0.8113207547169812,0.9328859060402684,0.12156515132328727,0.12156515132328727,1006.0377358490566,428.18791946308727,-0.1,0.995,-0.1,0.1,,1.0
previous_positive,0.0,0.1,362,365,0.1886792452830188,0.0671140939597315,-0.1215651513232873,0.1215651513232873,0.8113207547169812,0.9328859060402684,0.12156515132328727,0.12156515132328727,1026.433962264151,401.5570469798658,-0.02,0.97,-0.1,,0.75,0.85
previous_p_positive,0.5,0.75,139,140,0.1886792452830188,0.0671140939597315,-0.1215651513232873,0.1215651513232873,0.8113207547169812,0.9261744966442952,0.11485374192731401,0.11485374192731401,1007.7735849056604,483.241610738255,-0.1,0.995,-0.25,0.1,,0.85
previous_negative,-0.1,0.0,313,322,0.1886792452830188,0.0671140939597315,-0.1215651513232873,0.1215651513232873,0.8113207547169812,0.9261744966442952,0.11485374192731401,0.11485374192731401,1020.245283018868,429.87919463087246,-0.02,0.995,,0.25,0.5,0.7
previous_p_positive,0.25,0.5,525,526,0.3846153846153846,0.2631578947368421,-0.12145748987854249,0.12145748987854249,0.5384615384615384,0.7368421052631579,0.19838056680161942,0.19838056680161942,2086.230769230769,1634.4473684210527,0.0,0.97,-0.1,0.1,,0.7
previous_positive,0.1,0.25,147,150,0.2,0.0787401574803149,-0.12125984251968511,0.12125984251968511,0.8,0.9212598425196852,0.12125984251968513,0.12125984251968513,951.34,487.81889763779526,-0.1,0.995,-0.1,,0.25,0.85
previous_negative,-0.25,-0.1,463,472,0.1923076923076923,0.0714285714285714,-0.1208791208791209,0.1208791208791209,0.7692307692307693,0.9214285714285714,0.1521978021978021,0.1521978021978021,1066.4038461538462,427.45,-0.02,0.995,,0.1,0.5,1.0
previous_p_positive,0.25,0.5,648,649,0.5555555555555556,0.4347826086956521,-0.12077294685990347,0.12077294685990347,0.3888888888888889,0.5652173913043478,0.1763285024154589,0.1763285024154589,2598.333333333333,1878.1304347826087,0.0,0.9,-0.25,0.0,,1.0
previous_positive,0.1,0.25,22,25,0.5555555555555556,0.4347826086956521,-0.12077294685990347,0.12077294685990347,0.3888888888888889,0.5652173913043478,0.1763285024154589,0.1763285024154589,2896.6666666666665,2243.608695652174,-0.1,0.9,0.0,,0.5,0.7
fresh_positive,0.85,1.0,594,675,0.4347826086956521,0.5555555555555556,0.12077294685990347,0.12077294685990347,0.5652173913043478,0.4444444444444444,-0.12077294685990336,0.12077294685990336,2116.086956521739,2288.1666666666665,0.0,0.97,-0.25,0.0,0.25,
fresh_negative,-0.1,-0.02,108,351,0.5555555555555556,0.4347826086956521,-0.12077294685990347,0.12077294685990347,0.4444444444444444,0.5652173913043478,0.12077294685990336,0.12077294685990336,2233.777777777778,2070.8695652173915,,0.97,-0.25,0.0,0.25,0.85
fresh_negative,-0.02,0.0,325,568,0.5555555555555556,0.4347826086956521,-0.12077294685990347,0.12077294685990347,0.4444444444444444,0.5652173913043478,0.12077294685990336,0.12077294685990336,2488.3888888888887,2573.304347826087,,0.9,-0.25,0.0,0.5,0.85
fresh_p_positive,0.9,0.97,567,594,0.5555555555555556,0.4347826086956521,-0.12077294685990347,0.12077294685990347,0.4444444444444444,0.5652173913043478,0.12077294685990336,0.12077294685990336,2646.3888888888887,2116.086956521739,0.0,,-0.25,0.0,0.25,0.85
previous_negative,-0.25,-0.1,567,576,0.5555555555555556,0.4347826086956521,-0.12077294685990347,0.12077294685990347,0.4444444444444444,0.5652173913043478,0.12077294685990336,0.12077294685990336,2646.3888888888887,1858.0869565217392,0.0,0.9,,0.0,0.25,0.85
previous_p_positive,0.25,0.5,567,568,0.5555555555555556,0.4347826086956521,-0.12077294685990347,0.12077294685990347,0.4444444444444444,0.5652173913043478,0.12077294685990336,0.12077294685990336,2646.3888888888887,2573.304347826087,0.0,0.9,-0.25,0.0,,0.85
previous_positive,0.1,0.25,499,502,0.5555555555555556,0.4347826086956521,-0.12077294685990347,0.12077294685990347,0.4444444444444444,0.5652173913043478,0.12077294685990336,0.12077294685990336,2674.277777777778,2060.4347826086955,0.0,0.9,-0.1,,0.5,0.7
previous_positive,0.0,0.1,549,552,0.5555555555555556,0.4347826086956521,-0.12077294685990347,0.12077294685990347,0.3888888888888889,0.4782608695652174,0.08937198067632851,0.08937198067632851,2762.555555555556,2357.6521739130435,0.0,0.995,-0.1,,0.25,0.7
previous_negative,-0.25,-0.1,515,524,0.5555555555555556,0.4347826086956521,-0.12077294685990347,0.12077294685990347,0.4444444444444444,0.5217391304347826,0.07729468599033817,0.07729468599033817,2193.5,1969.695652173913,0.0,0.97,,0.0,0.75,0.7
previous_p_positive,0.5,0.75,37,38,0.5555555555555556,0.4347826086956521,-0.12077294685990347,0.12077294685990347,0.4444444444444444,0.5217391304347826,0.07729468599033817,0.07729468599033817,2420.9444444444443,2021.782608695652,-0.1,0.97,-0.1,0.0,,0.7
fresh_positive,0.85,1.0,600,681,0.25,0.3703703703703703,0.1203703703703703,0.1203703703703703,0.75,0.6296296296296297,-0.12037037037037035,0.12037037037037035,1233.5,1627.074074074074,0.0,0.97,-0.25,0.25,0.25,
fresh_positive,0.85,1.0,622,703,0.25,0.3703703703703703,0.1203703703703703,0.1203703703703703,0.75,0.6296296296296297,-0.12037037037037035,0.12037037037037035,1281.525,1505.2222222222222,0.0,0.995,-0.25,0.0,0.5,
fresh_negative,-0.02,0.0,407,650,0.3703703703703703,0.25,-0.1203703703703703,0.1203703703703703,0.6296296296296297,0.75,0.12037037037037035,0.12037037037037035,1586.2592592592594,1253.075,,0.9,-0.25,0.0,0.75,1.0
fresh_negative,-0.1,-0.02,101,344,0.3703703703703703,0.25,-0.1203703703703703,0.1203703703703703,0.6296296296296297,0.75,0.12037037037037035,0.12037037037037035,1741.7777777777778,1300.725,,0.9,0.0,0.0,0.75,0.85
previous_p_positive,0.5,0.75,334,335,0.3703703703703703,0.25,-0.1203703703703703,0.1203703703703703,0.6296296296296297,0.75,0.12037037037037035,0.12037037037037035,1807.555555555556,1622.05,-0.02,0.9,-0.1,0.0,,0.85
previous_positive,0.1,0.25,409,412,0.3703703703703703,0.25,-0.1203703703703703,0.1203703703703703,0.6296296296296297,0.75,0.12037037037037035,0.12037037037037035,1848.1851851851848,1363.975,-0.02,0.9,-0.25,,0.5,1.0
fresh_positive,0.85,1.0,331,412,0.3703703703703703,0.25,-0.1203703703703703,0.1203703703703703,0.6296296296296297,0.75,0.12037037037037035,0.12037037037037035,1849.2962962962963,1363.975,-0.02,0.9,-0.25,0.25,0.5,
fresh_negative,-0.1,-0.02,169,412,0.3703703703703703,0.25,-0.1203703703703703,0.1203703703703703,0.6296296296296297,0.75,0.12037037037037035,0.12037037037037035,2031.5185185185185,1363.975,,0.9,-0.25,0.25,0.5,1.0
fresh_positive,0.85,1.0,569,650,0.3703703703703703,0.25,-0.1203703703703703,0.1203703703703703,0.6296296296296297,0.75,0.12037037037037035,0.12037037037037035,2080.4814814814813,1253.075,0.0,0.9,-0.25,0.0,0.75,
previous_negative,-0.25,-0.1,569,578,0.3703703703703703,0.25,-0.1203703703703703,0.1203703703703703,0.6296296296296297,0.75,0.12037037037037035,0.12037037037037035,2080.4814814814813,1365.8,0.0,0.9,,0.0,0.75,0.85
fresh_negative,-0.02,0.0,460,703,0.25,0.3703703703703703,0.1203703703703703,0.1203703703703703,0.725,0.6296296296296297,-0.09537037037037033,0.09537037037037033,1186.725,1505.2222222222222,,0.995,-0.25,0.0,0.5,1.0
previous_positive,0.1,0.25,283,286,0.25,0.1298701298701298,-0.1201298701298702,0.1201298701298702,0.725,0.8571428571428571,0.13214285714285712,0.13214285714285712,1433.275,992.7272727272727,-0.02,0.97,-0.1,,0.5,0.7
previous_negative,-0.25,-0.1,600,609,0.25,0.1298701298701298,-0.1201298701298702,0.1201298701298702,0.75,0.8701298701298701,0.12012987012987009,0.12012987012987009,1233.5,824.9090909090909,0.0,0.97,,0.25,0.25,0.85
fresh_p_positive,0.9,0.97,344,371,0.25,0.1298701298701298,-0.1201298701298702,0.1201298701298702,0.75,0.8571428571428571,0.1071428571428571,0.1071428571428571,1300.725,869.8701298701299,-0.02,,0.0,0.0,0.75,0.85
previous_p_positive,0.25,0.5,633,634,0.2040816326530612,0.0840336134453781,-0.1200480192076831,0.1200480192076831,0.7959183673469388,0.8991596638655462,0.10324129651860747,0.10324129651860747,862.1428571428571,551.4957983193277,0.0,0.995,-0.1,0.1,,0.85
previous_positive,0.0,0.1,631,634,0.2040816326530612,0.0840336134453781,-0.1200480192076831,0.1200480192076831,0.7959183673469388,0.8991596638655462,0.10324129651860747,0.10324129651860747,903.8163265306124,551.4957983193277,0.0,0.995,-0.1,,0.5,0.85
fresh_p_positive,0.9,0.97,665,692,0.1724137931034483,0.0526315789473684,-0.1197822141560799,0.1197822141560799,0.8275862068965517,0.9421052631578948,0.11451905626134307,0.11451905626134307,969.0172413793103,380.8263157894737,0.0,,-0.1,0.25,0.75,1.0
fresh_p_positive,0.9,0.97,666,693,0.2,0.0806451612903225,-0.11935483870967752,0.11935483870967752,0.76,0.9193548387096774,0.15935483870967737,0.15935483870967737,1101.32,511.1532258064516,0.0,,0.0,0.0,0.25,1.0
previous_negative,-0.1,0.0,441,450,0.2,0.0806451612903225,-0.11935483870967752,0.11935483870967752,0.76,0.9112903225806452,0.15129032258064523,0.15129032258064523,1143.22,564.766129032258,-0.02,0.97,,0.0,0.25,1.0
previous_positive,0.0,0.1,218,221,0.2,0.0806451612903225,-0.11935483870967752,0.11935483870967752,0.8,0.9193548387096774,0.11935483870967734,0.11935483870967734,893.32,452.8225806451613,-0.1,0.995,-0.25,,0.75,1.0
previous_p_positive,0.5,0.75,220,221,0.2,0.0806451612903225,-0.11935483870967752,0.11935483870967752,0.8,0.9193548387096774,0.11935483870967734,0.11935483870967734,947.8,452.8225806451613,-0.1,0.995,-0.25,0.1,,1.0
previous_negative,-0.1,0.0,120,129,0.2,0.0806451612903225,-0.11935483870967752,0.11935483870967752,0.8,0.9193548387096774,0.11935483870967734,0.11935483870967734,971.84,554.5645161290323,-0.1,0.97,,0.1,0.25,0.85
previous_negative,-0.1,0.0,606,615,0.2,0.0806451612903225,-0.11935483870967752,0.11935483870967752,0.8,0.9193548387096774,0.11935483870967734,0.11935483870967734,989.34,521.7741935483871,0.0,0.97,,0.1,0.25,0.85
previous_positive,0.0,0.1,596,599,0.2,0.0806451612903225,-0.11935483870967752,0.11935483870967752,0.8,0.9193548387096774,0.11935483870967734,0.11935483870967734,1018.88,567.3387096774194,0.0,0.97,-0.25,,0.75,0.85
fresh_p_positive,0.9,0.97,653,680,0.2,0.0806451612903225,-0.11935483870967752,0.11935483870967752,0.8,0.9193548387096774,0.11935483870967734,0.11935483870967734,1139.8,519.6290322580645,0.0,,-0.25,0.1,0.75,1.0
fresh_p_positive,0.9,0.97,346,373,0.2,0.0806451612903225,-0.11935483870967752,0.11935483870967752,0.8,0.9193548387096774,0.11935483870967734,0.11935483870967734,1195.3,440.6774193548387,-0.02,,0.0,0.1,0.5,0.85
previous_positive,0.0,0.1,389,392,0.2,0.0806451612903225,-0.11935483870967752,0.11935483870967752,0.8,0.9112903225806452,0.1112903225806452,0.1112903225806452,874.44,434.4032258064516,-0.02,0.995,-0.1,,0.75,0.85
previous_negative,-0.1,0.0,147,156,0.2,0.0806451612903225,-0.11935483870967752,0.11935483870967752,0.8,0.9112903225806452,0.1112903225806452,0.1112903225806452,951.34,537.2741935483871,-0.1,0.995,,0.1,0.25,0.85
previous_positive,0.1,0.25,706,709,0.2,0.0806451612903225,-0.11935483870967752,0.11935483870967752,0.8,0.9112903225806452,0.1112903225806452,0.1112903225806452,979.64,573.5403225806451,0.0,0.995,-0.25,,0.5,1.0
previous_positive,0.0,0.1,252,255,0.7142857142857143,0.8333333333333334,0.11904761904761907,0.11904761904761907,0.2142857142857142,0.0833333333333333,-0.13095238095238088,0.13095238095238088,3232.6428571428573,3620.75,-0.02,0.9,-0.1,,0.25,0.7
previous_positive,0.0,0.1,54,57,0.8333333333333334,0.7142857142857143,-0.11904761904761907,0.11904761904761907,0.1666666666666666,0.2857142857142857,0.1190476190476191,0.1190476190476191,3135.5,3108.714285714286,-0.1,0.995,-0.25,,0.25,0.7
fresh_negative,-0.1,-0.02,55,298,0.8333333333333334,0.7142857142857143,-0.11904761904761907,0.11904761904761907,0.1666666666666666,0.2857142857142857,0.1190476190476191,0.1190476190476191,3161.583333333333,2837.285714285714,,0.995,-0.25,0.0,0.5,0.7
fresh_negative,-0.02,0.0,247,490,0.8333333333333334,0.7142857142857143,-0.11904761904761907,0.11904761904761907,0.1666666666666666,0.2857142857142857,0.1190476190476191,0.1190476190476191,3245.25,2845.785714285714,,0.9,-0.25,0.1,0.5,0.7
previous_p_positive,0.25,0.5,513,514,0.8333333333333334,0.7142857142857143,-0.11904761904761907,0.11904761904761907,0.1666666666666666,0.2857142857142857,0.1190476190476191,0.1190476190476191,3268.833333333333,2720.5,0.0,0.97,-0.25,0.0,,0.7
fresh_p_positive,0.9,0.97,487,514,0.8333333333333334,0.7142857142857143,-0.11904761904761907,0.11904761904761907,0.1666666666666666,0.2857142857142857,0.1190476190476191,0.1190476190476191,3362.1666666666665,2720.5,0.0,,-0.25,0.0,0.5,0.7
previous_positive,0.0,0.1,487,490,0.8333333333333334,0.7142857142857143,-0.11904761904761907,0.11904761904761907,0.1666666666666666,0.2857142857142857,0.1190476190476191,0.1190476190476191,3362.1666666666665,2845.785714285714,0.0,0.9,-0.25,,0.5,0.7
fresh_p_positive,0.97,0.995,30,57,0.8333333333333334,0.7142857142857143,-0.11904761904761907,0.11904761904761907,0.1666666666666666,0.2857142857142857,0.1190476190476191,0.1190476190476191,3372.0,3108.714285714286,-0.1,,-0.25,0.1,0.25,0.7
previous_positive,0.0,0.1,540,543,0.7142857142857143,0.8333333333333334,0.11904761904761907,0.11904761904761907,0.2142857142857142,0.1666666666666666,-0.04761904761904759,0.04761904761904759,3146.5714285714284,3081.1666666666665,0.0,0.995,-0.25,,0.25,0.7
fresh_negative,-0.02,0.0,252,495,0.7142857142857143,0.8333333333333334,0.11904761904761907,0.11904761904761907,0.2142857142857142,0.1666666666666666,-0.04761904761904759,0.04761904761904759,3232.6428571428573,3363.4166666666665,,0.9,-0.1,0.0,0.25,0.7
fresh_p_positive,0.97,0.995,513,540,0.8333333333333334,0.7142857142857143,-0.11904761904761907,0.11904761904761907,0.1666666666666666,0.2142857142857142,0.04761904761904759,0.04761904761904759,3268.833333333333,3146.5714285714284,0.0,,-0.25,0.0,0.25,0.7
previous_negative,-0.1,0.0,11,20,0.8333333333333334,0.7142857142857143,-0.11904761904761907,0.11904761904761907,0.1666666666666666,0.2142857142857142,0.04761904761904759,0.04761904761904759,3366.6666666666665,2989.3571428571427,-0.1,0.9,,0.0,0.75,0.7
previous_p_positive,0.5,0.75,19,20,0.8333333333333334,0.7142857142857143,-0.11904761904761907,0.11904761904761907,0.1666666666666666,0.2142857142857142,0.04761904761904759,0.04761904761904759,3393.5,2989.3571428571427,-0.1,0.9,0.0,0.0,,0.7
fresh_negative,-0.1,-0.02,23,266,0.4761904761904761,0.3571428571428571,-0.11904761904761901,0.11904761904761901,0.5238095238095238,0.6428571428571429,0.11904761904761907,0.11904761904761907,2299.4761904761904,1954.357142857143,,0.9,0.0,0.1,0.75,0.7
previous_p_positive,0.25,0.5,174,175,0.3448275862068966,0.2272727272727272,-0.11755485893416937,0.11755485893416937,0.6551724137931034,0.7727272727272727,0.11755485893416928,0.11755485893416928,1741.1724137931035,1316.8636363636365,-0.1,0.9,-0.1,0.1,,1.0
fresh_negative,-0.02,0.0,313,556,0.1886792452830188,0.0714285714285714,-0.1172506738544474,0.1172506738544474,0.8113207547169812,0.9285714285714286,0.11725067385444743,0.11725067385444743,1020.245283018868,572.0714285714286,,0.995,-0.1,0.25,0.5,0.7
previous_positive,0.0,0.1,605,608,0.1886792452830188,0.0714285714285714,-0.1172506738544474,0.1172506738544474,0.8113207547169812,0.9214285714285714,0.1101078167115902,0.1101078167115902,958.0188679245284,449.65,0.0,0.97,-0.1,,0.75,0.85
previous_p_positive,0.25,0.5,357,358,0.238095238095238,0.1219512195121951,-0.1161440185830429,0.1161440185830429,0.7142857142857143,0.8780487804878049,0.16376306620209058,0.16376306620209058,1444.6190476190477,741.5365853658536,-0.02,0.97,-0.25,0.25,,0.85
fresh_positive,0.85,1.0,103,184,0.3333333333333333,0.217391304347826,-0.11594202898550732,0.11594202898550732,0.6666666666666666,0.782608695652174,0.11594202898550732,0.11594202898550732,1764.4333333333334,1281.7608695652175,-0.1,0.9,0.0,0.1,0.5,
previous_negative,-0.1,0.0,200,209,0.196078431372549,0.0806451612903225,-0.1154332700822265,0.1154332700822265,0.803921568627451,0.9193548387096774,0.11543327008222637,0.11543327008222637,887.8627450980392,595.7903225806451,-0.1,0.97,,0.0,0.75,1.0
previous_p_positive,0.25,0.5,78,79,0.196078431372549,0.0806451612903225,-0.1154332700822265,0.1154332700822265,0.803921568627451,0.9193548387096774,0.11543327008222637,0.11543327008222637,924.5490196078432,498.2741935483871,-0.1,0.995,0.0,0.25,,0.7
previous_positive,0.0,0.1,677,680,0.196078431372549,0.0806451612903225,-0.1154332700822265,0.1154332700822265,0.803921568627451,0.9193548387096774,0.11543327008222637,0.11543327008222637,1031.235294117647,519.6290322580645,0.0,0.97,-0.25,,0.75,1.0
previous_p_positive,0.5,0.75,598,599,0.196078431372549,0.0806451612903225,-0.1154332700822265,0.1154332700822265,0.803921568627451,0.9193548387096774,0.11543327008222637,0.11543327008222637,1106.7254901960785,567.3387096774194,0.0,0.97,-0.25,0.1,,0.85
fresh_negative,-0.02,0.0,282,525,0.5,0.3846153846153846,-0.11538461538461542,0.11538461538461542,0.5,0.5384615384615384,0.038461538461538436,0.038461538461538436,2160.4,2086.230769230769,,0.97,-0.1,0.1,0.25,0.7
previous_negative,-0.1,0.0,471,480,0.1818181818181818,0.0666666666666666,-0.1151515151515152,0.1151515151515152,0.8181818181818182,0.9333333333333332,0.115151515151515,0.115151515151515,981.9090909090908,391.4666666666666,-0.02,0.995,,0.1,0.25,1.0
previous_negative,-0.25,-0.1,357,366,0.238095238095238,0.1234567901234567,-0.1146384479717813,0.1146384479717813,0.7142857142857143,0.8641975308641975,0.14991181657848318,0.14991181657848318,1444.6190476190477,763.2469135802469,-0.02,0.97,,0.25,0.25,0.85
previous_p_positive,0.5,0.75,193,194,0.238095238095238,0.1234567901234567,-0.1146384479717813,0.1146384479717813,0.7619047619047619,0.8765432098765432,0.11463844797178135,0.11463844797178135,1040.547619047619,733.8271604938271,-0.1,0.97,-0.25,0.1,,1.0
fresh_p_positive,0.9,0.97,574,601,0.238095238095238,0.1234567901234567,-0.1146384479717813,0.1146384479717813,0.7619047619047619,0.8641975308641975,0.10229276895943562,0.10229276895943562,1407.2857142857142,765.2716049382716,0.0,,-0.25,0.25,0.5,0.85
previous_p_positive,0.5,0.75,196,197,0.1724137931034483,0.059171597633136,-0.11324219547031228,0.11324219547031228,0.8275862068965517,0.9349112426035504,0.1073250357069987,0.1073250357069987,929.6206896551724,478.4674556213018,-0.1,0.97,-0.25,0.25,,1.0
fresh_p_positive,0.9,0.97,670,697,0.1724137931034483,0.059171597633136,-0.11324219547031228,0.11324219547031228,0.8275862068965517,0.9349112426035504,0.1073250357069987,0.1073250357069987,1109.896551724138,380.97633136094674,0.0,,0.0,0.1,0.5,1.0
previous_positive,0.1,0.25,589,592,0.2,0.0869565217391304,-0.1130434782608696,0.1130434782608696,0.8,0.9130434782608696,0.11304347826086958,0.11304347826086958,1122.14,726.695652173913,0.0,0.9,0.0,,0.5,0.85
fresh_positive,0.85,1.0,99,180,0.3448275862068966,0.2325581395348837,-0.11226944667201288,0.11226944667201288,0.6206896551724138,0.7674418604651163,0.1467522052927025,0.1467522052927025,2060.758620689656,1297.3953488372092,-0.1,0.9,0.0,0.0,0.25,
fresh_negative,-0.1,-0.02,24,267,0.5882352941176471,0.4761904761904761,-0.11204481792717097,0.11204481792717097,0.2941176470588235,0.5238095238095238,0.22969187675070035,0.22969187675070035,2954.470588235294,2284.3809523809523,,0.9,0.0,0.25,0.25,0.7
fresh_p_positive,0.9,0.97,165,192,0.5882352941176471,0.4761904761904761,-0.11204481792717097,0.11204481792717097,0.4117647058823529,0.5238095238095238,0.11204481792717091,0.11204481792717091,2680.529411764706,1999.2857142857144,-0.1,,-0.25,0.1,0.25,1.0
fresh_negative,-0.02,0.0,408,651,0.5882352941176471,0.4761904761904761,-0.11204481792717097,0.11204481792717097,0.4117647058823529,0.5238095238095238,0.11204481792717091,0.11204481792717091,2683.6470588235293,2450.809523809524,,0.9,-0.25,0.1,0.25,1.0
fresh_p_positive,0.9,0.97,408,435,0.5882352941176471,0.4761904761904761,-0.11204481792717097,0.11204481792717097,0.4117647058823529,0.5238095238095238,0.11204481792717091,0.11204481792717091,2683.6470588235293,2376.619047619048,-0.02,,-0.25,0.1,0.25,1.0
previous_positive,0.1,0.25,408,411,0.5882352941176471,0.4761904761904761,-0.11204481792717097,0.11204481792717097,0.4117647058823529,0.5238095238095238,0.11204481792717091,0.11204481792717091,2683.6470588235293,2430.4761904761904,-0.02,0.9,-0.25,,0.25,1.0
fresh_positive,0.85,1.0,397,478,0.1923076923076923,0.0806451612903225,-0.1116625310173698,0.1116625310173698,0.7884615384615384,0.9193548387096774,0.13089330024813894,0.13089330024813894,852.1923076923077,502.81451612903226,-0.02,0.995,0.0,0.0,0.5,
fresh_positive,0.85,1.0,153,234,0.1923076923076923,0.0806451612903225,-0.1116625310173698,0.1116625310173698,0.8076923076923077,0.9112903225806452,0.10359801488833753,0.10359801488833753,827.4038461538462,480.3467741935484,-0.1,0.995,0.0,0.0,0.25,
previous_positive,0.0,0.1,153,156,0.1923076923076923,0.0806451612903225,-0.1116625310173698,0.1116625310173698,0.8076923076923077,0.9112903225806452,0.10359801488833753,0.10359801488833753,827.4038461538462,537.2741935483871,-0.1,0.995,0.0,,0.25,0.85
fresh_positive,0.85,1.0,369,450,0.1923076923076923,0.0806451612903225,-0.1116625310173698,0.1116625310173698,0.8076923076923077,0.9112903225806452,0.10359801488833753,0.10359801488833753,913.75,564.766129032258,-0.02,0.97,0.0,0.0,0.25,
previous_positive,0.0,0.1,396,399,0.1923076923076923,0.0806451612903225,-0.1116625310173698,0.1116625310173698,0.8076923076923077,0.9032258064516128,0.09553349875930506,0.09553349875930506,794.2884615384615,502.78225806451616,-0.02,0.995,0.0,,0.25,0.85
fresh_positive,0.7,0.85,46,127,0.25,0.1388888888888889,-0.1111111111111111,0.1111111111111111,0.7,0.8472222222222222,0.14722222222222225,0.14722222222222225,1735.2,774.6111111111111,-0.1,0.97,0.0,0.0,0.5,
fresh_positive,0.7,0.85,310,391,0.25,0.1388888888888889,-0.1111111111111111,0.1111111111111111,0.725,0.8611111111111112,0.13611111111111118,0.13611111111111118,1303.25,615.8611111111111,-0.02,0.995,-0.1,0.1,0.5,
fresh_p_positive,0.9,0.97,585,612,0.25,0.1388888888888889,-0.1111111111111111,0.1111111111111111,0.725,0.8472222222222222,0.12222222222222223,0.12222222222222223,1401.175,773.8055555555555,0.0,,0.0,0.0,0.25,0.85
fresh_p_positive,0.9,0.97,412,439,0.25,0.1388888888888889,-0.1111111111111111,0.1111111111111111,0.75,0.8472222222222222,0.09722222222222221,0.09722222222222221,1363.975,882.4305555555555,-0.02,,-0.25,0.25,0.5,1.0
previous_positive,0.0,0.1,342,345,0.3333333333333333,0.2222222222222222,-0.1111111111111111,0.1111111111111111,0.6666666666666666,0.7555555555555555,0.0888888888888889,0.0888888888888889,1736.2,1372.9333333333334,-0.02,0.9,0.0,,0.25,0.85
fresh_negative,-0.1,-0.02,29,272,0.6666666666666666,0.5555555555555556,-0.11111111111111105,0.11111111111111105,0.3333333333333333,0.4444444444444444,0.1111111111111111,0.1111111111111111,2564.8,2407.6111111111118,,0.97,-0.25,0.0,0.75,0.7
previous_positive,0.0,0.1,496,499,0.6666666666666666,0.5555555555555556,-0.11111111111111105,0.11111111111111105,0.3333333333333333,0.4444444444444444,0.1111111111111111,0.1111111111111111,2728.0666666666666,2674.277777777778,0.0,0.9,-0.1,,0.5,0.7
previous_negative,-0.25,-0.1,28,37,0.6666666666666666,0.5555555555555556,-0.11111111111111105,0.11111111111111105,0.3333333333333333,0.4444444444444444,0.1111111111111111,0.1111111111111111,2903.5333333333333,2420.9444444444443,-0.1,0.97,,0.0,0.5,0.7
previous_p_positive,0.5,0.75,583,584,0.1818181818181818,0.0714285714285714,-0.1103896103896104,0.1103896103896104,0.8,0.9214285714285714,0.12142857142857133,0.12142857142857133,1305.3090909090909,697.3571428571429,0.0,0.9,-0.1,0.25,,0.85
previous_positive,0.0,0.1,469,472,0.1818181818181818,0.0714285714285714,-0.1103896103896104,0.1103896103896104,0.8181818181818182,0.9214285714285714,0.10324675324675314,0.10324675324675314,930.6727272727272,427.45,-0.02,0.995,-0.1,,0.5,1.0
previous_positive,0.0,0.1,685,688,0.1818181818181818,0.0714285714285714,-0.1103896103896104,0.1103896103896104,0.8181818181818182,0.9214285714285714,0.10324675324675314,0.10324675324675314,934.6181818181818,525.5857142857143,0.0,0.97,-0.1,,0.5,1.0
previous_positive,0.1,0.25,471,474,0.1818181818181818,0.0714285714285714,-0.1103896103896104,0.1103896103896104,0.8181818181818182,0.9214285714285714,0.10324675324675314,0.10324675324675314,981.9090909090908,470.7642857142857,-0.02,0.995,-0.1,,0.25,1.0
previous_p_positive,0.25,0.5,471,472,0.1818181818181818,0.0714285714285714,-0.1103896103896104,0.1103896103896104,0.8181818181818182,0.9214285714285714,0.10324675324675314,0.10324675324675314,981.9090909090908,427.45,-0.02,0.995,-0.1,0.1,,1.0
fresh_p_positive,0.97,0.995,123,150,0.1886792452830188,0.0787401574803149,-0.1099390878027039,0.1099390878027039,0.8113207547169812,0.9212598425196852,0.109939087802704,0.109939087802704,990.0377358490566,487.81889763779526,-0.1,,-0.1,0.25,0.25,0.85
fresh_positive,0.85,1.0,93,174,0.4545454545454545,0.3448275862068966,-0.1097178683385579,0.1097178683385579,0.5454545454545454,0.6551724137931034,0.10971786833855801,0.10971786833855801,2064.5,1741.1724137931035,-0.1,0.9,-0.1,0.1,0.25,
previous_p_positive,0.25,0.5,591,592,0.196078431372549,0.0869565217391304,-0.10912190963341858,0.10912190963341858,0.7843137254901961,0.9130434782608696,0.12872975277067356,0.12872975277067356,1204.2941176470588,726.695652173913,0.0,0.9,0.0,0.25,,0.85
fresh_p_positive,0.97,0.995,35,62,0.1612903225806451,0.0526315789473684,-0.10865874363327671,0.10865874363327671,0.8387096774193549,0.9421052631578948,0.10339558573853991,0.10339558573853991,890.9193548387096,419.2263157894737,-0.1,,-0.25,0.25,0.75,0.7
fresh_p_positive,0.9,0.97,177,204,0.238095238095238,0.1298701298701298,-0.1082251082251082,0.1082251082251082,0.7380952380952381,0.8701298701298701,0.13203463203463195,0.13203463203463195,1490.595238095238,809.2597402597403,-0.1,,-0.1,0.25,0.25,1.0
previous_positive,0.0,0.1,126,129,0.1886792452830188,0.0806451612903225,-0.1080340839926963,0.1080340839926963,0.8113207547169812,0.9193548387096774,0.1080340839926962,0.1080340839926962,877.3396226415094,554.5645161290323,-0.1,0.97,0.0,,0.25,0.85
previous_positive,0.1,0.25,383,386,0.1298701298701298,0.0221238938053097,-0.1077462360648201,0.1077462360648201,0.8701298701298701,0.9778761061946902,0.10774623606482014,0.10774623606482014,570.8051948051948,199.38053097345133,-0.02,0.995,-0.25,,0.75,0.85
previous_positive,0.1,0.25,102,105,0.3703703703703703,0.2631578947368421,-0.1072124756335282,0.1072124756335282,0.5925925925925926,0.7368421052631579,0.1442495126705653,0.1442495126705653,1986.074074074074,1518.4473684210527,-0.1,0.9,0.0,,0.25,0.85
fresh_negative,-0.02,0.0,438,681,0.2631578947368421,0.3703703703703703,0.1072124756335282,0.1072124756335282,0.7368421052631579,0.6296296296296297,-0.1072124756335282,0.1072124756335282,1427.8684210526317,1627.074074074074,,0.97,-0.25,0.25,0.25,1.0
fresh_negative,-0.02,0.0,326,569,0.2631578947368421,0.3703703703703703,0.1072124756335282,0.1072124756335282,0.7368421052631579,0.6296296296296297,-0.1072124756335282,0.1072124756335282,1543.1315789473683,2080.4814814814813,,0.9,-0.25,0.0,0.75,0.85
fresh_positive,0.85,1.0,326,407,0.2631578947368421,0.3703703703703703,0.1072124756335282,0.1072124756335282,0.7368421052631579,0.6296296296296297,-0.1072124756335282,0.1072124756335282,1543.1315789473683,1586.2592592592594,-0.02,0.9,-0.25,0.0,0.75,
fresh_negative,-0.02,0.0,334,577,0.3703703703703703,0.2631578947368421,-0.1072124756335282,0.1072124756335282,0.6296296296296297,0.7368421052631579,0.1072124756335282,0.1072124756335282,1807.555555555556,1544.157894736842,,0.9,-0.1,0.0,0.5,0.85
fresh_positive,0.85,1.0,334,415,0.3703703703703703,0.2631578947368421,-0.1072124756335282,0.1072124756335282,0.6296296296296297,0.7368421052631579,0.1072124756335282,0.1072124756335282,1807.555555555556,1334.7105263157894,-0.02,0.9,-0.1,0.0,0.5,
fresh_negative,-0.1,-0.02,172,415,0.3703703703703703,0.2631578947368421,-0.1072124756335282,0.1072124756335282,0.6296296296296297,0.7368421052631579,0.1072124756335282,0.1072124756335282,1815.037037037037,1334.7105263157894,,0.9,-0.1,0.0,0.5,1.0
previous_positive,0.1,0.25,174,177,0.3448275862068966,0.238095238095238,-0.10673234811165858,0.10673234811165858,0.6551724137931034,0.7380952380952381,0.08292282430213471,0.08292282430213471,1741.1724137931035,1490.595238095238,-0.1,0.9,-0.1,,0.25,1.0
fresh_p_positive,0.9,0.97,427,454,0.1724137931034483,0.0657894736842105,-0.10662431941923779,0.10662431941923779,0.8275862068965517,0.9276315789473684,0.10004537205081665,0.10004537205081665,999.8103448275862,440.4934210526316,-0.02,,0.0,0.1,0.5,1.0
previous_negative,-0.25,-0.1,167,176,0.3333333333333333,0.2272727272727272,-0.1060606060606061,0.1060606060606061,0.6666666666666666,0.7727272727272727,0.10606060606060608,0.10606060606060608,1639.9333333333334,1256.659090909091,-0.1,0.9,,0.1,0.75,1.0
previous_negative,-0.25,-0.1,58,67,0.4,0.2941176470588235,-0.10588235294117654,0.10588235294117654,0.56,0.7058823529411765,0.14588235294117646,0.14588235294117646,2167.08,1379.3529411764705,-0.1,0.995,,0.1,0.5,0.7
previous_positive,0.0,0.1,45,48,0.4,0.2941176470588235,-0.10588235294117654,0.10588235294117654,0.6,0.6470588235294118,0.04705882352941182,0.04705882352941182,1829.4,1674.9411764705883,-0.1,0.97,0.0,,0.25,0.7
previous_negative,-0.1,0.0,39,48,0.4,0.2941176470588235,-0.10588235294117654,0.10588235294117654,0.6,0.6470588235294118,0.04705882352941182,0.04705882352941182,2061.96,1674.9411764705883,-0.1,0.97,,0.1,0.25,0.7
fresh_negative,-0.1,-0.02,90,333,0.4761904761904761,0.3703703703703703,-0.10582010582010581,0.10582010582010581,0.4761904761904761,0.6296296296296297,0.15343915343915354,0.15343915343915354,2568.714285714286,1905.6666666666667,,0.9,-0.1,0.0,0.25,0.85
fresh_positive,0.85,1.0,90,171,0.4761904761904761,0.3703703703703703,-0.10582010582010581,0.10582010582010581,0.4761904761904761,0.6296296296296297,0.15343915343915354,0.15343915343915354,2568.714285714286,2071.3703703703704,-0.1,0.9,-0.1,0.0,0.25,
fresh_positive,0.85,1.0,328,409,0.4761904761904761,0.3703703703703703,-0.10582010582010581,0.10582010582010581,0.5238095238095238,0.6296296296296297,0.10582010582010581,0.10582010582010581,2230.714285714286,1848.1851851851848,-0.02,0.9,-0.25,0.1,0.5,
previous_positive,0.1,0.25,328,331,0.4761904761904761,0.3703703703703703,-0.10582010582010581,0.10582010582010581,0.5238095238095238,0.6296296296296297,0.10582010582010581,0.10582010582010581,2230.714285714286,1849.2962962962963,-0.02,0.9,-0.25,,0.5,0.85
previous_p_positive,0.25,0.5,651,652,0.4761904761904761,0.3703703703703703,-0.10582010582010581,0.10582010582010581,0.5238095238095238,0.6296296296296297,0.10582010582010581,0.10582010582010581,2450.809523809524,1617.148148148148,0.0,0.9,-0.25,0.1,,1.0
previous_positive,0.0,0.1,226,229,0.1724137931034483,0.0671140939597315,-0.10529969914371679,0.10529969914371679,0.8103448275862069,0.9328859060402684,0.12254107845406159,0.12254107845406159,894.8103448275862,428.18791946308727,-0.1,0.995,-0.1,,0.5,1.0
previous_p_positive,0.5,0.75,112,113,0.2083333333333333,0.1030927835051546,-0.10524054982817868,0.10524054982817868,0.7916666666666666,0.8969072164948454,0.10524054982817876,0.10524054982817876,1165.25,665.8556701030927,-0.1,0.97,-0.25,0.1,,0.85
previous_negative,-0.25,-0.1,625,634,0.1886792452830188,0.0840336134453781,-0.1046456318376407,0.1046456318376407,0.8113207547169812,0.8991596638655462,0.08783890914856507,0.08783890914856507,957.5849056603772,551.4957983193277,0.0,0.995,,0.1,0.5,0.85
previous_positive,0.1,0.25,391,394,0.1388888888888889,0.0359712230215827,-0.10291766586730619,0.10291766586730619,0.8611111111111112,0.9640287769784172,0.102917665867306,0.102917665867306,615.8611111111111,232.9748201438849,-0.02,0.995,-0.1,,0.5,0.85
fresh_p_positive,0.9,0.97,343,370,0.2325581395348837,0.1298701298701298,-0.10268800966475389,0.10268800966475389,0.7441860465116279,0.8441558441558441,0.09996979764421621,0.09996979764421621,1336.0,783.1818181818181,-0.02,,0.0,0.0,0.5,0.85
previous_negative,-0.1,0.0,687,696,0.1612903225806451,0.059171597633136,-0.10211872494750909,0.10211872494750909,0.8225806451612904,0.940828402366864,0.11824775720557368,0.11824775720557368,982.2258064516128,418.4733727810651,0.0,0.97,,0.1,0.25,1.0
fresh_p_positive,0.9,0.97,669,696,0.1612903225806451,0.059171597633136,-0.10211872494750909,0.10211872494750909,0.8387096774193549,0.940828402366864,0.10211872494750918,0.10211872494750918,1114.354838709677,418.4733727810651,0.0,,0.0,0.1,0.25,1.0
previous_p_positive,0.5,0.75,529,530,0.1612903225806451,0.059171597633136,-0.10211872494750909,0.10211872494750909,0.8387096774193549,0.9349112426035504,0.09620156518419554,0.09620156518419554,948.016129032258,427.9704142011834,0.0,0.97,-0.1,0.25,,0.7
previous_negative,-0.25,-0.1,35,44,0.1612903225806451,0.059171597633136,-0.10211872494750909,0.10211872494750909,0.8387096774193549,0.9289940828402368,0.0902844054208819,0.0902844054208819,890.9193548387096,512.6272189349113,-0.1,0.97,,0.25,0.75,0.7
previous_positive,0.1,0.25,526,529,0.2631578947368421,0.1612903225806451,-0.10186757215619699,0.10186757215619699,0.7368421052631579,0.8387096774193549,0.10186757215619702,0.10186757215619702,1634.4473684210527,948.016129032258,0.0,0.97,-0.1,,0.5,0.7
fresh_p_positive,0.9,0.97,337,364,0.2222222222222222,0.1204819277108433,-0.1017402945113789,0.1017402945113789,0.7555555555555555,0.8795180722891566,0.12396251673360104,0.12396251673360104,1477.8666666666666,786.0120481927711,-0.02,,-0.1,0.1,0.5,0.85
fresh_positive,0.85,1.0,86,167,0.4347826086956521,0.3333333333333333,-0.10144927536231879,0.10144927536231879,0.5217391304347826,0.6666666666666666,0.14492753623188404,0.14492753623188404,2181.826086956521,1639.9333333333334,-0.1,0.9,-0.25,0.1,0.75,
previous_negative,-0.1,0.0,469,478,0.1818181818181818,0.0806451612903225,-0.1011730205278593,0.1011730205278593,0.8181818181818182,0.9193548387096774,0.10117302052785915,0.10117302052785915,930.6727272727272,502.81451612903226,-0.02,0.995,,0.0,0.5,1.0
previous_negative,-0.1,0.0,685,694,0.1818181818181818,0.0806451612903225,-0.1011730205278593,0.1011730205278593,0.8181818181818182,0.9112903225806452,0.09310850439882701,0.09310850439882701,934.6181818181818,497.25,0.0,0.97,,0.0,0.5,1.0
fresh_positive,0.7,0.85,34,115,0.217391304347826,0.1162790697674418,-0.1011122345803842,0.1011122345803842,0.7391304347826086,0.8837209302325582,0.1445904954499495,0.1445904954499495,1635.0,875.953488372093,-0.1,0.97,-0.25,0.25,0.5,
previous_p_positive,0.25,0.5,69,70,0.2040816326530612,0.1030927835051546,-0.1009888491479066,0.1009888491479066,0.7959183673469388,0.8969072164948454,0.10098884914790662,0.10098884914790662,1352.7755102040817,672.6185567010309,-0.1,0.995,-0.1,0.25,,0.7
previous_negative,-0.25,-0.1,61,70,0.2040816326530612,0.1030927835051546,-0.1009888491479066,0.1009888491479066,0.7959183673469388,0.8969072164948454,0.10098884914790662,0.10098884914790662,1380.2857142857142,672.6185567010309,-0.1,0.995,,0.25,0.5,0.7
fresh_positive,0.85,1.0,584,665,0.0714285714285714,0.1724137931034483,0.10098522167487689,0.10098522167487689,0.9214285714285714,0.8275862068965517,-0.09384236453201966,0.09384236453201966,697.3571428571429,969.0172413793103,0.0,0.9,-0.1,0.25,0.75,
fresh_p_positive,0.9,0.97,426,453,0.1724137931034483,0.0714285714285714,-0.10098522167487689,0.10098522167487689,0.8275862068965517,0.9214285714285714,0.09384236453201966,0.09384236453201966,1010.3620689655172,501.6,-0.02,,0.0,0.1,0.25,1.0
previous_p_positive,0.25,0.5,342,343,0.3333333333333333,0.2325581395348837,-0.10077519379844962,0.10077519379844962,0.6666666666666666,0.7441860465116279,0.07751937984496127,0.07751937984496127,1736.2,1336.0,-0.02,0.9,0.0,0.0,,0.85
fresh_positive,0.7,0.85,277,358,0.2222222222222222,0.1219512195121951,-0.1002710027100271,0.1002710027100271,0.7555555555555555,0.8780487804878049,0.12249322493224934,0.12249322493224934,1433.3111111111111,741.5365853658536,-0.02,0.97,-0.25,0.25,0.5,
fresh_p_positive,0.9,0.97,505,532,0.5,0.4,-0.09999999999999998,0.09999999999999998,0.4,0.6,0.19999999999999996,0.19999999999999996,2678.95,1825.72,0.0,,0.0,0.0,0.5,0.7
fresh_p_positive,0.97,0.995,290,317,0.4,0.5,0.09999999999999998,0.09999999999999998,0.6,0.5,-0.09999999999999998,0.09999999999999998,1759.48,1963.5,-0.02,,0.0,0.0,0.75,0.7
fresh_negative,-0.1,-0.02,39,282,0.4,0.5,0.09999999999999998,0.09999999999999998,0.6,0.5,-0.09999999999999998,0.09999999999999998,2061.96,2160.4,,0.97,-0.1,0.1,0.25,0.7
previous_positive,0.1,0.25,14,17,0.5,0.4,-0.09999999999999998,0.09999999999999998,0.5,0.6,0.09999999999999998,0.09999999999999998,2508.05,2142.36,-0.1,0.9,-0.1,,0.75,0.7
fresh_negative,-0.1,-0.02,74,317,0.4,0.5,0.09999999999999998,0.09999999999999998,0.56,0.5,-0.06000000000000005,0.06000000000000005,1837.12,1963.5,,0.995,0.0,0.0,0.75,0.7
previous_p_positive,0.5,0.75,316,317,0.4,0.5,0.09999999999999998,0.09999999999999998,0.56,0.5,-0.06000000000000005,0.06000000000000005,2055.44,1963.5,-0.02,0.995,0.0,0.0,,0.7
fresh_negative,-0.02,0.0,317,560,0.5,0.4,-0.09999999999999998,0.09999999999999998,0.5,0.56,0.06000000000000005,0.06000000000000005,1963.5,1898.32,,0.995,0.0,0.0,0.75,0.7
fresh_p_positive,0.9,0.97,262,289,0.5,0.4,-0.09999999999999998,0.09999999999999998,0.5,0.56,0.06000000000000005,0.06000000000000005,2542.2,1961.76,-0.02,,0.0,0.0,0.5,0.7
fresh_p_positive,0.9,0.97,664,691,0.1587301587301587,0.059171597633136,-0.09955856109702269,0.09955856109702269,0.8253968253968254,0.9349112426035504,0.10951441720672506,0.10951441720672506,1073.0,428.14201183431953,0.0,,-0.1,0.25,0.5,1.0
previous_negative,-0.1,0.0,630,639,0.238095238095238,0.1388888888888889,-0.0992063492063491,0.0992063492063491,0.7619047619047619,0.8611111111111112,0.0992063492063493,0.0992063492063493,997.3333333333334,732.7638888888889,0.0,0.995,,0.0,0.25,0.85
previous_negative,-0.25,-0.1,193,202,0.238095238095238,0.1388888888888889,-0.0992063492063491,0.0992063492063491,0.7619047619047619,0.8611111111111112,0.0992063492063493,0.0992063492063493,1040.547619047619,844.8888888888889,-0.1,0.97,,0.1,0.5,1.0
fresh_p_positive,0.9,0.97,420,447,0.2222222222222222,0.1234567901234567,-0.09876543209876551,0.09876543209876551,0.7777777777777778,0.8765432098765432,0.09876543209876543,0.09876543209876543,1122.1555555555556,695.1851851851852,-0.02,,-0.1,0.25,0.25,1.0
fresh_p_positive,0.9,0.97,668,695,0.2222222222222222,0.1234567901234567,-0.09876543209876551,0.09876543209876551,0.7777777777777778,0.8641975308641975,0.08641975308641969,0.08641975308641969,1116.088888888889,667.2716049382716,0.0,,0.0,0.0,0.75,1.0
fresh_p_positive,0.9,0.97,416,443,0.2222222222222222,0.1234567901234567,-0.09876543209876551,0.09876543209876551,0.7777777777777778,0.8641975308641975,0.08641975308641969,0.08641975308641969,1165.2666666666669,750.1111111111111,-0.02,,-0.1,0.0,0.75,1.0
previous_p_positive,0.25,0.5,63,64,0.625,0.5263157894736842,-0.09868421052631582,0.09868421052631582,0.25,0.4210526315789473,0.1710526315789473,0.1710526315789473,2822.875,2541.157894736842,-0.1,0.995,-0.1,0.0,,0.7
previous_positive,0.0,0.1,82,85,0.625,0.5263157894736842,-0.09868421052631582,0.09868421052631582,0.375,0.4736842105263157,0.09868421052631571,0.09868421052631571,3142.4375,2598.684210526316,-0.1,0.9,-0.25,,0.5,0.85
previous_p_positive,0.25,0.5,48,49,0.2941176470588235,0.196078431372549,-0.0980392156862745,0.0980392156862745,0.6470588235294118,0.7843137254901961,0.13725490196078427,0.13725490196078427,1674.9411764705883,1189.3333333333333,-0.1,0.97,0.0,0.1,,0.7
fresh_positive,0.7,0.85,509,590,0.2941176470588235,0.196078431372549,-0.0980392156862745,0.0980392156862745,0.7058823529411765,0.803921568627451,0.0980392156862745,0.0980392156862745,1998.1470588235293,1109.8235294117646,0.0,0.9,0.0,0.1,0.75,
previous_p_positive,0.5,0.75,466,467,0.1298701298701298,0.0323624595469255,-0.0975076703232043,0.0975076703232043,0.8571428571428571,0.9676375404530744,0.11049468331021728,0.11049468331021728,731.5194805194806,258.0744336569579,-0.02,0.995,-0.25,0.25,,1.0
previous_positive,0.1,0.25,148,151,0.1298701298701298,0.0323624595469255,-0.0975076703232043,0.0975076703232043,0.8701298701298701,0.9676375404530744,0.09750767032320429,0.09750767032320429,664.9090909090909,284.06472491909386,-0.1,0.995,-0.1,,0.5,0.85
fresh_p_positive,0.9,0.97,655,682,0.2325581395348837,0.1351351351351351,-0.0974230043997486,0.0974230043997486,0.7209302325581395,0.8513513513513513,0.13042111879321183,0.13042111879321183,1383.9302325581396,898.8243243243244,0.0,,-0.25,0.25,0.5,1.0
previous_negative,-0.25,-0.1,112,121,0.2083333333333333,0.1111111111111111,-0.09722222222222218,0.09722222222222218,0.7916666666666666,0.8666666666666667,0.07500000000000007,0.07500000000000007,1165.25,789.2777777777778,-0.1,0.97,,0.1,0.5,0.85
previous_p_positive,0.5,0.75,601,602,0.1234567901234567,0.026525198938992,-0.0969315911844647,0.0969315911844647,0.8641975308641975,0.9708222811671088,0.1066247503029113,0.1066247503029113,765.2716049382716,261.3050397877984,0.0,0.97,-0.25,0.25,,0.85
previous_positive,0.0,0.1,110,113,0.2,0.1030927835051546,-0.0969072164948454,0.0969072164948454,0.76,0.8969072164948454,0.13690721649484539,0.13690721649484539,1051.62,665.8556701030927,-0.1,0.97,-0.25,,0.75,0.85
fresh_p_positive,0.9,0.97,593,620,0.1234567901234567,0.027027027027027,-0.0964297630964297,0.0964297630964297,0.8765432098765432,0.972972972972973,0.09642976309642981,0.09642976309642981,826.4444444444445,207.0837837837838,0.0,,0.0,0.25,0.75,0.85
previous_positive,0.1,0.25,607,610,0.1298701298701298,0.0344827586206896,-0.0953873712494402,0.0953873712494402,0.8701298701298701,0.9620689655172414,0.09193909538737133,0.09193909538737133,635.9090909090909,299.3172413793104,0.0,0.97,-0.1,,0.5,0.85
previous_p_positive,0.25,0.5,609,610,0.1298701298701298,0.0344827586206896,-0.0953873712494402,0.0953873712494402,0.8701298701298701,0.9620689655172414,0.09193909538737133,0.09193909538737133,824.9090909090909,299.3172413793104,0.0,0.97,-0.1,0.25,,0.85
previous_negative,-0.1,0.0,583,592,0.1818181818181818,0.0869565217391304,-0.09486166007905139,0.09486166007905139,0.8,0.9130434782608696,0.11304347826086958,0.11304347826086958,1305.3090909090909,726.695652173913,0.0,0.9,,0.25,0.5,0.85
fresh_negative,-0.1,-0.02,35,278,0.1612903225806451,0.0671140939597315,-0.0941762286209136,0.0941762286209136,0.8387096774193549,0.9261744966442952,0.08746481922494032,0.08746481922494032,890.9193548387096,558.4563758389262,,0.97,-0.25,0.25,0.75,0.7
fresh_p_positive,0.9,0.97,509,536,0.2941176470588235,0.2,-0.09411764705882347,0.09411764705882347,0.7058823529411765,0.8,0.09411764705882353,0.09411764705882353,1998.1470588235293,1030.24,0.0,,0.0,0.1,0.75,0.7
previous_p_positive,0.5,0.75,67,68,0.2941176470588235,0.2,-0.09411764705882347,0.09411764705882347,0.7058823529411765,0.78,0.07411764705882351,0.07411764705882351,1379.3529411764705,1049.8,-0.1,0.995,-0.1,0.1,,0.7
previous_positive,0.0,0.1,434,437,0.217391304347826,0.1234567901234567,-0.0939345142243693,0.0939345142243693,0.7608695652173914,0.8765432098765432,0.11567364465915186,0.11567364465915186,981.9782608695652,728.1851851851852,-0.02,0.97,-0.25,,0.75,1.0
previous_negative,-0.25,-0.1,434,443,0.217391304347826,0.1234567901234567,-0.0939345142243693,0.0939345142243693,0.7608695652173914,0.8641975308641975,0.10332796564680613,0.10332796564680613,981.9782608695652,750.1111111111111,-0.02,0.97,,0.0,0.75,1.0
fresh_p_positive,0.9,0.97,181,208,0.217391304347826,0.1234567901234567,-0.0939345142243693,0.0939345142243693,0.782608695652174,0.8765432098765432,0.09393451422436927,0.09393451422436927,1101.2608695652175,736.6296296296297,-0.1,,0.0,0.0,0.5,1.0
fresh_p_positive,0.9,0.97,663,690,0.217391304347826,0.1234567901234567,-0.0939345142243693,0.0939345142243693,0.782608695652174,0.8765432098765432,0.09393451422436927,0.09393451422436927,1296.3695652173913,751.0987654320987,0.0,,-0.1,0.25,0.25,1.0
previous_p_positive,0.25,0.5,393,394,0.1298701298701298,0.0359712230215827,-0.0938989068485471,0.0938989068485471,0.8701298701298701,0.9640287769784172,0.09389890684854707,0.09389890684854707,631.987012987013,232.9748201438849,-0.02,0.995,-0.1,0.25,,0.85
fresh_p_positive,0.9,0.97,586,613,0.2325581395348837,0.1388888888888889,-0.0936692506459948,0.0936692506459948,0.7441860465116279,0.8611111111111112,0.11692506459948326,0.11692506459948326,1368.9767441860463,705.4444444444445,0.0,,0.0,0.0,0.5,0.85
fresh_p_positive,0.9,0.97,180,207,0.2325581395348837,0.1388888888888889,-0.0936692506459948,0.0936692506459948,0.7674418604651163,0.8611111111111112,0.09366925064599485,0.09366925064599485,1297.3953488372092,792.75,-0.1,,0.0,0.0,0.25,1.0
previous_positive,0.0,0.1,118,121,0.2040816326530612,0.1111111111111111,-0.0929705215419501,0.0929705215419501,0.7755102040816326,0.8666666666666667,0.09115646258503407,0.09115646258503407,1049.1020408163265,789.2777777777778,-0.1,0.97,-0.1,,0.5,0.85
fresh_positive,0.7,0.85,528,609,0.2222222222222222,0.1298701298701298,-0.09235209235209241,0.09235209235209241,0.7333333333333333,0.8701298701298701,0.1367965367965368,0.1367965367965368,1580.3555555555556,824.9090909090909,0.0,0.97,-0.1,0.25,0.25,
fresh_p_positive,0.9,0.97,345,372,0.2222222222222222,0.1298701298701298,-0.09235209235209241,0.09235209235209241,0.7555555555555555,0.8701298701298701,0.11457431457431455,0.11457431457431455,1372.9333333333334,669.7012987012987,-0.02,,0.0,0.1,0.25,0.85
previous_negative,-0.25,-0.1,277,286,0.2222222222222222,0.1298701298701298,-0.09235209235209241,0.09235209235209241,0.7555555555555555,0.8571428571428571,0.10158730158730156,0.10158730158730156,1433.3111111111111,992.7272727272727,-0.02,0.97,,0.25,0.5,0.7
previous_negative,-0.25,-0.1,627,636,0.2222222222222222,0.1298701298701298,-0.09235209235209241,0.09235209235209241,0.7777777777777778,0.8701298701298701,0.0923520923520923,0.0923520923520923,1201.4666666666667,650.3116883116883,0.0,0.995,,0.25,0.25,0.85
fresh_positive,0.7,0.85,291,372,0.2222222222222222,0.1298701298701298,-0.09235209235209241,0.09235209235209241,0.7777777777777778,0.8701298701298701,0.0923520923520923,0.0923520923520923,1276.4444444444443,669.7012987012987,-0.02,0.97,0.0,0.1,0.25,
fresh_p_positive,0.9,0.97,582,609,0.2222222222222222,0.1298701298701298,-0.09235209235209241,0.09235209235209241,0.7777777777777778,0.8701298701298701,0.0923520923520923,0.0923520923520923,1467.8444444444444,824.9090909090909,0.0,,-0.1,0.25,0.25,0.85
previous_positive,0.1,0.25,112,115,0.2083333333333333,0.1162790697674418,-0.09205426356589148,0.09205426356589148,0.7916666666666666,0.8837209302325582,0.09205426356589153,0.09205426356589153,1165.25,875.953488372093,-0.1,0.97,-0.25,,0.5,0.85
previous_negative,-0.25,-0.1,196,205,0.1724137931034483,0.0806451612903225,-0.09176863181312579,0.09176863181312579,0.8275862068965517,0.9193548387096774,0.09176863181312567,0.09176863181312567,929.6206896551724,491.31451612903226,-0.1,0.97,,0.25,0.5,1.0
previous_p_positive,0.25,0.5,558,559,0.3846153846153846,0.4761904761904761,0.09157509157509153,0.09157509157509153,0.5769230769230769,0.4761904761904761,-0.10073260073260076,0.10073260073260076,1844.9615384615383,2198.5238095238096,0.0,0.995,0.0,0.0,,0.7
previous_p_positive,0.5,0.75,550,551,0.4761904761904761,0.3846153846153846,-0.09157509157509153,0.09157509157509153,0.4285714285714285,0.5,0.07142857142857151,0.07142857142857151,2456.3809523809523,2271.3846153846152,0.0,0.995,-0.1,0.0,,0.7
previous_p_positive,0.25,0.5,72,73,0.3846153846153846,0.4761904761904761,0.09157509157509153,0.09157509157509153,0.5769230769230769,0.5238095238095238,-0.053113553113553036,0.053113553113553036,1888.0,2150.190476190476,-0.1,0.995,0.0,0.0,,0.7
previous_negative,-0.25,-0.1,31,40,0.4761904761904761,0.3846153846153846,-0.09157509157509153,0.09157509157509153,0.5238095238095238,0.5769230769230769,0.053113553113553036,0.053113553113553036,2171.0476190476197,1868.1538461538464,-0.1,0.97,,0.1,0.5,0.7
previous_negative,-0.25,-0.1,542,551,0.4761904761904761,0.3846153846153846,-0.09157509157509153,0.09157509157509153,0.5238095238095238,0.5,-0.023809523809523836,0.023809523809523836,1997.857142857143,2271.3846153846152,0.0,0.995,,0.0,0.75,0.7
previous_negative,-0.1,0.0,16,25,0.5263157894736842,0.4347826086956521,-0.09153318077803207,0.09153318077803207,0.4736842105263157,0.5652173913043478,0.09153318077803207,0.09153318077803207,2573.1052631578946,2243.608695652174,-0.1,0.9,,0.25,0.5,0.7
previous_p_positive,0.5,0.75,85,86,0.5263157894736842,0.4347826086956521,-0.09153318077803207,0.09153318077803207,0.4736842105263157,0.5217391304347826,0.04805491990846689,0.04805491990846689,2598.684210526316,2181.826086956521,-0.1,0.9,-0.25,0.1,,0.85
previous_positive,0.1,0.25,329,332,0.25,0.1587301587301587,-0.0912698412698413,0.0912698412698413,0.75,0.8412698412698413,0.09126984126984128,0.09126984126984128,1332.15,1167.3650793650793,-0.02,0.9,-0.25,,0.75,0.85
previous_positive,0.1,0.25,464,467,0.1234567901234567,0.0323624595469255,-0.0910943305765312,0.0910943305765312,0.8765432098765432,0.9676375404530744,0.09109433057653116,0.09109433057653116,599.8024691358024,258.0744336569579,-0.02,0.995,-0.25,,0.75,1.0
previous_positive,0.0,0.1,9,12,0.9090909090909092,1.0,0.09090909090909083,0.09090909090909083,0.0909090909090909,0.0,-0.0909090909090909,0.0909090909090909,3364.3636363636365,3680.0,-0.1,0.9,-0.1,,0.25,0.7
previous_positive,0.1,0.25,246,249,0.9090909090909092,1.0,0.09090909090909083,0.09090909090909083,0.0909090909090909,0.0,-0.0909090909090909,0.0909090909090909,3590.181818181818,3680.0,-0.02,0.9,-0.25,,0.25,0.7
fresh_positive,0.7,0.85,0,81,1.0,0.9090909090909092,-0.09090909090909083,0.09090909090909083,0.0,0.0909090909090909,0.0909090909090909,0.0909090909090909,3680.0,3474.0,-0.1,0.9,-0.25,0.0,0.25,
fresh_p_positive,0.9,0.97,0,27,1.0,0.9090909090909092,-0.09090909090909083,0.09090909090909083,0.0,0.0909090909090909,0.0909090909090909,0.0909090909090909,3680.0,3369.7272727272725,-0.1,,-0.25,0.0,0.25,0.7
previous_negative,-0.25,-0.1,0,9,1.0,0.9090909090909092,-0.09090909090909083,0.09090909090909083,0.0,0.0909090909090909,0.0909090909090909,0.0909090909090909,3680.0,3364.3636363636365,-0.1,0.9,,0.0,0.25,0.7
previous_negative,-0.25,-0.1,1,10,1.0,0.9090909090909092,-0.09090909090909083,0.09090909090909083,0.0,0.0909090909090909,0.0909090909090909,0.0909090909090909,3680.0,3345.909090909091,-0.1,0.9,,0.0,0.5,0.7
previous_positive,0.0,0.1,1,4,1.0,0.9090909090909092,-0.09090909090909083,0.09090909090909083,0.0,0.0909090909090909,0.0909090909090909,0.0909090909090909,3680.0,3523.090909090909,-0.1,0.9,-0.25,,0.5,0.7
previous_p_positive,0.5,0.75,1,2,1.0,0.9090909090909092,-0.09090909090909083,0.09090909090909083,0.0,0.0909090909090909,0.0909090909090909,0.0909090909090909,3680.0,3533.3636363636365,-0.1,0.9,-0.25,0.0,,0.7
fresh_negative,-0.1,-0.02,3,246,1.0,0.9090909090909092,-0.09090909090909083,0.09090909090909083,0.0,0.0909090909090909,0.0909090909090909,0.0909090909090909,3680.0,3590.181818181818,,0.9,-0.25,0.1,0.25,0.7
previous_p_positive,0.25,0.5,3,4,1.0,0.9090909090909092,-0.09090909090909083,0.09090909090909083,0.0,0.0909090909090909,0.0909090909090909,0.0909090909090909,3680.0,3523.090909090909,-0.1,0.9,-0.25,0.1,,0.7
previous_negative,-0.25,-0.1,6,15,1.0,0.9090909090909092,-0.09090909090909083,0.09090909090909083,0.0,0.0909090909090909,0.0909090909090909,0.0909090909090909,3680.0,3408.090909090909,-0.1,0.9,,0.25,0.25,0.7
previous_positive,0.1,0.25,12,15,1.0,0.9090909090909092,-0.09090909090909083,0.09090909090909083,0.0,0.0909090909090909,0.0909090909090909,0.0909090909090909,3680.0,3408.090909090909,-0.1,0.9,-0.1,,0.25,0.7
previous_p_positive,0.25,0.5,12,13,1.0,0.9090909090909092,-0.09090909090909083,0.09090909090909083,0.0,0.0909090909090909,0.0909090909090909,0.0909090909090909,3680.0,3447.0,-0.1,0.9,-0.1,0.1,,0.7
fresh_negative,-0.02,0.0,243,486,1.0,0.9090909090909092,-0.09090909090909083,0.09090909090909083,0.0,0.0909090909090909,0.0909090909090909,0.0909090909090909,3680.0,3491.7272727272725,,0.9,-0.25,0.0,0.25,0.7
fresh_p_positive,0.9,0.97,243,270,1.0,0.9090909090909092,-0.09090909090909083,0.09090909090909083,0.0,0.0909090909090909,0.0909090909090909,0.0909090909090909,3680.0,3353.818181818182,-0.02,,-0.25,0.0,0.25,0.7
previous_positive,0.0,0.1,243,246,1.0,0.9090909090909092,-0.09090909090909083,0.09090909090909083,0.0,0.0909090909090909,0.0909090909090909,0.0909090909090909,3680.0,3590.181818181818,-0.02,0.9,-0.25,,0.25,0.7
previous_p_positive,0.5,0.75,244,245,1.0,0.9090909090909092,-0.09090909090909083,0.09090909090909083,0.0,0.0909090909090909,0.0909090909090909,0.0909090909090909,3680.0,3353.6363636363635,-0.02,0.9,-0.25,0.0,,0.7
fresh_negative,-0.02,0.0,249,492,1.0,0.9090909090909092,-0.09090909090909083,0.09090909090909083,0.0,0.0909090909090909,0.0909090909090909,0.0909090909090909,3680.0,3441.7272727272725,,0.9,-0.25,0.25,0.25,0.7
previous_negative,-0.1,0.0,417,426,0.2631578947368421,0.1724137931034483,-0.0907441016333938,0.0907441016333938,0.7368421052631579,0.8275862068965517,0.09074410163339386,0.09074410163339386,1201.0526315789473,1010.3620689655172,-0.02,0.9,,0.1,0.25,1.0
fresh_p_positive,0.9,0.97,350,377,0.1219512195121951,0.0313479623824451,-0.09060325712975001,0.09060325712975001,0.8780487804878049,0.9686520376175548,0.09060325712974993,0.09060325712974993,906.170731707317,228.1630094043887,-0.02,,0.0,0.25,0.75,0.85
fresh_p_positive,0.97,0.995,40,67,0.3846153846153846,0.2941176470588235,-0.0904977375565611,0.0904977375565611,0.5769230769230769,0.7058823529411765,0.12895927601809964,0.12895927601809964,1868.1538461538464,1379.3529411764705,-0.1,,-0.1,0.1,0.5,0.7
previous_positive,0.1,0.25,509,512,0.2941176470588235,0.2040816326530612,-0.09003601440576228,0.09003601440576228,0.7058823529411765,0.7959183673469388,0.09003601440576225,0.09003601440576225,1998.1470588235293,1288.428571428571,0.0,0.9,0.0,,0.75,0.7
previous_negative,-0.1,0.0,67,76,0.2941176470588235,0.2040816326530612,-0.09003601440576228,0.09003601440576228,0.7058823529411765,0.7755102040816326,0.06962785114045611,0.06962785114045611,1379.3529411764705,1132.4489795918366,-0.1,0.995,,0.1,0.5,0.7
previous_p_positive,0.25,0.5,687,688,0.1612903225806451,0.0714285714285714,-0.0898617511520737,0.0898617511520737,0.8225806451612904,0.9214285714285714,0.098847926267281,0.098847926267281,982.2258064516128,525.5857142857143,0.0,0.97,-0.1,0.1,,1.0
fresh_p_positive,0.97,0.995,529,556,0.1612903225806451,0.0714285714285714,-0.0898617511520737,0.0898617511520737,0.8387096774193549,0.9285714285714286,0.08986175115207373,0.08986175115207373,948.016129032258,572.0714285714286,0.0,,-0.1,0.25,0.5,0.7
previous_negative,-0.1,0.0,529,538,0.1612903225806451,0.0714285714285714,-0.0898617511520737,0.0898617511520737,0.8387096774193549,0.9285714285714286,0.08986175115207373,0.08986175115207373,948.016129032258,557.1357142857142,0.0,0.97,,0.25,0.5,0.7
previous_positive,0.0,0.1,640,643,0.1612903225806451,0.0714285714285714,-0.0898617511520737,0.0898617511520737,0.8387096774193549,0.9214285714285714,0.0827188940092165,0.0827188940092165,772.2096774193549,422.5785714285714,0.0,0.995,0.0,,0.5,0.85
fresh_negative,-0.1,-0.02,20,263,0.7142857142857143,0.625,-0.0892857142857143,0.0892857142857143,0.2142857142857142,0.375,0.1607142857142858,0.1607142857142858,2989.3571428571427,2877.125,,0.9,0.0,0.0,0.75,0.7
previous_p_positive,0.25,0.5,540,541,0.7142857142857143,0.625,-0.0892857142857143,0.0892857142857143,0.2142857142857142,0.3125,0.09821428571428581,0.09821428571428581,3146.5714285714284,2755.875,0.0,0.995,-0.25,0.0,,0.7
fresh_negative,-0.02,0.0,327,570,0.7142857142857143,0.625,-0.0892857142857143,0.0892857142857143,0.2857142857142857,0.375,0.0892857142857143,0.0892857142857143,2849.8571428571427,2562.5625,,0.9,-0.25,0.1,0.25,0.85
previous_positive,0.1,0.25,327,330,0.7142857142857143,0.625,-0.0892857142857143,0.0892857142857143,0.2857142857142857,0.375,0.0892857142857143,0.0892857142857143,2849.8571428571427,2671.625,-0.02,0.9,-0.25,,0.25,0.85
previous_p_positive,0.5,0.75,253,254,0.7142857142857143,0.625,-0.0892857142857143,0.0892857142857143,0.2857142857142857,0.375,0.0892857142857143,0.0892857142857143,3091.3571428571427,2630.0,-0.02,0.9,-0.1,0.0,,0.7
fresh_positive,0.85,1.0,87,168,0.625,0.7142857142857143,0.0892857142857143,0.0892857142857143,0.3125,0.2857142857142857,-0.0267857142857143,0.0267857142857143,2722.3125,2930.214285714286,-0.1,0.9,-0.25,0.25,0.25,
fresh_negative,-0.02,0.0,271,514,0.625,0.7142857142857143,0.0892857142857143,0.0892857142857143,0.3125,0.2857142857142857,-0.0267857142857143,0.0267857142857143,2955.0,2720.5,,0.97,-0.25,0.0,0.5,0.7
fresh_p_positive,0.97,0.995,271,298,0.625,0.7142857142857143,0.0892857142857143,0.0892857142857143,0.3125,0.2857142857142857,-0.0267857142857143,0.0267857142857143,2955.0,2837.285714285714,-0.02,,-0.25,0.0,0.5,0.7
fresh_p_positive,0.97,0.995,514,541,0.7142857142857143,0.625,-0.0892857142857143,0.0892857142857143,0.2857142857142857,0.3125,0.0267857142857143,0.0267857142857143,2720.5,2755.875,0.0,,-0.25,0.0,0.5,0.7
fresh_negative,-0.02,0.0,298,541,0.7142857142857143,0.625,-0.0892857142857143,0.0892857142857143,0.2857142857142857,0.3125,0.0267857142857143,0.0267857142857143,2837.285714285714,2755.875,,0.995,-0.25,0.0,0.5,0.7
fresh_p_positive,0.97,0.995,43,70,0.1923076923076923,0.1030927835051546,-0.08921490880253768,0.08921490880253768,0.8076923076923077,0.8969072164948454,0.08921490880253768,0.08921490880253768,1028.423076923077,672.6185567010309,-0.1,,-0.1,0.25,0.5,0.7
fresh_p_positive,0.9,0.97,673,700,0.1234567901234567,0.0344827586206896,-0.0889740315027671,0.0889740315027671,0.8641975308641975,0.9655172413793104,0.1013197105151129,0.1013197105151129,854.1604938271605,248.67586206896556,0.0,,0.0,0.25,0.5,1.0
previous_negative,-0.25,-0.1,601,610,0.1234567901234567,0.0344827586206896,-0.0889740315027671,0.0889740315027671,0.8641975308641975,0.9620689655172414,0.09787143465304393,0.09787143465304393,765.2716049382716,299.3172413793104,0.0,0.97,,0.25,0.5,0.85
previous_p_positive,0.25,0.5,120,121,0.2,0.1111111111111111,-0.0888888888888889,0.0888888888888889,0.8,0.8666666666666667,0.06666666666666665,0.06666666666666665,971.84,789.2777777777778,-0.1,0.97,-0.1,0.1,,0.85
fresh_p_positive,0.9,0.97,175,202,0.2272727272727272,0.1388888888888889,-0.08838383838383831,0.08838383838383831,0.7727272727272727,0.8611111111111112,0.08838383838383845,0.08838383838383845,1316.8636363636365,844.8888888888889,-0.1,,-0.1,0.1,0.5,1.0
fresh_negative,-0.02,0.0,459,702,0.5,0.5882352941176471,0.08823529411764708,0.08823529411764708,0.5,0.4117647058823529,-0.08823529411764708,0.08823529411764708,2144.7,2379.3529411764707,,0.995,-0.25,0.0,0.25,1.0
fresh_p_positive,0.9,0.97,580,607,0.217391304347826,0.1298701298701298,-0.0875211744776962,0.0875211744776962,0.7608695652173914,0.8701298701298701,0.10926030491247873,0.10926030491247873,1433.0217391304348,635.9090909090909,0.0,,-0.1,0.1,0.5,0.85
previous_positive,0.0,0.1,145,148,0.217391304347826,0.1298701298701298,-0.0875211744776962,0.0875211744776962,0.782608695652174,0.8701298701298701,0.08752117447769614,0.08752117447769614,946.4130434782608,664.9090909090909,-0.1,0.995,-0.1,,0.5,0.85
previous_negative,-0.25,-0.1,384,393,0.217391304347826,0.1298701298701298,-0.0875211744776962,0.0875211744776962,0.782608695652174,0.8701298701298701,0.08752117447769614,0.08752117447769614,1113.4130434782608,631.987012987013,-0.02,0.995,,0.25,0.25,0.85
fresh_p_positive,0.9,0.97,424,451,0.217391304347826,0.1298701298701298,-0.0875211744776962,0.0875211744776962,0.782608695652174,0.8571428571428571,0.07453416149068315,0.07453416149068315,1179.5652173913045,741.1558441558442,-0.02,,0.0,0.0,0.5,1.0
fresh_negative,-0.02,0.0,341,584,0.1587301587301587,0.0714285714285714,-0.0873015873015873,0.0873015873015873,0.8412698412698413,0.9214285714285714,0.0801587301587301,0.0801587301587301,950.6349206349206,697.3571428571429,,0.9,-0.1,0.25,0.75,0.85
previous_negative,-0.25,-0.1,575,584,0.1587301587301587,0.0714285714285714,-0.0873015873015873,0.0873015873015873,0.8412698412698413,0.9214285714285714,0.0801587301587301,0.0801587301587301,1122.5396825396826,697.3571428571429,0.0,0.9,,0.25,0.75,0.85
previous_positive,0.0,0.1,668,671,0.2222222222222222,0.1351351351351351,-0.08708708708708712,0.08708708708708712,0.7777777777777778,0.8648648648648649,0.08708708708708712,0.08708708708708712,1116.088888888889,876.5135135135135,0.0,0.9,0.0,,0.75,1.0
fresh_positive,0.7,0.85,269,350,0.2083333333333333,0.1219512195121951,-0.08638211382113818,0.08638211382113818,0.7708333333333334,0.8780487804878049,0.10721544715447151,0.10721544715447151,1196.5208333333333,906.170731707317,-0.02,0.9,0.0,0.25,0.75,
previous_negative,-0.25,-0.1,436,445,0.2083333333333333,0.1219512195121951,-0.08638211382113818,0.08638211382113818,0.7916666666666666,0.8780487804878049,0.08638211382113825,0.08638211382113825,969.1458333333334,736.0853658536586,-0.02,0.97,,0.1,0.5,1.0
previous_p_positive,0.5,0.75,358,359,0.1219512195121951,0.0355871886120996,-0.0863640309000955,0.0863640309000955,0.8780487804878049,0.9644128113879004,0.08636403090009548,0.08636403090009548,741.5365853658536,260.8683274021352,-0.02,0.97,-0.25,0.25,,0.85
previous_p_positive,0.5,0.75,715,716,0.1388888888888889,0.0526315789473684,-0.0862573099415205,0.0862573099415205,0.8611111111111112,0.936842105263158,0.07573099415204687,0.07573099415204687,635.3472222222222,330.66315789473686,0.0,0.995,-0.1,0.1,,1.0
previous_positive,0.1,0.25,48,51,0.2941176470588235,0.2083333333333333,-0.0857843137254902,0.0857843137254902,0.6470588235294118,0.7916666666666666,0.14460784313725483,0.14460784313725483,1674.9411764705883,1136.3541666666667,-0.1,0.97,0.0,,0.25,0.7
fresh_p_positive,0.9,0.97,671,698,0.1351351351351351,0.0495049504950495,-0.0856301846400856,0.0856301846400856,0.8648648648648649,0.9405940594059404,0.07572919454107552,0.07572919454107552,876.5135135135135,365.5495049504951,0.0,,0.0,0.1,0.75,1.0
fresh_negative,-0.1,-0.02,70,313,0.1030927835051546,0.1886792452830188,0.08558646177786419,0.08558646177786419,0.8969072164948454,0.8113207547169812,-0.08558646177786422,0.08558646177786422,672.6185567010309,1020.245283018868,,0.995,-0.1,0.25,0.5,0.7
previous_positive,0.0,0.1,191,194,0.2083333333333333,0.1234567901234567,-0.08487654320987659,0.08487654320987659,0.7916666666666666,0.8765432098765432,0.08487654320987659,0.08487654320987659,948.6875,733.8271604938271,-0.1,0.97,-0.25,,0.75,1.0
previous_p_positive,0.5,0.75,436,437,0.2083333333333333,0.1234567901234567,-0.08487654320987659,0.08487654320987659,0.7916666666666666,0.8765432098765432,0.08487654320987659,0.08487654320987659,969.1458333333334,728.1851851851852,-0.02,0.97,-0.25,0.1,,1.0
previous_negative,-0.1,0.0,712,721,0.2083333333333333,0.1234567901234567,-0.08487654320987659,0.08487654320987659,0.7916666666666666,0.8641975308641975,0.07253086419753085,0.07253086419753085,817.5,609.6543209876543,0.0,0.995,,0.0,0.5,1.0
fresh_negative,-0.02,0.0,430,673,0.2083333333333333,0.1234567901234567,-0.08487654320987659,0.08487654320987659,0.7916666666666666,0.8641975308641975,0.07253086419753085,0.07253086419753085,1058.4375,854.1604938271605,,0.9,0.0,0.25,0.5,1.0
fresh_positive,0.7,0.85,520,601,0.2083333333333333,0.1234567901234567,-0.08487654320987659,0.08487654320987659,0.7916666666666666,0.8641975308641975,0.07253086419753085,0.07253086419753085,1329.8333333333333,765.2716049382716,0.0,0.97,-0.25,0.25,0.5,
previous_negative,-0.25,-0.1,439,448,0.1388888888888889,0.054054054054054,-0.0848348348348349,0.0848348348348349,0.8472222222222222,0.945945945945946,0.09872372372372384,0.09872372372372384,882.4305555555555,392.7783783783784,-0.02,0.97,,0.25,0.5,1.0
previous_negative,-0.1,0.0,93,102,0.4545454545454545,0.3703703703703703,-0.08417508417508418,0.08417508417508418,0.5454545454545454,0.5925925925925926,0.047138047138047146,0.047138047138047146,2064.5,1986.074074074074,-0.1,0.9,,0.1,0.25,0.85
previous_positive,0.0,0.1,361,364,0.2040816326530612,0.1204819277108433,-0.0835997049422179,0.0835997049422179,0.7959183673469388,0.8795180722891566,0.0835997049422178,0.0835997049422178,1017.1632653061224,786.0120481927711,-0.02,0.97,-0.1,,0.5,0.85
fresh_p_positive,0.97,0.995,517,544,0.5,0.4166666666666667,-0.08333333333333331,0.08333333333333331,0.45,0.5833333333333334,0.13333333333333336,0.13333333333333336,2235.85,2065.6666666666665,0.0,,-0.25,0.1,0.5,0.7
previous_positive,0.0,0.1,216,219,0.5,0.4166666666666667,-0.08333333333333331,0.08333333333333331,0.45,0.5833333333333334,0.13333333333333336,0.13333333333333336,2364.5,2001.75,-0.1,0.995,-0.25,,0.25,1.0
previous_positive,0.1,0.25,318,321,0.2222222222222222,0.1388888888888889,-0.08333333333333331,0.08333333333333331,0.7555555555555555,0.8611111111111112,0.10555555555555562,0.10555555555555562,1215.3777777777775,807.4305555555555,-0.02,0.995,0.0,,0.25,0.7
fresh_negative,-0.02,0.0,274,517,0.4166666666666667,0.5,0.08333333333333331,0.08333333333333331,0.5416666666666666,0.45,-0.09166666666666662,0.09166666666666662,2300.0,2235.85,,0.97,-0.25,0.1,0.5,0.7
previous_positive,0.0,0.1,459,462,0.5,0.4166666666666667,-0.08333333333333331,0.08333333333333331,0.5,0.5833333333333334,0.08333333333333337,0.08333333333333337,2144.7,2002.2916666666667,-0.02,0.995,-0.25,,0.25,1.0
previous_positive,0.0,0.1,378,381,0.5,0.4166666666666667,-0.08333333333333331,0.08333333333333331,0.5,0.5833333333333334,0.08333333333333337,0.08333333333333337,2254.05,1835.4583333333333,-0.02,0.995,-0.25,,0.25,0.85
fresh_negative,-0.02,0.0,342,585,0.3333333333333333,0.25,-0.08333333333333331,0.08333333333333331,0.6666666666666666,0.725,0.05833333333333335,0.05833333333333335,1736.2,1401.175,,0.9,0.0,0.0,0.25,0.85
fresh_negative,-0.1,-0.02,14,257,0.5,0.4166666666666667,-0.08333333333333331,0.08333333333333331,0.5,0.5416666666666666,0.04166666666666663,0.04166666666666663,2508.05,1966.375,,0.9,-0.1,0.1,0.75,0.7
previous_negative,-0.1,0.0,308,317,0.4166666666666667,0.5,0.08333333333333331,0.08333333333333331,0.5,0.5,0.0,0.0,2289.4166666666665,1963.5,-0.02,0.995,,0.0,0.75,0.7
fresh_negative,-0.1,-0.02,66,309,0.4166666666666667,0.5,0.08333333333333331,0.08333333333333331,0.5,0.5,0.0,0.0,2343.5416666666665,2158.8,,0.995,-0.1,0.1,0.25,0.7
fresh_negative,-0.1,-0.02,107,350,0.2040816326530612,0.1219512195121951,-0.0821304131408661,0.0821304131408661,0.7959183673469388,0.8780487804878049,0.08213041314086611,0.08213041314086611,1123.0,906.170731707317,,0.9,0.0,0.25,0.75,0.85
fresh_p_positive,0.9,0.97,418,445,0.2040816326530612,0.1219512195121951,-0.0821304131408661,0.0821304131408661,0.7959183673469388,0.8780487804878049,0.08213041314086611,0.08213041314086611,1171.142857142857,736.0853658536586,-0.02,,-0.1,0.1,0.5,1.0
fresh_negative,-0.1,-0.02,174,417,0.3448275862068966,0.2631578947368421,-0.08166969147005448,0.08166969147005448,0.6551724137931034,0.7368421052631579,0.08166969147005443,0.08166969147005443,1741.1724137931035,1201.0526315789473,,0.9,-0.1,0.1,0.25,1.0
previous_negative,-0.1,0.0,201,210,0.1612903225806451,0.0806451612903225,-0.0806451612903226,0.0806451612903226,0.8387096774193549,0.9193548387096774,0.08064516129032251,0.08064516129032251,847.483870967742,476.75,-0.1,0.97,,0.1,0.25,1.0
previous_negative,-0.1,0.0,468,477,0.2040816326530612,0.1234567901234567,-0.0806248425296045,0.0806248425296045,0.7755102040816326,0.8765432098765432,0.10103300579491059,0.10103300579491059,973.2244897959184,607.1728395061729,-0.02,0.995,,0.0,0.25,1.0
fresh_p_positive,0.9,0.97,410,437,0.2040816326530612,0.1234567901234567,-0.0806248425296045,0.0806248425296045,0.7959183673469388,0.8765432098765432,0.08062484252960445,0.08062484252960445,1214.061224489796,728.1851851851852,-0.02,,-0.25,0.1,0.75,1.0
fresh_positive,0.7,0.85,512,593,0.2040816326530612,0.1234567901234567,-0.0806248425296045,0.0806248425296045,0.7959183673469388,0.8765432098765432,0.08062484252960445,0.08062484252960445,1288.428571428571,826.4444444444445,0.0,0.9,0.0,0.25,0.75,
previous_negative,-0.25,-0.1,223,232,0.1298701298701298,0.0495049504950495,-0.08036517937508031,0.08036517937508031,0.8571428571428571,0.9455445544554456,0.08840169731258851,0.08840169731258851,756.6233766233767,303.5,-0.1,0.995,,0.25,0.5,1.0
previous_p_positive,0.25,0.5,636,637,0.1298701298701298,0.0495049504950495,-0.08036517937508031,0.08036517937508031,0.8701298701298701,0.9504950495049505,0.08036517937508036,0.08036517937508036,650.3116883116883,323.480198019802,0.0,0.995,-0.1,0.25,,0.85
previous_positive,0.1,0.25,372,375,0.1298701298701298,0.0495049504950495,-0.08036517937508031,0.08036517937508031,0.8701298701298701,0.9504950495049505,0.08036517937508036,0.08036517937508036,669.7012987012987,385.8019801980198,-0.02,0.97,0.0,,0.25,0.85
fresh_positive,0.7,0.85,52,133,0.1298701298701298,0.0495049504950495,-0.08036517937508031,0.08036517937508031,0.8701298701298701,0.9504950495049505,0.08036517937508036,0.08036517937508036,757.4545454545455,376.8217821782178,-0.1,0.97,0.0,0.25,0.5,
previous_negative,-0.1,0.0,636,645,0.1298701298701298,0.0495049504950495,-0.08036517937508031,0.08036517937508031,0.8701298701298701,0.9455445544554456,0.07541468432557552,0.07541468432557552,650.3116883116883,292.51485148514854,0.0,0.995,,0.25,0.25,0.85
previous_p_positive,0.5,0.75,115,116,0.1162790697674418,0.0359712230215827,-0.08030784674585911,0.08030784674585911,0.8837209302325582,0.9640287769784172,0.080307846745859,0.080307846745859,875.953488372093,337.6007194244604,-0.1,0.97,-0.25,0.25,,0.85
previous_p_positive,0.5,0.75,439,440,0.1388888888888889,0.059171597633136,-0.07971729125575289,0.07971729125575289,0.8472222222222222,0.9349112426035504,0.0876890203813282,0.0876890203813282,882.4305555555555,399.0769230769231,-0.02,0.97,-0.25,0.25,,1.0
fresh_positive,0.7,0.85,321,402,0.1388888888888889,0.059171597633136,-0.07971729125575289,0.07971729125575289,0.8611111111111112,0.940828402366864,0.07971729125575289,0.07971729125575289,807.4305555555555,359.396449704142,-0.02,0.995,0.0,0.25,0.25,
previous_p_positive,0.25,0.5,363,364,0.2,0.1204819277108433,-0.07951807228915671,0.07951807228915671,0.8,0.8795180722891566,0.07951807228915653,0.07951807228915653,1012.68,786.0120481927711,-0.02,0.97,-0.1,0.1,,0.85
previous_negative,-0.25,-0.1,355,364,0.2,0.1204819277108433,-0.07951807228915671,0.07951807228915671,0.8,0.8795180722891566,0.07951807228915653,0.07951807228915653,1068.04,786.0120481927711,-0.02,0.97,,0.1,0.5,0.85
fresh_negative,-0.1,-0.02,60,303,0.5555555555555556,0.4761904761904761,-0.07936507936507947,0.07936507936507947,0.3888888888888889,0.5238095238095238,0.13492063492063494,0.13492063492063494,2510.055555555556,2099.904761904762,,0.995,-0.25,0.25,0.25,0.7
previous_positive,0.0,0.1,648,651,0.5555555555555556,0.4761904761904761,-0.07936507936507947,0.07936507936507947,0.3888888888888889,0.5238095238095238,0.13492063492063494,0.13492063492063494,2598.333333333333,2450.809523809524,0.0,0.9,-0.25,,0.25,1.0
previous_p_positive,0.5,0.75,22,23,0.5555555555555556,0.4761904761904761,-0.07936507936507947,0.07936507936507947,0.3888888888888889,0.5238095238095238,0.13492063492063494,0.13492063492063494,2896.6666666666665,2299.4761904761904,-0.1,0.9,0.0,0.1,,0.7
fresh_p_positive,0.97,0.995,280,307,0.4761904761904761,0.5555555555555556,0.07936507936507947,0.07936507936507947,0.4761904761904761,0.3888888888888889,-0.08730158730158721,0.08730158730158721,2447.428571428572,2368.9444444444443,-0.02,,-0.1,0.0,0.5,0.7
previous_p_positive,0.25,0.5,279,280,0.5555555555555556,0.4761904761904761,-0.07936507936507947,0.07936507936507947,0.3888888888888889,0.4761904761904761,0.08730158730158721,0.08730158730158721,2590.777777777778,2447.428571428572,-0.02,0.97,-0.1,0.0,,0.7
fresh_negative,-0.02,0.0,432,675,0.4761904761904761,0.5555555555555556,0.07936507936507947,0.07936507936507947,0.5238095238095238,0.4444444444444444,-0.07936507936507942,0.07936507936507942,2214.4761904761904,2288.1666666666665,,0.97,-0.25,0.0,0.25,1.0
fresh_negative,-0.02,0.0,248,491,0.4761904761904761,0.5555555555555556,0.07936507936507947,0.07936507936507947,0.5238095238095238,0.4444444444444444,-0.07936507936507942,0.07936507936507942,2340.2380952380954,2409.777777777778,,0.9,-0.25,0.1,0.75,0.7
fresh_negative,-0.02,0.0,299,542,0.5555555555555556,0.4761904761904761,-0.07936507936507947,0.07936507936507947,0.4444444444444444,0.5238095238095238,0.07936507936507942,0.07936507936507942,2192.6111111111118,1997.857142857143,,0.995,-0.25,0.0,0.75,0.7
fresh_p_positive,0.97,0.995,515,542,0.5555555555555556,0.4761904761904761,-0.07936507936507947,0.07936507936507947,0.4444444444444444,0.5238095238095238,0.07936507936507942,0.07936507936507942,2193.5,1997.857142857143,0.0,,-0.25,0.0,0.75,0.7
fresh_p_positive,0.97,0.995,108,135,0.5555555555555556,0.4761904761904761,-0.07936507936507947,0.07936507936507947,0.4444444444444444,0.5238095238095238,0.07936507936507942,0.07936507936507942,2233.777777777778,2130.714285714286,-0.1,,-0.25,0.0,0.25,0.85
previous_negative,-0.25,-0.1,491,500,0.5555555555555556,0.4761904761904761,-0.07936507936507947,0.07936507936507947,0.4444444444444444,0.5238095238095238,0.07936507936507942,0.07936507936507942,2409.777777777778,2182.285714285714,0.0,0.9,,0.1,0.75,0.7
previous_positive,0.0,0.1,325,328,0.5555555555555556,0.4761904761904761,-0.07936507936507947,0.07936507936507947,0.4444444444444444,0.5238095238095238,0.07936507936507942,0.07936507936507942,2488.3888888888887,2230.714285714286,-0.02,0.9,-0.25,,0.5,0.85
previous_negative,-0.1,0.0,499,508,0.5555555555555556,0.4761904761904761,-0.07936507936507947,0.07936507936507947,0.4444444444444444,0.5238095238095238,0.07936507936507942,0.07936507936507942,2674.277777777778,2151.333333333333,0.0,0.9,,0.1,0.5,0.7
previous_p_positive,0.5,0.75,499,500,0.5555555555555556,0.4761904761904761,-0.07936507936507947,0.07936507936507947,0.4444444444444444,0.5238095238095238,0.07936507936507942,0.07936507936507942,2674.277777777778,2182.285714285714,0.0,0.9,-0.1,0.1,,0.7
fresh_negative,-0.02,0.0,307,550,0.5555555555555556,0.4761904761904761,-0.07936507936507947,0.07936507936507947,0.3888888888888889,0.4285714285714285,0.0396825396825396,0.0396825396825396,2368.9444444444443,2456.3809523809523,,0.995,-0.1,0.0,0.5,0.7
previous_p_positive,0.25,0.5,549,550,0.5555555555555556,0.4761904761904761,-0.07936507936507947,0.07936507936507947,0.3888888888888889,0.4285714285714285,0.0396825396825396,0.0396825396825396,2762.555555555556,2456.3809523809523,0.0,0.995,-0.1,0.0,,0.7
fresh_negative,-0.1,-0.02,37,280,0.5555555555555556,0.4761904761904761,-0.07936507936507947,0.07936507936507947,0.4444444444444444,0.4761904761904761,0.03174603174603169,0.03174603174603169,2420.9444444444443,2447.428571428572,,0.97,-0.1,0.0,0.5,0.7
previous_p_positive,0.5,0.75,574,575,0.238095238095238,0.1587301587301587,-0.0793650793650793,0.0793650793650793,0.7619047619047619,0.8412698412698413,0.07936507936507942,0.07936507936507942,1407.2857142857142,1122.5396825396826,0.0,0.9,-0.25,0.25,,0.85
fresh_positive,0.7,0.85,268,349,0.238095238095238,0.1587301587301587,-0.0793650793650793,0.0793650793650793,0.7619047619047619,0.8412698412698413,0.07936507936507942,0.07936507936507942,1504.6190476190477,976.15873015873,-0.02,0.9,0.0,0.25,0.5,
previous_positive,0.0,0.1,388,391,0.217391304347826,0.1388888888888889,-0.0785024154589371,0.0785024154589371,0.7608695652173914,0.8611111111111112,0.10024154589371981,0.10024154589371981,952.2608695652174,615.8611111111111,-0.02,0.995,-0.1,,0.5,0.85
previous_negative,-0.1,0.0,603,612,0.217391304347826,0.1388888888888889,-0.0785024154589371,0.0785024154589371,0.7608695652173914,0.8472222222222222,0.08635265700483086,0.08635265700483086,1135.3260869565215,773.8055555555555,0.0,0.97,,0.0,0.25,0.85
previous_negative,-0.1,0.0,145,154,0.217391304347826,0.1388888888888889,-0.0785024154589371,0.0785024154589371,0.782608695652174,0.8611111111111112,0.07850241545893721,0.07850241545893721,946.4130434782608,690.5694444444445,-0.1,0.995,,0.0,0.5,0.85
fresh_positive,0.7,0.85,312,393,0.2083333333333333,0.1298701298701298,-0.07846320346320348,0.07846320346320348,0.75,0.8701298701298701,0.12012987012987009,0.12012987012987009,1340.7291666666667,631.987012987013,-0.02,0.995,-0.1,0.25,0.25,
fresh_positive,0.7,0.85,555,636,0.2083333333333333,0.1298701298701298,-0.07846320346320348,0.07846320346320348,0.7708333333333334,0.8701298701298701,0.09929653679653672,0.09929653679653672,1378.2291666666667,650.3116883116883,0.0,0.995,-0.1,0.25,0.25,
previous_p_positive,0.25,0.5,51,52,0.2083333333333333,0.1298701298701298,-0.07846320346320348,0.07846320346320348,0.7916666666666666,0.8701298701298701,0.07846320346320346,0.07846320346320346,1136.3541666666667,757.4545454545455,-0.1,0.97,0.0,0.25,,0.7
previous_negative,-0.1,0.0,711,720,0.2083333333333333,0.1298701298701298,-0.07846320346320348,0.07846320346320348,0.7916666666666666,0.8571428571428571,0.06547619047619047,0.06547619047619047,909.0208333333334,698.1948051948052,0.0,0.995,,0.0,0.25,1.0
fresh_positive,0.85,1.0,84,165,0.6666666666666666,0.5882352941176471,-0.07843137254901955,0.07843137254901955,0.2666666666666666,0.4117647058823529,0.14509803921568631,0.14509803921568631,3403.9333333333334,2680.529411764706,-0.1,0.9,-0.25,0.1,0.25,
previous_positive,0.0,0.1,442,445,0.2,0.1219512195121951,-0.0780487804878049,0.0780487804878049,0.78,0.8780487804878049,0.09804878048780485,0.09804878048780485,981.1,736.0853658536586,-0.02,0.97,-0.1,,0.5,1.0
fresh_positive,0.85,1.0,350,431,0.1219512195121951,0.2,0.0780487804878049,0.0780487804878049,0.8780487804878049,0.8,-0.07804878048780484,0.07804878048780484,906.170731707317,960.28,-0.02,0.9,0.0,0.25,0.75,
previous_positive,0.1,0.25,355,358,0.2,0.1219512195121951,-0.0780487804878049,0.0780487804878049,0.8,0.8780487804878049,0.07804878048780484,0.07804878048780484,1068.04,741.5365853658536,-0.02,0.97,-0.25,,0.5,0.85
previous_negative,-0.1,0.0,690,699,0.1234567901234567,0.0454545454545454,-0.0780022446689113,0.0780022446689113,0.8765432098765432,0.9545454545454546,0.07800224466891137,0.07800224466891137,751.0987654320987,306.7,0.0,0.97,,0.25,0.25,1.0
previous_negative,-0.1,0.0,524,533,0.4347826086956521,0.3571428571428571,-0.07763975155279501,0.07763975155279501,0.5217391304347826,0.6071428571428571,0.0854037267080745,0.0854037267080745,1969.695652173913,1937.607142857143,0.0,0.97,,0.0,0.75,0.7
previous_negative,-0.25,-0.1,217,226,0.25,0.1724137931034483,-0.07758620689655171,0.07758620689655171,0.75,0.8103448275862069,0.06034482758620685,0.06034482758620685,1185.375,894.8103448275862,-0.1,0.995,,0.0,0.5,1.0
previous_p_positive,0.5,0.75,442,443,0.2,0.1234567901234567,-0.07654320987654331,0.07654320987654331,0.78,0.8641975308641975,0.08419753086419746,0.08419753086419746,981.1,750.1111111111111,-0.02,0.97,-0.1,0.0,,1.0
previous_positive,0.0,0.1,461,464,0.2,0.1234567901234567,-0.07654320987654331,0.07654320987654331,0.8,0.8765432098765432,0.07654320987654317,0.07654320987654317,844.22,599.8024691358024,-0.02,0.995,-0.25,,0.75,1.0
previous_negative,-0.1,0.0,713,722,0.2,0.1234567901234567,-0.07654320987654331,0.07654320987654331,0.8,0.8765432098765432,0.07654320987654317,0.07654320987654317,867.62,620.074074074074,0.0,0.995,,0.0,0.75,1.0
previous_positive,0.1,0.25,363,366,0.2,0.1234567901234567,-0.07654320987654331,0.07654320987654331,0.8,0.8641975308641975,0.06419753086419744,0.06419753086419744,1012.68,763.2469135802469,-0.02,0.97,-0.1,,0.25,0.85
fresh_p_positive,0.97,0.995,532,559,0.4,0.4761904761904761,0.07619047619047609,0.07619047619047609,0.6,0.4761904761904761,-0.12380952380952387,0.12380952380952387,1825.72,2198.5238095238096,0.0,,0.0,0.0,0.5,0.7
fresh_negative,-0.02,0.0,316,559,0.4,0.4761904761904761,0.07619047619047609,0.07619047619047609,0.56,0.4761904761904761,-0.08380952380952394,0.08380952380952394,2055.44,2198.5238095238096,,0.995,0.0,0.0,0.5,0.7
previous_p_positive,0.5,0.75,559,560,0.4761904761904761,0.4,-0.07619047619047609,0.07619047619047609,0.4761904761904761,0.56,0.08380952380952394,0.08380952380952394,2198.5238095238096,1898.32,0.0,0.995,0.0,0.0,,0.7
previous_negative,-0.1,0.0,65,74,0.4761904761904761,0.4,-0.07619047619047609,0.07619047619047609,0.4761904761904761,0.56,0.08380952380952394,0.08380952380952394,2235.8571428571427,1837.12,-0.1,0.995,,0.0,0.75,0.7
previous_negative,-0.1,0.0,280,289,0.4761904761904761,0.4,-0.07619047619047609,0.07619047619047609,0.4761904761904761,0.56,0.08380952380952394,0.08380952380952394,2447.428571428572,1961.76,-0.02,0.97,,0.0,0.5,0.7
fresh_positive,0.85,1.0,111,192,0.4,0.4761904761904761,0.07619047619047609,0.07619047619047609,0.6,0.5238095238095238,-0.07619047619047614,0.07619047619047614,1976.84,1999.2857142857144,-0.1,0.97,-0.25,0.1,0.25,
previous_positive,0.1,0.25,192,195,0.4761904761904761,0.4,-0.07619047619047609,0.07619047619047609,0.5238095238095238,0.6,0.07619047619047614,0.07619047619047614,1999.2857142857144,1800.56,-0.1,0.97,-0.25,,0.25,1.0
previous_positive,0.0,0.1,135,138,0.4761904761904761,0.4,-0.07619047619047609,0.07619047619047609,0.5238095238095238,0.6,0.07619047619047614,0.07619047619047614,2130.714285714286,2129.04,-0.1,0.995,-0.25,,0.25,0.85
fresh_negative,-0.02,0.0,328,571,0.4761904761904761,0.4,-0.07619047619047609,0.07619047619047609,0.5238095238095238,0.6,0.07619047619047614,0.07619047619047614,2230.714285714286,2028.6,,0.9,-0.25,0.1,0.5,0.85
previous_positive,0.1,0.25,23,26,0.4761904761904761,0.4,-0.07619047619047609,0.07619047619047609,0.5238095238095238,0.6,0.07619047619047614,0.07619047619047614,2299.4761904761904,1808.16,-0.1,0.9,0.0,,0.75,0.7
previous_p_positive,0.5,0.75,280,281,0.4761904761904761,0.4,-0.07619047619047609,0.07619047619047609,0.4761904761904761,0.52,0.04380952380952391,0.04380952380952391,2447.428571428572,2164.36,-0.02,0.97,-0.1,0.0,,0.7
fresh_negative,-0.1,-0.02,73,316,0.4761904761904761,0.4,-0.07619047619047609,0.07619047619047609,0.5238095238095238,0.56,0.03619047619047622,0.03619047619047622,2150.190476190476,2055.44,,0.995,0.0,0.0,0.5,0.7
previous_p_positive,0.5,0.75,73,74,0.4761904761904761,0.4,-0.07619047619047609,0.07619047619047609,0.5238095238095238,0.56,0.03619047619047622,0.03619047619047622,2150.190476190476,1837.12,-0.1,0.995,0.0,0.0,,0.7
fresh_p_positive,0.97,0.995,31,58,0.4761904761904761,0.4,-0.07619047619047609,0.07619047619047609,0.5238095238095238,0.56,0.03619047619047622,0.03619047619047622,2171.0476190476197,2167.08,-0.1,,-0.25,0.1,0.5,0.7
previous_negative,-0.25,-0.1,682,691,0.1351351351351351,0.059171597633136,-0.07596353750199908,0.07596353750199908,0.8513513513513513,0.9349112426035504,0.08355989125219909,0.08355989125219909,898.8243243243244,428.14201183431953,0.0,0.97,,0.25,0.5,1.0
previous_p_positive,0.5,0.75,223,224,0.1298701298701298,0.054054054054054,-0.0758160758160758,0.0758160758160758,0.8571428571428571,0.945945945945946,0.08880308880308896,0.08880308880308896,756.6233766233767,302.46486486486486,-0.1,0.995,-0.25,0.25,,1.0
fresh_negative,-0.1,-0.02,54,297,0.8333333333333334,0.9090909090909092,0.0757575757575758,0.0757575757575758,0.1666666666666666,0.0909090909090909,-0.0757575757575757,0.0757575757575757,3135.5,3354.090909090909,,0.995,-0.25,0.0,0.25,0.7
previous_negative,-0.1,0.0,10,19,0.9090909090909092,0.8333333333333334,-0.0757575757575758,0.0757575757575758,0.0909090909090909,0.1666666666666666,0.0757575757575757,0.0757575757575757,3345.909090909091,3393.5,-0.1,0.9,,0.0,0.5,0.7
previous_p_positive,0.5,0.75,10,11,0.9090909090909092,0.8333333333333334,-0.0757575757575758,0.0757575757575758,0.0909090909090909,0.1666666666666666,0.0757575757575757,0.0757575757575757,3345.909090909091,3366.6666666666665,-0.1,0.9,-0.1,0.0,,0.7
fresh_negative,-0.02,0.0,245,488,0.9090909090909092,0.8333333333333334,-0.0757575757575758,0.0757575757575758,0.0909090909090909,0.1666666666666666,0.0757575757575757,0.0757575757575757,3353.6363636363635,3106.333333333333,,0.9,-0.25,0.0,0.75,0.7
fresh_negative,-0.02,0.0,270,513,0.9090909090909092,0.8333333333333334,-0.0757575757575758,0.0757575757575758,0.0909090909090909,0.1666666666666666,0.0757575757575757,0.0757575757575757,3353.818181818182,3268.833333333333,,0.97,-0.25,0.0,0.25,0.7
previous_positive,0.0,0.1,270,273,0.9090909090909092,0.8333333333333334,-0.0757575757575758,0.0757575757575758,0.0909090909090909,0.1666666666666666,0.0757575757575757,0.0757575757575757,3353.818181818182,3268.833333333333,-0.02,0.97,-0.25,,0.25,0.7
fresh_p_positive,0.97,0.995,27,54,0.9090909090909092,0.8333333333333334,-0.0757575757575758,0.0757575757575758,0.0909090909090909,0.1666666666666666,0.0757575757575757,0.0757575757575757,3369.7272727272725,3135.5,-0.1,,-0.25,0.0,0.25,0.7
previous_positive,0.0,0.1,27,30,0.9090909090909092,0.8333333333333334,-0.0757575757575758,0.0757575757575758,0.0909090909090909,0.1666666666666666,0.0757575757575757,0.0757575757575757,3369.7272727272725,3372.0,-0.1,0.97,-0.25,,0.25,0.7
fresh_positive,0.85,1.0,81,162,0.9090909090909092,0.8333333333333334,-0.0757575757575758,0.0757575757575758,0.0909090909090909,0.1666666666666666,0.0757575757575757,0.0757575757575757,3474.0,3372.333333333333,-0.1,0.9,-0.25,0.0,0.25,
previous_negative,-0.25,-0.1,489,498,0.9090909090909092,0.8333333333333334,-0.0757575757575758,0.0757575757575758,0.0909090909090909,0.1666666666666666,0.0757575757575757,0.0757575757575757,3490.090909090909,3285.4166666666665,0.0,0.9,,0.1,0.25,0.7
fresh_p_positive,0.9,0.97,486,513,0.9090909090909092,0.8333333333333334,-0.0757575757575758,0.0757575757575758,0.0909090909090909,0.1666666666666666,0.0757575757575757,0.0757575757575757,3491.7272727272725,3268.833333333333,0.0,,-0.25,0.0,0.25,0.7
previous_negative,-0.25,-0.1,486,495,0.9090909090909092,0.8333333333333334,-0.0757575757575758,0.0757575757575758,0.0909090909090909,0.1666666666666666,0.0757575757575757,0.0757575757575757,3491.7272727272725,3363.4166666666665,0.0,0.9,,0.0,0.25,0.7
previous_p_positive,0.25,0.5,486,487,0.9090909090909092,0.8333333333333334,-0.0757575757575758,0.0757575757575758,0.0909090909090909,0.1666666666666666,0.0757575757575757,0.0757575757575757,3491.7272727272725,3362.1666666666665,0.0,0.9,-0.25,0.0,,0.7
fresh_negative,-0.1,-0.02,4,247,0.9090909090909092,0.8333333333333334,-0.0757575757575758,0.0757575757575758,0.0909090909090909,0.1666666666666666,0.0757575757575757,0.0757575757575757,3523.090909090909,3245.25,,0.9,-0.25,0.1,0.5,0.7
previous_positive,0.1,0.25,4,7,0.9090909090909092,0.8333333333333334,-0.0757575757575758,0.0757575757575758,0.0909090909090909,0.1666666666666666,0.0757575757575757,0.0757575757575757,3523.090909090909,3318.833333333333,-0.1,0.9,-0.25,,0.5,0.7
previous_p_positive,0.5,0.75,4,5,0.9090909090909092,0.8333333333333334,-0.0757575757575758,0.0757575757575758,0.0909090909090909,0.1666666666666666,0.0757575757575757,0.0757575757575757,3523.090909090909,3116.25,-0.1,0.9,-0.25,0.1,,0.7
previous_negative,-0.25,-0.1,2,11,0.9090909090909092,0.8333333333333334,-0.0757575757575758,0.0757575757575758,0.0909090909090909,0.1666666666666666,0.0757575757575757,0.0757575757575757,3533.3636363636365,3366.6666666666665,-0.1,0.9,,0.0,0.75,0.7
previous_positive,0.0,0.1,2,5,0.9090909090909092,0.8333333333333334,-0.0757575757575758,0.0757575757575758,0.0909090909090909,0.1666666666666666,0.0757575757575757,0.0757575757575757,3533.3636363636365,3116.25,-0.1,0.9,-0.25,,0.75,0.7
fresh_p_positive,0.9,0.97,246,273,0.9090909090909092,0.8333333333333334,-0.0757575757575758,0.0757575757575758,0.0909090909090909,0.1666666666666666,0.0757575757575757,0.0757575757575757,3590.181818181818,3268.833333333333,-0.02,,-0.25,0.1,0.25,0.7
previous_p_positive,0.25,0.5,246,247,0.9090909090909092,0.8333333333333334,-0.0757575757575758,0.0757575757575758,0.0909090909090909,0.1666666666666666,0.0757575757575757,0.0757575757575757,3590.181818181818,3245.25,-0.02,0.9,-0.25,0.1,,0.7
previous_p_positive,0.25,0.5,18,19,0.9090909090909092,0.8333333333333334,-0.0757575757575758,0.0757575757575758,0.0909090909090909,0.1666666666666666,0.0757575757575757,0.0757575757575757,3643.363636363637,3393.5,-0.1,0.9,0.0,0.0,,0.7
previous_negative,-0.25,-0.1,246,255,0.9090909090909092,0.8333333333333334,-0.0757575757575758,0.0757575757575758,0.0909090909090909,0.0833333333333333,-0.007575757575757597,0.007575757575757597,3590.181818181818,3620.75,-0.02,0.9,,0.1,0.25,0.7
previous_positive,0.1,0.25,715,718,0.1388888888888889,0.0636942675159235,-0.0751946213729654,0.0751946213729654,0.8611111111111112,0.9363057324840764,0.07519462137296529,0.07519462137296529,635.3472222222222,351.61146496815286,0.0,0.995,-0.1,,0.5,1.0
previous_negative,-0.1,0.0,202,211,0.1388888888888889,0.0636942675159235,-0.0751946213729654,0.0751946213729654,0.8611111111111112,0.929936305732484,0.06882519462137282,0.06882519462137282,844.8888888888889,435.0254777070064,-0.1,0.97,,0.1,0.5,1.0
previous_positive,0.1,0.25,714,717,0.2040816326530612,0.1298701298701298,-0.0742115027829314,0.0742115027829314,0.7959183673469388,0.8701298701298701,0.07421150278293132,0.07421150278293132,850.8163265306123,659.4025974025974,0.0,0.995,-0.1,,0.25,1.0
previous_positive,0.1,0.25,633,636,0.2040816326530612,0.1298701298701298,-0.0742115027829314,0.0742115027829314,0.7959183673469388,0.8701298701298701,0.07421150278293132,0.07421150278293132,862.1428571428571,650.3116883116883,0.0,0.995,-0.1,,0.25,0.85
previous_positive,0.1,0.25,390,393,0.2040816326530612,0.1298701298701298,-0.0742115027829314,0.0742115027829314,0.7959183673469388,0.8701298701298701,0.07421150278293132,0.07421150278293132,949.734693877551,631.987012987013,-0.02,0.995,-0.1,,0.25,0.85
previous_negative,-0.1,0.0,361,370,0.2040816326530612,0.1298701298701298,-0.0742115027829314,0.0742115027829314,0.7959183673469388,0.8441558441558441,0.04823747680890533,0.04823747680890533,1017.1632653061224,783.1818181818181,-0.02,0.97,,0.0,0.5,0.85
previous_p_positive,0.25,0.5,444,445,0.196078431372549,0.1219512195121951,-0.07412721186035388,0.07412721186035388,0.803921568627451,0.8780487804878049,0.07412721186035387,0.07412721186035387,976.0980392156864,736.0853658536586,-0.02,0.97,-0.1,0.1,,1.0
previous_negative,-0.1,0.0,366,375,0.1234567901234567,0.0495049504950495,-0.0739518396284072,0.0739518396284072,0.8641975308641975,0.9504950495049505,0.08629751864075297,0.08629751864075297,763.2469135802469,385.8019801980198,-0.02,0.97,,0.25,0.25,0.85
previous_positive,0.0,0.1,695,698,0.1234567901234567,0.0495049504950495,-0.0739518396284072,0.0739518396284072,0.8641975308641975,0.9405940594059404,0.07639652854174295,0.07639652854174295,667.2716049382716,365.5495049504951,0.0,0.97,0.0,,0.75,1.0
previous_p_positive,0.25,0.5,231,232,0.1234567901234567,0.0495049504950495,-0.0739518396284072,0.0739518396284072,0.8765432098765432,0.9455445544554456,0.06900134457890239,0.06900134457890239,627.5802469135803,303.5,-0.1,0.995,-0.1,0.25,,1.0
previous_negative,-0.25,-0.1,655,664,0.2325581395348837,0.1587301587301587,-0.073827980804725,0.073827980804725,0.7209302325581395,0.8253968253968254,0.10446659283868587,0.10446659283868587,1383.9302325581396,1073.0,0.0,0.9,,0.25,0.5,1.0
fresh_positive,0.7,0.85,251,332,0.2325581395348837,0.1587301587301587,-0.073827980804725,0.073827980804725,0.7441860465116279,0.8412698412698413,0.09708379475821338,0.09708379475821338,1637.3720930232555,1167.3650793650793,-0.02,0.9,-0.25,0.25,0.75,
previous_positive,0.0,0.1,128,131,0.1388888888888889,0.0657894736842105,-0.0730994152046784,0.0730994152046784,0.8472222222222222,0.9342105263157896,0.08698830409356739,0.08698830409356739,811.2361111111111,419.7368421052632,-0.1,0.97,0.0,,0.75,0.85
previous_positive,0.0,0.1,155,158,0.1388888888888889,0.0657894736842105,-0.0730994152046784,0.0730994152046784,0.8472222222222222,0.9276315789473684,0.08040935672514615,0.08040935672514615,792.0694444444445,353.4671052631579,-0.1,0.995,0.0,,0.75,0.85
previous_p_positive,0.5,0.75,202,203,0.1388888888888889,0.0657894736842105,-0.0730994152046784,0.0730994152046784,0.8611111111111112,0.9342105263157896,0.07309941520467844,0.07309941520467844,844.8888888888889,431.6578947368421,-0.1,0.97,-0.1,0.1,,1.0
previous_positive,0.0,0.1,641,644,0.1388888888888889,0.0657894736842105,-0.0730994152046784,0.0730994152046784,0.8611111111111112,0.9210526315789472,0.059941520467836074,0.059941520467836074,724.6527777777778,394.7631578947368,0.0,0.995,0.0,,0.75,0.85
fresh_positive,0.85,1.0,593,674,0.1234567901234567,0.196078431372549,0.07262164124909229,0.07262164124909229,0.8765432098765432,0.803921568627451,-0.0726216412490922,0.0726216412490922,826.4444444444445,934.5098039215686,0.0,0.9,0.0,0.25,0.75,
previous_positive,0.1,0.25,444,447,0.196078431372549,0.1234567901234567,-0.07262164124909229,0.07262164124909229,0.803921568627451,0.8765432098765432,0.0726216412490922,0.0726216412490922,976.0980392156864,695.1851851851852,-0.02,0.97,-0.1,,0.25,1.0
previous_negative,-0.1,0.0,199,208,0.196078431372549,0.1234567901234567,-0.07262164124909229,0.07262164124909229,0.803921568627451,0.8765432098765432,0.0726216412490922,0.0726216412490922,1016.2352941176472,736.6296296296297,-0.1,0.97,,0.0,0.5,1.0
previous_positive,0.1,0.25,590,593,0.196078431372549,0.1234567901234567,-0.07262164124909229,0.07262164124909229,0.803921568627451,0.8765432098765432,0.0726216412490922,0.0726216412490922,1109.8235294117646,826.4444444444445,0.0,0.9,0.0,,0.75,0.85
fresh_negative,-0.02,0.0,443,686,0.1234567901234567,0.196078431372549,0.07262164124909229,0.07262164124909229,0.8641975308641975,0.803921568627451,-0.06027596223674647,0.06027596223674647,750.1111111111111,890.2352941176471,,0.97,-0.1,0.0,0.75,1.0
fresh_p_positive,0.97,0.995,443,470,0.1234567901234567,0.196078431372549,0.07262164124909229,0.07262164124909229,0.8641975308641975,0.803921568627451,-0.06027596223674647,0.06027596223674647,750.1111111111111,852.2941176470588,-0.02,,-0.1,0.0,0.75,1.0
previous_p_positive,0.5,0.75,673,674,0.1234567901234567,0.196078431372549,0.07262164124909229,0.07262164124909229,0.8641975308641975,0.803921568627451,-0.06027596223674647,0.06027596223674647,854.1604938271605,934.5098039215686,0.0,0.9,0.0,0.25,,1.0
fresh_negative,-0.1,-0.02,200,443,0.196078431372549,0.1234567901234567,-0.07262164124909229,0.07262164124909229,0.803921568627451,0.8641975308641975,0.06027596223674647,0.06027596223674647,887.8627450980392,750.1111111111111,,0.97,-0.1,0.0,0.75,1.0
previous_negative,-0.1,0.0,686,695,0.196078431372549,0.1234567901234567,-0.07262164124909229,0.07262164124909229,0.803921568627451,0.8641975308641975,0.06027596223674647,0.06027596223674647,890.2352941176471,667.2716049382716,0.0,0.97,,0.0,0.75,1.0
previous_positive,0.1,0.25,598,601,0.196078431372549,0.1234567901234567,-0.07262164124909229,0.07262164124909229,0.803921568627451,0.8641975308641975,0.06027596223674647,0.06027596223674647,1106.7254901960785,765.2716049382716,0.0,0.97,-0.25,,0.5,0.85
previous_negative,-0.1,0.0,715,724,0.1388888888888889,0.0666666666666666,-0.0722222222222223,0.0722222222222223,0.8611111111111112,0.9333333333333332,0.07222222222222208,0.07222222222222208,635.3472222222222,341.8933333333333,0.0,0.995,,0.1,0.5,1.0
fresh_negative,-0.1,-0.02,48,291,0.2941176470588235,0.2222222222222222,-0.07189542483660127,0.07189542483660127,0.6470588235294118,0.7777777777777778,0.130718954248366,0.130718954248366,1674.9411764705883,1276.4444444444443,,0.97,0.0,0.1,0.25,0.7
previous_positive,0.0,0.1,613,616,0.1388888888888889,0.0671140939597315,-0.07177479492915739,0.07177479492915739,0.8611111111111112,0.9328859060402684,0.07177479492915728,0.07177479492915728,705.4444444444445,461.5234899328859,0.0,0.97,0.0,,0.5,0.85
fresh_p_positive,0.97,0.995,202,229,0.1388888888888889,0.0671140939597315,-0.07177479492915739,0.07177479492915739,0.8611111111111112,0.9328859060402684,0.07177479492915728,0.07177479492915728,844.8888888888889,428.18791946308727,-0.1,,-0.1,0.1,0.5,1.0
previous_negative,-0.1,0.0,391,400,0.1388888888888889,0.0671140939597315,-0.07177479492915739,0.07177479492915739,0.8611111111111112,0.9261744966442952,0.06506338553318403,0.06506338553318403,615.8611111111111,393.248322147651,-0.02,0.995,,0.1,0.5,0.85
previous_p_positive,0.25,0.5,321,322,0.1388888888888889,0.0671140939597315,-0.07177479492915739,0.07177479492915739,0.8611111111111112,0.9261744966442952,0.06506338553318403,0.06506338553318403,807.4305555555555,429.87919463087246,-0.02,0.995,0.0,0.25,,0.7
fresh_negative,-0.02,0.0,349,592,0.1587301587301587,0.0869565217391304,-0.07177363699102829,0.07177363699102829,0.8412698412698413,0.9130434782608696,0.07177363699102834,0.07177363699102834,976.15873015873,726.695652173913,,0.9,0.0,0.25,0.5,0.85
previous_p_positive,0.5,0.75,682,683,0.1351351351351351,0.0636942675159235,-0.07144086761921159,0.07144086761921159,0.8513513513513513,0.9363057324840764,0.08495438113272513,0.08495438113272513,898.8243243243244,381.8407643312102,0.0,0.97,-0.25,0.25,,1.0
fresh_positive,0.7,0.85,70,151,0.1030927835051546,0.0323624595469255,-0.0707303239582291,0.0707303239582291,0.8969072164948454,0.9676375404530744,0.07073032395822898,0.07073032395822898,672.6185567010309,284.06472491909386,-0.1,0.995,-0.1,0.25,0.5,
previous_positive,0.0,0.1,371,374,0.1298701298701298,0.059171597633136,-0.0706985322369938,0.0706985322369938,0.8571428571428571,0.940828402366864,0.08368554522400695,0.08368554522400695,869.8701298701299,382.7396449704142,-0.02,0.97,0.0,,0.75,0.85
previous_negative,-0.1,0.0,393,402,0.1298701298701298,0.059171597633136,-0.0706985322369938,0.0706985322369938,0.8701298701298701,0.940828402366864,0.07069853223699396,0.07069853223699396,631.987012987013,359.396449704142,-0.02,0.995,,0.25,0.25,0.85
previous_negative,-0.1,0.0,717,726,0.1298701298701298,0.059171597633136,-0.0706985322369938,0.0706985322369938,0.8701298701298701,0.940828402366864,0.07069853223699396,0.07069853223699396,659.4025974025974,353.9940828402367,0.0,0.995,,0.25,0.25,1.0
previous_positive,0.1,0.25,347,350,0.1923076923076923,0.1219512195121951,-0.07035647279549719,0.07035647279549719,0.7884615384615384,0.8780487804878049,0.08958724202626644,0.08958724202626644,1234.6346153846157,906.170731707317,-0.02,0.9,0.0,,0.75,0.85
fresh_positive,0.7,0.85,302,383,0.2,0.1298701298701298,-0.07012987012987021,0.07012987012987021,0.78,0.8701298701298701,0.09012987012987006,0.09012987012987006,1341.88,570.8051948051948,-0.02,0.995,-0.25,0.1,0.75,
previous_negative,-0.1,0.0,442,451,0.2,0.1298701298701298,-0.07012987012987021,0.07012987012987021,0.78,0.8571428571428571,0.07714285714285707,0.07714285714285707,981.1,741.1558441558442,-0.02,0.97,,0.0,0.5,1.0
previous_negative,-0.25,-0.1,218,227,0.2,0.1298701298701298,-0.07012987012987021,0.07012987012987021,0.8,0.8701298701298701,0.07012987012987004,0.07012987012987004,893.32,759.5974025974026,-0.1,0.995,,0.0,0.75,1.0
previous_positive,0.0,0.1,380,383,0.2,0.1298701298701298,-0.07012987012987021,0.07012987012987021,0.8,0.8701298701298701,0.07012987012987004,0.07012987012987004,938.06,570.8051948051948,-0.02,0.995,-0.25,,0.75,0.85
previous_p_positive,0.25,0.5,147,148,0.2,0.1298701298701298,-0.07012987012987021,0.07012987012987021,0.8,0.8701298701298701,0.07012987012987004,0.07012987012987004,951.34,664.9090909090909,-0.1,0.995,-0.1,0.1,,0.85
previous_positive,0.1,0.25,606,609,0.2,0.1298701298701298,-0.07012987012987021,0.07012987012987021,0.8,0.8701298701298701,0.07012987012987004,0.07012987012987004,989.34,824.9090909090909,0.0,0.97,-0.1,,0.25,0.85
previous_p_positive,0.25,0.5,606,607,0.2,0.1298701298701298,-0.07012987012987021,0.07012987012987021,0.8,0.8701298701298701,0.07012987012987004,0.07012987012987004,989.34,635.9090909090909,0.0,0.97,-0.1,0.1,,0.85
previous_negative,-0.1,0.0,363,372,0.2,0.1298701298701298,-0.07012987012987021,0.07012987012987021,0.8,0.8701298701298701,0.07012987012987004,0.07012987012987004,1012.68,669.7012987012987,-0.02,0.97,,0.1,0.25,0.85
previous_positive,0.0,0.1,604,607,0.2,0.1298701298701298,-0.07012987012987021,0.07012987012987021,0.8,0.8701298701298701,0.07012987012987004,0.07012987012987004,1035.62,635.9090909090909,0.0,0.97,-0.1,,0.5,0.85
previous_positive,0.1,0.25,220,223,0.2,0.1298701298701298,-0.07012987012987021,0.07012987012987021,0.8,0.8571428571428571,0.05714285714285705,0.05714285714285705,947.8,756.6233766233767,-0.1,0.995,-0.25,,0.5,1.0
fresh_p_positive,0.97,0.995,36,63,0.5555555555555556,0.625,0.06944444444444442,0.06944444444444442,0.4444444444444444,0.25,-0.19444444444444442,0.19444444444444442,2614.1111111111118,2822.875,-0.1,,-0.1,0.0,0.25,0.7
previous_negative,-0.1,0.0,497,506,0.625,0.5555555555555556,-0.06944444444444442,0.06944444444444442,0.25,0.4444444444444444,0.19444444444444442,0.19444444444444442,3053.125,2494.6111111111118,0.0,0.9,,0.0,0.75,0.7
previous_p_positive,0.5,0.75,271,272,0.625,0.5555555555555556,-0.06944444444444442,0.06944444444444442,0.3125,0.4444444444444444,0.13194444444444442,0.13194444444444442,2955.0,2407.6111111111118,-0.02,0.97,-0.25,0.0,,0.7
fresh_p_positive,0.97,0.995,279,306,0.5555555555555556,0.625,0.06944444444444442,0.06944444444444442,0.3888888888888889,0.3125,-0.0763888888888889,0.0763888888888889,2590.777777777778,2781.6875,-0.02,,-0.1,0.0,0.25,0.7
fresh_negative,-0.02,0.0,306,549,0.625,0.5555555555555556,-0.06944444444444442,0.06944444444444442,0.3125,0.3888888888888889,0.0763888888888889,0.0763888888888889,2781.6875,2762.555555555556,,0.995,-0.1,0.0,0.25,0.7
previous_p_positive,0.25,0.5,306,307,0.625,0.5555555555555556,-0.06944444444444442,0.06944444444444442,0.3125,0.3888888888888889,0.0763888888888889,0.0763888888888889,2781.6875,2368.9444444444443,-0.02,0.995,-0.1,0.0,,0.7
fresh_negative,-0.1,-0.02,33,276,0.5555555555555556,0.625,0.06944444444444442,0.06944444444444442,0.4444444444444444,0.375,-0.06944444444444442,0.06944444444444442,2387.333333333333,3079.8125,,0.97,-0.25,0.25,0.25,0.7
previous_positive,0.0,0.1,567,570,0.5555555555555556,0.625,0.06944444444444442,0.06944444444444442,0.4444444444444444,0.375,-0.06944444444444442,0.06944444444444442,2646.3888888888887,2562.5625,0.0,0.9,-0.25,,0.25,0.85
fresh_negative,-0.02,0.0,263,506,0.625,0.5555555555555556,-0.06944444444444442,0.06944444444444442,0.375,0.4444444444444444,0.06944444444444442,0.06944444444444442,2877.125,2494.6111111111118,,0.9,0.0,0.0,0.75,0.7
fresh_negative,-0.1,-0.02,82,325,0.625,0.5555555555555556,-0.06944444444444442,0.06944444444444442,0.375,0.4444444444444444,0.06944444444444442,0.06944444444444442,3142.4375,2488.3888888888887,,0.9,-0.25,0.0,0.5,0.85
previous_negative,-0.1,0.0,312,321,0.2083333333333333,0.1388888888888889,-0.06944444444444439,0.06944444444444439,0.75,0.8611111111111112,0.11111111111111116,0.11111111111111116,1340.7291666666667,807.4305555555555,-0.02,0.995,,0.25,0.25,0.7
previous_positive,0.0,0.1,712,715,0.2083333333333333,0.1388888888888889,-0.06944444444444439,0.06944444444444439,0.7916666666666666,0.8611111111111112,0.06944444444444453,0.06944444444444453,817.5,635.3472222222222,0.0,0.995,-0.1,,0.5,1.0
previous_positive,0.1,0.25,436,439,0.2083333333333333,0.1388888888888889,-0.06944444444444439,0.06944444444444439,0.7916666666666666,0.8472222222222222,0.05555555555555558,0.05555555555555558,969.1458333333334,882.4305555555555,-0.02,0.97,-0.25,,0.5,1.0
fresh_p_positive,0.97,0.995,601,628,0.1234567901234567,0.054054054054054,-0.0694027360694027,0.0694027360694027,0.8641975308641975,0.945945945945946,0.08174841508174857,0.08174841508174857,765.2716049382716,388.8216216216216,0.0,,-0.25,0.25,0.5,0.85
previous_p_positive,0.25,0.5,447,448,0.1234567901234567,0.054054054054054,-0.0694027360694027,0.0694027360694027,0.8765432098765432,0.945945945945946,0.06940273606940284,0.06940273606940284,695.1851851851852,392.7783783783784,-0.02,0.97,-0.1,0.25,,1.0
previous_positive,0.1,0.25,679,682,0.2040816326530612,0.1351351351351351,-0.06894649751792611,0.06894649751792611,0.7959183673469388,0.8513513513513513,0.055432984004412544,0.055432984004412544,964.1224489795918,898.8243243243244,0.0,0.97,-0.25,,0.5,1.0
previous_p_positive,0.5,0.75,463,464,0.1923076923076923,0.1234567901234567,-0.06885090218423559,0.06885090218423559,0.7692307692307693,0.8765432098765432,0.10731244064577394,0.10731244064577394,1066.4038461538462,599.8024691358024,-0.02,0.995,-0.25,0.1,,1.0
fresh_positive,0.85,1.0,396,477,0.1923076923076923,0.1234567901234567,-0.06885090218423559,0.06885090218423559,0.8076923076923077,0.8765432098765432,0.06885090218423551,0.06885090218423551,794.2884615384615,607.1728395061729,-0.02,0.995,0.0,0.0,0.25,
previous_negative,-0.25,-0.1,460,469,0.25,0.1818181818181818,-0.0681818181818182,0.0681818181818182,0.725,0.8181818181818182,0.09318181818181825,0.09318181818181825,1186.725,930.6727272727272,-0.02,0.995,,0.0,0.5,1.0
previous_positive,0.1,0.25,445,448,0.1219512195121951,0.054054054054054,-0.0678971654581411,0.0678971654581411,0.8780487804878049,0.945945945945946,0.06789716545814117,0.06789716545814117,736.0853658536586,392.7783783783784,-0.02,0.97,-0.1,,0.5,1.0
previous_positive,0.0,0.1,127,130,0.1388888888888889,0.0714285714285714,-0.0674603174603175,0.0674603174603175,0.8472222222222222,0.9214285714285714,0.07420634920634916,0.07420634920634916,774.6111111111111,487.82142857142856,-0.1,0.97,0.0,,0.5,0.85
fresh_negative,-0.02,0.0,472,715,0.0714285714285714,0.1388888888888889,0.0674603174603175,0.0674603174603175,0.9214285714285714,0.8611111111111112,-0.060317460317460214,0.060317460317460214,427.45,635.3472222222222,,0.995,-0.1,0.1,0.5,1.0
fresh_p_positive,0.97,0.995,688,715,0.0714285714285714,0.1388888888888889,0.0674603174603175,0.0674603174603175,0.9214285714285714,0.8611111111111112,-0.060317460317460214,0.060317460317460214,525.5857142857143,635.3472222222222,0.0,,-0.1,0.1,0.5,1.0
fresh_positive,0.85,1.0,391,472,0.1388888888888889,0.0714285714285714,-0.0674603174603175,0.0674603174603175,0.8611111111111112,0.9214285714285714,0.060317460317460214,0.060317460317460214,615.8611111111111,427.45,-0.02,0.995,-0.1,0.1,0.5,
previous_positive,0.0,0.1,154,157,0.1388888888888889,0.0714285714285714,-0.0674603174603175,0.0674603174603175,0.8611111111111112,0.9142857142857144,0.05317460317460321,0.05317460317460321,690.5694444444445,419.8357142857143,-0.1,0.995,0.0,,0.5,0.85
previous_positive,0.1,0.25,113,116,0.1030927835051546,0.0359712230215827,-0.0671215604835719,0.0671215604835719,0.8969072164948454,0.9640287769784172,0.06712156048357176,0.06712156048357176,665.8556701030927,337.6007194244604,-0.1,0.97,-0.25,,0.75,0.85
previous_p_positive,0.5,0.75,352,353,0.2631578947368421,0.196078431372549,-0.0670794633642931,0.0670794633642931,0.7105263157894737,0.803921568627451,0.09339525283797734,0.09339525283797734,1469.2105263157894,1074.6666666666667,-0.02,0.97,-0.25,0.0,,0.85
fresh_p_positive,0.9,0.97,417,444,0.2631578947368421,0.196078431372549,-0.0670794633642931,0.0670794633642931,0.7368421052631579,0.803921568627451,0.06707946336429316,0.06707946336429316,1201.0526315789473,976.0980392156864,-0.02,,-0.1,0.1,0.25,1.0
previous_negative,-0.25,-0.1,190,199,0.2631578947368421,0.196078431372549,-0.0670794633642931,0.0670794633642931,0.7368421052631579,0.803921568627451,0.06707946336429316,0.06707946336429316,1315.921052631579,1016.2352941176472,-0.1,0.97,,0.0,0.5,1.0
fresh_p_positive,0.9,0.97,326,353,0.2631578947368421,0.196078431372549,-0.0670794633642931,0.0670794633642931,0.7368421052631579,0.803921568627451,0.06707946336429316,0.06707946336429316,1543.1315789473683,1074.6666666666667,-0.02,,-0.25,0.0,0.75,0.85
previous_negative,-0.1,0.0,94,103,0.4,0.3333333333333333,-0.06666666666666671,0.06666666666666671,0.6,0.6666666666666666,0.06666666666666665,0.06666666666666665,2217.12,1764.4333333333334,-0.1,0.9,,0.1,0.5,0.85
previous_positive,0.1,0.25,49,52,0.196078431372549,0.1298701298701298,-0.06620830150241919,0.06620830150241919,0.7843137254901961,0.8701298701298701,0.08581614463967402,0.08581614463967402,1189.3333333333333,757.4545454545455,-0.1,0.97,0.0,,0.5,0.7
fresh_negative,-0.1,-0.02,227,470,0.1298701298701298,0.196078431372549,0.06620830150241919,0.06620830150241919,0.8701298701298701,0.803921568627451,-0.06620830150241908,0.06620830150241908,759.5974025974026,852.2941176470588,,0.995,-0.1,0.0,0.75,1.0
fresh_p_positive,0.97,0.995,200,227,0.196078431372549,0.1298701298701298,-0.06620830150241919,0.06620830150241919,0.803921568627451,0.8701298701298701,0.06620830150241908,0.06620830150241908,887.8627450980392,759.5974025974026,-0.1,,-0.1,0.0,0.75,1.0
previous_negative,-0.25,-0.1,598,607,0.196078431372549,0.1298701298701298,-0.06620830150241919,0.06620830150241919,0.803921568627451,0.8701298701298701,0.06620830150241908,0.06620830150241908,1106.7254901960785,635.9090909090909,0.0,0.97,,0.1,0.5,0.85
fresh_positive,0.7,0.85,286,367,0.1298701298701298,0.0636942675159235,-0.0661758623542063,0.0661758623542063,0.8571428571428571,0.9363057324840764,0.07916287534121935,0.07916287534121935,992.7272727272727,372.92356687898086,-0.02,0.97,-0.1,0.25,0.5,
previous_p_positive,0.25,0.5,717,718,0.1298701298701298,0.0636942675159235,-0.0661758623542063,0.0661758623542063,0.8701298701298701,0.9363057324840764,0.06617586235420636,0.06617586235420636,659.4025974025974,351.61146496815286,0.0,0.995,-0.1,0.25,,1.0
previous_negative,-0.1,0.0,609,618,0.1298701298701298,0.0636942675159235,-0.0661758623542063,0.0661758623542063,0.8701298701298701,0.9363057324840764,0.06617586235420636,0.06617586235420636,824.9090909090909,420.0127388535032,0.0,0.97,,0.25,0.25,0.85
previous_positive,0.1,0.25,32,35,0.2272727272727272,0.1612903225806451,-0.06598240469208211,0.06598240469208211,0.75,0.8387096774193549,0.08870967741935487,0.08870967741935487,1396.5454545454545,890.9193548387096,-0.1,0.97,-0.25,,0.75,0.7
previous_positive,0.1,0.25,193,196,0.238095238095238,0.1724137931034483,-0.06568144499178971,0.06568144499178971,0.7619047619047619,0.8275862068965517,0.06568144499178985,0.06568144499178985,1040.547619047619,929.6206896551724,-0.1,0.97,-0.25,,0.5,1.0
previous_positive,0.1,0.25,228,231,0.1886792452830188,0.1234567901234567,-0.0652224551595621,0.0652224551595621,0.8113207547169812,0.8765432098765432,0.06522245515956204,0.06522245515956204,1006.0377358490566,627.5802469135803,-0.1,0.995,-0.1,,0.25,1.0
fresh_positive,0.85,1.0,614,695,0.1886792452830188,0.1234567901234567,-0.0652224551595621,0.0652224551595621,0.8113207547169812,0.8641975308641975,0.05287677614721631,0.05287677614721631,917.1698113207548,667.2716049382716,0.0,0.97,0.0,0.0,0.75,
fresh_negative,-0.1,-0.02,123,366,0.1886792452830188,0.1234567901234567,-0.0652224551595621,0.0652224551595621,0.8113207547169812,0.8641975308641975,0.05287677614721631,0.05287677614721631,990.0377358490566,763.2469135802469,,0.97,-0.1,0.25,0.25,0.85
fresh_positive,0.85,1.0,362,443,0.1886792452830188,0.1234567901234567,-0.0652224551595621,0.0652224551595621,0.8113207547169812,0.8641975308641975,0.05287677614721631,0.05287677614721631,1026.433962264151,750.1111111111111,-0.02,0.97,-0.1,0.0,0.75,
fresh_p_positive,0.97,0.995,351,378,0.4347826086956521,0.5,0.0652173913043479,0.0652173913043479,0.5652173913043478,0.5,-0.06521739130434778,0.06521739130434778,2070.8695652173915,2254.05,-0.02,,-0.25,0.0,0.25,0.85
previous_negative,-0.25,-0.1,493,502,0.5,0.4347826086956521,-0.0652173913043479,0.0652173913043479,0.5,0.5652173913043478,0.06521739130434778,0.06521739130434778,2446.5,2060.4347826086955,0.0,0.9,,0.25,0.5,0.7
fresh_negative,-0.02,0.0,309,552,0.5,0.4347826086956521,-0.0652173913043479,0.0652173913043479,0.5,0.4782608695652174,-0.021739130434782594,0.021739130434782594,2158.8,2357.6521739130435,,0.995,-0.1,0.1,0.25,0.7
fresh_negative,-0.02,0.0,378,621,0.5,0.4347826086956521,-0.0652173913043479,0.0652173913043479,0.5,0.5217391304347826,0.021739130434782594,0.021739130434782594,2254.05,2135.9565217391305,,0.995,-0.25,0.0,0.25,0.85
previous_negative,-0.1,0.0,118,127,0.2040816326530612,0.1388888888888889,-0.0651927437641723,0.0651927437641723,0.7755102040816326,0.8472222222222222,0.07171201814058958,0.07171201814058958,1049.1020408163265,774.6111111111111,-0.1,0.97,,0.0,0.5,0.85
previous_p_positive,0.25,0.5,714,715,0.2040816326530612,0.1388888888888889,-0.0651927437641723,0.0651927437641723,0.7959183673469388,0.8611111111111112,0.06519274376417239,0.06519274376417239,850.8163265306123,635.3472222222222,0.0,0.995,-0.1,0.1,,1.0
previous_p_positive,0.25,0.5,390,391,0.2040816326530612,0.1388888888888889,-0.0651927437641723,0.0651927437641723,0.7959183673469388,0.8611111111111112,0.06519274376417239,0.06519274376417239,949.734693877551,615.8611111111111,-0.02,0.995,-0.1,0.1,,0.85
fresh_negative,-0.02,0.0,333,576,0.3703703703703703,0.4347826086956521,0.06441223832528181,0.06441223832528181,0.6296296296296297,0.5652173913043478,-0.06441223832528187,0.06441223832528187,1905.6666666666667,1858.0869565217392,,0.9,-0.1,0.0,0.25,0.85
previous_positive,0.0,0.1,333,336,0.3703703703703703,0.4347826086956521,0.06441223832528181,0.06441223832528181,0.6296296296296297,0.5652173913043478,-0.06441223832528187,0.06441223832528187,1905.6666666666667,1797.0,-0.02,0.9,-0.1,,0.25,0.85
previous_positive,0.0,0.1,649,652,0.4347826086956521,0.3703703703703703,-0.06441223832528181,0.06441223832528181,0.5652173913043478,0.6296296296296297,0.06441223832528187,0.06441223832528187,1878.1304347826087,1617.148148148148,0.0,0.9,-0.25,,0.5,1.0
fresh_negative,-0.1,-0.02,91,334,0.4347826086956521,0.3703703703703703,-0.06441223832528181,0.06441223832528181,0.5652173913043478,0.6296296296296297,0.06441223832528187,0.06441223832528187,2142.521739130435,1807.555555555556,,0.9,-0.1,0.0,0.5,0.85
fresh_positive,0.85,1.0,91,172,0.4347826086956521,0.3703703703703703,-0.06441223832528181,0.06441223832528181,0.5652173913043478,0.6296296296296297,0.06441223832528187,0.06441223832528187,2142.521739130435,1815.037037037037,-0.1,0.9,-0.1,0.0,0.5,
previous_negative,-0.1,0.0,91,100,0.4347826086956521,0.3703703703703703,-0.06441223832528181,0.06441223832528181,0.5652173913043478,0.6296296296296297,0.06441223832528187,0.06441223832528187,2142.521739130435,1854.0,-0.1,0.9,,0.0,0.5,0.85
fresh_positive,0.85,1.0,83,164,0.4347826086956521,0.3703703703703703,-0.06441223832528181,0.06441223832528181,0.5652173913043478,0.6296296296296297,0.06441223832528187,0.06441223832528187,2423.217391304348,1924.851851851852,-0.1,0.9,-0.25,0.0,0.75,
previous_p_positive,0.5,0.75,568,569,0.4347826086956521,0.3703703703703703,-0.06441223832528181,0.06441223832528181,0.5652173913043478,0.6296296296296297,0.06441223832528187,0.06441223832528187,2573.304347826087,2080.4814814814813,0.0,0.9,-0.25,0.0,,0.85
fresh_negative,-0.02,0.0,259,502,0.3703703703703703,0.4347826086956521,0.06441223832528181,0.06441223832528181,0.5925925925925926,0.5652173913043478,-0.027375201288244777,0.027375201288244777,1969.888888888889,2060.4347826086955,,0.9,-0.1,0.25,0.5,0.7
previous_positive,0.0,0.1,443,446,0.1234567901234567,0.059171597633136,-0.06428519249032069,0.06428519249032069,0.8641975308641975,0.9349112426035504,0.07071371173935292,0.07071371173935292,750.1111111111111,388.6390532544379,-0.02,0.97,-0.1,,0.75,1.0
previous_negative,-0.1,0.0,231,240,0.1234567901234567,0.059171597633136,-0.06428519249032069,0.06428519249032069,0.8765432098765432,0.940828402366864,0.06428519249032083,0.06428519249032083,627.5802469135803,361.792899408284,-0.1,0.995,,0.25,0.25,1.0
previous_negative,-0.25,-0.1,437,446,0.1234567901234567,0.059171597633136,-0.06428519249032069,0.06428519249032069,0.8765432098765432,0.9349112426035504,0.05836803272700719,0.05836803272700719,728.1851851851852,388.6390532544379,-0.02,0.97,,0.1,0.75,1.0
previous_positive,0.1,0.25,437,440,0.1234567901234567,0.059171597633136,-0.06428519249032069,0.06428519249032069,0.8765432098765432,0.9349112426035504,0.05836803272700719,0.05836803272700719,728.1851851851852,399.0769230769231,-0.02,0.97,-0.25,,0.75,1.0
previous_positive,0.1,0.25,194,197,0.1234567901234567,0.059171597633136,-0.06428519249032069,0.06428519249032069,0.8765432098765432,0.9349112426035504,0.05836803272700719,0.05836803272700719,733.8271604938271,478.4674556213018,-0.1,0.97,-0.25,,0.75,1.0
previous_p_positive,0.25,0.5,690,691,0.1234567901234567,0.059171597633136,-0.06428519249032069,0.06428519249032069,0.8765432098765432,0.9349112426035504,0.05836803272700719,0.05836803272700719,751.0987654320987,428.14201183431953,0.0,0.97,-0.1,0.25,,1.0
fresh_negative,-0.1,-0.02,162,405,0.8333333333333334,0.7692307692307693,-0.0641025641025641,0.0641025641025641,0.1666666666666666,0.2307692307692307,0.0641025641025641,0.0641025641025641,3372.333333333333,2927.230769230769,,0.9,-0.25,0.0,0.25,1.0
fresh_positive,0.85,1.0,142,223,0.0657894736842105,0.1298701298701298,0.06408065618591931,0.06408065618591931,0.9342105263157896,0.8571428571428571,-0.07706766917293251,0.07706766917293251,505.30263157894734,756.6233766233767,-0.1,0.995,-0.25,0.25,0.5,
previous_negative,-0.25,-0.1,466,475,0.1298701298701298,0.0657894736842105,-0.06408065618591931,0.06408065618591931,0.8571428571428571,0.9276315789473684,0.07048872180451127,0.07048872180451127,731.5194805194806,400.4144736842105,-0.02,0.995,,0.25,0.5,1.0
previous_positive,0.0,0.1,451,454,0.1298701298701298,0.0657894736842105,-0.06408065618591931,0.06408065618591931,0.8571428571428571,0.9276315789473684,0.07048872180451127,0.07048872180451127,741.1558441558442,440.4934210526316,-0.02,0.97,0.0,,0.5,1.0
previous_p_positive,0.5,0.75,286,287,0.1298701298701298,0.0657894736842105,-0.06408065618591931,0.06408065618591931,0.8571428571428571,0.9276315789473684,0.07048872180451127,0.07048872180451127,992.7272727272727,448.7105263157895,-0.02,0.97,-0.1,0.25,,0.7
previous_p_positive,0.5,0.75,148,149,0.1298701298701298,0.0657894736842105,-0.06408065618591931,0.06408065618591931,0.8701298701298701,0.9342105263157896,0.06408065618591952,0.06408065618591952,664.9090909090909,419.7763157894737,-0.1,0.995,-0.1,0.1,,0.85
fresh_p_positive,0.97,0.995,356,383,0.0657894736842105,0.1298701298701298,0.06408065618591931,0.06408065618591931,0.9276315789473684,0.8701298701298701,-0.057501708817498276,0.057501708817498276,578.5921052631579,570.8051948051948,-0.02,,-0.25,0.1,0.75,0.85
previous_positive,0.0,0.1,227,230,0.1298701298701298,0.0666666666666666,-0.0632034632034632,0.0632034632034632,0.8701298701298701,0.9333333333333332,0.06320346320346315,0.06320346320346315,759.5974025974026,366.34,-0.1,0.995,-0.1,,0.75,1.0
fresh_negative,-0.02,0.0,383,626,0.1298701298701298,0.0666666666666666,-0.0632034632034632,0.0632034632034632,0.8701298701298701,0.92,0.04987012987012995,0.04987012987012995,570.8051948051948,485.3933333333333,,0.995,-0.25,0.1,0.75,0.85
previous_positive,0.0,0.1,352,355,0.2631578947368421,0.2,-0.06315789473684208,0.06315789473684208,0.7105263157894737,0.8,0.08947368421052637,0.08947368421052637,1469.2105263157894,1068.04,-0.02,0.97,-0.25,,0.5,0.85
fresh_negative,-0.1,-0.02,105,348,0.2631578947368421,0.2,-0.06315789473684208,0.06315789473684208,0.7368421052631579,0.8,0.06315789473684219,0.06315789473684219,1518.4473684210527,1194.48,,0.9,0.0,0.25,0.25,0.85
previous_p_positive,0.25,0.5,105,106,0.2631578947368421,0.2,-0.06315789473684208,0.06315789473684208,0.7368421052631579,0.8,0.06315789473684219,0.06315789473684219,1518.4473684210527,1308.92,-0.1,0.9,0.0,0.25,,0.85
fresh_p_positive,0.9,0.97,577,604,0.2631578947368421,0.2,-0.06315789473684208,0.06315789473684208,0.7368421052631579,0.8,0.06315789473684219,0.06315789473684219,1544.157894736842,1035.62,0.0,,-0.1,0.0,0.5,0.85
fresh_p_positive,0.9,0.97,415,442,0.2631578947368421,0.2,-0.06315789473684208,0.06315789473684208,0.7368421052631579,0.78,0.04315789473684217,0.04315789473684217,1334.7105263157894,981.1,-0.02,,-0.1,0.0,0.5,1.0
fresh_negative,-0.02,0.0,266,509,0.3571428571428571,0.2941176470588235,-0.06302521008403361,0.06302521008403361,0.6428571428571429,0.7058823529411765,0.06302521008403361,0.06302521008403361,1954.357142857143,1998.1470588235293,,0.9,0.0,0.1,0.75,0.7
previous_p_positive,0.5,0.75,445,446,0.1219512195121951,0.059171597633136,-0.06277962187905911,0.06277962187905911,0.8780487804878049,0.9349112426035504,0.05686246211574553,0.05686246211574553,736.0853658536586,388.6390532544379,-0.02,0.97,-0.1,0.1,,1.0
fresh_positive,0.85,1.0,385,466,0.0671140939597315,0.1298701298701298,0.0627560359103983,0.0627560359103983,0.9328859060402684,0.8571428571428571,-0.07574304889741135,0.07574304889741135,470.8590604026846,731.5194805194806,-0.02,0.995,-0.25,0.25,0.5,
previous_positive,0.0,0.1,720,723,0.1298701298701298,0.0671140939597315,-0.0627560359103983,0.0627560359103983,0.8571428571428571,0.9328859060402684,0.07574304889741135,0.07574304889741135,698.1948051948052,350.06040268456377,0.0,0.995,0.0,,0.25,1.0
previous_negative,-0.1,0.0,286,295,0.1298701298701298,0.0671140939597315,-0.0627560359103983,0.0627560359103983,0.8571428571428571,0.9261744966442952,0.06903163950143809,0.06903163950143809,992.7272727272727,534.771812080537,-0.02,0.97,,0.25,0.5,0.7
previous_negative,-0.1,0.0,607,616,0.1298701298701298,0.0671140939597315,-0.0627560359103983,0.0627560359103983,0.8701298701298701,0.9328859060402684,0.06275603591039836,0.06275603591039836,635.9090909090909,461.5234899328859,0.0,0.97,,0.1,0.5,0.85
fresh_positive,0.85,1.0,148,229,0.1298701298701298,0.0671140939597315,-0.0627560359103983,0.0627560359103983,0.8701298701298701,0.9328859060402684,0.06275603591039836,0.06275603591039836,664.9090909090909,428.18791946308727,-0.1,0.995,-0.1,0.1,0.5,
previous_p_positive,0.5,0.75,52,53,0.1298701298701298,0.0671140939597315,-0.0627560359103983,0.0627560359103983,0.8701298701298701,0.9328859060402684,0.06275603591039836,0.06275603591039836,757.4545454545455,416.4295302013423,-0.1,0.97,0.0,0.25,,0.7
previous_negative,-0.1,0.0,204,213,0.1298701298701298,0.0671140939597315,-0.0627560359103983,0.0627560359103983,0.8701298701298701,0.9328859060402684,0.06275603591039836,0.06275603591039836,809.2597402597403,477.38926174496646,-0.1,0.97,,0.25,0.25,1.0
previous_p_positive,0.5,0.75,451,452,0.1298701298701298,0.0671140939597315,-0.0627560359103983,0.0627560359103983,0.8571428571428571,0.9194630872483222,0.06232023010546506,0.06232023010546506,741.1558441558442,509.5838926174497,-0.02,0.97,0.0,0.0,,1.0
fresh_positive,0.85,1.0,371,452,0.1298701298701298,0.0671140939597315,-0.0627560359103983,0.0627560359103983,0.8571428571428571,0.9194630872483222,0.06232023010546506,0.06232023010546506,869.8701298701299,509.5838926174497,-0.02,0.97,0.0,0.0,0.75,
fresh_negative,-0.1,-0.02,140,383,0.0671140939597315,0.1298701298701298,0.0627560359103983,0.0627560359103983,0.9261744966442952,0.8701298701298701,-0.0560446265144251,0.0560446265144251,483.241610738255,570.8051948051948,,0.995,-0.25,0.1,0.75,0.85
fresh_negative,-0.1,-0.02,52,295,0.1298701298701298,0.0671140939597315,-0.0627560359103983,0.0627560359103983,0.8701298701298701,0.9261744966442952,0.0560446265144251,0.0560446265144251,757.4545454545455,534.771812080537,,0.97,0.0,0.25,0.5,0.7
previous_positive,0.1,0.25,463,466,0.1923076923076923,0.1298701298701298,-0.06243756243756249,0.06243756243756249,0.7692307692307693,0.8571428571428571,0.08791208791208782,0.08791208791208782,1066.4038461538462,731.5194805194806,-0.02,0.995,-0.25,,0.5,1.0
previous_positive,0.0,0.1,369,372,0.1923076923076923,0.1298701298701298,-0.06243756243756249,0.06243756243756249,0.8076923076923077,0.8701298701298701,0.06243756243756238,0.06243756243756238,913.75,669.7012987012987,-0.02,0.97,0.0,,0.25,0.85
previous_p_positive,0.5,0.75,382,383,0.1923076923076923,0.1298701298701298,-0.06243756243756249,0.06243756243756249,0.8076923076923077,0.8701298701298701,0.06243756243756238,0.06243756243756238,933.8461538461538,570.8051948051948,-0.02,0.995,-0.25,0.1,,0.85
previous_negative,-0.1,0.0,43,52,0.1923076923076923,0.1298701298701298,-0.06243756243756249,0.06243756243756249,0.8076923076923077,0.8701298701298701,0.06243756243756238,0.06243756243756238,1028.423076923077,757.4545454545455,-0.1,0.97,,0.25,0.5,0.7
fresh_p_positive,0.97,0.995,370,397,0.1298701298701298,0.1923076923076923,0.06243756243756249,0.06243756243756249,0.8441558441558441,0.7884615384615384,-0.05569430569430567,0.05569430569430567,783.1818181818181,852.1923076923077,-0.02,,0.0,0.0,0.5,0.85
fresh_negative,-0.1,-0.02,43,286,0.1923076923076923,0.1298701298701298,-0.06243756243756249,0.06243756243756249,0.8076923076923077,0.8571428571428571,0.049450549450549386,0.049450549450549386,1028.423076923077,992.7272727272727,,0.97,-0.1,0.25,0.5,0.7
previous_p_positive,0.25,0.5,369,370,0.1923076923076923,0.1298701298701298,-0.06243756243756249,0.06243756243756249,0.8076923076923077,0.8441558441558441,0.036463536463536395,0.036463536463536395,913.75,783.1818181818181,-0.02,0.97,0.0,0.0,,0.85
previous_positive,0.1,0.25,310,313,0.25,0.1886792452830188,-0.0613207547169812,0.0613207547169812,0.725,0.8113207547169812,0.0863207547169812,0.0863207547169812,1303.25,1020.245283018868,-0.02,0.995,-0.1,,0.5,0.7
previous_positive,0.0,0.1,622,625,0.25,0.1886792452830188,-0.0613207547169812,0.0613207547169812,0.75,0.8113207547169812,0.061320754716981174,0.061320754716981174,1281.525,957.5849056603772,0.0,0.995,-0.25,,0.5,0.85
previous_negative,-0.25,-0.1,114,123,0.25,0.1886792452830188,-0.0613207547169812,0.0613207547169812,0.75,0.8113207547169812,0.061320754716981174,0.061320754716981174,1362.975,990.0377358490566,-0.1,0.97,,0.25,0.25,0.85
fresh_p_positive,0.9,0.97,578,605,0.25,0.1886792452830188,-0.0613207547169812,0.0613207547169812,0.75,0.8113207547169812,0.061320754716981174,0.061320754716981174,1365.8,958.0188679245284,0.0,,-0.1,0.0,0.75,0.85
fresh_p_positive,0.9,0.97,335,362,0.25,0.1886792452830188,-0.0613207547169812,0.0613207547169812,0.75,0.8113207547169812,0.061320754716981174,0.061320754716981174,1622.05,1026.433962264151,-0.02,,-0.1,0.0,0.75,0.85
previous_negative,-0.25,-0.1,706,715,0.2,0.1388888888888889,-0.061111111111111116,0.061111111111111116,0.8,0.8611111111111112,0.061111111111111116,0.061111111111111116,979.64,635.3472222222222,0.0,0.995,,0.1,0.5,1.0
previous_negative,-0.1,0.0,604,613,0.2,0.1388888888888889,-0.061111111111111116,0.061111111111111116,0.8,0.8611111111111112,0.061111111111111116,0.061111111111111116,1035.62,705.4444444444445,0.0,0.97,,0.0,0.5,0.85
previous_negative,-0.1,0.0,198,207,0.2,0.1388888888888889,-0.061111111111111116,0.061111111111111116,0.8,0.8611111111111112,0.061111111111111116,0.061111111111111116,1089.84,792.75,-0.1,0.97,,0.0,0.25,1.0
previous_positive,0.1,0.25,671,674,0.1351351351351351,0.196078431372549,0.0609432962374139,0.0609432962374139,0.8648648648648649,0.803921568627451,-0.0609432962374139,0.0609432962374139,876.5135135135135,934.5098039215686,0.0,0.9,0.0,,0.75,1.0
fresh_negative,-0.02,0.0,428,671,0.196078431372549,0.1351351351351351,-0.0609432962374139,0.0609432962374139,0.803921568627451,0.8648648648648649,0.0609432962374139,0.0609432962374139,1103.7450980392157,876.5135135135135,,0.9,0.0,0.1,0.75,1.0
fresh_positive,0.85,1.0,590,671,0.196078431372549,0.1351351351351351,-0.0609432962374139,0.0609432962374139,0.803921568627451,0.8648648648648649,0.0609432962374139,0.0609432962374139,1109.8235294117646,876.5135135135135,0.0,0.9,0.0,0.1,0.75,
previous_p_positive,0.25,0.5,528,529,0.2222222222222222,0.1612903225806451,-0.06093189964157711,0.06093189964157711,0.7333333333333333,0.8387096774193549,0.10537634408602159,0.10537634408602159,1580.3555555555556,948.016129032258,0.0,0.97,-0.1,0.25,,0.7
previous_negative,-0.1,0.0,660,669,0.2222222222222222,0.1612903225806451,-0.06093189964157711,0.06093189964157711,0.7777777777777778,0.8387096774193549,0.06093189964157708,0.06093189964157708,1364.2,1114.354838709677,0.0,0.9,,0.1,0.25,1.0
fresh_p_positive,0.9,0.97,660,687,0.2222222222222222,0.1612903225806451,-0.06093189964157711,0.06093189964157711,0.7777777777777778,0.8225806451612904,0.04480286738351258,0.04480286738351258,1364.2,982.2258064516128,0.0,,-0.1,0.1,0.25,1.0
previous_positive,0.0,0.1,639,642,0.1388888888888889,0.0787401574803149,-0.06014873140857399,0.06014873140857399,0.8611111111111112,0.9133858267716536,0.052274715660542426,0.052274715660542426,732.7638888888889,486.5118110236221,0.0,0.995,0.0,,0.25,0.85
previous_p_positive,0.25,0.5,366,367,0.1234567901234567,0.0636942675159235,-0.0597625226075332,0.0597625226075332,0.8641975308641975,0.9363057324840764,0.07210820161987896,0.07210820161987896,763.2469135802469,372.92356687898086,-0.02,0.97,-0.1,0.25,,0.85
previous_negative,-0.25,-0.1,464,473,0.1234567901234567,0.0636942675159235,-0.0597625226075332,0.0597625226075332,0.8765432098765432,0.9363057324840764,0.05976252260753323,0.05976252260753323,599.8024691358024,385.9426751592357,-0.02,0.995,,0.1,0.75,1.0
previous_positive,0.0,0.1,722,725,0.1234567901234567,0.0636942675159235,-0.0597625226075332,0.0597625226075332,0.8765432098765432,0.9363057324840764,0.05976252260753323,0.05976252260753323,620.074074074074,327.1210191082803,0.0,0.995,0.0,,0.75,1.0
previous_positive,0.0,0.1,235,238,0.1234567901234567,0.0636942675159235,-0.0597625226075332,0.0597625226075332,0.8765432098765432,0.929936305732484,0.053393095855940764,0.053393095855940764,652.0493827160494,365.3503184713376,-0.1,0.995,0.0,,0.5,1.0
previous_positive,0.0,0.1,208,211,0.1234567901234567,0.0636942675159235,-0.0597625226075332,0.0597625226075332,0.8765432098765432,0.929936305732484,0.053393095855940764,0.053393095855940764,736.6296296296297,435.0254777070064,-0.1,0.97,0.0,,0.5,1.0
previous_negative,-0.1,0.0,257,266,0.4166666666666667,0.3571428571428571,-0.05952380952380959,0.05952380952380959,0.5416666666666666,0.6428571428571429,0.10119047619047628,0.10119047619047628,1966.375,1954.357142857143,-0.02,0.9,,0.1,0.75,0.7
fresh_p_positive,0.97,0.995,523,550,0.4166666666666667,0.4761904761904761,0.05952380952380942,0.05952380952380942,0.5416666666666666,0.4285714285714285,-0.11309523809523814,0.11309523809523814,2131.0416666666665,2456.3809523809523,0.0,,-0.1,0.0,0.5,0.7
fresh_negative,-0.02,0.0,280,523,0.4761904761904761,0.4166666666666667,-0.05952380952380942,0.05952380952380942,0.4761904761904761,0.5416666666666666,0.06547619047619052,0.06547619047619052,2447.428571428572,2131.0416666666665,,0.97,-0.1,0.0,0.5,0.7
fresh_p_positive,0.97,0.995,192,219,0.4761904761904761,0.4166666666666667,-0.05952380952380942,0.05952380952380942,0.5238095238095238,0.5833333333333334,0.059523809523809534,0.059523809523809534,1999.2857142857144,2001.75,-0.1,,-0.25,0.1,0.25,1.0
fresh_negative,-0.02,0.0,267,510,0.4761904761904761,0.4166666666666667,-0.05952380952380942,0.05952380952380942,0.5238095238095238,0.5833333333333334,0.059523809523809534,0.059523809523809534,2284.3809523809523,2128.2916666666665,,0.9,0.0,0.25,0.25,0.7
fresh_negative,-0.02,0.0,435,678,0.4761904761904761,0.4166666666666667,-0.05952380952380942,0.05952380952380942,0.5238095238095238,0.5833333333333334,0.059523809523809534,0.059523809523809534,2376.619047619048,2014.75,,0.97,-0.25,0.1,0.25,1.0
fresh_p_positive,0.97,0.995,435,462,0.4761904761904761,0.4166666666666667,-0.05952380952380942,0.05952380952380942,0.5238095238095238,0.5833333333333334,0.059523809523809534,0.059523809523809534,2376.619047619048,2002.2916666666667,-0.02,,-0.25,0.1,0.25,1.0
fresh_p_positive,0.9,0.97,651,678,0.4761904761904761,0.4166666666666667,-0.05952380952380942,0.05952380952380942,0.5238095238095238,0.5833333333333334,0.059523809523809534,0.059523809523809534,2450.809523809524,2014.75,0.0,,-0.25,0.1,0.25,1.0
fresh_negative,-0.1,-0.02,65,308,0.4761904761904761,0.4166666666666667,-0.05952380952380942,0.05952380952380942,0.4761904761904761,0.5,0.02380952380952389,0.02380952380952389,2235.8571428571427,2289.4166666666665,,0.995,-0.1,0.0,0.75,0.7
fresh_negative,-0.02,0.0,257,500,0.4166666666666667,0.4761904761904761,0.05952380952380942,0.05952380952380942,0.5416666666666666,0.5238095238095238,-0.017857142857142794,0.017857142857142794,1966.375,2182.285714285714,,0.9,-0.1,0.1,0.75,0.7
previous_negative,-0.25,-0.1,56,65,0.4166666666666667,0.4761904761904761,0.05952380952380942,0.05952380952380942,0.4583333333333333,0.4761904761904761,0.017857142857142794,0.017857142857142794,2425.75,2235.8571428571427,-0.1,0.995,,0.0,0.75,0.7
fresh_negative,-0.1,-0.02,31,274,0.4761904761904761,0.4166666666666667,-0.05952380952380942,0.05952380952380942,0.5238095238095238,0.5416666666666666,0.017857142857142794,0.017857142857142794,2171.0476190476197,2300.0,,0.97,-0.25,0.1,0.5,0.7
previous_negative,-0.25,-0.1,248,257,0.4761904761904761,0.4166666666666667,-0.05952380952380942,0.05952380952380942,0.5238095238095238,0.5416666666666666,0.017857142857142794,0.017857142857142794,2340.2380952380954,1966.375,-0.02,0.9,,0.1,0.75,0.7
previous_negative,-0.25,-0.1,352,361,0.2631578947368421,0.2040816326530612,-0.05907626208378089,0.05907626208378089,0.7105263157894737,0.7959183673469388,0.0853920515574651,0.0853920515574651,1469.2105263157894,1017.1632653061224,-0.02,0.97,,0.0,0.5,0.85
previous_p_positive,0.25,0.5,417,418,0.2631578947368421,0.2040816326530612,-0.05907626208378089,0.05907626208378089,0.7368421052631579,0.7959183673469388,0.05907626208378092,0.05907626208378092,1201.0526315789473,1171.142857142857,-0.02,0.9,-0.1,0.1,,1.0
previous_positive,0.0,0.1,415,418,0.2631578947368421,0.2040816326530612,-0.05907626208378089,0.05907626208378089,0.7368421052631579,0.7959183673469388,0.05907626208378092,0.05907626208378092,1334.7105263157894,1171.142857142857,-0.02,0.9,-0.1,,0.5,1.0
fresh_positive,0.85,1.0,146,227,0.1886792452830188,0.1298701298701298,-0.058809115412888996,0.058809115412888996,0.8113207547169812,0.8701298701298701,0.05880911541288891,0.05880911541288891,912.5283018867924,759.5974025974026,-0.1,0.995,-0.1,0.0,0.75,
fresh_positive,0.85,1.0,123,204,0.1886792452830188,0.1298701298701298,-0.058809115412888996,0.058809115412888996,0.8113207547169812,0.8701298701298701,0.05880911541288891,0.05880911541288891,990.0377358490566,809.2597402597403,-0.1,0.97,-0.1,0.25,0.25,
previous_negative,-0.25,-0.1,139,148,0.1886792452830188,0.1298701298701298,-0.058809115412888996,0.058809115412888996,0.8113207547169812,0.8701298701298701,0.05880911541288891,0.05880911541288891,1007.7735849056604,664.9090909090909,-0.1,0.995,,0.1,0.5,0.85
fresh_negative,-0.02,0.0,371,614,0.1298701298701298,0.1886792452830188,0.058809115412888996,0.058809115412888996,0.8571428571428571,0.8113207547169812,-0.04582210242587592,0.04582210242587592,869.8701298701299,917.1698113207548,,0.97,0.0,0.0,0.75,0.85
fresh_p_positive,0.97,0.995,371,398,0.1298701298701298,0.1886792452830188,0.058809115412888996,0.058809115412888996,0.8571428571428571,0.8113207547169812,-0.04582210242587592,0.04582210242587592,869.8701298701299,819.2264150943396,-0.02,,0.0,0.0,0.75,0.85
fresh_p_positive,0.97,0.995,286,313,0.1298701298701298,0.1886792452830188,0.058809115412888996,0.058809115412888996,0.8571428571428571,0.8113207547169812,-0.04582210242587592,0.04582210242587592,992.7272727272727,1020.245283018868,-0.02,,-0.1,0.25,0.5,0.7
previous_negative,-0.1,0.0,362,371,0.1886792452830188,0.1298701298701298,-0.058809115412888996,0.058809115412888996,0.8113207547169812,0.8571428571428571,0.04582210242587592,0.04582210242587592,1026.433962264151,869.8701298701299,-0.02,0.97,,0.0,0.75,0.85
fresh_negative,-0.1,-0.02,89,332,0.217391304347826,0.1587301587301587,-0.058661145617667304,0.058661145617667304,0.7608695652173914,0.8412698412698413,0.08040027605244993,0.08040027605244993,1425.4565217391305,1167.3650793650793,,0.9,-0.25,0.25,0.75,0.85
fresh_positive,0.7,0.85,260,341,0.217391304347826,0.1587301587301587,-0.058661145617667304,0.058661145617667304,0.782608695652174,0.8412698412698413,0.05866114561766733,0.05866114561766733,1328.2826086956522,950.6349206349206,-0.02,0.9,-0.1,0.25,0.75,
previous_p_positive,0.25,0.5,663,664,0.217391304347826,0.1587301587301587,-0.058661145617667304,0.058661145617667304,0.782608695652174,0.8253968253968254,0.042788129744651404,0.042788129744651404,1296.3695652173913,1073.0,0.0,0.9,-0.1,0.25,,1.0
fresh_negative,-0.02,0.0,474,717,0.0714285714285714,0.1298701298701298,0.058441558441558406,0.058441558441558406,0.9214285714285714,0.8701298701298701,-0.05129870129870129,0.05129870129870129,470.7642857142857,659.4025974025974,,0.995,-0.1,0.25,0.25,1.0
fresh_positive,0.85,1.0,393,474,0.1298701298701298,0.0714285714285714,-0.058441558441558406,0.058441558441558406,0.8701298701298701,0.9214285714285714,0.05129870129870129,0.05129870129870129,631.987012987013,470.7642857142857,-0.02,0.995,-0.1,0.25,0.25,
fresh_positive,0.85,1.0,607,688,0.1298701298701298,0.0714285714285714,-0.058441558441558406,0.058441558441558406,0.8701298701298701,0.9214285714285714,0.05129870129870129,0.05129870129870129,635.9090909090909,525.5857142857143,0.0,0.97,-0.1,0.1,0.5,
previous_p_positive,0.5,0.75,607,608,0.1298701298701298,0.0714285714285714,-0.058441558441558406,0.058441558441558406,0.8701298701298701,0.9214285714285714,0.05129870129870129,0.05129870129870129,635.9090909090909,449.65,0.0,0.97,-0.1,0.1,,0.85
fresh_positive,0.85,1.0,372,453,0.1298701298701298,0.0714285714285714,-0.058441558441558406,0.058441558441558406,0.8701298701298701,0.9214285714285714,0.05129870129870129,0.05129870129870129,669.7012987012987,501.6,-0.02,0.97,0.0,0.1,0.25,
previous_negative,-0.1,0.0,148,157,0.1298701298701298,0.0714285714285714,-0.058441558441558406,0.058441558441558406,0.8701298701298701,0.9142857142857144,0.04415584415584428,0.04415584415584428,664.9090909090909,419.8357142857143,-0.1,0.995,,0.1,0.5,0.85
previous_negative,-0.25,-0.1,358,367,0.1219512195121951,0.0636942675159235,-0.05825695199627161,0.05825695199627161,0.8780487804878049,0.9363057324840764,0.058256951996271567,0.058256951996271567,741.5365853658536,372.92356687898086,-0.02,0.97,,0.25,0.5,0.85
fresh_positive,0.85,1.0,612,693,0.1388888888888889,0.0806451612903225,-0.0582437275985664,0.0582437275985664,0.8472222222222222,0.9193548387096774,0.07213261648745517,0.07213261648745517,773.8055555555555,511.1532258064516,0.0,0.97,0.0,0.0,0.25,
previous_positive,0.0,0.1,612,615,0.1388888888888889,0.0806451612903225,-0.0582437275985664,0.0582437275985664,0.8472222222222222,0.9193548387096774,0.07213261648745517,0.07213261648745517,773.8055555555555,521.7741935483871,0.0,0.97,0.0,,0.25,0.85
fresh_positive,0.85,1.0,128,209,0.1388888888888889,0.0806451612903225,-0.0582437275985664,0.0582437275985664,0.8472222222222222,0.9193548387096774,0.07213261648745517,0.07213261648745517,811.2361111111111,595.7903225806451,-0.1,0.97,0.0,0.0,0.75,
previous_positive,0.0,0.1,207,210,0.1388888888888889,0.0806451612903225,-0.0582437275985664,0.0582437275985664,0.8611111111111112,0.9193548387096774,0.05824372759856622,0.05824372759856622,792.75,476.75,-0.1,0.97,0.0,,0.25,1.0
previous_positive,0.1,0.25,202,205,0.1388888888888889,0.0806451612903225,-0.0582437275985664,0.0582437275985664,0.8611111111111112,0.9193548387096774,0.05824372759856622,0.05824372759856622,844.8888888888889,491.31451612903226,-0.1,0.97,-0.1,,0.5,1.0
fresh_positive,0.85,1.0,155,236,0.1388888888888889,0.0806451612903225,-0.0582437275985664,0.0582437275985664,0.8472222222222222,0.9032258064516128,0.05600358422939056,0.05600358422939056,792.0694444444445,512.258064516129,-0.1,0.995,0.0,0.0,0.75,
previous_p_positive,0.5,0.75,391,392,0.1388888888888889,0.0806451612903225,-0.0582437275985664,0.0582437275985664,0.8611111111111112,0.9112903225806452,0.05017921146953408,0.05017921146953408,615.8611111111111,434.4032258064516,-0.02,0.995,-0.1,0.1,,0.85
fresh_positive,0.85,1.0,613,694,0.1388888888888889,0.0806451612903225,-0.0582437275985664,0.0582437275985664,0.8611111111111112,0.9112903225806452,0.05017921146953408,0.05017921146953408,705.4444444444445,497.25,0.0,0.97,0.0,0.0,0.5,
fresh_negative,-0.1,-0.02,207,450,0.1388888888888889,0.0806451612903225,-0.0582437275985664,0.0582437275985664,0.8611111111111112,0.9112903225806452,0.05017921146953408,0.05017921146953408,792.75,564.766129032258,,0.97,0.0,0.0,0.25,1.0
fresh_p_positive,0.97,0.995,207,234,0.1388888888888889,0.0806451612903225,-0.0582437275985664,0.0582437275985664,0.8611111111111112,0.9112903225806452,0.05017921146953408,0.05017921146953408,792.75,480.3467741935484,-0.1,,0.0,0.0,0.25,1.0
previous_p_positive,0.5,0.75,622,623,0.25,0.1923076923076923,-0.05769230769230771,0.05769230769230771,0.75,0.8076923076923077,0.05769230769230771,0.05769230769230771,1281.525,968.9423076923076,0.0,0.995,-0.25,0.0,,0.85
previous_positive,0.0,0.1,460,463,0.25,0.1923076923076923,-0.05769230769230771,0.05769230769230771,0.725,0.7692307692307693,0.044230769230769296,0.044230769230769296,1186.725,1066.4038461538462,-0.02,0.995,-0.25,,0.5,1.0
previous_positive,0.0,0.1,344,347,0.25,0.1923076923076923,-0.05769230769230771,0.05769230769230771,0.75,0.7884615384615384,0.038461538461538436,0.038461538461538436,1300.725,1234.6346153846157,-0.02,0.9,0.0,,0.75,0.85
previous_negative,-0.25,-0.1,194,203,0.1234567901234567,0.0657894736842105,-0.057667316439246205,0.057667316439246205,0.8765432098765432,0.9342105263157896,0.057667316439246386,0.057667316439246386,733.8271604938271,431.6578947368421,-0.1,0.97,,0.1,0.75,1.0
fresh_positive,0.85,1.0,356,437,0.0657894736842105,0.1234567901234567,0.057667316439246205,0.057667316439246205,0.9276315789473684,0.8765432098765432,-0.051088369070825146,0.051088369070825146,578.5921052631579,728.1851851851852,-0.02,0.97,-0.25,0.1,0.75,
fresh_negative,-0.1,-0.02,78,321,0.196078431372549,0.1388888888888889,-0.057189542483660094,0.057189542483660094,0.803921568627451,0.8611111111111112,0.05718954248366015,0.05718954248366015,924.5490196078432,807.4305555555555,,0.995,0.0,0.25,0.25,0.7
previous_positive,0.0,0.1,199,202,0.196078431372549,0.1388888888888889,-0.057189542483660094,0.057189542483660094,0.803921568627451,0.8611111111111112,0.05718954248366015,0.05718954248366015,1016.2352941176472,844.8888888888889,-0.1,0.97,-0.1,,0.5,1.0
fresh_p_positive,0.97,0.995,294,321,0.196078431372549,0.1388888888888889,-0.057189542483660094,0.057189542483660094,0.803921568627451,0.8611111111111112,0.05718954248366015,0.05718954248366015,1057.3725490196075,807.4305555555555,-0.02,,0.0,0.25,0.25,0.7
previous_positive,0.0,0.1,721,724,0.1234567901234567,0.0666666666666666,-0.056790123456790104,0.056790123456790104,0.8641975308641975,0.9333333333333332,0.06913580246913575,0.06913580246913575,609.6543209876543,341.8933333333333,0.0,0.995,0.0,,0.5,1.0
previous_positive,0.0,0.1,477,480,0.1234567901234567,0.0666666666666666,-0.056790123456790104,0.056790123456790104,0.8765432098765432,0.9333333333333332,0.05679012345679002,0.05679012345679002,607.1728395061729,391.4666666666666,-0.02,0.995,0.0,,0.25,1.0
fresh_negative,-0.02,0.0,479,722,0.0666666666666666,0.1234567901234567,0.056790123456790104,0.056790123456790104,0.9266666666666666,0.8765432098765432,-0.05012345679012342,0.05012345679012342,478.62,620.074074074074,,0.995,0.0,0.0,0.75,1.0
previous_positive,0.1,0.25,364,367,0.1204819277108433,0.0636942675159235,-0.056787660194919806,0.056787660194919806,0.8795180722891566,0.9363057324840764,0.056787660194919876,0.056787660194919876,786.0120481927711,372.92356687898086,-0.02,0.97,-0.1,,0.5,0.85
fresh_negative,-0.02,0.0,464,707,0.1234567901234567,0.0671140939597315,-0.0563426961637252,0.0563426961637252,0.8765432098765432,0.9328859060402684,0.056342696163725225,0.056342696163725225,599.8024691358024,415.77852348993287,,0.995,-0.25,0.1,0.75,1.0
previous_negative,-0.1,0.0,447,456,0.1234567901234567,0.0671140939597315,-0.0563426961637252,0.0563426961637252,0.8765432098765432,0.9328859060402684,0.056342696163725225,0.056342696163725225,695.1851851851852,386.76510067114094,-0.02,0.97,,0.25,0.25,1.0
fresh_negative,-0.02,0.0,452,695,0.0671140939597315,0.1234567901234567,0.0563426961637252,0.0563426961637252,0.9194630872483222,0.8641975308641975,-0.05526555638412467,0.05526555638412467,509.5838926174497,667.2716049382716,,0.97,0.0,0.0,0.75,1.0
previous_negative,-0.1,0.0,443,452,0.1234567901234567,0.0671140939597315,-0.0563426961637252,0.0563426961637252,0.8641975308641975,0.9194630872483222,0.05526555638412467,0.05526555638412467,750.1111111111111,509.5838926174497,-0.02,0.97,,0.0,0.75,1.0
previous_negative,-0.25,-0.1,574,583,0.238095238095238,0.1818181818181818,-0.0562770562770562,0.0562770562770562,0.7619047619047619,0.8,0.03809523809523818,0.03809523809523818,1407.2857142857142,1305.3090909090909,0.0,0.9,,0.25,0.5,0.85
previous_negative,-0.1,0.0,445,454,0.1219512195121951,0.0657894736842105,-0.05616174582798461,0.05616174582798461,0.8780487804878049,0.9276315789473684,0.04958279845956348,0.04958279845956348,736.0853658536586,440.4934210526316,-0.02,0.97,,0.1,0.5,1.0
fresh_positive,0.85,1.0,115,196,0.1162790697674418,0.1724137931034483,0.056134723336006484,0.056134723336006484,0.8837209302325582,0.8275862068965517,-0.05613472333600644,0.05613472333600644,875.953488372093,929.6206896551724,-0.1,0.97,-0.25,0.25,0.5,
previous_p_positive,0.5,0.75,34,35,0.217391304347826,0.1612903225806451,-0.056100981767180896,0.056100981767180896,0.7391304347826086,0.8387096774193549,0.09957924263674622,0.09957924263674622,1635.0,890.9193548387096,-0.1,0.97,-0.25,0.25,,0.7
fresh_positive,0.85,1.0,588,669,0.217391304347826,0.1612903225806451,-0.056100981767180896,0.056100981767180896,0.782608695652174,0.8387096774193549,0.056100981767180924,0.056100981767180924,1343.0434782608695,1114.354838709677,0.0,0.9,0.0,0.1,0.25,
previous_positive,0.0,0.1,279,282,0.5555555555555556,0.5,-0.05555555555555558,0.05555555555555558,0.3888888888888889,0.5,0.1111111111111111,0.1111111111111111,2590.777777777778,2160.4,-0.02,0.97,-0.1,,0.25,0.7
fresh_negative,-0.02,0.0,250,493,0.5555555555555556,0.5,-0.05555555555555558,0.05555555555555558,0.3888888888888889,0.5,0.1111111111111111,0.1111111111111111,2774.333333333333,2446.5,,0.9,-0.25,0.25,0.5,0.7
previous_negative,-0.1,0.0,256,265,0.5555555555555556,0.5,-0.05555555555555558,0.05555555555555558,0.3888888888888889,0.5,0.1111111111111111,0.1111111111111111,2811.333333333333,2159.55,-0.02,0.9,,0.1,0.5,0.7
fresh_negative,-0.1,-0.02,22,265,0.5555555555555556,0.5,-0.05555555555555558,0.05555555555555558,0.3888888888888889,0.5,0.1111111111111111,0.1111111111111111,2896.6666666666665,2159.55,,0.9,0.0,0.1,0.5,0.7
fresh_positive,0.85,1.0,108,189,0.5555555555555556,0.5,-0.05555555555555558,0.05555555555555558,0.4444444444444444,0.5,0.05555555555555558,0.05555555555555558,2233.777777777778,2387.75,-0.1,0.97,-0.25,0.0,0.25,
previous_p_positive,0.5,0.75,505,506,0.5,0.5555555555555556,0.05555555555555558,0.05555555555555558,0.4,0.4444444444444444,0.0444444444444444,0.0444444444444444,2678.95,2494.6111111111118,0.0,0.9,0.0,0.0,,0.7
previous_positive,0.0,0.1,324,327,0.7692307692307693,0.7142857142857143,-0.05494505494505497,0.05494505494505497,0.2307692307692307,0.2857142857142857,0.054945054945055,0.054945054945055,3129.769230769231,2849.8571428571427,-0.02,0.9,-0.25,,0.25,0.85
fresh_positive,0.85,1.0,634,715,0.0840336134453781,0.1388888888888889,0.05485527544351079,0.05485527544351079,0.8991596638655462,0.8611111111111112,-0.03804855275443508,0.03804855275443508,551.4957983193277,635.3472222222222,0.0,0.995,-0.1,0.1,0.5,
fresh_negative,-0.02,0.0,391,634,0.1388888888888889,0.0840336134453781,-0.05485527544351079,0.05485527544351079,0.8611111111111112,0.8991596638655462,0.03804855275443508,0.03804855275443508,615.8611111111111,551.4957983193277,,0.995,-0.1,0.1,0.5,0.85
fresh_p_positive,0.97,0.995,358,385,0.1219512195121951,0.0671140939597315,-0.0548371255524636,0.0548371255524636,0.8780487804878049,0.9328859060402684,0.05483712555246356,0.05483712555246356,741.5365853658536,470.8590604026846,-0.02,,-0.25,0.25,0.5,0.85
previous_p_positive,0.5,0.75,190,191,0.2631578947368421,0.2083333333333333,-0.054824561403508804,0.054824561403508804,0.7368421052631579,0.7916666666666666,0.054824561403508776,0.054824561403508776,1315.921052631579,948.6875,-0.1,0.97,-0.25,0.0,,1.0
previous_negative,-0.1,0.0,526,535,0.2631578947368421,0.2083333333333333,-0.054824561403508804,0.054824561403508804,0.7368421052631579,0.7916666666666666,0.054824561403508776,0.054824561403508776,1634.4473684210527,1099.7708333333333,0.0,0.97,,0.1,0.5,0.7
previous_p_positive,0.5,0.75,526,527,0.2631578947368421,0.2083333333333333,-0.054824561403508804,0.054824561403508804,0.7368421052631579,0.7708333333333334,0.033991228070175517,0.033991228070175517,1634.4473684210527,1007.3541666666666,0.0,0.97,-0.1,0.1,,0.7
fresh_p_positive,0.97,0.995,526,553,0.2631578947368421,0.2083333333333333,-0.054824561403508804,0.054824561403508804,0.7368421052631579,0.75,0.013157894736842146,0.013157894736842146,1634.4473684210527,1378.2916666666667,0.0,,-0.1,0.1,0.5,0.7
previous_positive,0.1,0.25,93,96,0.4545454545454545,0.4,-0.05454545454545445,0.05454545454545445,0.5454545454545454,0.6,0.054545454545454564,0.054545454545454564,2064.5,2046.8,-0.1,0.9,-0.1,,0.25,0.85
previous_p_positive,0.25,0.5,93,94,0.4545454545454545,0.4,-0.05454545454545445,0.05454545454545445,0.5454545454545454,0.6,0.054545454545454564,0.054545454545454564,2064.5,2217.12,-0.1,0.9,-0.1,0.1,,0.85
fresh_p_positive,0.97,0.995,682,709,0.1351351351351351,0.0806451612903225,-0.05448997384481259,0.05448997384481259,0.8513513513513513,0.9112903225806452,0.059938971229293925,0.059938971229293925,898.8243243243244,573.5403225806451,0.0,,-0.25,0.25,0.5,1.0
previous_positive,0.1,0.25,599,602,0.0806451612903225,0.026525198938992,-0.0541199623513305,0.0541199623513305,0.9193548387096774,0.9708222811671088,0.0514674424574314,0.0514674424574314,567.3387096774194,261.3050397877984,0.0,0.97,-0.25,,0.75,0.85
fresh_positive,0.7,0.85,521,602,0.0806451612903225,0.026525198938992,-0.0541199623513305,0.0541199623513305,0.9193548387096774,0.9708222811671088,0.0514674424574314,0.0514674424574314,578.75,261.3050397877984,0.0,0.97,-0.25,0.25,0.75,
previous_positive,0.0,0.1,46,49,0.25,0.196078431372549,-0.05392156862745101,0.05392156862745101,0.7,0.7843137254901961,0.08431372549019611,0.08431372549019611,1735.2,1189.3333333333333,-0.1,0.97,0.0,,0.5,0.7
previous_positive,0.1,0.25,75,78,0.25,0.196078431372549,-0.05392156862745101,0.05392156862745101,0.75,0.803921568627451,0.05392156862745101,0.05392156862745101,1212.7,924.5490196078432,-0.1,0.995,0.0,,0.25,0.7
fresh_p_positive,0.9,0.97,650,677,0.25,0.196078431372549,-0.05392156862745101,0.05392156862745101,0.75,0.803921568627451,0.05392156862745101,0.05392156862745101,1253.075,1031.235294117647,0.0,,-0.25,0.0,0.75,1.0
previous_p_positive,0.5,0.75,70,71,0.1030927835051546,0.0495049504950495,-0.053587833010105106,0.053587833010105106,0.8969072164948454,0.9455445544554456,0.04863733796060021,0.04863733796060021,672.6185567010309,322.5495049504951,-0.1,0.995,-0.1,0.25,,0.7
fresh_negative,-0.1,-0.02,154,397,0.1388888888888889,0.1923076923076923,0.053418803418803396,0.053418803418803396,0.8611111111111112,0.7884615384615384,-0.07264957264957272,0.07264957264957272,690.5694444444445,852.1923076923077,,0.995,0.0,0.0,0.5,0.85
previous_negative,-0.1,0.0,632,641,0.1923076923076923,0.1388888888888889,-0.053418803418803396,0.053418803418803396,0.7884615384615384,0.8611111111111112,0.07264957264957272,0.07264957264957272,912.2692307692308,724.6527777777778,0.0,0.995,,0.0,0.75,0.85
fresh_negative,-0.02,0.0,396,639,0.1923076923076923,0.1388888888888889,-0.053418803418803396,0.053418803418803396,0.8076923076923077,0.8611111111111112,0.05341880341880345,0.05341880341880345,794.2884615384615,732.7638888888889,,0.995,0.0,0.0,0.25,0.85
previous_p_positive,0.25,0.5,153,154,0.1923076923076923,0.1388888888888889,-0.053418803418803396,0.053418803418803396,0.8076923076923077,0.8611111111111112,0.05341880341880345,0.05341880341880345,827.4038461538462,690.5694444444445,-0.1,0.995,0.0,0.0,,0.85
previous_negative,-0.25,-0.1,382,391,0.1923076923076923,0.1388888888888889,-0.053418803418803396,0.053418803418803396,0.8076923076923077,0.8611111111111112,0.05341880341880345,0.05341880341880345,933.8461538461538,615.8611111111111,-0.02,0.995,,0.1,0.5,0.85
fresh_negative,-0.02,0.0,369,612,0.1923076923076923,0.1388888888888889,-0.053418803418803396,0.053418803418803396,0.8076923076923077,0.8472222222222222,0.0395299145299145,0.0395299145299145,913.75,773.8055555555555,,0.97,0.0,0.0,0.25,0.85
previous_p_positive,0.5,0.75,364,365,0.1204819277108433,0.0671140939597315,-0.0533678337511118,0.0533678337511118,0.8795180722891566,0.9328859060402684,0.05336783375111187,0.05336783375111187,786.0120481927711,401.5570469798658,-0.02,0.97,-0.1,0.1,,0.85
fresh_p_positive,0.9,0.97,592,619,0.0869565217391304,0.0344827586206896,-0.052473763118440805,0.052473763118440805,0.9130434782608696,0.9655172413793104,0.052473763118440764,0.052473763118440764,726.695652173913,264.57586206896553,0.0,,0.0,0.25,0.5,0.85
previous_negative,-0.1,0.0,584,593,0.0714285714285714,0.1234567901234567,0.0520282186948853,0.0520282186948853,0.9214285714285714,0.8765432098765432,-0.04488536155202816,0.04488536155202816,697.3571428571429,826.4444444444445,0.0,0.9,,0.25,0.75,0.85
fresh_negative,-0.1,-0.02,231,474,0.1234567901234567,0.0714285714285714,-0.0520282186948853,0.0520282186948853,0.8765432098765432,0.9214285714285714,0.04488536155202816,0.04488536155202816,627.5802469135803,470.7642857142857,,0.995,-0.1,0.25,0.25,1.0
fresh_p_positive,0.97,0.995,447,474,0.1234567901234567,0.0714285714285714,-0.0520282186948853,0.0520282186948853,0.8765432098765432,0.9214285714285714,0.04488536155202816,0.04488536155202816,695.1851851851852,470.7642857142857,-0.02,,-0.1,0.25,0.25,1.0
fresh_negative,-0.1,-0.02,150,393,0.0787401574803149,0.1298701298701298,0.0511299723898149,0.0511299723898149,0.9212598425196852,0.8701298701298701,-0.05112997238981509,0.05112997238981509,487.81889763779526,631.987012987013,,0.995,-0.1,0.25,0.25,0.85
fresh_negative,-0.02,0.0,445,688,0.1219512195121951,0.0714285714285714,-0.05052264808362371,0.05052264808362371,0.8780487804878049,0.9214285714285714,0.043379790940766494,0.043379790940766494,736.0853658536586,525.5857142857143,,0.97,-0.1,0.1,0.5,1.0
fresh_p_positive,0.97,0.995,445,472,0.1219512195121951,0.0714285714285714,-0.05052264808362371,0.05052264808362371,0.8780487804878049,0.9214285714285714,0.043379790940766494,0.043379790940766494,736.0853658536586,427.45,-0.02,,-0.1,0.1,0.5,1.0
fresh_p_positive,0.97,0.995,115,142,0.1162790697674418,0.0657894736842105,-0.05048959608323131,0.05048959608323131,0.8837209302325582,0.9342105263157896,0.05048959608323145,0.05048959608323145,875.953488372093,505.30263157894734,-0.1,,-0.25,0.25,0.5,0.85
previous_negative,-0.25,-0.1,115,124,0.1162790697674418,0.0657894736842105,-0.05048959608323131,0.05048959608323131,0.8837209302325582,0.9276315789473684,0.04391064871481021,0.04391064871481021,875.953488372093,456.17105263157896,-0.1,0.97,,0.25,0.5,0.85
fresh_p_positive,0.97,0.995,525,552,0.3846153846153846,0.4347826086956521,0.050167224080267525,0.050167224080267525,0.5384615384615384,0.4782608695652174,-0.06020066889632103,0.06020066889632103,2086.230769230769,2357.6521739130435,0.0,,-0.1,0.1,0.25,0.7
fresh_p_positive,0.97,0.995,524,551,0.4347826086956521,0.3846153846153846,-0.050167224080267525,0.050167224080267525,0.5217391304347826,0.5,-0.021739130434782594,0.021739130434782594,1969.695652173913,2271.3846153846152,0.0,,-0.1,0.0,0.75,0.7
previous_negative,-0.1,0.0,64,73,0.5263157894736842,0.4761904761904761,-0.05012531328320807,0.05012531328320807,0.4210526315789473,0.5238095238095238,0.10275689223057655,0.10275689223057655,2541.157894736842,2150.190476190476,-0.1,0.995,,0.0,0.5,0.7
previous_p_positive,0.5,0.75,64,65,0.5263157894736842,0.4761904761904761,-0.05012531328320807,0.05012531328320807,0.4210526315789473,0.4761904761904761,0.05513784461152882,0.05513784461152882,2541.157894736842,2235.8571428571427,-0.1,0.995,-0.1,0.0,,0.7
fresh_negative,-0.1,-0.02,85,328,0.5263157894736842,0.4761904761904761,-0.05012531328320807,0.05012531328320807,0.4736842105263157,0.5238095238095238,0.05012531328320813,0.05012531328320813,2598.684210526316,2230.714285714286,,0.9,-0.25,0.1,0.5,0.85
previous_p_positive,0.5,0.75,460,461,0.25,0.2,-0.04999999999999999,0.04999999999999999,0.725,0.8,0.07500000000000007,0.07500000000000007,1186.725,844.22,-0.02,0.995,-0.25,0.0,,1.0
previous_positive,0.0,0.1,217,220,0.25,0.2,-0.04999999999999999,0.04999999999999999,0.75,0.8,0.050000000000000044,0.050000000000000044,1185.375,947.8,-0.1,0.995,-0.25,,0.5,1.0
previous_p_positive,0.5,0.75,217,218,0.25,0.2,-0.04999999999999999,0.04999999999999999,0.75,0.8,0.050000000000000044,0.050000000000000044,1185.375,893.32,-0.1,0.995,-0.25,0.0,,1.0
previous_positive,0.0,0.1,650,653,0.25,0.2,-0.04999999999999999,0.04999999999999999,0.75,0.8,0.050000000000000044,0.050000000000000044,1253.075,1139.8,0.0,0.9,-0.25,,0.75,1.0
fresh_p_positive,0.9,0.97,579,606,0.25,0.2,-0.04999999999999999,0.04999999999999999,0.75,0.8,0.050000000000000044,0.050000000000000044,1423.85,989.34,0.0,,-0.1,0.1,0.25,0.85
fresh_positive,0.85,1.0,585,666,0.25,0.2,-0.04999999999999999,0.04999999999999999,0.725,0.76,0.03500000000000003,0.03500000000000003,1401.175,1101.32,0.0,0.9,0.0,0.0,0.25,
previous_negative,-0.1,0.0,657,666,0.25,0.2,-0.04999999999999999,0.04999999999999999,0.75,0.76,0.010000000000000009,0.010000000000000009,1351.025,1101.32,0.0,0.9,,0.0,0.25,1.0
fresh_positive,0.85,1.0,345,426,0.2222222222222222,0.1724137931034483,-0.04980842911877392,0.04980842911877392,0.7555555555555555,0.8275862068965517,0.07203065134099618,0.07203065134099618,1372.9333333333334,1010.3620689655172,-0.02,0.9,0.0,0.1,0.25,
previous_positive,0.0,0.1,667,670,0.2222222222222222,0.1724137931034483,-0.04980842911877392,0.04980842911877392,0.7777777777777778,0.8275862068965517,0.04980842911877392,0.04980842911877392,1109.9555555555555,1109.896551724138,0.0,0.9,0.0,,0.5,1.0
fresh_negative,-0.1,-0.02,183,426,0.2222222222222222,0.1724137931034483,-0.04980842911877392,0.04980842911877392,0.7777777777777778,0.8275862068965517,0.04980842911877392,0.04980842911877392,1327.0666666666666,1010.3620689655172,,0.9,0.0,0.1,0.25,1.0
fresh_negative,-0.02,0.0,321,564,0.1388888888888889,0.1886792452830188,0.0497903563941299,0.0497903563941299,0.8611111111111112,0.7924528301886793,-0.06865828092243187,0.06865828092243187,807.4305555555555,1002.8867924528302,,0.995,0.0,0.25,0.25,0.7
previous_p_positive,0.5,0.75,613,614,0.1388888888888889,0.1886792452830188,0.0497903563941299,0.0497903563941299,0.8611111111111112,0.8113207547169812,-0.049790356394129986,0.049790356394129986,705.4444444444445,917.1698113207548,0.0,0.97,0.0,0.0,,0.85
fresh_negative,-0.02,0.0,398,641,0.1886792452830188,0.1388888888888889,-0.0497903563941299,0.0497903563941299,0.8113207547169812,0.8611111111111112,0.049790356394129986,0.049790356394129986,819.2264150943396,724.6527777777778,,0.995,0.0,0.0,0.75,0.85
fresh_positive,0.85,1.0,126,207,0.1886792452830188,0.1388888888888889,-0.0497903563941299,0.0497903563941299,0.8113207547169812,0.8611111111111112,0.049790356394129986,0.049790356394129986,877.3396226415094,792.75,-0.1,0.97,0.0,0.0,0.25,
fresh_p_positive,0.97,0.995,614,641,0.1886792452830188,0.1388888888888889,-0.0497903563941299,0.0497903563941299,0.8113207547169812,0.8611111111111112,0.049790356394129986,0.049790356394129986,917.1698113207548,724.6527777777778,0.0,,0.0,0.0,0.75,0.85
fresh_negative,-0.1,-0.02,155,398,0.1388888888888889,0.1886792452830188,0.0497903563941299,0.0497903563941299,0.8472222222222222,0.8113207547169812,-0.035901467505241036,0.035901467505241036,792.0694444444445,819.2264150943396,,0.995,0.0,0.0,0.75,0.85
previous_p_positive,0.25,0.5,126,127,0.1886792452830188,0.1388888888888889,-0.0497903563941299,0.0497903563941299,0.8113207547169812,0.8472222222222222,0.035901467505241036,0.035901467505241036,877.3396226415094,774.6111111111111,-0.1,0.97,0.0,0.0,,0.85
previous_negative,-0.1,0.0,146,155,0.1886792452830188,0.1388888888888889,-0.0497903563941299,0.0497903563941299,0.8113207547169812,0.8472222222222222,0.035901467505241036,0.035901467505241036,912.5283018867924,792.0694444444445,-0.1,0.995,,0.0,0.75,0.85
previous_negative,-0.1,0.0,119,128,0.1886792452830188,0.1388888888888889,-0.0497903563941299,0.0497903563941299,0.8113207547169812,0.8472222222222222,0.035901467505241036,0.035901467505241036,949.8679245283018,811.2361111111111,-0.1,0.97,,0.0,0.75,0.85
fresh_positive,0.85,1.0,349,430,0.1587301587301587,0.2083333333333333,0.049603174603174593,0.049603174603174593,0.8412698412698413,0.7916666666666666,-0.04960317460317465,0.04960317460317465,976.15873015873,1058.4375,-0.02,0.9,0.0,0.25,0.5,
previous_positive,0.1,0.25,572,575,0.2083333333333333,0.1587301587301587,-0.049603174603174593,0.049603174603174593,0.7916666666666666,0.8412698412698413,0.04960317460317465,0.04960317460317465,1211.0416666666667,1122.5396825396826,0.0,0.9,-0.25,,0.75,0.85
previous_positive,0.1,0.25,338,341,0.2083333333333333,0.1587301587301587,-0.049603174603174593,0.049603174603174593,0.7916666666666666,0.8412698412698413,0.04960317460317465,0.04960317460317465,1281.6041666666667,950.6349206349206,-0.02,0.9,-0.1,,0.75,0.85
previous_positive,0.1,0.25,392,395,0.0806451612903225,0.0313479623824451,-0.04929719890787739,0.04929719890787739,0.9112903225806452,0.9686520376175548,0.057361715036909566,0.057361715036909566,434.4032258064516,202.31974921630092,-0.02,0.995,-0.1,,0.75,0.85
previous_positive,0.0,0.1,370,373,0.1298701298701298,0.0806451612903225,-0.04922496857980731,0.04922496857980731,0.8441558441558441,0.9193548387096774,0.07519899455383328,0.07519899455383328,783.1818181818181,440.6774193548387,-0.02,0.97,0.0,,0.5,0.85
fresh_p_positive,0.97,0.995,693,720,0.0806451612903225,0.1298701298701298,0.04922496857980731,0.04922496857980731,0.9193548387096774,0.8571428571428571,-0.062211981566820285,0.062211981566820285,511.1532258064516,698.1948051948052,0.0,,0.0,0.0,0.25,1.0
fresh_p_positive,0.97,0.995,451,478,0.1298701298701298,0.0806451612903225,-0.04922496857980731,0.04922496857980731,0.8571428571428571,0.9193548387096774,0.062211981566820285,0.062211981566820285,741.1558441558442,502.81451612903226,-0.02,,0.0,0.0,0.5,1.0
previous_p_positive,0.25,0.5,450,451,0.0806451612903225,0.1298701298701298,0.04922496857980731,0.04922496857980731,0.9112903225806452,0.8571428571428571,-0.054147465437788145,0.054147465437788145,564.766129032258,741.1558441558442,-0.02,0.97,0.0,0.0,,1.0
fresh_negative,-0.02,0.0,466,709,0.1298701298701298,0.0806451612903225,-0.04922496857980731,0.04922496857980731,0.8571428571428571,0.9112903225806452,0.054147465437788145,0.054147465437788145,731.5194805194806,573.5403225806451,,0.995,-0.25,0.25,0.5,1.0
fresh_negative,-0.02,0.0,451,694,0.1298701298701298,0.0806451612903225,-0.04922496857980731,0.04922496857980731,0.8571428571428571,0.9112903225806452,0.054147465437788145,0.054147465437788145,741.1558441558442,497.25,,0.97,0.0,0.0,0.5,1.0
fresh_negative,-0.1,-0.02,129,372,0.0806451612903225,0.1298701298701298,0.04922496857980731,0.04922496857980731,0.9193548387096774,0.8701298701298701,-0.04922496857980729,0.04922496857980729,554.5645161290323,669.7012987012987,,0.97,0.0,0.1,0.25,0.85
fresh_negative,-0.02,0.0,372,615,0.1298701298701298,0.0806451612903225,-0.04922496857980731,0.04922496857980731,0.8701298701298701,0.9193548387096774,0.04922496857980729,0.04922496857980729,669.7012987012987,521.7741935483871,,0.97,0.0,0.1,0.25,0.85
previous_p_positive,0.25,0.5,372,373,0.1298701298701298,0.0806451612903225,-0.04922496857980731,0.04922496857980731,0.8701298701298701,0.9193548387096774,0.04922496857980729,0.04922496857980729,669.7012987012987,440.6774193548387,-0.02,0.97,0.0,0.1,,0.85
fresh_p_positive,0.97,0.995,52,79,0.1298701298701298,0.0806451612903225,-0.04922496857980731,0.04922496857980731,0.8701298701298701,0.9193548387096774,0.04922496857980729,0.04922496857980729,757.4545454545455,498.2741935483871,-0.1,,0.0,0.25,0.5,0.7
previous_p_positive,0.25,0.5,204,205,0.1298701298701298,0.0806451612903225,-0.04922496857980731,0.04922496857980731,0.8701298701298701,0.9193548387096774,0.04922496857980729,0.04922496857980729,809.2597402597403,491.31451612903226,-0.1,0.97,-0.1,0.25,,1.0
previous_negative,-0.25,-0.1,383,392,0.1298701298701298,0.0806451612903225,-0.04922496857980731,0.04922496857980731,0.8701298701298701,0.9112903225806452,0.04116045245077515,0.04116045245077515,570.8051948051948,434.4032258064516,-0.02,0.995,,0.1,0.75,0.85
fresh_p_positive,0.97,0.995,372,399,0.1298701298701298,0.0806451612903225,-0.04922496857980731,0.04922496857980731,0.8701298701298701,0.9032258064516128,0.03309593632174268,0.03309593632174268,669.7012987012987,502.78225806451616,-0.02,,0.0,0.1,0.25,0.85
previous_negative,-0.1,0.0,227,236,0.1298701298701298,0.0806451612903225,-0.04922496857980731,0.04922496857980731,0.8701298701298701,0.9032258064516128,0.03309593632174268,0.03309593632174268,759.5974025974026,512.258064516129,-0.1,0.995,,0.0,0.75,1.0
previous_negative,-0.1,0.0,226,235,0.1724137931034483,0.1234567901234567,-0.04895700297999159,0.04895700297999159,0.8103448275862069,0.8765432098765432,0.06619838229033637,0.06619838229033637,894.8103448275862,652.0493827160494,-0.1,0.995,,0.0,0.5,1.0
previous_p_positive,0.25,0.5,672,673,0.1724137931034483,0.1234567901234567,-0.04895700297999159,0.04895700297999159,0.8275862068965517,0.8641975308641975,0.03661132396764577,0.03661132396764577,1040.9137931034484,854.1604938271605,0.0,0.9,0.0,0.25,,1.0
previous_positive,0.1,0.25,670,673,0.1724137931034483,0.1234567901234567,-0.04895700297999159,0.04895700297999159,0.8275862068965517,0.8641975308641975,0.03661132396764577,0.03661132396764577,1109.896551724138,854.1604938271605,0.0,0.9,0.0,,0.5,1.0
previous_positive,0.1,0.25,373,376,0.0806451612903225,0.0323624595469255,-0.048282701743396994,0.048282701743396994,0.9193548387096774,0.9676375404530744,0.048282701743396994,0.048282701743396994,440.6774193548387,235.48543689320388,-0.02,0.97,0.0,,0.5,0.85
fresh_positive,0.7,0.85,79,160,0.0806451612903225,0.0323624595469255,-0.048282701743396994,0.048282701743396994,0.9193548387096774,0.9676375404530744,0.048282701743396994,0.048282701743396994,498.2741935483871,205.6990291262136,-0.1,0.995,0.0,0.25,0.5,
fresh_negative,-0.02,0.0,261,504,0.7142857142857143,0.6666666666666666,-0.04761904761904767,0.04761904761904767,0.2857142857142857,0.3333333333333333,0.047619047619047616,0.047619047619047616,2917.214285714286,2761.733333333333,,0.9,0.0,0.0,0.25,0.7
fresh_negative,-0.02,0.0,253,496,0.7142857142857143,0.6666666666666666,-0.04761904761904767,0.04761904761904767,0.2857142857142857,0.3333333333333333,0.047619047619047616,0.047619047619047616,3091.3571428571427,2728.0666666666666,,0.9,-0.1,0.0,0.5,0.7
fresh_negative,-0.1,-0.02,57,300,0.7142857142857143,0.6666666666666666,-0.04761904761904767,0.04761904761904767,0.2857142857142857,0.3333333333333333,0.047619047619047616,0.047619047619047616,3108.714285714286,2734.0666666666666,,0.995,-0.25,0.1,0.25,0.7
fresh_negative,-0.1,-0.02,84,327,0.6666666666666666,0.7142857142857143,0.04761904761904767,0.04761904761904767,0.2666666666666666,0.2857142857142857,0.01904761904761909,0.01904761904761909,3403.9333333333334,2849.8571428571427,,0.9,-0.25,0.1,0.25,0.85
previous_p_positive,0.5,0.75,121,122,0.1111111111111111,0.0636942675159235,-0.04741684359518761,0.04741684359518761,0.8666666666666667,0.929936305732484,0.06326963906581728,0.06326963906581728,789.2777777777778,463.2229299363057,-0.1,0.97,-0.1,0.1,,0.85
previous_negative,-0.25,-0.1,520,529,0.2083333333333333,0.1612903225806451,-0.047043010752688186,0.047043010752688186,0.7916666666666666,0.8387096774193549,0.04704301075268824,0.04704301075268824,1329.8333333333333,948.016129032258,0.0,0.97,,0.25,0.5,0.7
previous_negative,-0.1,0.0,662,671,0.1818181818181818,0.1351351351351351,-0.04668304668304671,0.04668304668304671,0.8181818181818182,0.8648648648648649,0.04668304668304668,0.04668304668304668,980.6363636363636,876.5135135135135,0.0,0.9,,0.1,0.75,1.0
previous_p_positive,0.25,0.5,150,151,0.0787401574803149,0.0323624595469255,-0.0463776979333894,0.0463776979333894,0.9212598425196852,0.9676375404530744,0.046377697933389195,0.046377697933389195,487.81889763779526,284.06472491909386,-0.1,0.995,-0.1,0.25,,0.85
fresh_negative,-0.1,-0.02,42,285,0.4166666666666667,0.3703703703703703,-0.04629629629629639,0.04629629629629639,0.5416666666666666,0.6296296296296297,0.08796296296296302,0.08796296296296302,2078.625,1780.3333333333333,,0.97,-0.1,0.25,0.25,0.7
previous_positive,0.1,0.25,705,708,0.4166666666666667,0.3703703703703703,-0.04629629629629639,0.04629629629629639,0.5833333333333334,0.6296296296296297,0.04629629629629628,0.04629629629629628,1903.2916666666667,1647.6296296296296,0.0,0.995,-0.25,,0.25,1.0
previous_positive,0.1,0.25,219,222,0.4166666666666667,0.3703703703703703,-0.04629629629629639,0.04629629629629639,0.5833333333333334,0.6296296296296297,0.04629629629629628,0.04629629629629628,2001.75,1606.3333333333333,-0.1,0.995,-0.25,,0.25,1.0
previous_positive,0.1,0.25,678,681,0.4166666666666667,0.3703703703703703,-0.04629629629629639,0.04629629629629639,0.5833333333333334,0.6296296296296297,0.04629629629629628,0.04629629629629628,2014.75,1627.074074074074,0.0,0.97,-0.25,,0.25,1.0
previous_positive,0.0,0.1,406,409,0.4166666666666667,0.3703703703703703,-0.04629629629629639,0.04629629629629639,0.5833333333333334,0.6296296296296297,0.04629629629629628,0.04629629629629628,2017.75,1848.1851851851848,-0.02,0.9,-0.25,,0.5,1.0
previous_p_positive,0.5,0.75,406,407,0.4166666666666667,0.3703703703703703,-0.04629629629629639,0.04629629629629639,0.5833333333333334,0.6296296296296297,0.04629629629629628,0.04629629629629628,2017.75,1586.2592592592594,-0.02,0.9,-0.25,0.0,,1.0
previous_p_positive,0.5,0.75,205,206,0.0806451612903225,0.0344827586206896,-0.046162402669632896,0.046162402669632896,0.9193548387096774,0.9655172413793104,0.04616240266963301,0.04616240266963301,491.31451612903226,280.4103448275862,-0.1,0.97,-0.1,0.25,,1.0
previous_p_positive,0.5,0.75,283,284,0.25,0.2040816326530612,-0.0459183673469388,0.0459183673469388,0.725,0.7755102040816326,0.05051020408163265,0.05051020408163265,1433.275,1169.3061224489795,-0.02,0.97,-0.1,0.1,,0.7
previous_negative,-0.25,-0.1,622,631,0.25,0.2040816326530612,-0.0459183673469388,0.0459183673469388,0.75,0.7959183673469388,0.04591836734693877,0.04591836734693877,1281.525,903.8163265306124,0.0,0.995,,0.0,0.5,0.85
fresh_positive,0.85,1.0,329,410,0.25,0.2040816326530612,-0.0459183673469388,0.0459183673469388,0.75,0.7959183673469388,0.04591836734693877,0.04591836734693877,1332.15,1214.061224489796,-0.02,0.9,-0.25,0.1,0.75,
previous_p_positive,0.5,0.75,511,512,0.25,0.2040816326530612,-0.0459183673469388,0.0459183673469388,0.75,0.7959183673469388,0.04591836734693877,0.04591836734693877,1333.3,1288.428571428571,0.0,0.9,0.0,0.25,,0.7
previous_positive,0.1,0.25,95,98,0.25,0.2040816326530612,-0.0459183673469388,0.0459183673469388,0.75,0.7959183673469388,0.04591836734693877,0.04591836734693877,1339.65,1209.9591836734694,-0.1,0.9,-0.1,,0.75,0.85
fresh_p_positive,0.9,0.97,657,684,0.25,0.2040816326530612,-0.0459183673469388,0.0459183673469388,0.75,0.7959183673469388,0.04591836734693877,0.04591836734693877,1351.025,1063.2857142857142,0.0,,-0.1,0.0,0.25,1.0
previous_p_positive,0.5,0.75,412,413,0.25,0.2040816326530612,-0.0459183673469388,0.0459183673469388,0.75,0.7959183673469388,0.04591836734693877,0.04591836734693877,1363.975,1105.2448979591836,-0.02,0.9,-0.25,0.25,,1.0
previous_p_positive,0.25,0.5,75,76,0.25,0.2040816326530612,-0.0459183673469388,0.0459183673469388,0.75,0.7755102040816326,0.025510204081632626,0.025510204081632626,1212.7,1132.4489795918366,-0.1,0.995,0.0,0.1,,0.7
previous_negative,-0.25,-0.1,412,421,0.25,0.2040816326530612,-0.0459183673469388,0.0459183673469388,0.75,0.7755102040816326,0.025510204081632626,0.025510204081632626,1363.975,1154.1020408163265,-0.02,0.9,,0.25,0.5,1.0
previous_positive,0.0,0.1,578,581,0.25,0.2040816326530612,-0.0459183673469388,0.0459183673469388,0.75,0.7755102040816326,0.025510204081632626,0.025510204081632626,1365.8,1237.734693877551,0.0,0.9,-0.1,,0.75,0.85
fresh_p_positive,0.97,0.995,607,634,0.1298701298701298,0.0840336134453781,-0.0458365164247517,0.0458365164247517,0.8701298701298701,0.8991596638655462,0.029029793735676157,0.029029793735676157,635.9090909090909,551.4957983193277,0.0,,-0.1,0.1,0.5,0.85
previous_negative,-0.1,0.0,415,424,0.2631578947368421,0.217391304347826,-0.04576659038901609,0.04576659038901609,0.7368421052631579,0.782608695652174,0.04576659038901609,0.04576659038901609,1334.7105263157894,1179.5652173913045,-0.02,0.9,,0.0,0.5,1.0
previous_positive,0.0,0.1,577,580,0.2631578947368421,0.217391304347826,-0.04576659038901609,0.04576659038901609,0.7368421052631579,0.7608695652173914,0.0240274599542335,0.0240274599542335,1544.157894736842,1433.0217391304348,0.0,0.9,-0.1,,0.5,0.85
fresh_p_positive,0.9,0.97,658,685,0.2272727272727272,0.1818181818181818,-0.045454545454545414,0.045454545454545414,0.7727272727272727,0.8181818181818182,0.045454545454545525,0.045454545454545525,1238.909090909091,934.6181818181818,0.0,,-0.1,0.0,0.5,1.0
fresh_positive,0.7,0.85,494,575,0.2040816326530612,0.1587301587301587,-0.04535147392290251,0.04535147392290251,0.7755102040816326,0.8412698412698413,0.06575963718820865,0.06575963718820865,1628.9591836734694,1122.5396825396826,0.0,0.9,-0.25,0.25,0.75,
fresh_negative,-0.02,0.0,421,664,0.2040816326530612,0.1587301587301587,-0.04535147392290251,0.04535147392290251,0.7755102040816326,0.8253968253968254,0.049886621315192725,0.049886621315192725,1154.1020408163265,1073.0,,0.9,-0.1,0.25,0.5,1.0
fresh_positive,0.85,1.0,332,413,0.1587301587301587,0.2040816326530612,0.04535147392290251,0.04535147392290251,0.8412698412698413,0.7959183673469388,-0.04535147392290251,0.04535147392290251,1167.3650793650793,1105.2448979591836,-0.02,0.9,-0.25,0.25,0.75,
fresh_negative,-0.1,-0.02,98,341,0.2040816326530612,0.1587301587301587,-0.04535147392290251,0.04535147392290251,0.7959183673469388,0.8412698412698413,0.04535147392290251,0.04535147392290251,1209.9591836734694,950.6349206349206,,0.9,-0.1,0.25,0.75,0.85
previous_positive,0.1,0.25,661,664,0.2040816326530612,0.1587301587301587,-0.04535147392290251,0.04535147392290251,0.7959183673469388,0.8253968253968254,0.02947845804988658,0.02947845804988658,1093.9591836734694,1073.0,0.0,0.9,-0.1,,0.5,1.0
previous_positive,0.1,0.25,121,124,0.1111111111111111,0.0657894736842105,-0.04532163742690061,0.04532163742690061,0.8666666666666667,0.9276315789473684,0.060964912280701666,0.060964912280701666,789.2777777777778,456.17105263157896,-0.1,0.97,-0.1,,0.5,0.85
previous_positive,0.1,0.25,635,638,0.0657894736842105,0.0206185567010309,-0.0451709169831796,0.0451709169831796,0.9210526315789472,0.979381443298969,0.0583288117200218,0.0583288117200218,459.1513157894737,160.64536082474226,0.0,0.995,-0.1,,0.75,0.85
previous_p_positive,0.5,0.75,385,386,0.0671140939597315,0.0221238938053097,-0.0449902001544218,0.0449902001544218,0.9328859060402684,0.9778761061946902,0.04499020015442179,0.04499020015442179,470.8590604026846,199.38053097345133,-0.02,0.995,-0.25,0.25,,0.85
previous_positive,0.0,0.1,424,427,0.217391304347826,0.1724137931034483,-0.04497751124437771,0.04497751124437771,0.782608695652174,0.8275862068965517,0.044977511244377766,0.044977511244377766,1179.5652173913045,999.8103448275862,-0.02,0.9,0.0,,0.5,1.0
fresh_negative,-0.1,-0.02,184,427,0.217391304347826,0.1724137931034483,-0.04497751124437771,0.04497751124437771,0.782608695652174,0.8275862068965517,0.044977511244377766,0.044977511244377766,1281.7608695652175,999.8103448275862,,0.9,0.0,0.1,0.5,1.0
previous_negative,-0.1,0.0,663,672,0.217391304347826,0.1724137931034483,-0.04497751124437771,0.04497751124437771,0.782608695652174,0.8275862068965517,0.044977511244377766,0.044977511244377766,1296.3695652173913,1040.9137931034484,0.0,0.9,,0.25,0.25,1.0
previous_p_positive,0.25,0.5,225,226,0.217391304347826,0.1724137931034483,-0.04497751124437771,0.04497751124437771,0.782608695652174,0.8103448275862069,0.027736131934032904,0.027736131934032904,875.0217391304348,894.8103448275862,-0.1,0.995,-0.1,0.0,,1.0
fresh_positive,0.85,1.0,145,226,0.217391304347826,0.1724137931034483,-0.04497751124437771,0.04497751124437771,0.782608695652174,0.8103448275862069,0.027736131934032904,0.027736131934032904,946.4130434782608,894.8103448275862,-0.1,0.995,-0.1,0.0,0.5,
fresh_positive,0.85,1.0,150,231,0.0787401574803149,0.1234567901234567,0.044716632643141796,0.044716632643141796,0.9212598425196852,0.8765432098765432,-0.04471663264314196,0.04471663264314196,487.81889763779526,627.5802469135803,-0.1,0.995,-0.1,0.25,0.25,
previous_p_positive,0.5,0.75,709,710,0.0806451612903225,0.0359712230215827,-0.0446739382687398,0.0446739382687398,0.9112903225806452,0.9640287769784172,0.05273845439777192,0.05273845439777192,573.5403225806451,244.74100719424465,0.0,0.995,-0.25,0.25,,1.0
fresh_p_positive,0.97,0.995,48,75,0.2941176470588235,0.25,-0.044117647058823484,0.044117647058823484,0.6470588235294118,0.75,0.1029411764705882,0.1029411764705882,1674.9411764705883,1212.7,-0.1,,0.0,0.1,0.25,0.7
fresh_negative,-0.1,-0.02,67,310,0.2941176470588235,0.25,-0.044117647058823484,0.044117647058823484,0.7058823529411765,0.725,0.01911764705882346,0.01911764705882346,1379.3529411764705,1303.25,,0.995,-0.1,0.1,0.5,0.7
previous_positive,0.1,0.25,158,161,0.0657894736842105,0.0218818380743982,-0.0439076356098123,0.0439076356098123,0.9276315789473684,0.9781181619256016,0.050486582978233274,0.050486582978233274,353.4671052631579,187.59080962800877,-0.1,0.995,0.0,,0.75,0.85
fresh_positive,0.7,0.85,557,638,0.0636942675159235,0.0206185567010309,-0.0430757108148926,0.0430757108148926,0.929936305732484,0.979381443298969,0.04944513756648505,0.04944513756648505,372.8089171974522,160.64536082474226,0.0,0.995,-0.1,0.25,0.75,
fresh_p_positive,0.97,0.995,533,560,0.3571428571428571,0.4,0.04285714285714293,0.04285714285714293,0.6071428571428571,0.56,-0.04714285714285704,0.04714285714285704,1937.607142857143,1898.32,0.0,,0.0,0.0,0.75,0.7
fresh_negative,-0.02,0.0,290,533,0.4,0.3571428571428571,-0.04285714285714293,0.04285714285714293,0.6,0.6071428571428571,0.0071428571428571175,0.0071428571428571175,1759.48,1937.607142857143,,0.97,0.0,0.0,0.75,0.7
previous_p_positive,0.5,0.75,532,533,0.4,0.3571428571428571,-0.04285714285714293,0.04285714285714293,0.6,0.6071428571428571,0.0071428571428571175,0.0071428571428571175,1825.72,1937.607142857143,0.0,0.97,0.0,0.0,,0.7
fresh_negative,-0.02,0.0,478,721,0.0806451612903225,0.1234567901234567,0.042811628833134205,0.042811628833134205,0.9193548387096774,0.8641975308641975,-0.0551573078454799,0.0551573078454799,502.81451612903226,609.6543209876543,,0.995,0.0,0.0,0.5,1.0
fresh_p_positive,0.97,0.995,694,721,0.0806451612903225,0.1234567901234567,0.042811628833134205,0.042811628833134205,0.9112903225806452,0.8641975308641975,-0.04709279171644776,0.04709279171644776,497.25,609.6543209876543,0.0,,0.0,0.0,0.5,1.0
previous_p_positive,0.5,0.75,694,695,0.0806451612903225,0.1234567901234567,0.042811628833134205,0.042811628833134205,0.9112903225806452,0.8641975308641975,-0.04709279171644776,0.04709279171644776,497.25,667.2716049382716,0.0,0.97,0.0,0.0,,1.0
fresh_negative,-0.1,-0.02,221,464,0.0806451612903225,0.1234567901234567,0.042811628833134205,0.042811628833134205,0.9193548387096774,0.8765432098765432,-0.04281162883313416,0.04281162883313416,452.8225806451613,599.8024691358024,,0.995,-0.25,0.1,0.75,1.0
previous_p_positive,0.25,0.5,477,478,0.1234567901234567,0.0806451612903225,-0.042811628833134205,0.042811628833134205,0.8765432098765432,0.9193548387096774,0.04281162883313416,0.04281162883313416,607.1728395061729,502.81451612903226,-0.02,0.995,0.0,0.0,,1.0
fresh_negative,-0.1,-0.02,235,478,0.1234567901234567,0.0806451612903225,-0.042811628833134205,0.042811628833134205,0.8765432098765432,0.9193548387096774,0.04281162883313416,0.04281162883313416,652.0493827160494,502.81451612903226,,0.995,0.0,0.0,0.5,1.0
fresh_negative,-0.02,0.0,437,680,0.1234567901234567,0.0806451612903225,-0.042811628833134205,0.042811628833134205,0.8765432098765432,0.9193548387096774,0.04281162883313416,0.04281162883313416,728.1851851851852,519.6290322580645,,0.97,-0.25,0.1,0.75,1.0
fresh_p_positive,0.97,0.995,194,221,0.1234567901234567,0.0806451612903225,-0.042811628833134205,0.042811628833134205,0.8765432098765432,0.9193548387096774,0.04281162883313416,0.04281162883313416,733.8271604938271,452.8225806451613,-0.1,,-0.25,0.1,0.75,1.0
previous_p_positive,0.5,0.75,208,209,0.1234567901234567,0.0806451612903225,-0.042811628833134205,0.042811628833134205,0.8765432098765432,0.9193548387096774,0.04281162883313416,0.04281162883313416,736.6296296296297,595.7903225806451,-0.1,0.97,0.0,0.0,,1.0
fresh_negative,-0.1,-0.02,234,477,0.0806451612903225,0.1234567901234567,0.042811628833134205,0.042811628833134205,0.9112903225806452,0.8765432098765432,-0.03474711270410202,0.03474711270410202,480.3467741935484,607.1728395061729,,0.995,0.0,0.0,0.25,1.0
previous_p_positive,0.25,0.5,234,235,0.0806451612903225,0.1234567901234567,0.042811628833134205,0.042811628833134205,0.9112903225806452,0.8765432098765432,-0.03474711270410202,0.03474711270410202,480.3467741935484,652.0493827160494,-0.1,0.995,0.0,0.0,,1.0
fresh_p_positive,0.97,0.995,450,477,0.0806451612903225,0.1234567901234567,0.042811628833134205,0.042811628833134205,0.9112903225806452,0.8765432098765432,-0.03474711270410202,0.03474711270410202,564.766129032258,607.1728395061729,-0.02,,0.0,0.0,0.25,1.0
previous_p_positive,0.5,0.75,235,236,0.1234567901234567,0.0806451612903225,-0.042811628833134205,0.042811628833134205,0.8765432098765432,0.9032258064516128,0.02668259657506955,0.02668259657506955,652.0493827160494,512.258064516129,-0.1,0.995,0.0,0.0,,1.0
previous_negative,-0.1,0.0,631,640,0.2040816326530612,0.1612903225806451,-0.0427913100724161,0.0427913100724161,0.7959183673469388,0.8387096774193549,0.0427913100724161,0.0427913100724161,903.8163265306124,772.2096774193549,0.0,0.995,,0.0,0.5,0.85
fresh_p_positive,0.97,0.995,687,714,0.1612903225806451,0.2040816326530612,0.0427913100724161,0.0427913100724161,0.8225806451612904,0.7959183673469388,-0.026662277814351598,0.026662277814351598,982.2258064516128,850.8163265306123,0.0,,-0.1,0.1,0.25,1.0
previous_positive,0.0,0.1,684,687,0.2040816326530612,0.1612903225806451,-0.0427913100724161,0.0427913100724161,0.7959183673469388,0.8225806451612904,0.026662277814351598,0.026662277814351598,1063.2857142857142,982.2258064516128,0.0,0.97,-0.1,,0.25,1.0
previous_p_positive,0.5,0.75,226,227,0.1724137931034483,0.1298701298701298,-0.042543663233318485,0.042543663233318485,0.8103448275862069,0.8701298701298701,0.059785042543663236,0.059785042543663236,894.8103448275862,759.5974025974026,-0.1,0.995,-0.1,0.0,,1.0
fresh_p_positive,0.97,0.995,196,223,0.1724137931034483,0.1298701298701298,-0.042543663233318485,0.042543663233318485,0.8275862068965517,0.8571428571428571,0.029556650246305383,0.029556650246305383,929.6206896551724,756.6233766233767,-0.1,,-0.25,0.25,0.5,1.0
previous_negative,-0.1,0.0,178,187,0.238095238095238,0.196078431372549,-0.04201680672268901,0.04201680672268901,0.7619047619047619,0.803921568627451,0.04201680672268915,0.04201680672268915,1312.0,1291.3529411764705,-0.1,0.9,,0.25,0.5,1.0
fresh_p_positive,0.9,0.97,173,200,0.238095238095238,0.196078431372549,-0.04201680672268901,0.04201680672268901,0.7619047619047619,0.803921568627451,0.04201680672268915,0.04201680672268915,1320.7857142857142,887.8627450980392,-0.1,,-0.1,0.0,0.75,1.0
previous_positive,0.0,0.1,595,598,0.238095238095238,0.196078431372549,-0.04201680672268901,0.04201680672268901,0.7619047619047619,0.803921568627451,0.04201680672268915,0.04201680672268915,1420.142857142857,1106.7254901960785,0.0,0.97,-0.25,,0.5,0.85
fresh_positive,0.85,1.0,344,425,0.25,0.2083333333333333,-0.04166666666666671,0.04166666666666671,0.75,0.7916666666666666,0.04166666666666663,0.04166666666666663,1300.725,1137.9166666666667,-0.02,0.9,0.0,0.0,0.75,
fresh_negative,-0.02,0.0,329,572,0.25,0.2083333333333333,-0.04166666666666671,0.04166666666666671,0.75,0.7916666666666666,0.04166666666666663,0.04166666666666663,1332.15,1211.0416666666667,,0.9,-0.25,0.1,0.75,0.85
previous_negative,-0.25,-0.1,329,338,0.25,0.2083333333333333,-0.04166666666666671,0.04166666666666671,0.75,0.7916666666666666,0.04166666666666663,0.04166666666666663,1332.15,1281.6041666666667,-0.02,0.9,,0.1,0.75,0.85
fresh_negative,-0.1,-0.02,95,338,0.25,0.2083333333333333,-0.04166666666666671,0.04166666666666671,0.75,0.7916666666666666,0.04166666666666663,0.04166666666666663,1339.65,1281.6041666666667,,0.9,-0.1,0.1,0.75,0.85
previous_positive,0.0,0.1,335,338,0.25,0.2083333333333333,-0.04166666666666671,0.04166666666666671,0.75,0.7916666666666666,0.04166666666666663,0.04166666666666663,1622.05,1281.6041666666667,-0.02,0.9,-0.1,,0.75,0.85
fresh_negative,-0.02,0.0,310,553,0.25,0.2083333333333333,-0.04166666666666671,0.04166666666666671,0.725,0.75,0.025000000000000022,0.025000000000000022,1303.25,1378.2916666666667,,0.995,-0.1,0.1,0.5,0.7
previous_negative,-0.1,0.0,283,292,0.25,0.2083333333333333,-0.04166666666666671,0.04166666666666671,0.725,0.75,0.025000000000000022,0.025000000000000022,1433.275,1177.3333333333333,-0.02,0.97,,0.1,0.5,0.7
previous_negative,-0.1,0.0,95,104,0.25,0.2083333333333333,-0.04166666666666671,0.04166666666666671,0.75,0.7708333333333334,0.02083333333333337,0.02083333333333337,1339.65,1334.0833333333333,-0.1,0.9,,0.1,0.75,0.85
fresh_p_positive,0.97,0.995,114,141,0.25,0.2083333333333333,-0.04166666666666671,0.04166666666666671,0.75,0.7708333333333334,0.02083333333333337,0.02083333333333337,1362.975,1159.0625,-0.1,,-0.25,0.25,0.25,0.85
fresh_negative,-0.02,0.0,258,501,0.6666666666666666,0.625,-0.04166666666666663,0.04166666666666663,0.2666666666666666,0.375,0.10833333333333339,0.10833333333333339,2831.4,2730.3125,,0.9,-0.1,0.25,0.25,0.7
previous_p_positive,0.5,0.75,496,497,0.6666666666666666,0.625,-0.04166666666666663,0.04166666666666663,0.3333333333333333,0.25,-0.08333333333333331,0.08333333333333331,2728.0666666666666,3053.125,0.0,0.9,-0.1,0.0,,0.7
previous_positive,0.1,0.25,84,87,0.6666666666666666,0.625,-0.04166666666666663,0.04166666666666663,0.2666666666666666,0.3125,0.04583333333333339,0.04583333333333339,3403.9333333333334,2722.3125,-0.1,0.9,-0.25,,0.25,0.85
fresh_negative,-0.1,-0.02,28,271,0.6666666666666666,0.625,-0.04166666666666663,0.04166666666666663,0.3333333333333333,0.3125,-0.020833333333333315,0.020833333333333315,2903.5333333333333,2955.0,,0.97,-0.25,0.0,0.5,0.7
previous_p_positive,0.25,0.5,90,91,0.4761904761904761,0.4347826086956521,-0.041407867494824,0.041407867494824,0.4761904761904761,0.5652173913043478,0.08902691511387167,0.08902691511387167,2568.714285714286,2142.521739130435,-0.1,0.9,-0.1,0.0,,0.85
fresh_negative,-0.02,0.0,264,507,0.4761904761904761,0.4347826086956521,-0.041407867494824,0.041407867494824,0.4285714285714285,0.4782608695652174,0.049689440993788914,0.049689440993788914,2451.285714285714,2469.5652173913045,,0.9,0.0,0.1,0.25,0.7
fresh_p_positive,0.97,0.995,38,65,0.4347826086956521,0.4761904761904761,0.041407867494824,0.041407867494824,0.5217391304347826,0.4761904761904761,-0.045548654244306486,0.045548654244306486,2021.782608695652,2235.8571428571427,-0.1,,-0.1,0.0,0.75,0.7
previous_p_positive,0.25,0.5,507,508,0.4347826086956521,0.4761904761904761,0.041407867494824,0.041407867494824,0.4782608695652174,0.5238095238095238,0.04554865424430643,0.04554865424430643,2469.5652173913045,2151.333333333333,0.0,0.9,0.0,0.1,,0.7
fresh_positive,0.85,1.0,354,435,0.4347826086956521,0.4761904761904761,0.041407867494824,0.041407867494824,0.5652173913043478,0.5238095238095238,-0.04140786749482395,0.04140786749482395,1886.5652173913045,2376.619047619048,-0.02,0.97,-0.25,0.1,0.25,
fresh_positive,0.85,1.0,351,432,0.4347826086956521,0.4761904761904761,0.041407867494824,0.041407867494824,0.5652173913043478,0.5238095238095238,-0.04140786749482395,0.04140786749482395,2070.8695652173915,2214.4761904761904,-0.02,0.97,-0.25,0.0,0.25,
fresh_positive,0.85,1.0,575,656,0.1587301587301587,0.2,0.04126984126984132,0.04126984126984132,0.8412698412698413,0.8,-0.041269841269841234,0.041269841269841234,1122.5396825396826,1117.68,0.0,0.9,-0.25,0.25,0.75,
previous_p_positive,0.25,0.5,348,349,0.2,0.1587301587301587,-0.04126984126984132,0.04126984126984132,0.8,0.8412698412698413,0.041269841269841234,0.041269841269841234,1194.48,976.15873015873,-0.02,0.9,0.0,0.25,,0.85
previous_positive,0.1,0.25,346,349,0.2,0.1587301587301587,-0.04126984126984132,0.04126984126984132,0.8,0.8412698412698413,0.041269841269841234,0.041269841269841234,1195.3,976.15873015873,-0.02,0.9,0.0,,0.5,0.85
fresh_negative,-0.1,-0.02,106,349,0.2,0.1587301587301587,-0.04126984126984132,0.04126984126984132,0.8,0.8412698412698413,0.041269841269841234,0.041269841269841234,1308.92,976.15873015873,,0.9,0.0,0.25,0.5,0.85
previous_negative,-0.1,0.0,340,349,0.2,0.1587301587301587,-0.04126984126984132,0.04126984126984132,0.8,0.8412698412698413,0.041269841269841234,0.041269841269841234,1341.72,976.15873015873,-0.02,0.9,,0.25,0.5,0.85
previous_p_positive,0.5,0.75,340,341,0.2,0.1587301587301587,-0.04126984126984132,0.04126984126984132,0.8,0.8412698412698413,0.041269841269841234,0.041269841269841234,1341.72,950.6349206349206,-0.02,0.9,-0.1,0.25,,0.85
fresh_negative,-0.02,0.0,417,660,0.2631578947368421,0.2222222222222222,-0.04093567251461988,0.04093567251461988,0.7368421052631579,0.7777777777777778,0.040935672514619936,0.040935672514619936,1201.0526315789473,1364.2,,0.9,-0.1,0.1,0.25,1.0
previous_positive,0.1,0.25,417,420,0.2631578947368421,0.2222222222222222,-0.04093567251461988,0.04093567251461988,0.7368421052631579,0.7777777777777778,0.040935672514619936,0.040935672514619936,1201.0526315789473,1122.1555555555556,-0.02,0.9,-0.1,,0.25,1.0
previous_p_positive,0.5,0.75,415,416,0.2631578947368421,0.2222222222222222,-0.04093567251461988,0.04093567251461988,0.7368421052631579,0.7777777777777778,0.040935672514619936,0.040935672514619936,1334.7105263157894,1165.2666666666669,-0.02,0.9,-0.1,0.0,,1.0
fresh_positive,0.85,1.0,105,186,0.2631578947368421,0.2222222222222222,-0.04093567251461988,0.04093567251461988,0.7368421052631579,0.7777777777777778,0.040935672514619936,0.040935672514619936,1518.4473684210527,1346.2,-0.1,0.9,0.0,0.25,0.25,
fresh_p_positive,0.97,0.995,352,379,0.2631578947368421,0.2222222222222222,-0.04093567251461988,0.04093567251461988,0.7105263157894737,0.7333333333333333,0.02280701754385961,0.02280701754385961,1469.2105263157894,1289.8444444444444,-0.02,,-0.25,0.0,0.5,0.85
previous_p_positive,0.25,0.5,582,583,0.2222222222222222,0.1818181818181818,-0.040404040404040414,0.040404040404040414,0.7777777777777778,0.8,0.022222222222222254,0.022222222222222254,1467.8444444444444,1305.3090909090909,0.0,0.9,-0.1,0.25,,0.85
previous_positive,0.1,0.25,617,620,0.0671140939597315,0.027027027027027,-0.0400870669327045,0.0400870669327045,0.9328859060402684,0.972972972972973,0.040087066932704585,0.040087066932704585,417.241610738255,207.0837837837838,0.0,0.97,0.0,,0.75,0.85
previous_positive,0.1,0.25,608,611,0.0714285714285714,0.0313479623824451,-0.04008060904612629,0.04008060904612629,0.9214285714285714,0.9686520376175548,0.04722346618898343,0.04722346618898343,449.65,235.4451410658307,0.0,0.97,-0.1,,0.75,0.85
fresh_p_positive,0.9,0.97,584,611,0.0714285714285714,0.0313479623824451,-0.04008060904612629,0.04008060904612629,0.9214285714285714,0.9686520376175548,0.04722346618898343,0.04722346618898343,697.3571428571429,235.4451410658307,0.0,,-0.1,0.25,0.75,0.85
previous_negative,-0.1,0.0,364,373,0.1204819277108433,0.0806451612903225,-0.03983676642052081,0.03983676642052081,0.8795180722891566,0.9193548387096774,0.03983676642052081,0.03983676642052081,786.0120481927711,440.6774193548387,-0.02,0.97,,0.1,0.5,0.85
previous_negative,-0.1,0.0,121,130,0.1111111111111111,0.0714285714285714,-0.03968253968253971,0.03968253968253971,0.8666666666666667,0.9214285714285714,0.05476190476190468,0.05476190476190468,789.2777777777778,487.82142857142856,-0.1,0.97,,0.1,0.5,0.85
previous_negative,-0.25,-0.1,113,122,0.1030927835051546,0.0636942675159235,-0.03939851598923111,0.03939851598923111,0.8969072164948454,0.929936305732484,0.03302908923763859,0.03302908923763859,665.8556701030927,463.2229299363057,-0.1,0.97,,0.1,0.75,0.85
fresh_positive,0.7,0.85,53,134,0.0671140939597315,0.0280112044817927,-0.0391028894779388,0.0391028894779388,0.9328859060402684,0.969187675070028,0.03630176902975957,0.03630176902975957,416.4295302013423,231.83193277310923,-0.1,0.97,0.0,0.25,0.75,
previous_positive,0.1,0.25,157,160,0.0714285714285714,0.0323624595469255,-0.039066111881645896,0.039066111881645896,0.9142857142857144,0.9676375404530744,0.053351826167360006,0.053351826167360006,419.8357142857143,205.6990291262136,-0.1,0.995,0.0,,0.5,0.85
previous_positive,0.0,0.1,666,669,0.2,0.1612903225806451,-0.03870967741935491,0.03870967741935491,0.76,0.8387096774193549,0.07870967741935486,0.07870967741935486,1101.32,1114.354838709677,0.0,0.9,0.0,,0.25,1.0
fresh_positive,0.85,1.0,120,201,0.2,0.1612903225806451,-0.03870967741935491,0.03870967741935491,0.8,0.8387096774193549,0.03870967741935483,0.03870967741935483,971.84,847.483870967742,-0.1,0.97,-0.1,0.1,0.25,
previous_positive,0.0,0.1,198,201,0.2,0.1612903225806451,-0.03870967741935491,0.03870967741935491,0.8,0.8387096774193549,0.03870967741935483,0.03870967741935483,1089.84,847.483870967742,-0.1,0.97,-0.1,,0.25,1.0
fresh_positive,0.85,1.0,606,687,0.2,0.1612903225806451,-0.03870967741935491,0.03870967741935491,0.8,0.8225806451612904,0.022580645161290325,0.022580645161290325,989.34,982.2258064516128,0.0,0.97,-0.1,0.1,0.25,
fresh_p_positive,0.9,0.97,587,614,0.2272727272727272,0.1886792452830188,-0.03859348198970841,0.03859348198970841,0.7272727272727273,0.8113207547169812,0.08404802744425388,0.08404802744425388,1367.6136363636365,917.1698113207548,0.0,,0.0,0.0,0.75,0.85
fresh_p_positive,0.97,0.995,193,220,0.238095238095238,0.2,-0.03809523809523799,0.03809523809523799,0.7619047619047619,0.8,0.03809523809523818,0.03809523809523818,1040.547619047619,947.8,-0.1,,-0.25,0.1,0.5,1.0
previous_p_positive,0.5,0.75,178,179,0.238095238095238,0.2,-0.03809523809523799,0.03809523809523799,0.7619047619047619,0.8,0.03809523809523818,0.03809523809523818,1312.0,1248.6,-0.1,0.9,-0.1,0.25,,1.0
previous_negative,-0.25,-0.1,595,604,0.238095238095238,0.2,-0.03809523809523799,0.03809523809523799,0.7619047619047619,0.8,0.03809523809523818,0.03809523809523818,1420.142857142857,1035.62,0.0,0.97,,0.0,0.5,0.85
previous_p_positive,0.5,0.75,595,596,0.238095238095238,0.2,-0.03809523809523799,0.03809523809523799,0.7619047619047619,0.8,0.03809523809523818,0.03809523809523818,1420.142857142857,1018.88,0.0,0.97,-0.25,0.0,,0.85
previous_positive,0.1,0.25,687,690,0.1612903225806451,0.1234567901234567,-0.0378335324571884,0.0378335324571884,0.8225806451612904,0.8765432098765432,0.05396256471525285,0.05396256471525285,982.2258064516128,751.0987654320987,0.0,0.97,-0.1,,0.25,1.0
fresh_positive,0.85,1.0,640,721,0.1612903225806451,0.1234567901234567,-0.0378335324571884,0.0378335324571884,0.8387096774193549,0.8641975308641975,0.025487853444842612,0.025487853444842612,772.2096774193549,609.6543209876543,0.0,0.995,0.0,0.0,0.5,
previous_positive,0.1,0.25,131,134,0.0657894736842105,0.0280112044817927,-0.037778269202417794,0.037778269202417794,0.9342105263157896,0.969187675070028,0.03497714875423841,0.03497714875423841,419.7368421052632,231.83193277310923,-0.1,0.97,0.0,,0.75,0.85
fresh_positive,0.85,1.0,341,422,0.1587301587301587,0.196078431372549,0.037348272642390296,0.037348272642390296,0.8412698412698413,0.803921568627451,-0.03734827264239027,0.03734827264239027,950.6349206349206,1060.1176470588234,-0.02,0.9,-0.1,0.25,0.75,
fresh_negative,-0.1,-0.02,113,356,0.1030927835051546,0.0657894736842105,-0.03730330982094411,0.03730330982094411,0.8969072164948454,0.9276315789473684,0.03072436245252297,0.03072436245252297,665.8556701030927,578.5921052631579,,0.97,-0.25,0.1,0.75,0.85
fresh_positive,0.7,0.85,80,161,0.059171597633136,0.0218818380743982,-0.0372897595587378,0.0372897595587378,0.9289940828402368,0.9781181619256016,0.04912407908536487,0.04912407908536487,370.3550295857988,187.59080962800877,-0.1,0.995,0.0,0.25,0.75,
previous_p_positive,0.5,0.75,670,671,0.1724137931034483,0.1351351351351351,-0.0372786579683132,0.0372786579683132,0.8275862068965517,0.8648648648648649,0.0372786579683132,0.0372786579683132,1109.896551724138,876.5135135135135,0.0,0.9,0.0,0.1,,1.0
fresh_positive,0.7,0.85,566,647,0.0671140939597315,0.0298507462686567,-0.037263347691074804,0.037263347691074804,0.9328859060402684,0.9701492537313432,0.037263347691074755,0.037263347691074755,329.3959731543624,189.9074626865672,0.0,0.995,0.0,0.25,0.75,
previous_positive,0.1,0.25,401,404,0.0671140939597315,0.0298507462686567,-0.037263347691074804,0.037263347691074804,0.9328859060402684,0.9671641791044776,0.034278273064209164,0.034278273064209164,353.4630872483221,198.17014925373132,-0.02,0.995,0.0,,0.75,0.85
fresh_positive,0.7,0.85,323,404,0.0671140939597315,0.0298507462686567,-0.037263347691074804,0.037263347691074804,0.9328859060402684,0.9671641791044776,0.034278273064209164,0.034278273064209164,369.3087248322148,198.17014925373132,-0.02,0.995,0.0,0.25,0.75,
fresh_positive,0.85,1.0,602,683,0.026525198938992,0.0636942675159235,0.0371690685769315,0.0371690685769315,0.9708222811671088,0.9363057324840764,-0.03451654868303233,0.03451654868303233,261.3050397877984,381.8407643312102,0.0,0.97,-0.25,0.25,0.75,
fresh_positive,0.7,0.85,305,386,0.059171597633136,0.0221238938053097,-0.0370477038278263,0.0370477038278263,0.9349112426035504,0.9778761061946902,0.042964863591139824,0.042964863591139824,440.5680473372781,199.38053097345133,-0.02,0.995,-0.25,0.25,0.75,
previous_p_positive,0.5,0.75,166,167,0.3703703703703703,0.3333333333333333,-0.03703703703703698,0.03703703703703698,0.5185185185185185,0.6666666666666666,0.14814814814814814,0.14814814814814814,2310.259259259259,1639.9333333333334,-0.1,0.9,-0.25,0.1,,1.0
previous_p_positive,0.25,0.5,102,103,0.3703703703703703,0.3333333333333333,-0.03703703703703698,0.03703703703703698,0.5925925925925926,0.6666666666666666,0.07407407407407407,0.07407407407407407,1986.074074074074,1764.4333333333334,-0.1,0.9,0.0,0.1,,0.85
previous_positive,0.0,0.1,100,103,0.3703703703703703,0.3333333333333333,-0.03703703703703698,0.03703703703703698,0.6296296296296297,0.6666666666666666,0.03703703703703698,0.03703703703703698,1854.0,1764.4333333333334,-0.1,0.9,0.0,,0.5,0.85
previous_negative,-0.1,0.0,333,342,0.3703703703703703,0.3333333333333333,-0.03703703703703698,0.03703703703703698,0.6296296296296297,0.6666666666666666,0.03703703703703698,0.03703703703703698,1905.6666666666667,1736.2,-0.02,0.9,,0.0,0.25,0.85
previous_positive,0.0,0.1,164,167,0.3703703703703703,0.3333333333333333,-0.03703703703703698,0.03703703703703698,0.6296296296296297,0.6666666666666666,0.03703703703703698,0.03703703703703698,1924.851851851852,1639.9333333333334,-0.1,0.9,-0.25,,0.75,1.0
previous_positive,0.1,0.25,643,646,0.0714285714285714,0.0344827586206896,-0.0369458128078818,0.0369458128078818,0.9214285714285714,0.9655172413793104,0.04408866995073901,0.04408866995073901,422.5785714285714,199.3448275862069,0.0,0.995,0.0,,0.5,0.85
fresh_positive,0.7,0.85,538,619,0.0714285714285714,0.0344827586206896,-0.0369458128078818,0.0369458128078818,0.9285714285714286,0.9655172413793104,0.036945812807881784,0.036945812807881784,557.1357142857142,264.57586206896553,0.0,0.97,0.0,0.25,0.5,
previous_negative,-0.1,0.0,341,350,0.1587301587301587,0.1219512195121951,-0.03677893921796359,0.03677893921796359,0.8412698412698413,0.8780487804878049,0.0367789392179636,0.0367789392179636,950.6349206349206,906.170731707317,-0.02,0.9,,0.25,0.75,0.85
previous_p_positive,0.5,0.75,349,350,0.1587301587301587,0.1219512195121951,-0.03677893921796359,0.03677893921796359,0.8412698412698413,0.8780487804878049,0.0367789392179636,0.0367789392179636,976.15873015873,906.170731707317,-0.02,0.9,0.0,0.25,,0.85
fresh_positive,0.85,1.0,82,163,0.625,0.5882352941176471,-0.03676470588235292,0.03676470588235292,0.375,0.4117647058823529,0.03676470588235292,0.03676470588235292,3142.4375,2467.0,-0.1,0.9,-0.25,0.0,0.5,
fresh_positive,0.85,1.0,592,673,0.0869565217391304,0.1234567901234567,0.036500268384326295,0.036500268384326295,0.9130434782608696,0.8641975308641975,-0.04884594739667214,0.04884594739667214,726.695652173913,854.1604938271605,0.0,0.9,0.0,0.25,0.5,
previous_p_positive,0.5,0.75,592,593,0.0869565217391304,0.1234567901234567,0.036500268384326295,0.036500268384326295,0.9130434782608696,0.8765432098765432,-0.036500268384326406,0.036500268384326406,726.695652173913,826.4444444444445,0.0,0.9,0.0,0.25,,0.85
fresh_p_positive,0.97,0.995,113,140,0.1030927835051546,0.0671140939597315,-0.035978689545423104,0.035978689545423104,0.8969072164948454,0.9261744966442952,0.029267280149449793,0.029267280149449793,665.8556701030927,483.241610738255,-0.1,,-0.25,0.1,0.75,0.85
previous_positive,0.1,0.25,644,647,0.0657894736842105,0.0298507462686567,-0.035938727415553796,0.035938727415553796,0.9210526315789472,0.9701492537313432,0.04909662215239596,0.04909662215239596,394.7631578947368,189.9074626865672,0.0,0.995,0.0,,0.75,0.85
previous_p_positive,0.5,0.75,124,125,0.0657894736842105,0.0298507462686567,-0.035938727415553796,0.035938727415553796,0.9276315789473684,0.9701492537313432,0.042517674783974835,0.042517674783974835,456.17105263157896,226.3910447761194,-0.1,0.97,-0.1,0.25,,0.85
previous_positive,0.1,0.25,427,430,0.1724137931034483,0.2083333333333333,0.035919540229885,0.035919540229885,0.8275862068965517,0.7916666666666666,-0.03591954022988508,0.03591954022988508,999.8103448275862,1058.4375,-0.02,0.9,0.0,,0.5,1.0
fresh_negative,-0.1,-0.02,109,352,0.2272727272727272,0.2631578947368421,0.03588516746411488,0.03588516746411488,0.75,0.7105263157894737,-0.03947368421052633,0.03947368421052633,1331.3636363636365,1469.2105263157894,,0.97,-0.25,0.0,0.5,0.85
fresh_positive,0.85,1.0,352,433,0.2631578947368421,0.2272727272727272,-0.03588516746411488,0.03588516746411488,0.7105263157894737,0.75,0.03947368421052633,0.03947368421052633,1469.2105263157894,1300.6818181818182,-0.02,0.97,-0.25,0.0,0.5,
fresh_negative,-0.02,0.0,415,658,0.2631578947368421,0.2272727272727272,-0.03588516746411488,0.03588516746411488,0.7368421052631579,0.7727272727272727,0.03588516746411485,0.03588516746411485,1334.7105263157894,1238.909090909091,,0.9,-0.1,0.0,0.5,1.0
fresh_positive,0.85,1.0,577,658,0.2631578947368421,0.2272727272727272,-0.03588516746411488,0.03588516746411488,0.7368421052631579,0.7727272727272727,0.03588516746411485,0.03588516746411485,1544.157894736842,1238.909090909091,0.0,0.9,-0.1,0.0,0.5,
fresh_positive,0.85,1.0,109,190,0.2272727272727272,0.2631578947368421,0.03588516746411488,0.03588516746411488,0.75,0.7368421052631579,-0.013157894736842146,0.013157894736842146,1331.3636363636365,1315.921052631579,-0.1,0.97,-0.25,0.0,0.5,
fresh_negative,-0.1,-0.02,190,433,0.2631578947368421,0.2272727272727272,-0.03588516746411488,0.03588516746411488,0.7368421052631579,0.75,0.013157894736842146,0.013157894736842146,1315.921052631579,1300.6818181818182,,0.97,-0.25,0.0,0.5,1.0
previous_positive,0.1,0.25,140,143,0.0671140939597315,0.0313479623824451,-0.0357661315772864,0.0357661315772864,0.9261744966442952,0.9686520376175548,0.04247754097325962,0.04247754097325962,483.241610738255,228.64890282131665,-0.1,0.995,-0.25,,0.75,0.85
previous_positive,0.1,0.25,365,368,0.0671140939597315,0.0313479623824451,-0.0357661315772864,0.0357661315772864,0.9328859060402684,0.9686520376175548,0.035766131577286364,0.035766131577286364,401.5570469798658,239.5485893416928,-0.02,0.97,-0.1,,0.75,0.85
fresh_positive,0.85,1.0,388,469,0.217391304347826,0.1818181818181818,-0.0355731225296442,0.0355731225296442,0.7608695652173914,0.8181818181818182,0.05731225296442688,0.05731225296442688,952.2608695652174,930.6727272727272,-0.02,0.995,-0.1,0.0,0.5,
previous_positive,0.1,0.25,580,583,0.217391304347826,0.1818181818181818,-0.0355731225296442,0.0355731225296442,0.7608695652173914,0.8,0.03913043478260869,0.03913043478260869,1433.0217391304348,1305.3090909090909,0.0,0.9,-0.1,,0.5,0.85
previous_positive,0.0,0.1,659,662,0.217391304347826,0.1818181818181818,-0.0355731225296442,0.0355731225296442,0.782608695652174,0.8181818181818182,0.035573122529644285,0.035573122529644285,1251.2608695652175,980.6363636363636,0.0,0.9,-0.1,,0.75,1.0
previous_positive,0.1,0.25,724,727,0.0666666666666666,0.0313479623824451,-0.03531870428422149,0.03531870428422149,0.9333333333333332,0.9655172413793104,0.03218390804597715,0.03218390804597715,341.8933333333333,243.98746081504703,0.0,0.995,0.0,,0.5,1.0
previous_negative,-0.1,0.0,664,673,0.1587301587301587,0.1234567901234567,-0.035273368606701994,0.035273368606701994,0.8253968253968254,0.8641975308641975,0.03880070546737213,0.03880070546737213,1073.0,854.1604938271605,0.0,0.9,,0.25,0.5,1.0
fresh_negative,-0.1,-0.02,201,444,0.1612903225806451,0.196078431372549,0.03478810879190389,0.03478810879190389,0.8387096774193549,0.803921568627451,-0.03478810879190386,0.03478810879190386,847.483870967742,976.0980392156864,,0.97,-0.1,0.1,0.25,1.0
fresh_negative,-0.02,0.0,444,687,0.196078431372549,0.1612903225806451,-0.03478810879190389,0.03478810879190389,0.803921568627451,0.8225806451612904,0.01865907653383936,0.01865907653383936,976.0980392156864,982.2258064516128,,0.97,-0.1,0.1,0.25,1.0
previous_positive,0.0,0.1,621,624,0.4347826086956521,0.4,-0.034782608695652084,0.034782608695652084,0.5217391304347826,0.6,0.07826086956521738,0.07826086956521738,2135.9565217391305,1700.44,0.0,0.995,-0.25,,0.25,0.85
fresh_negative,-0.1,-0.02,111,354,0.4,0.4347826086956521,0.034782608695652084,0.034782608695652084,0.6,0.5652173913043478,-0.034782608695652195,0.034782608695652195,1976.84,1886.5652173913045,,0.97,-0.25,0.1,0.25,0.85
fresh_negative,-0.1,-0.02,47,290,0.4347826086956521,0.4,-0.034782608695652084,0.034782608695652084,0.5652173913043478,0.6,0.034782608695652195,0.034782608695652195,1778.608695652174,1759.48,,0.97,0.0,0.0,0.75,0.7
previous_positive,0.1,0.25,336,339,0.4347826086956521,0.4,-0.034782608695652084,0.034782608695652084,0.5652173913043478,0.6,0.034782608695652195,0.034782608695652195,1797.0,1905.96,-0.02,0.9,-0.1,,0.25,0.85
fresh_p_positive,0.9,0.97,649,676,0.4347826086956521,0.4,-0.034782608695652084,0.034782608695652084,0.5652173913043478,0.6,0.034782608695652195,0.034782608695652195,1878.1304347826087,1609.72,0.0,,-0.25,0.0,0.5,1.0
previous_positive,0.0,0.1,91,94,0.4347826086956521,0.4,-0.034782608695652084,0.034782608695652084,0.5652173913043478,0.6,0.034782608695652195,0.034782608695652195,2142.521739130435,2217.12,-0.1,0.9,-0.1,,0.5,0.85
previous_p_positive,0.5,0.75,91,92,0.4347826086956521,0.4,-0.034782608695652084,0.034782608695652084,0.5652173913043478,0.6,0.034782608695652195,0.034782608695652195,2142.521739130435,2305.36,-0.1,0.9,-0.1,0.0,,0.85
previous_p_positive,0.5,0.75,25,26,0.4347826086956521,0.4,-0.034782608695652084,0.034782608695652084,0.5652173913043478,0.6,0.034782608695652195,0.034782608695652195,2243.608695652174,1808.16,-0.1,0.9,0.0,0.25,,0.7
previous_negative,-0.25,-0.1,83,92,0.4347826086956521,0.4,-0.034782608695652084,0.034782608695652084,0.5652173913043478,0.6,0.034782608695652195,0.034782608695652195,2423.217391304348,2305.36,-0.1,0.9,,0.0,0.75,0.85
previous_positive,0.0,0.1,568,571,0.4347826086956521,0.4,-0.034782608695652084,0.034782608695652084,0.5652173913043478,0.6,0.034782608695652195,0.034782608695652195,2573.304347826087,2028.6,0.0,0.9,-0.25,,0.5,0.85
fresh_p_positive,0.97,0.995,47,74,0.4347826086956521,0.4,-0.034782608695652084,0.034782608695652084,0.5652173913043478,0.56,-0.005217391304347729,0.005217391304347729,1778.608695652174,1837.12,-0.1,,0.0,0.0,0.75,0.7
fresh_negative,-0.02,0.0,281,524,0.4,0.4347826086956521,0.034782608695652084,0.034782608695652084,0.52,0.5217391304347826,0.0017391304347825765,0.0017391304347825765,2164.36,1969.695652173913,,0.97,-0.1,0.0,0.75,0.7
fresh_negative,-0.1,-0.02,38,281,0.4347826086956521,0.4,-0.034782608695652084,0.034782608695652084,0.5217391304347826,0.52,-0.0017391304347825765,0.0017391304347825765,2021.782608695652,2164.36,,0.97,-0.1,0.0,0.75,0.7
previous_positive,0.1,0.25,400,403,0.0671140939597315,0.0323624595469255,-0.034751634412806,0.034751634412806,0.9261744966442952,0.9676375404530744,0.04146304380877919,0.04146304380877919,393.248322147651,217.1812297734628,-0.02,0.995,0.0,,0.5,0.85
fresh_positive,0.7,0.85,322,403,0.0671140939597315,0.0323624595469255,-0.034751634412806,0.034751634412806,0.9261744966442952,0.9676375404530744,0.04146304380877919,0.04146304380877919,429.87919463087246,217.1812297734628,-0.02,0.995,0.0,0.25,0.5,
fresh_positive,0.7,0.85,295,376,0.0671140939597315,0.0323624595469255,-0.034751634412806,0.034751634412806,0.9261744966442952,0.9676375404530744,0.04146304380877919,0.04146304380877919,534.771812080537,235.48543689320388,-0.02,0.97,0.0,0.25,0.5,
previous_positive,0.1,0.25,634,637,0.0840336134453781,0.0495049504950495,-0.0345286629503286,0.0345286629503286,0.8991596638655462,0.9504950495049505,0.05133538563940421,0.05133538563940421,551.4957983193277,323.480198019802,0.0,0.995,-0.1,,0.5,0.85
fresh_positive,0.7,0.85,287,368,0.0657894736842105,0.0313479623824451,-0.03444151130176539,0.03444151130176539,0.9276315789473684,0.9686520376175548,0.041020458670186444,0.041020458670186444,448.7105263157895,239.5485893416928,-0.02,0.97,-0.1,0.25,0.75,
previous_positive,0.1,0.25,149,152,0.0657894736842105,0.0313479623824451,-0.03444151130176539,0.03444151130176539,0.9342105263157896,0.9686520376175548,0.034441511301765204,0.034441511301765204,419.7763157894737,208.89655172413796,-0.1,0.995,-0.1,,0.75,0.85
previous_p_positive,0.5,0.75,142,143,0.0657894736842105,0.0313479623824451,-0.03444151130176539,0.03444151130176539,0.9342105263157896,0.9686520376175548,0.034441511301765204,0.034441511301765204,505.30263157894734,228.64890282131665,-0.1,0.995,-0.25,0.25,,0.85
previous_positive,0.1,0.25,626,629,0.0666666666666666,0.0323624595469255,-0.034304207119741095,0.034304207119741095,0.92,0.9676375404530744,0.047637540453074334,0.047637540453074334,485.3933333333333,200.6472491909385,0.0,0.995,-0.25,,0.75,0.85
previous_positive,0.0,0.1,630,633,0.238095238095238,0.2040816326530612,-0.0340136054421768,0.0340136054421768,0.7619047619047619,0.7959183673469388,0.03401360544217691,0.03401360544217691,997.3333333333334,862.1428571428571,0.0,0.995,-0.1,,0.25,0.85
previous_p_positive,0.25,0.5,630,631,0.238095238095238,0.2040816326530612,-0.0340136054421768,0.0340136054421768,0.7619047619047619,0.7959183673469388,0.03401360544217691,0.03401360544217691,997.3333333333334,903.8163265306124,0.0,0.995,-0.1,0.0,,0.85
fresh_negative,-0.1,-0.02,178,421,0.238095238095238,0.2040816326530612,-0.0340136054421768,0.0340136054421768,0.7619047619047619,0.7755102040816326,0.013605442176870763,0.013605442176870763,1312.0,1154.1020408163265,,0.9,-0.1,0.25,0.5,1.0
previous_positive,0.1,0.25,122,125,0.0636942675159235,0.0298507462686567,-0.0338435212472668,0.0338435212472668,0.929936305732484,0.9701492537313432,0.040212947998859216,0.040212947998859216,463.2229299363057,226.3910447761194,-0.1,0.97,-0.1,,0.75,0.85
previous_positive,0.1,0.25,725,728,0.0636942675159235,0.0298507462686567,-0.0338435212472668,0.0338435212472668,0.9363057324840764,0.9701492537313432,0.03384352124726675,0.03384352124726675,327.1210191082803,219.74029850746268,0.0,0.995,0.0,,0.75,1.0
previous_positive,0.0,0.1,136,139,0.2222222222222222,0.1886792452830188,-0.03354297693920341,0.03354297693920341,0.7777777777777778,0.8113207547169812,0.033542976939203384,0.033542976939203384,1198.7333333333331,1007.7735849056604,-0.1,0.995,-0.25,,0.5,0.85
fresh_negative,-0.1,-0.02,196,439,0.1724137931034483,0.1388888888888889,-0.03352490421455939,0.03352490421455939,0.8275862068965517,0.8472222222222222,0.019636015325670497,0.019636015325670497,929.6206896551724,882.4305555555555,,0.97,-0.25,0.25,0.5,1.0
fresh_p_positive,0.97,0.995,124,151,0.0657894736842105,0.0323624595469255,-0.033427014137284994,0.033427014137284994,0.9276315789473684,0.9676375404530744,0.04000596150570601,0.04000596150570601,456.17105263157896,284.06472491909386,-0.1,,-0.1,0.25,0.5,0.85
previous_positive,0.1,0.25,239,242,0.0657894736842105,0.0323624595469255,-0.033427014137284994,0.033427014137284994,0.9342105263157896,0.9676375404530744,0.03342701413728477,0.03342701413728477,342.88157894736844,206.9967637540453,-0.1,0.995,0.0,,0.75,1.0
previous_negative,-0.25,-0.1,142,151,0.0657894736842105,0.0323624595469255,-0.033427014137284994,0.033427014137284994,0.9342105263157896,0.9676375404530744,0.03342701413728477,0.03342701413728477,505.30263157894734,284.06472491909386,-0.1,0.995,,0.25,0.5,0.85
previous_positive,0.1,0.25,481,484,0.0666666666666666,0.0333333333333333,-0.0333333333333333,0.0333333333333333,0.9266666666666666,0.9633333333333334,0.036666666666666736,0.036666666666666736,350.9866666666667,208.78666666666663,-0.02,0.995,0.0,,0.5,1.0
fresh_p_positive,0.97,0.995,675,702,0.5555555555555556,0.5882352941176471,0.0326797385620915,0.0326797385620915,0.4444444444444444,0.4117647058823529,-0.0326797385620915,0.0326797385620915,2288.1666666666665,2379.3529411764707,0.0,,-0.25,0.0,0.25,1.0
previous_positive,0.1,0.25,616,619,0.0671140939597315,0.0344827586206896,-0.0326313353390419,0.0326313353390419,0.9328859060402684,0.9655172413793104,0.032631335339041945,0.032631335339041945,461.5234899328859,264.57586206896553,0.0,0.97,0.0,,0.5,0.85
previous_positive,0.0,0.1,585,588,0.25,0.217391304347826,-0.032608695652174,0.032608695652174,0.725,0.782608695652174,0.05760869565217397,0.05760869565217397,1401.175,1343.0434782608695,0.0,0.9,0.0,,0.25,0.85
previous_p_positive,0.5,0.75,310,311,0.25,0.217391304347826,-0.032608695652174,0.032608695652174,0.725,0.7608695652173914,0.035869565217391375,0.035869565217391375,1303.25,1018.8695652173913,-0.02,0.995,-0.1,0.1,,0.7
previous_negative,-0.25,-0.1,650,659,0.25,0.217391304347826,-0.032608695652174,0.032608695652174,0.75,0.782608695652174,0.03260869565217395,0.03260869565217395,1253.075,1251.2608695652175,0.0,0.9,,0.0,0.75,1.0
fresh_positive,0.85,1.0,578,659,0.25,0.217391304347826,-0.032608695652174,0.032608695652174,0.75,0.782608695652174,0.03260869565217395,0.03260869565217395,1365.8,1251.2608695652175,0.0,0.9,-0.1,0.0,0.75,
previous_negative,-0.1,0.0,579,588,0.25,0.217391304347826,-0.032608695652174,0.032608695652174,0.75,0.782608695652174,0.03260869565217395,0.03260869565217395,1423.85,1343.0434782608695,0.0,0.9,,0.1,0.25,0.85
previous_negative,-0.1,0.0,310,319,0.25,0.217391304347826,-0.032608695652174,0.032608695652174,0.725,0.7391304347826086,0.01413043478260867,0.01413043478260867,1303.25,1101.6304347826087,-0.02,0.995,,0.1,0.5,0.7
previous_p_positive,0.25,0.5,579,580,0.25,0.217391304347826,-0.032608695652174,0.032608695652174,0.75,0.7608695652173914,0.010869565217391353,0.010869565217391353,1423.85,1433.0217391304348,0.0,0.9,-0.1,0.1,,0.85
previous_p_positive,0.5,0.75,655,656,0.2325581395348837,0.2,-0.03255813953488368,0.03255813953488368,0.7209302325581395,0.8,0.07906976744186056,0.07906976744186056,1383.9302325581396,1117.68,0.0,0.9,-0.25,0.25,,1.0
previous_positive,0.0,0.1,343,346,0.2325581395348837,0.2,-0.03255813953488368,0.03255813953488368,0.7441860465116279,0.8,0.05581395348837215,0.05581395348837215,1336.0,1195.3,-0.02,0.9,0.0,,0.5,0.85
previous_positive,0.0,0.1,586,589,0.2325581395348837,0.2,-0.03255813953488368,0.03255813953488368,0.7441860465116279,0.8,0.05581395348837215,0.05581395348837215,1368.9767441860463,1122.14,0.0,0.9,0.0,,0.5,0.85
fresh_negative,-0.1,-0.02,97,340,0.2325581395348837,0.2,-0.03255813953488368,0.03255813953488368,0.7674418604651163,0.8,0.032558139534883734,0.032558139534883734,1484.1627906976744,1341.72,,0.9,-0.1,0.25,0.5,0.85
previous_negative,-0.1,0.0,97,106,0.2325581395348837,0.2,-0.03255813953488368,0.03255813953488368,0.7674418604651163,0.8,0.032558139534883734,0.032558139534883734,1484.1627906976744,1308.92,-0.1,0.9,,0.25,0.5,0.85
fresh_p_positive,0.9,0.97,414,441,0.2325581395348837,0.2,-0.03255813953488368,0.03255813953488368,0.7674418604651163,0.76,-0.007441860465116301,0.007441860465116301,1294.5348837209303,1143.22,-0.02,,-0.1,0.0,0.25,1.0
previous_negative,-0.1,0.0,475,484,0.0657894736842105,0.0333333333333333,-0.0324561403508772,0.0324561403508772,0.9276315789473684,0.9633333333333334,0.03570175438596501,0.03570175438596501,400.4144736842105,208.78666666666663,-0.02,0.995,,0.25,0.5,1.0
previous_p_positive,0.25,0.5,483,484,0.0657894736842105,0.0333333333333333,-0.0324561403508772,0.0324561403508772,0.9342105263157896,0.9633333333333334,0.029122807017543773,0.029122807017543773,354.88157894736844,208.78666666666663,-0.02,0.995,0.0,0.25,,1.0
previous_p_positive,0.5,0.75,367,368,0.0636942675159235,0.0313479623824451,-0.032346305133478394,0.032346305133478394,0.9363057324840764,0.9686520376175548,0.03234630513347836,0.03234630513347836,372.92356687898086,239.5485893416928,-0.02,0.97,-0.1,0.25,,0.85
previous_negative,-0.1,0.0,718,727,0.0636942675159235,0.0313479623824451,-0.032346305133478394,0.032346305133478394,0.9363057324840764,0.9655172413793104,0.02921150889523394,0.02921150889523394,351.61146496815286,243.98746081504703,0.0,0.995,,0.25,0.5,1.0
fresh_negative,-0.02,0.0,308,551,0.4166666666666667,0.3846153846153846,-0.032051282051282104,0.032051282051282104,0.5,0.5,0.0,0.0,2289.4166666666665,2271.3846153846152,,0.995,-0.1,0.0,0.75,0.7
previous_negative,-0.1,0.0,661,670,0.2040816326530612,0.1724137931034483,-0.031667839549612914,0.031667839549612914,0.7959183673469388,0.8275862068965517,0.03166783954961294,0.03166783954961294,1093.9591836734694,1109.896551724138,0.0,0.9,,0.1,0.5,1.0
previous_positive,0.0,0.1,423,426,0.2040816326530612,0.1724137931034483,-0.031667839549612914,0.031667839549612914,0.7959183673469388,0.8275862068965517,0.03166783954961294,0.03166783954961294,1149.0816326530612,1010.3620689655172,-0.02,0.9,0.0,,0.25,1.0
previous_negative,-0.1,0.0,418,427,0.2040816326530612,0.1724137931034483,-0.031667839549612914,0.031667839549612914,0.7959183673469388,0.8275862068965517,0.03166783954961294,0.03166783954961294,1171.142857142857,999.8103448275862,-0.02,0.9,,0.1,0.5,1.0
fresh_positive,0.7,0.85,278,359,0.0671140939597315,0.0355871886120996,-0.0315269053476319,0.0315269053476319,0.9261744966442952,0.9644128113879004,0.03823831474360517,0.03823831474360517,558.4563758389262,260.8683274021352,-0.02,0.97,-0.25,0.25,0.75,
previous_positive,0.1,0.25,201,204,0.1612903225806451,0.1298701298701298,-0.0314201927105153,0.0314201927105153,0.8387096774193549,0.8701298701298701,0.031420192710515216,0.031420192710515216,847.483870967742,809.2597402597403,-0.1,0.97,-0.1,,0.25,1.0
fresh_negative,-0.02,0.0,286,529,0.1298701298701298,0.1612903225806451,0.0314201927105153,0.0314201927105153,0.8571428571428571,0.8387096774193549,-0.018433179723502224,0.018433179723502224,992.7272727272727,948.016129032258,,0.97,-0.1,0.25,0.5,0.7
previous_positive,0.1,0.25,238,241,0.0636942675159235,0.0323624595469255,-0.031331807968997996,0.031331807968997996,0.929936305732484,0.964401294498382,0.034464988765897986,0.034464988765897986,365.3503184713376,231.1747572815534,-0.1,0.995,0.0,,0.5,1.0
previous_negative,-0.1,0.0,367,376,0.0636942675159235,0.0323624595469255,-0.031331807968997996,0.031331807968997996,0.9363057324840764,0.9676375404530744,0.03133180796899793,0.03133180796899793,372.92356687898086,235.48543689320388,-0.02,0.97,,0.25,0.5,0.85
fresh_positive,0.7,0.85,548,629,0.0636942675159235,0.0323624595469255,-0.031331807968997996,0.031331807968997996,0.9363057324840764,0.9676375404530744,0.03133180796899793,0.03133180796899793,387.1656050955414,200.6472491909385,0.0,0.995,-0.25,0.25,0.75,
fresh_p_positive,0.97,0.995,214,241,0.0636942675159235,0.0323624595469255,-0.031331807968997996,0.031331807968997996,0.9363057324840764,0.964401294498382,0.02809556201430552,0.02809556201430552,374.108280254777,231.1747572815534,-0.1,,0.0,0.25,0.5,1.0
fresh_positive,0.7,0.85,565,646,0.0657894736842105,0.0344827586206896,-0.031306715063520896,0.031306715063520896,0.9342105263157896,0.9655172413793104,0.031306715063520785,0.031306715063520785,427.23026315789474,199.3448275862069,0.0,0.995,0.0,0.25,0.5,
previous_positive,0.1,0.25,203,206,0.0657894736842105,0.0344827586206896,-0.031306715063520896,0.031306715063520896,0.9342105263157896,0.9655172413793104,0.031306715063520785,0.031306715063520785,431.6578947368421,280.4103448275862,-0.1,0.97,-0.1,,0.75,1.0
previous_positive,0.0,0.1,587,590,0.2272727272727272,0.196078431372549,-0.03119429590017822,0.03119429590017822,0.7272727272727273,0.803921568627451,0.07664884135472372,0.07664884135472372,1367.6136363636365,1109.8235294117646,0.0,0.9,0.0,,0.75,0.85
fresh_negative,-0.1,-0.02,185,428,0.2272727272727272,0.196078431372549,-0.03119429590017822,0.03119429590017822,0.7727272727272727,0.803921568627451,0.031194295900178304,0.031194295900178304,1220.2045454545455,1103.7450980392157,,0.9,0.0,0.1,0.75,1.0
previous_positive,0.1,0.25,707,710,0.0671140939597315,0.0359712230215827,-0.031142870938148805,0.031142870938148805,0.9328859060402684,0.9640287769784172,0.031142870938148715,0.031142870938148715,415.77852348993287,244.74100719424465,0.0,0.995,-0.25,,0.75,1.0
previous_negative,-0.25,-0.1,385,394,0.0671140939597315,0.0359712230215827,-0.031142870938148805,0.031142870938148805,0.9328859060402684,0.9640287769784172,0.031142870938148715,0.031142870938148715,470.8590604026846,232.9748201438849,-0.02,0.995,,0.25,0.5,0.85
previous_positive,0.1,0.25,156,159,0.0806451612903225,0.0495049504950495,-0.031140210795272995,0.031140210795272995,0.9112903225806452,0.9504950495049505,0.03920472692430521,0.03920472692430521,537.2741935483871,328.9306930693069,-0.1,0.995,0.0,,0.25,0.85
fresh_p_positive,0.97,0.995,205,232,0.0806451612903225,0.0495049504950495,-0.031140210795272995,0.031140210795272995,0.9193548387096774,0.9455445544554456,0.026189715745768227,0.026189715745768227,491.31451612903226,303.5,-0.1,,-0.1,0.25,0.5,1.0
previous_positive,0.1,0.25,129,132,0.0806451612903225,0.0495049504950495,-0.031140210795272995,0.031140210795272995,0.9193548387096774,0.9455445544554456,0.026189715745768227,0.026189715745768227,554.5645161290323,466.1534653465346,-0.1,0.97,0.0,,0.25,0.85
previous_positive,0.1,0.25,230,233,0.0666666666666666,0.0355871886120996,-0.031079478054566997,0.031079478054566997,0.9333333333333332,0.9644128113879004,0.031079478054567122,0.031079478054567122,366.34,219.73665480427047,-0.1,0.995,-0.1,,0.75,1.0
fresh_negative,-0.02,0.0,397,640,0.1923076923076923,0.1612903225806451,-0.03101736972704719,0.03101736972704719,0.7884615384615384,0.8387096774193549,0.050248138957816435,0.050248138957816435,852.1923076923077,772.2096774193549,,0.995,0.0,0.0,0.5,0.85
previous_positive,0.0,0.1,414,417,0.2325581395348837,0.2631578947368421,0.0305997552019584,0.0305997552019584,0.7674418604651163,0.7368421052631579,-0.030599755201958456,0.030599755201958456,1294.5348837209303,1201.0526315789473,-0.02,0.9,-0.1,,0.25,1.0
previous_p_positive,0.25,0.5,414,415,0.2325581395348837,0.2631578947368421,0.0305997552019584,0.0305997552019584,0.7674418604651163,0.7368421052631579,-0.030599755201958456,0.030599755201958456,1294.5348837209303,1334.7105263157894,-0.02,0.9,-0.1,0.0,,1.0
previous_negative,-0.1,0.0,577,586,0.2631578947368421,0.2325581395348837,-0.0305997552019584,0.0305997552019584,0.7368421052631579,0.7441860465116279,0.007343941248470043,0.007343941248470043,1544.157894736842,1368.9767441860463,0.0,0.9,,0.0,0.5,0.85
previous_p_positive,0.5,0.75,475,476,0.0657894736842105,0.0355871886120996,-0.030202285072110896,0.030202285072110896,0.9276315789473684,0.9644128113879004,0.036781232440532,0.036781232440532,400.4144736842105,225.4697508896797,-0.02,0.995,-0.1,0.25,,1.0
previous_positive,0.1,0.25,356,359,0.0657894736842105,0.0355871886120996,-0.030202285072110896,0.030202285072110896,0.9276315789473684,0.9644128113879004,0.036781232440532,0.036781232440532,578.5921052631579,260.8683274021352,-0.02,0.97,-0.25,,0.75,0.85
previous_positive,0.0,0.1,379,382,0.2222222222222222,0.1923076923076923,-0.02991452991452992,0.02991452991452992,0.7333333333333333,0.8076923076923077,0.07435897435897443,0.07435897435897443,1289.8444444444444,933.8461538461538,-0.02,0.995,-0.25,,0.5,0.85
previous_negative,-0.1,0.0,387,396,0.2222222222222222,0.1923076923076923,-0.02991452991452992,0.02991452991452992,0.7777777777777778,0.8076923076923077,0.02991452991452992,0.02991452991452992,963.6666666666666,794.2884615384615,-0.02,0.995,,0.0,0.25,0.85
fresh_positive,0.85,1.0,394,475,0.0359712230215827,0.0657894736842105,0.029818250662627797,0.029818250662627797,0.9640287769784172,0.9276315789473684,-0.036397198031048794,0.036397198031048794,232.9748201438849,400.4144736842105,-0.02,0.995,-0.1,0.25,0.5,
fresh_positive,0.85,1.0,112,193,0.2083333333333333,0.238095238095238,0.02976190476190471,0.02976190476190471,0.7916666666666666,0.7619047619047619,-0.029761904761904767,0.029761904761904767,1165.25,1040.547619047619,-0.1,0.97,-0.25,0.1,0.5,
fresh_positive,0.85,1.0,630,711,0.238095238095238,0.2083333333333333,-0.02976190476190471,0.02976190476190471,0.7619047619047619,0.7916666666666666,0.029761904761904767,0.029761904761904767,997.3333333333334,909.0208333333334,0.0,0.995,-0.1,0.0,0.25,
fresh_negative,-0.1,-0.02,193,436,0.238095238095238,0.2083333333333333,-0.02976190476190471,0.02976190476190471,0.7619047619047619,0.7916666666666666,0.029761904761904767,0.029761904761904767,1040.547619047619,969.1458333333334,,0.97,-0.25,0.1,0.5,1.0
fresh_negative,-0.1,-0.02,182,425,0.238095238095238,0.2083333333333333,-0.02976190476190471,0.02976190476190471,0.7619047619047619,0.7916666666666666,0.029761904761904767,0.029761904761904767,1177.1666666666667,1137.9166666666667,,0.9,0.0,0.0,0.75,1.0
previous_p_positive,0.5,0.75,268,269,0.238095238095238,0.2083333333333333,-0.02976190476190471,0.02976190476190471,0.7619047619047619,0.7708333333333334,0.008928571428571508,0.008928571428571508,1504.6190476190477,1196.5208333333333,-0.02,0.9,0.0,0.25,,0.7
fresh_negative,-0.02,0.0,288,531,0.3703703703703703,0.4,0.029629629629629728,0.029629629629629728,0.5925925925925926,0.56,-0.032592592592592506,0.032592592592592506,1934.2962962962963,1788.0,,0.97,0.0,0.0,0.25,0.7
fresh_p_positive,0.97,0.995,288,315,0.3703703703703703,0.4,0.029629629629629728,0.029629629629629728,0.5925925925925926,0.56,-0.032592592592592506,0.032592592592592506,1934.2962962962963,1900.76,-0.02,,0.0,0.0,0.25,0.7
previous_p_positive,0.25,0.5,288,289,0.3703703703703703,0.4,0.029629629629629728,0.029629629629629728,0.5925925925925926,0.56,-0.032592592592592506,0.032592592592592506,1934.2962962962963,1961.76,-0.02,0.97,0.0,0.0,,0.7
fresh_negative,-0.1,-0.02,222,465,0.3703703703703703,0.4,0.029629629629629728,0.029629629629629728,0.6296296296296297,0.6,-0.029629629629629672,0.029629629629629672,1606.3333333333333,1678.44,,0.995,-0.25,0.25,0.25,1.0
previous_negative,-0.25,-0.1,8,17,0.3703703703703703,0.4,0.029629629629629728,0.029629629629629728,0.6296296296296297,0.6,-0.029629629629629672,0.029629629629629672,2082.074074074074,2142.36,-0.1,0.9,,0.25,0.75,0.7
fresh_p_positive,0.97,0.995,676,703,0.4,0.3703703703703703,-0.029629629629629728,0.029629629629629728,0.6,0.6296296296296297,0.029629629629629672,0.029629629629629672,1609.72,1505.2222222222222,0.0,,-0.25,0.0,0.5,1.0
fresh_negative,-0.02,0.0,465,708,0.4,0.3703703703703703,-0.029629629629629728,0.029629629629629728,0.6,0.6296296296296297,0.029629629629629672,0.029629629629629672,1678.44,1647.6296296296296,,0.995,-0.25,0.25,0.25,1.0
fresh_p_positive,0.97,0.995,195,222,0.4,0.3703703703703703,-0.029629629629629728,0.029629629629629728,0.6,0.6296296296296297,0.029629629629629672,0.029629629629629672,1800.56,1606.3333333333333,-0.1,,-0.25,0.25,0.25,1.0
fresh_positive,0.85,1.0,571,652,0.4,0.3703703703703703,-0.029629629629629728,0.029629629629629728,0.6,0.6296296296296297,0.029629629629629672,0.029629629629629672,2028.6,1617.148148148148,0.0,0.9,-0.25,0.1,0.5,
previous_negative,-0.1,0.0,92,101,0.4,0.3703703703703703,-0.029629629629629728,0.029629629629629728,0.6,0.6296296296296297,0.029629629629629672,0.029629629629629672,2305.36,1741.7777777777778,-0.1,0.9,,0.0,0.75,0.85
fresh_negative,-0.1,-0.02,45,288,0.4,0.3703703703703703,-0.029629629629629728,0.029629629629629728,0.6,0.5925925925925926,-0.007407407407407418,0.007407407407407418,1829.4,1934.2962962962963,,0.97,0.0,0.0,0.25,0.7
fresh_positive,0.7,0.85,44,125,0.059171597633136,0.0298507462686567,-0.029320851364479303,0.029320851364479303,0.9289940828402368,0.9701492537313432,0.04115517089110643,0.04115517089110643,512.6272189349113,226.3910447761194,-0.1,0.97,-0.1,0.25,0.75,
fresh_negative,-0.1,-0.02,64,307,0.5263157894736842,0.5555555555555556,0.0292397660818714,0.0292397660818714,0.4210526315789473,0.3888888888888889,-0.032163742690058394,0.032163742690058394,2541.157894736842,2368.9444444444443,,0.995,-0.1,0.0,0.5,0.7
fresh_p_positive,0.97,0.995,37,64,0.5555555555555556,0.5263157894736842,-0.0292397660818714,0.0292397660818714,0.4444444444444444,0.4210526315789473,-0.02339181286549713,0.02339181286549713,2420.9444444444443,2541.157894736842,-0.1,,-0.1,0.0,0.5,0.7
previous_positive,0.1,0.25,642,645,0.0787401574803149,0.0495049504950495,-0.029235206985265404,0.029235206985265404,0.9133858267716536,0.9455445544554456,0.03215872768379202,0.03215872768379202,486.5118110236221,292.51485148514854,0.0,0.995,0.0,,0.25,0.85
previous_negative,-0.1,0.0,150,159,0.0787401574803149,0.0495049504950495,-0.029235206985265404,0.029235206985265404,0.9212598425196852,0.9504950495049505,0.029235206985265272,0.029235206985265272,487.81889763779526,328.9306930693069,-0.1,0.995,,0.25,0.25,0.85
previous_positive,0.1,0.25,482,485,0.0636942675159235,0.0344827586206896,-0.029211508895233898,0.029211508895233898,0.929936305732484,0.9655172413793104,0.035580935646826406,0.035580935646826406,363.0,187.3551724137931,-0.02,0.995,0.0,,0.75,1.0
previous_p_positive,0.25,0.5,618,619,0.0636942675159235,0.0344827586206896,-0.029211508895233898,0.029211508895233898,0.9363057324840764,0.9655172413793104,0.02921150889523394,0.02921150889523394,420.0127388535032,264.57586206896553,0.0,0.97,0.0,0.25,,0.85
fresh_negative,-0.02,0.0,367,610,0.0636942675159235,0.0344827586206896,-0.029211508895233898,0.029211508895233898,0.9363057324840764,0.9620689655172414,0.025763233033164967,0.025763233033164967,372.92356687898086,299.3172413793104,,0.97,-0.1,0.25,0.5,0.85
previous_p_positive,0.5,0.75,637,638,0.0495049504950495,0.0206185567010309,-0.0288863937940186,0.0288863937940186,0.9504950495049505,0.979381443298969,0.028886393794018583,0.028886393794018583,323.480198019802,160.64536082474226,0.0,0.995,-0.1,0.25,,0.85
previous_positive,0.1,0.25,561,564,0.217391304347826,0.1886792452830188,-0.0287120590648072,0.0287120590648072,0.7391304347826086,0.7924528301886793,0.053322395406070644,0.053322395406070644,1315.0869565217392,1002.8867924528302,0.0,0.995,0.0,,0.25,0.7
previous_positive,0.0,0.1,225,228,0.217391304347826,0.1886792452830188,-0.0287120590648072,0.0287120590648072,0.782608695652174,0.8113207547169812,0.028712059064807227,0.028712059064807227,875.0217391304348,1006.0377358490566,-0.1,0.995,-0.1,,0.25,1.0
previous_p_positive,0.5,0.75,145,146,0.217391304347826,0.1886792452830188,-0.0287120590648072,0.0287120590648072,0.782608695652174,0.8113207547169812,0.028712059064807227,0.028712059064807227,946.4130434782608,912.5283018867924,-0.1,0.995,-0.1,0.0,,0.85
fresh_negative,-0.02,0.0,251,494,0.2325581395348837,0.2040816326530612,-0.02847650688182249,0.02847650688182249,0.7441860465116279,0.7755102040816326,0.03132415757000473,0.03132415757000473,1637.3720930232555,1628.9591836734694,,0.9,-0.25,0.25,0.75,0.7
previous_negative,-0.1,0.0,414,423,0.2325581395348837,0.2040816326530612,-0.02847650688182249,0.02847650688182249,0.7674418604651163,0.7959183673469388,0.02847650688182246,0.02847650688182246,1294.5348837209303,1149.0816326530612,-0.02,0.9,,0.0,0.25,1.0
fresh_negative,-0.1,-0.02,180,423,0.2325581395348837,0.2040816326530612,-0.02847650688182249,0.02847650688182249,0.7674418604651163,0.7959183673469388,0.02847650688182246,0.02847650688182246,1297.3953488372092,1149.0816326530612,,0.9,0.0,0.0,0.25,1.0
previous_p_positive,0.5,0.75,97,98,0.2325581395348837,0.2040816326530612,-0.02847650688182249,0.02847650688182249,0.7674418604651163,0.7959183673469388,0.02847650688182246,0.02847650688182246,1484.1627906976744,1209.9591836734694,-0.1,0.9,-0.1,0.25,,0.85
previous_p_positive,0.5,0.75,718,719,0.0636942675159235,0.0355871886120996,-0.0281070789038239,0.0281070789038239,0.9363057324840764,0.9644128113879004,0.028107078903823912,0.028107078903823912,351.61146496815286,224.067615658363,0.0,0.995,-0.1,0.25,,1.0
previous_positive,0.1,0.25,473,476,0.0636942675159235,0.0355871886120996,-0.0281070789038239,0.0281070789038239,0.9363057324840764,0.9644128113879004,0.028107078903823912,0.028107078903823912,385.9426751592357,225.4697508896797,-0.02,0.995,-0.1,,0.75,1.0
fresh_positive,0.7,0.85,530,611,0.059171597633136,0.0313479623824451,-0.027823635250690898,0.027823635250690898,0.9349112426035504,0.9686520376175548,0.0337407950140044,0.0337407950140044,427.9704142011834,235.4451410658307,0.0,0.97,-0.1,0.25,0.75,
previous_positive,0.1,0.25,374,377,0.059171597633136,0.0313479623824451,-0.027823635250690898,0.027823635250690898,0.940828402366864,0.9686520376175548,0.02782363525069076,0.02782363525069076,382.7396449704142,228.1630094043887,-0.02,0.97,0.0,,0.75,0.85
previous_p_positive,0.25,0.5,726,727,0.059171597633136,0.0313479623824451,-0.027823635250690898,0.027823635250690898,0.940828402366864,0.9655172413793104,0.02468883901244634,0.02468883901244634,353.9940828402367,243.98746081504703,0.0,0.995,0.0,0.25,,1.0
fresh_positive,0.85,1.0,136,217,0.2222222222222222,0.25,0.02777777777777779,0.02777777777777779,0.7777777777777778,0.75,-0.02777777777777779,0.02777777777777779,1198.7333333333331,1185.375,-0.1,0.995,-0.25,0.0,0.5,
fresh_p_positive,0.97,0.995,600,627,0.25,0.2222222222222222,-0.02777777777777779,0.02777777777777779,0.75,0.7777777777777778,0.02777777777777779,0.02777777777777779,1233.5,1201.4666666666667,0.0,,-0.25,0.25,0.25,0.85
previous_positive,0.0,0.1,657,660,0.25,0.2222222222222222,-0.02777777777777779,0.02777777777777779,0.75,0.7777777777777778,0.02777777777777779,0.02777777777777779,1351.025,1364.2,0.0,0.9,-0.1,,0.25,1.0
fresh_positive,0.85,1.0,579,660,0.25,0.2222222222222222,-0.02777777777777779,0.02777777777777779,0.75,0.7777777777777778,0.02777777777777779,0.02777777777777779,1423.85,1364.2,0.0,0.9,-0.1,0.1,0.25,
previous_positive,0.1,0.25,579,582,0.25,0.2222222222222222,-0.02777777777777779,0.02777777777777779,0.75,0.7777777777777778,0.02777777777777779,0.02777777777777779,1423.85,1467.8444444444444,0.0,0.9,-0.1,,0.25,0.85
fresh_positive,0.85,1.0,335,416,0.25,0.2222222222222222,-0.02777777777777779,0.02777777777777779,0.75,0.7777777777777778,0.02777777777777779,0.02777777777777779,1622.05,1165.2666666666669,-0.02,0.9,-0.1,0.0,0.75,
fresh_negative,-0.02,0.0,379,622,0.2222222222222222,0.25,0.02777777777777779,0.02777777777777779,0.7333333333333333,0.75,0.01666666666666672,0.01666666666666672,1289.8444444444444,1281.525,,0.995,-0.25,0.0,0.5,0.85
fresh_positive,0.85,1.0,379,460,0.2222222222222222,0.25,0.02777777777777779,0.02777777777777779,0.7333333333333333,0.725,-0.008333333333333304,0.008333333333333304,1289.8444444444444,1186.725,-0.02,0.995,-0.25,0.0,0.5,
fresh_positive,0.85,1.0,121,202,0.1111111111111111,0.1388888888888889,0.02777777777777779,0.02777777777777779,0.8666666666666667,0.8611111111111112,-0.005555555555555536,0.005555555555555536,789.2777777777778,844.8888888888889,-0.1,0.97,-0.1,0.1,0.5,
fresh_negative,-0.1,-0.02,75,318,0.25,0.2222222222222222,-0.02777777777777779,0.02777777777777779,0.75,0.7555555555555555,0.005555555555555536,0.005555555555555536,1212.7,1215.3777777777775,,0.995,0.0,0.1,0.25,0.7
fresh_p_positive,0.97,0.995,367,394,0.0636942675159235,0.0359712230215827,-0.0277230444943408,0.0277230444943408,0.9363057324840764,0.9640287769784172,0.02772304449434071,0.02772304449434071,372.92356687898086,232.9748201438849,-0.02,,-0.1,0.25,0.5,0.85
fresh_p_positive,0.97,0.995,683,710,0.0636942675159235,0.0359712230215827,-0.0277230444943408,0.0277230444943408,0.9363057324840764,0.9640287769784172,0.02772304449434071,0.02772304449434071,381.8407643312102,244.74100719424465,0.0,,-0.25,0.25,0.75,1.0
previous_positive,0.1,0.25,426,429,0.1724137931034483,0.2,0.027586206896551724,0.027586206896551724,0.8275862068965517,0.8,-0.027586206896551668,0.027586206896551668,1010.3620689655172,1103.96,-0.02,0.9,0.0,,0.25,1.0
fresh_negative,-0.02,0.0,429,672,0.2,0.1724137931034483,-0.027586206896551724,0.027586206896551724,0.8,0.8275862068965517,0.027586206896551668,0.027586206896551668,1103.96,1040.9137931034484,,0.9,0.0,0.25,0.25,1.0
previous_negative,-0.25,-0.1,656,665,0.2,0.1724137931034483,-0.027586206896551724,0.027586206896551724,0.8,0.8275862068965517,0.027586206896551668,0.027586206896551668,1117.68,969.0172413793103,0.0,0.9,,0.25,0.75,1.0
fresh_positive,0.85,1.0,589,670,0.2,0.1724137931034483,-0.027586206896551724,0.027586206896551724,0.8,0.8275862068965517,0.027586206896551668,0.027586206896551668,1122.14,1109.896551724138,0.0,0.9,0.0,0.1,0.5,
fresh_positive,0.85,1.0,346,427,0.2,0.1724137931034483,-0.027586206896551724,0.027586206896551724,0.8,0.8275862068965517,0.027586206896551668,0.027586206896551668,1195.3,999.8103448275862,-0.02,0.9,0.0,0.1,0.5,
fresh_p_positive,0.97,0.995,201,228,0.1612903225806451,0.1886792452830188,0.027388922702373697,0.027388922702373697,0.8387096774193549,0.8113207547169812,-0.027388922702373697,0.027388922702373697,847.483870967742,1006.0377358490566,-0.1,,-0.1,0.1,0.25,1.0
previous_negative,-0.25,-0.1,433,442,0.2272727272727272,0.2,-0.0272727272727272,0.0272727272727272,0.75,0.78,0.030000000000000027,0.030000000000000027,1300.6818181818182,981.1,-0.02,0.97,,0.0,0.5,1.0
fresh_negative,-0.1,-0.02,176,419,0.2272727272727272,0.2,-0.0272727272727272,0.0272727272727272,0.7727272727272727,0.8,0.027272727272727337,0.027272727272727337,1256.659090909091,1144.16,,0.9,-0.1,0.1,0.75,1.0
previous_positive,0.1,0.25,176,179,0.2272727272727272,0.2,-0.0272727272727272,0.0272727272727272,0.7727272727272727,0.8,0.027272727272727337,0.027272727272727337,1256.659090909091,1248.6,-0.1,0.9,-0.1,,0.75,1.0
previous_p_positive,0.5,0.75,109,110,0.2272727272727272,0.2,-0.0272727272727272,0.0272727272727272,0.75,0.76,0.010000000000000009,0.010000000000000009,1331.3636363636365,1051.62,-0.1,0.97,-0.25,0.0,,0.85
fresh_p_positive,0.97,0.995,440,467,0.059171597633136,0.0323624595469255,-0.0268091380862105,0.0268091380862105,0.9349112426035504,0.9676375404530744,0.032726297849523966,0.032726297849523966,399.0769230769231,258.0744336569579,-0.02,,-0.25,0.25,0.75,1.0
previous_p_positive,0.25,0.5,402,403,0.059171597633136,0.0323624595469255,-0.0268091380862105,0.0268091380862105,0.940828402366864,0.9676375404530744,0.026809138086210327,0.026809138086210327,359.396449704142,217.1812297734628,-0.02,0.995,0.0,0.25,,0.85
previous_p_positive,0.25,0.5,240,241,0.059171597633136,0.0323624595469255,-0.0268091380862105,0.0268091380862105,0.940828402366864,0.964401294498382,0.02357289213151792,0.02357289213151792,361.792899408284,231.1747572815534,-0.1,0.995,0.0,0.25,,1.0
fresh_positive,0.85,1.0,628,709,0.054054054054054,0.0806451612903225,0.026591107236268494,0.026591107236268494,0.945945945945946,0.9112903225806452,-0.034655623365300814,0.034655623365300814,388.8216216216216,573.5403225806451,0.0,0.995,-0.25,0.25,0.5,
previous_positive,0.1,0.25,221,224,0.0806451612903225,0.054054054054054,-0.026591107236268494,0.026591107236268494,0.9193548387096774,0.945945945945946,0.026591107236268674,0.026591107236268674,452.8225806451613,302.46486486486486,-0.1,0.995,-0.25,,0.75,1.0
fresh_negative,-0.1,-0.02,205,448,0.0806451612903225,0.054054054054054,-0.026591107236268494,0.026591107236268494,0.9193548387096774,0.945945945945946,0.026591107236268674,0.026591107236268674,491.31451612903226,392.7783783783784,,0.97,-0.1,0.25,0.5,1.0
fresh_negative,-0.02,0.0,469,712,0.1818181818181818,0.2083333333333333,0.02651515151515149,0.02651515151515149,0.8181818181818182,0.7916666666666666,-0.026515151515151603,0.026515151515151603,930.6727272727272,817.5,,0.995,-0.1,0.0,0.5,1.0
fresh_p_positive,0.97,0.995,685,712,0.1818181818181818,0.2083333333333333,0.02651515151515149,0.02651515151515149,0.8181818181818182,0.7916666666666666,-0.026515151515151603,0.026515151515151603,934.6181818181818,817.5,0.0,,-0.1,0.0,0.5,1.0
previous_positive,0.1,0.25,291,294,0.2222222222222222,0.196078431372549,-0.02614379084967322,0.02614379084967322,0.7777777777777778,0.803921568627451,0.02614379084967322,0.02614379084967322,1276.4444444444443,1057.3725490196075,-0.02,0.97,0.0,,0.25,0.7
previous_p_positive,0.25,0.5,186,187,0.2222222222222222,0.196078431372549,-0.02614379084967322,0.02614379084967322,0.7777777777777778,0.803921568627451,0.02614379084967322,0.02614379084967322,1346.2,1291.3529411764705,-0.1,0.9,0.0,0.25,,1.0
previous_negative,-0.1,0.0,582,591,0.2222222222222222,0.196078431372549,-0.02614379084967322,0.02614379084967322,0.7777777777777778,0.7843137254901961,0.006535947712418277,0.006535947712418277,1467.8444444444444,1204.2941176470588,0.0,0.9,,0.25,0.25,0.85
fresh_positive,0.85,1.0,134,215,0.0280112044817927,0.054054054054054,0.0260428495722613,0.0260428495722613,0.969187675070028,0.9405405405405406,-0.028647134529487417,0.028647134529487417,231.83193277310923,363.05945945945945,-0.1,0.97,0.0,0.25,0.75,
fresh_positive,0.7,0.85,539,620,0.0526315789473684,0.027027027027027,-0.025604551920341397,0.025604551920341397,0.9473684210526316,0.972972972972973,0.02560455192034139,0.02560455192034139,379.5052631578947,207.0837837837838,0.0,0.97,0.0,0.25,0.75,
previous_positive,0.0,0.1,99,102,0.3448275862068966,0.3703703703703703,0.02554278416347372,0.02554278416347372,0.6206896551724138,0.5925925925925926,-0.028097062579821253,0.028097062579821253,2060.758620689656,1986.074074074074,-0.1,0.9,0.0,,0.25,0.85
previous_positive,0.0,0.1,171,174,0.3703703703703703,0.3448275862068966,-0.02554278416347372,0.02554278416347372,0.6296296296296297,0.6551724137931034,0.025542784163473775,0.025542784163473775,2071.3703703703704,1741.1724137931035,-0.1,0.9,-0.1,,0.25,1.0
previous_p_positive,0.25,0.5,99,100,0.3448275862068966,0.3703703703703703,0.02554278416347372,0.02554278416347372,0.6206896551724138,0.6296296296296297,0.008939974457215838,0.008939974457215838,2060.758620689656,1854.0,-0.1,0.9,0.0,0.0,,0.85
previous_negative,-0.25,-0.1,34,43,0.217391304347826,0.1923076923076923,-0.025083612040133707,0.025083612040133707,0.7391304347826086,0.8076923076923077,0.06856187290969906,0.06856187290969906,1635.0,1028.423076923077,-0.1,0.97,,0.25,0.5,0.7
previous_negative,-0.1,0.0,144,153,0.217391304347826,0.1923076923076923,-0.025083612040133707,0.025083612040133707,0.7608695652173914,0.8076923076923077,0.04682274247491636,0.04682274247491636,1147.3695652173913,827.4038461538462,-0.1,0.995,,0.0,0.25,0.85
previous_negative,-0.1,0.0,388,397,0.217391304347826,0.1923076923076923,-0.025083612040133707,0.025083612040133707,0.7608695652173914,0.7884615384615384,0.027591973244147083,0.027591973244147083,952.2608695652174,852.1923076923077,-0.02,0.995,,0.0,0.5,0.85
previous_negative,-0.1,0.0,360,369,0.217391304347826,0.1923076923076923,-0.025083612040133707,0.025083612040133707,0.782608695652174,0.8076923076923077,0.025083612040133763,0.025083612040133763,1053.4565217391305,913.75,-0.02,0.97,,0.0,0.25,0.85
fresh_negative,-0.02,0.0,352,595,0.2631578947368421,0.238095238095238,-0.025062656641604092,0.025062656641604092,0.7105263157894737,0.7619047619047619,0.05137844611528819,0.05137844611528819,1469.2105263157894,1420.142857142857,,0.97,-0.25,0.0,0.5,0.85
previous_positive,0.0,0.1,190,193,0.2631578947368421,0.238095238095238,-0.025062656641604092,0.025062656641604092,0.7368421052631579,0.7619047619047619,0.02506265664160401,0.02506265664160401,1315.921052631579,1040.547619047619,-0.1,0.97,-0.25,,0.5,1.0
fresh_positive,0.85,1.0,357,438,0.238095238095238,0.2631578947368421,0.025062656641604092,0.025062656641604092,0.7142857142857143,0.7368421052631579,0.022556390977443552,0.022556390977443552,1444.6190476190477,1427.8684210526317,-0.02,0.97,-0.25,0.25,0.25,
previous_positive,0.1,0.25,697,700,0.059171597633136,0.0344827586206896,-0.024688839012446402,0.024688839012446402,0.9349112426035504,0.9655172413793104,0.03060599877575998,0.03060599877575998,380.97633136094674,248.67586206896556,0.0,0.97,0.0,,0.5,1.0
previous_positive,0.1,0.25,446,449,0.059171597633136,0.0344827586206896,-0.024688839012446402,0.024688839012446402,0.9349112426035504,0.9655172413793104,0.03060599877575998,0.03060599877575998,388.6390532544379,272.05172413793105,-0.02,0.97,-0.1,,0.75,1.0
previous_negative,-0.25,-0.1,440,449,0.059171597633136,0.0344827586206896,-0.024688839012446402,0.024688839012446402,0.9349112426035504,0.9655172413793104,0.03060599877575998,0.03060599877575998,399.0769230769231,272.05172413793105,-0.02,0.97,,0.25,0.75,1.0
previous_negative,-0.1,0.0,691,700,0.059171597633136,0.0344827586206896,-0.024688839012446402,0.024688839012446402,0.9349112426035504,0.9655172413793104,0.03060599877575998,0.03060599877575998,428.14201183431953,248.67586206896556,0.0,0.97,,0.25,0.5,1.0
previous_negative,-0.25,-0.1,197,206,0.059171597633136,0.0344827586206896,-0.024688839012446402,0.024688839012446402,0.9349112426035504,0.9655172413793104,0.03060599877575998,0.03060599877575998,478.4674556213018,280.4103448275862,-0.1,0.97,,0.25,0.75,1.0
fresh_positive,0.85,1.0,610,691,0.0344827586206896,0.059171597633136,0.024688839012446402,0.024688839012446402,0.9620689655172414,0.9349112426035504,-0.027157722913691007,0.027157722913691007,299.3172413793104,428.14201183431953,0.0,0.97,-0.1,0.25,0.5,
previous_positive,0.0,0.1,505,508,0.5,0.4761904761904761,-0.02380952380952389,0.02380952380952389,0.4,0.5238095238095238,0.12380952380952381,0.12380952380952381,2678.95,2151.333333333333,0.0,0.9,0.0,,0.5,0.7
fresh_positive,0.85,1.0,135,216,0.4761904761904761,0.5,0.02380952380952389,0.02380952380952389,0.5238095238095238,0.45,-0.07380952380952382,0.07380952380952382,2130.714285714286,2364.5,-0.1,0.995,-0.25,0.0,0.25,
previous_p_positive,0.25,0.5,264,265,0.4761904761904761,0.5,0.02380952380952389,0.02380952380952389,0.4285714285714285,0.5,0.07142857142857151,0.07142857142857151,2451.285714285714,2159.55,-0.02,0.9,0.0,0.1,,0.7
fresh_positive,0.85,1.0,573,654,0.4761904761904761,0.5,0.02380952380952389,0.02380952380952389,0.4761904761904761,0.5,0.02380952380952389,0.02380952380952389,2683.809523809524,2251.75,0.0,0.9,-0.25,0.25,0.25,
fresh_negative,-0.1,-0.02,135,378,0.4761904761904761,0.5,0.02380952380952389,0.02380952380952389,0.5238095238095238,0.5,-0.023809523809523836,0.023809523809523836,2130.714285714286,2254.05,,0.995,-0.25,0.0,0.25,0.85
fresh_p_positive,0.97,0.995,432,459,0.4761904761904761,0.5,0.02380952380952389,0.02380952380952389,0.5238095238095238,0.5,-0.023809523809523836,0.023809523809523836,2214.4761904761904,2144.7,-0.02,,-0.25,0.0,0.25,1.0
fresh_negative,-0.02,0.0,411,654,0.4761904761904761,0.5,0.02380952380952389,0.02380952380952389,0.5238095238095238,0.5,-0.023809523809523836,0.023809523809523836,2430.4761904761904,2251.75,,0.9,-0.25,0.25,0.25,1.0
previous_positive,0.1,0.25,651,654,0.4761904761904761,0.5,0.02380952380952389,0.02380952380952389,0.5238095238095238,0.5,-0.023809523809523836,0.023809523809523836,2450.809523809524,2251.75,0.0,0.9,-0.25,,0.25,1.0
fresh_negative,-0.02,0.0,265,508,0.5,0.4761904761904761,-0.02380952380952389,0.02380952380952389,0.5,0.5238095238095238,0.023809523809523836,0.023809523809523836,2159.55,2151.333333333333,,0.9,0.0,0.1,0.5,0.7
fresh_negative,-0.1,-0.02,189,432,0.5,0.4761904761904761,-0.02380952380952389,0.02380952380952389,0.5,0.5238095238095238,0.023809523809523836,0.023809523809523836,2387.75,2214.4761904761904,,0.97,-0.25,0.0,0.25,1.0
previous_positive,0.0,0.1,189,192,0.5,0.4761904761904761,-0.02380952380952389,0.02380952380952389,0.5,0.5238095238095238,0.023809523809523836,0.023809523809523836,2387.75,1999.2857142857144,-0.1,0.97,-0.25,,0.25,1.0
previous_negative,-0.1,0.0,14,23,0.5,0.4761904761904761,-0.02380952380952389,0.02380952380952389,0.5,0.5238095238095238,0.023809523809523836,0.023809523809523836,2508.05,2299.4761904761904,-0.1,0.9,,0.1,0.75,0.7
fresh_positive,0.85,1.0,591,672,0.196078431372549,0.1724137931034483,-0.023664638269100702,0.023664638269100702,0.7843137254901961,0.8275862068965517,0.043272481406355645,0.043272481406355645,1204.2941176470588,1040.9137931034484,0.0,0.9,0.0,0.25,0.25,
previous_negative,-0.1,0.0,665,674,0.1724137931034483,0.196078431372549,0.023664638269100702,0.023664638269100702,0.8275862068965517,0.803921568627451,-0.023664638269100702,0.023664638269100702,969.0172413793103,934.5098039215686,0.0,0.9,,0.25,0.75,1.0
previous_p_positive,0.5,0.75,427,428,0.1724137931034483,0.196078431372549,0.023664638269100702,0.023664638269100702,0.8275862068965517,0.803921568627451,-0.023664638269100702,0.023664638269100702,999.8103448275862,1103.7450980392157,-0.02,0.9,0.0,0.1,,1.0
fresh_negative,-0.02,0.0,422,665,0.196078431372549,0.1724137931034483,-0.023664638269100702,0.023664638269100702,0.803921568627451,0.8275862068965517,0.023664638269100702,0.023664638269100702,1060.1176470588234,969.0172413793103,,0.9,-0.1,0.25,0.75,1.0
fresh_p_positive,0.97,0.995,199,226,0.196078431372549,0.1724137931034483,-0.023664638269100702,0.023664638269100702,0.803921568627451,0.8103448275862069,0.00642325895875584,0.00642325895875584,1016.2352941176472,894.8103448275862,-0.1,,-0.1,0.0,0.5,1.0
fresh_positive,0.85,1.0,359,440,0.0355871886120996,0.059171597633136,0.023584409021036402,0.023584409021036402,0.9644128113879004,0.9349112426035504,-0.029501568784349952,0.029501568784349952,260.8683274021352,399.0769230769231,-0.02,0.97,-0.25,0.25,0.75,
fresh_positive,0.85,1.0,116,197,0.0359712230215827,0.059171597633136,0.023200374611553304,0.023200374611553304,0.9640287769784172,0.9349112426035504,-0.02911753437486675,0.02911753437486675,337.6007194244604,478.4674556213018,-0.1,0.97,-0.25,0.25,0.75,
previous_negative,-0.25,-0.1,109,118,0.2272727272727272,0.2040816326530612,-0.02319109461966601,0.02319109461966601,0.75,0.7755102040816326,0.025510204081632626,0.025510204081632626,1331.3636363636365,1049.1020408163265,-0.1,0.97,,0.0,0.5,0.85
previous_positive,0.0,0.1,658,661,0.2272727272727272,0.2040816326530612,-0.02319109461966601,0.02319109461966601,0.7727272727272727,0.7959183673469388,0.023191094619666064,0.023191094619666064,1238.909090909091,1093.9591836734694,0.0,0.9,-0.1,,0.5,1.0
fresh_negative,-0.1,-0.02,175,418,0.2272727272727272,0.2040816326530612,-0.02319109461966601,0.02319109461966601,0.7727272727272727,0.7959183673469388,0.023191094619666064,0.023191094619666064,1316.8636363636365,1171.142857142857,,0.9,-0.1,0.1,0.5,1.0
previous_positive,0.1,0.25,185,188,0.2272727272727272,0.2040816326530612,-0.02319109461966601,0.02319109461966601,0.7727272727272727,0.7755102040816326,0.002782931354359919,0.002782931354359919,1220.2045454545455,1189.0,-0.1,0.9,0.0,,0.75,1.0
fresh_positive,0.85,1.0,583,664,0.1818181818181818,0.1587301587301587,-0.023088023088023102,0.023088023088023102,0.8,0.8253968253968254,0.025396825396825307,0.025396825396825307,1305.3090909090909,1073.0,0.0,0.9,-0.1,0.25,0.5,
fresh_p_positive,0.97,0.995,433,460,0.2272727272727272,0.25,0.02272727272727279,0.02272727272727279,0.75,0.725,-0.025000000000000022,0.025000000000000022,1300.6818181818182,1186.725,-0.02,,-0.25,0.0,0.5,1.0
fresh_negative,-0.02,0.0,344,587,0.25,0.2272727272727272,-0.02272727272727279,0.02272727272727279,0.75,0.7272727272727273,-0.022727272727272707,0.022727272727272707,1300.725,1367.6136363636365,,0.9,0.0,0.0,0.75,0.85
fresh_positive,0.85,1.0,95,176,0.25,0.2272727272727272,-0.02272727272727279,0.02272727272727279,0.75,0.7727272727272727,0.022727272727272707,0.022727272727272707,1339.65,1256.659090909091,-0.1,0.9,-0.1,0.1,0.75,
previous_p_positive,0.25,0.5,657,658,0.25,0.2272727272727272,-0.02272727272727279,0.02272727272727279,0.75,0.7727272727272727,0.022727272727272707,0.022727272727272707,1351.025,1238.909090909091,0.0,0.9,-0.1,0.0,,1.0
previous_negative,-0.1,0.0,578,587,0.25,0.2272727272727272,-0.02272727272727279,0.02272727272727279,0.75,0.7272727272727273,-0.022727272727272707,0.022727272727272707,1365.8,1367.6136363636365,0.0,0.9,,0.0,0.75,0.85
fresh_positive,0.85,1.0,143,224,0.0313479623824451,0.054054054054054,0.022706091671608898,0.022706091671608898,0.9686520376175548,0.945945945945946,-0.022706091671608752,0.022706091671608752,228.64890282131665,302.46486486486486,-0.1,0.995,-0.25,0.25,0.75,
previous_negative,-0.1,0.0,70,79,0.1030927835051546,0.0806451612903225,-0.02244762221483211,0.02244762221483211,0.8969072164948454,0.9193548387096774,0.022447622214831986,0.022447622214831986,672.6185567010309,498.2741935483871,-0.1,0.995,,0.25,0.5,0.7
fresh_p_positive,0.97,0.995,613,640,0.1388888888888889,0.1612903225806451,0.022401433691756206,0.022401433691756206,0.8611111111111112,0.8387096774193549,-0.02240143369175629,0.02240143369175629,705.4444444444445,772.2096774193549,0.0,,0.0,0.0,0.5,0.85
previous_p_positive,0.25,0.5,639,640,0.1388888888888889,0.1612903225806451,0.022401433691756206,0.022401433691756206,0.8611111111111112,0.8387096774193549,-0.02240143369175629,0.02240143369175629,732.7638888888889,772.2096774193549,0.0,0.995,0.0,0.0,,0.85
previous_p_positive,0.5,0.75,640,641,0.1612903225806451,0.1388888888888889,-0.022401433691756206,0.022401433691756206,0.8387096774193549,0.8611111111111112,0.02240143369175629,0.02240143369175629,772.2096774193549,724.6527777777778,0.0,0.995,0.0,0.0,,0.85
previous_p_positive,0.25,0.5,201,202,0.1612903225806451,0.1388888888888889,-0.022401433691756206,0.022401433691756206,0.8387096774193549,0.8611111111111112,0.02240143369175629,0.02240143369175629,847.483870967742,844.8888888888889,-0.1,0.97,-0.1,0.1,,1.0
previous_positive,0.0,0.1,468,471,0.2040816326530612,0.1818181818181818,-0.022263450834879406,0.022263450834879406,0.7755102040816326,0.8181818181818182,0.042671614100185606,0.042671614100185606,973.2244897959184,981.9090909090908,-0.02,0.995,-0.1,,0.25,1.0
previous_p_positive,0.25,0.5,468,469,0.2040816326530612,0.1818181818181818,-0.022263450834879406,0.022263450834879406,0.7755102040816326,0.8181818181818182,0.042671614100185606,0.042671614100185606,973.2244897959184,930.6727272727272,-0.02,0.995,-0.1,0.0,,1.0
fresh_positive,0.85,1.0,581,662,0.2040816326530612,0.1818181818181818,-0.022263450834879406,0.022263450834879406,0.7755102040816326,0.8181818181818182,0.042671614100185606,0.042671614100185606,1237.734693877551,980.6363636363636,0.0,0.9,-0.1,0.1,0.75,
fresh_negative,-0.02,0.0,471,714,0.1818181818181818,0.2040816326530612,0.022263450834879406,0.022263450834879406,0.8181818181818182,0.7959183673469388,-0.02226345083487946,0.02226345083487946,981.9090909090908,850.8163265306123,,0.995,-0.1,0.1,0.25,1.0
fresh_positive,0.85,1.0,390,471,0.2040816326530612,0.1818181818181818,-0.022263450834879406,0.022263450834879406,0.7959183673469388,0.8181818181818182,0.02226345083487946,0.02226345083487946,949.734693877551,981.9090909090908,-0.02,0.995,-0.1,0.1,0.25,
previous_p_positive,0.25,0.5,684,685,0.2040816326530612,0.1818181818181818,-0.022263450834879406,0.022263450834879406,0.7959183673469388,0.8181818181818182,0.02226345083487946,0.02226345083487946,1063.2857142857142,934.6181818181818,0.0,0.97,-0.1,0.0,,1.0
previous_p_positive,0.5,0.75,661,662,0.2040816326530612,0.1818181818181818,-0.022263450834879406,0.022263450834879406,0.7959183673469388,0.8181818181818182,0.02226345083487946,0.02226345083487946,1093.9591836734694,980.6363636363636,0.0,0.9,-0.1,0.1,,1.0
previous_p_positive,0.5,0.75,379,380,0.2222222222222222,0.2,-0.0222222222222222,0.0222222222222222,0.7333333333333333,0.8,0.06666666666666676,0.06666666666666676,1289.8444444444444,938.06,-0.02,0.995,-0.25,0.0,,0.85
previous_negative,-0.1,0.0,528,537,0.2222222222222222,0.2,-0.0222222222222222,0.0222222222222222,0.7333333333333333,0.8,0.06666666666666676,0.06666666666666676,1580.3555555555556,1123.74,0.0,0.97,,0.25,0.25,0.7
previous_positive,0.1,0.25,345,348,0.2222222222222222,0.2,-0.0222222222222222,0.0222222222222222,0.7555555555555555,0.8,0.04444444444444451,0.04444444444444451,1372.9333333333334,1194.48,-0.02,0.9,0.0,,0.25,0.85
previous_p_positive,0.25,0.5,345,346,0.2222222222222222,0.2,-0.0222222222222222,0.0222222222222222,0.7555555555555555,0.8,0.04444444444444451,0.04444444444444451,1372.9333333333334,1195.3,-0.02,0.9,0.0,0.1,,0.85
fresh_p_positive,0.97,0.995,277,304,0.2222222222222222,0.2,-0.0222222222222222,0.0222222222222222,0.7555555555555555,0.8,0.04444444444444451,0.04444444444444451,1433.3111111111111,1122.3,-0.02,,-0.25,0.25,0.5,0.7
previous_negative,-0.1,0.0,337,346,0.2222222222222222,0.2,-0.0222222222222222,0.0222222222222222,0.7555555555555555,0.8,0.04444444444444451,0.04444444444444451,1477.8666666666666,1195.3,-0.02,0.9,,0.1,0.5,0.85
previous_positive,0.1,0.25,337,340,0.2222222222222222,0.2,-0.0222222222222222,0.0222222222222222,0.7555555555555555,0.8,0.04444444444444451,0.04444444444444451,1477.8666666666666,1341.72,-0.02,0.9,-0.1,,0.5,0.85
previous_negative,-0.1,0.0,420,429,0.2222222222222222,0.2,-0.0222222222222222,0.0222222222222222,0.7777777777777778,0.8,0.022222222222222254,0.022222222222222254,1122.1555555555556,1103.96,-0.02,0.9,,0.25,0.25,1.0
previous_positive,0.0,0.1,416,419,0.2222222222222222,0.2,-0.0222222222222222,0.0222222222222222,0.7777777777777778,0.8,0.022222222222222254,0.022222222222222254,1165.2666666666669,1144.16,-0.02,0.9,-0.1,,0.75,1.0
fresh_negative,-0.1,-0.02,186,429,0.2222222222222222,0.2,-0.0222222222222222,0.0222222222222222,0.7777777777777778,0.8,0.022222222222222254,0.022222222222222254,1346.2,1103.96,,0.9,0.0,0.25,0.25,1.0
previous_p_positive,0.25,0.5,666,667,0.2,0.2222222222222222,0.0222222222222222,0.0222222222222222,0.76,0.7777777777777778,0.01777777777777778,0.01777777777777778,1101.32,1109.9555555555555,0.0,0.9,0.0,0.0,,1.0
previous_p_positive,0.5,0.75,136,137,0.2222222222222222,0.2,-0.0222222222222222,0.0222222222222222,0.7777777777777778,0.78,0.0022222222222222365,0.0022222222222222365,1198.7333333333331,1005.98,-0.1,0.995,-0.25,0.0,,0.85
previous_positive,0.1,0.25,130,133,0.0714285714285714,0.0495049504950495,-0.021923620933521897,0.021923620933521897,0.9214285714285714,0.9504950495049505,0.029066478076379076,0.029066478076379076,487.82142857142856,376.8217821782178,-0.1,0.97,0.0,,0.5,0.85
fresh_positive,0.7,0.85,556,637,0.0714285714285714,0.0495049504950495,-0.021923620933521897,0.021923620933521897,0.9285714285714286,0.9504950495049505,0.021923620933521848,0.021923620933521848,572.0714285714286,323.480198019802,0.0,0.995,-0.1,0.25,0.5,
fresh_p_positive,0.97,0.995,215,242,0.054054054054054,0.0323624595469255,-0.0216915945071285,0.0216915945071285,0.9405405405405406,0.9676375404530744,0.02709699991253378,0.02709699991253378,363.05945945945945,206.9967637540453,-0.1,,0.0,0.25,0.75,1.0
fresh_negative,-0.1,-0.02,224,467,0.054054054054054,0.0323624595469255,-0.0216915945071285,0.0216915945071285,0.945945945945946,0.9676375404530744,0.02169159450712832,0.02169159450712832,302.46486486486486,258.0744336569579,,0.995,-0.25,0.25,0.75,1.0
previous_p_positive,0.5,0.75,628,629,0.054054054054054,0.0323624595469255,-0.0216915945071285,0.0216915945071285,0.945945945945946,0.9676375404530744,0.02169159450712832,0.02169159450712832,388.8216216216216,200.6472491909385,0.0,0.995,-0.25,0.25,,0.85
previous_positive,0.0,0.1,452,455,0.0671140939597315,0.0454545454545454,-0.021659548505186102,0.021659548505186102,0.9194630872483222,0.95,0.030536912751677803,0.030536912751677803,509.5838926174497,326.17727272727274,-0.02,0.97,0.0,,0.75,1.0
fresh_negative,-0.02,0.0,456,699,0.0671140939597315,0.0454545454545454,-0.021659548505186102,0.021659548505186102,0.9328859060402684,0.9545454545454546,0.021659548505186144,0.021659548505186144,386.76510067114094,306.7,,0.97,0.0,0.25,0.25,1.0
previous_positive,0.0,0.1,90,93,0.4761904761904761,0.4545454545454545,-0.021645021645021634,0.021645021645021634,0.4761904761904761,0.5454545454545454,0.0692640692640693,0.0692640692640693,2568.714285714286,2064.5,-0.1,0.9,-0.1,,0.25,0.85
previous_p_positive,0.5,0.75,133,134,0.0495049504950495,0.0280112044817927,-0.0214937460132568,0.0214937460132568,0.9504950495049505,0.969187675070028,0.01869262556507756,0.01869262556507756,376.8217821782178,231.83193277310923,-0.1,0.97,0.0,0.25,,0.85
previous_positive,0.1,0.25,399,402,0.0806451612903225,0.059171597633136,-0.021473563657186494,0.021473563657186494,0.9032258064516128,0.940828402366864,0.03760259591525128,0.03760259591525128,502.78225806451616,359.396449704142,-0.02,0.995,0.0,,0.25,0.85
previous_positive,0.0,0.1,694,697,0.0806451612903225,0.059171597633136,-0.021473563657186494,0.021473563657186494,0.9112903225806452,0.9349112426035504,0.023620920022905167,0.023620920022905167,497.25,380.97633136094674,0.0,0.97,0.0,,0.5,1.0
previous_p_positive,0.5,0.75,373,374,0.0806451612903225,0.059171597633136,-0.021473563657186494,0.021473563657186494,0.9193548387096774,0.940828402366864,0.021473563657186667,0.021473563657186667,440.6774193548387,382.7396449704142,-0.02,0.97,0.0,0.1,,0.85
previous_positive,0.0,0.1,693,696,0.0806451612903225,0.059171597633136,-0.021473563657186494,0.021473563657186494,0.9193548387096774,0.940828402366864,0.021473563657186667,0.021473563657186667,511.1532258064516,418.4733727810651,0.0,0.97,0.0,,0.25,1.0
previous_negative,-0.25,-0.1,680,689,0.0806451612903225,0.059171597633136,-0.021473563657186494,0.021473563657186494,0.9193548387096774,0.940828402366864,0.021473563657186667,0.021473563657186667,519.6290322580645,376.38461538461536,0.0,0.97,,0.1,0.75,1.0
fresh_positive,0.85,1.0,615,696,0.0806451612903225,0.059171597633136,-0.021473563657186494,0.021473563657186494,0.9193548387096774,0.940828402366864,0.021473563657186667,0.021473563657186667,521.7741935483871,418.4733727810651,0.0,0.97,0.0,0.1,0.25,
previous_negative,-0.25,-0.1,521,530,0.0806451612903225,0.059171597633136,-0.021473563657186494,0.021473563657186494,0.9193548387096774,0.9349112426035504,0.015556403893873028,0.015556403893873028,578.75,427.9704142011834,0.0,0.97,,0.25,0.75,0.7
previous_p_positive,0.5,0.75,79,80,0.0806451612903225,0.059171597633136,-0.021473563657186494,0.021473563657186494,0.9193548387096774,0.9289940828402368,0.009639244130559388,0.009639244130559388,498.2741935483871,370.3550295857988,-0.1,0.995,0.0,0.25,,0.7
fresh_positive,0.85,1.0,353,434,0.196078431372549,0.217391304347826,0.02131287297527701,0.02131287297527701,0.803921568627451,0.7608695652173914,-0.04305200341005966,0.04305200341005966,1074.6666666666667,981.9782608695652,-0.02,0.97,-0.25,0.0,0.75,
fresh_negative,-0.02,0.0,434,677,0.217391304347826,0.196078431372549,-0.02131287297527701,0.02131287297527701,0.7608695652173914,0.803921568627451,0.04305200341005966,0.04305200341005966,981.9782608695652,1031.235294117647,,0.97,-0.25,0.0,0.75,1.0
fresh_p_positive,0.9,0.97,659,686,0.217391304347826,0.196078431372549,-0.02131287297527701,0.02131287297527701,0.782608695652174,0.803921568627451,0.021312872975277064,0.021312872975277064,1251.2608695652175,890.2352941176471,0.0,,-0.1,0.0,0.75,1.0
previous_positive,0.1,0.25,184,187,0.217391304347826,0.196078431372549,-0.02131287297527701,0.02131287297527701,0.782608695652174,0.803921568627451,0.021312872975277064,0.021312872975277064,1281.7608695652175,1291.3529411764705,-0.1,0.9,0.0,,0.5,1.0
previous_positive,0.1,0.25,588,591,0.217391304347826,0.196078431372549,-0.02131287297527701,0.02131287297527701,0.782608695652174,0.7843137254901961,0.0017050298380221207,0.0017050298380221207,1343.0434782608695,1204.2941176470588,0.0,0.9,0.0,,0.25,0.85
fresh_positive,0.85,1.0,611,692,0.0313479623824451,0.0526315789473684,0.021283616564923294,0.021283616564923294,0.9686520376175548,0.9421052631578948,-0.026546774459660027,0.026546774459660027,235.4451410658307,380.8263157894737,0.0,0.97,-0.1,0.25,0.75,
fresh_positive,0.7,0.85,62,143,0.0526315789473684,0.0313479623824451,-0.021283616564923294,0.021283616564923294,0.9421052631578948,0.9686520376175548,0.026546774459660027,0.026546774459660027,419.2263157894737,228.64890282131665,-0.1,0.995,-0.25,0.25,0.75,
fresh_positive,0.7,0.85,296,377,0.0526315789473684,0.0313479623824451,-0.021283616564923294,0.021283616564923294,0.9473684210526316,0.9686520376175548,0.02128361656492317,0.02128361656492317,377.16315789473686,228.1630094043887,-0.02,0.97,0.0,0.25,0.75,
fresh_p_positive,0.97,0.995,357,384,0.238095238095238,0.217391304347826,-0.020703933747412,0.020703933747412,0.7142857142857143,0.782608695652174,0.06832298136645965,0.06832298136645965,1444.6190476190477,1113.4130434782608,-0.02,,-0.25,0.25,0.25,0.85
previous_p_positive,0.5,0.75,181,182,0.217391304347826,0.238095238095238,0.020703933747412,0.020703933747412,0.782608695652174,0.7619047619047619,-0.020703933747412084,0.020703933747412084,1101.2608695652175,1177.1666666666667,-0.1,0.9,0.0,0.0,,1.0
fresh_p_positive,0.97,0.995,603,630,0.217391304347826,0.238095238095238,0.020703933747412,0.020703933747412,0.7608695652173914,0.7619047619047619,0.0010351966873705098,0.0010351966873705098,1135.3260869565215,997.3333333333334,0.0,,-0.1,0.0,0.25,0.85
fresh_positive,0.85,1.0,113,194,0.1030927835051546,0.1234567901234567,0.020364006618302094,0.020364006618302094,0.8969072164948454,0.8765432098765432,-0.020364006618302177,0.020364006618302177,665.8556701030927,733.8271604938271,-0.1,0.97,-0.25,0.1,0.75,
previous_p_positive,0.5,0.75,454,455,0.0657894736842105,0.0454545454545454,-0.020334928229665095,0.020334928229665095,0.9276315789473684,0.95,0.022368421052631593,0.022368421052631593,440.4934210526316,326.17727272727274,-0.02,0.97,0.0,0.1,,1.0
fresh_negative,-0.1,-0.02,93,336,0.4545454545454545,0.4347826086956521,-0.01976284584980237,0.01976284584980237,0.5454545454545454,0.5652173913043478,0.01976284584980237,0.01976284584980237,2064.5,1797.0,,0.9,-0.1,0.1,0.25,0.85
previous_p_positive,0.25,0.5,312,313,0.2083333333333333,0.1886792452830188,-0.01965408805031449,0.01965408805031449,0.75,0.8113207547169812,0.061320754716981174,0.061320754716981174,1340.7291666666667,1020.245283018868,-0.02,0.995,-0.1,0.25,,0.7
previous_negative,-0.1,0.0,555,564,0.2083333333333333,0.1886792452830188,-0.01965408805031449,0.01965408805031449,0.7708333333333334,0.7924528301886793,0.02161949685534592,0.02161949685534592,1378.2291666666667,1002.8867924528302,0.0,0.995,,0.25,0.25,0.7
fresh_p_positive,0.97,0.995,112,139,0.2083333333333333,0.1886792452830188,-0.01965408805031449,0.01965408805031449,0.7916666666666666,0.8113207547169812,0.019654088050314544,0.019654088050314544,1165.25,1007.7735849056604,-0.1,,-0.25,0.1,0.5,0.85
previous_negative,-0.1,0.0,206,215,0.0344827586206896,0.054054054054054,0.019571295433364402,0.019571295433364402,0.9655172413793104,0.9405405405405406,-0.024976700838769794,0.024976700838769794,280.4103448275862,363.05945945945945,-0.1,0.97,,0.25,0.75,1.0
previous_p_positive,0.5,0.75,448,449,0.054054054054054,0.0344827586206896,-0.019571295433364402,0.019571295433364402,0.945945945945946,0.9655172413793104,0.019571295433364333,0.019571295433364333,392.7783783783784,272.05172413793105,-0.02,0.97,-0.1,0.25,,1.0
previous_positive,0.0,0.1,433,436,0.2272727272727272,0.2083333333333333,-0.018939393939393923,0.018939393939393923,0.75,0.7916666666666666,0.04166666666666663,0.04166666666666663,1300.6818181818182,969.1458333333334,-0.02,0.97,-0.25,,0.5,1.0
previous_positive,0.0,0.1,109,112,0.2272727272727272,0.2083333333333333,-0.018939393939393923,0.018939393939393923,0.75,0.7916666666666666,0.04166666666666663,0.04166666666666663,1331.3636363636365,1165.25,-0.1,0.97,-0.25,,0.5,0.85
previous_negative,-0.25,-0.1,32,41,0.2272727272727272,0.2083333333333333,-0.018939393939393923,0.018939393939393923,0.75,0.7916666666666666,0.04166666666666663,0.04166666666666663,1396.5454545454545,1180.8333333333333,-0.1,0.97,,0.1,0.75,0.7
fresh_p_positive,0.97,0.995,32,59,0.2272727272727272,0.2083333333333333,-0.018939393939393923,0.018939393939393923,0.75,0.7708333333333334,0.02083333333333337,0.02083333333333337,1396.5454545454545,1184.3333333333333,-0.1,,-0.25,0.1,0.75,0.7
fresh_positive,0.85,1.0,104,185,0.2083333333333333,0.2272727272727272,0.018939393939393923,0.018939393939393923,0.7708333333333334,0.7727272727272727,0.0018939393939393367,0.0018939393939393367,1334.0833333333333,1220.2045454545455,-0.1,0.9,0.0,0.1,0.75,
previous_p_positive,0.5,0.75,538,539,0.0714285714285714,0.0526315789473684,-0.018796992481203,0.018796992481203,0.9285714285714286,0.9473684210526316,0.018796992481203034,0.018796992481203034,557.1357142857142,379.5052631578947,0.0,0.97,0.0,0.25,,0.7
fresh_p_positive,0.97,0.995,121,148,0.1111111111111111,0.1298701298701298,0.018759018759018697,0.018759018759018697,0.8666666666666667,0.8701298701298701,0.0034632034632033903,0.0034632034632033903,789.2777777777778,664.9090909090909,-0.1,,-0.1,0.1,0.5,0.85
fresh_negative,-0.1,-0.02,215,458,0.054054054054054,0.0355871886120996,-0.018466865441954403,0.018466865441954403,0.9405405405405406,0.9644128113879004,0.023872270847359767,0.023872270847359767,363.05945945945945,267.7259786476868,,0.97,0.0,0.25,0.75,1.0
previous_negative,-0.25,-0.1,224,233,0.054054054054054,0.0355871886120996,-0.018466865441954403,0.018466865441954403,0.945945945945946,0.9644128113879004,0.018466865441954305,0.018466865441954305,302.46486486486486,219.73665480427047,-0.1,0.995,,0.25,0.75,1.0
fresh_p_positive,0.97,0.995,364,391,0.1204819277108433,0.1388888888888889,0.01840696117804559,0.01840696117804559,0.8795180722891566,0.8611111111111112,-0.01840696117804541,0.01840696117804541,786.0120481927711,615.8611111111111,-0.02,,-0.1,0.1,0.5,0.85
previous_p_positive,0.5,0.75,634,635,0.0840336134453781,0.0657894736842105,-0.018244139761167608,0.018244139761167608,0.8991596638655462,0.9210526315789472,0.02189296771340099,0.02189296771340099,551.4957983193277,459.1513157894737,0.0,0.995,-0.1,0.1,,0.85
fresh_p_positive,0.97,0.995,455,482,0.0454545454545454,0.0636942675159235,0.018239722061378097,0.018239722061378097,0.95,0.929936305732484,-0.020063694267515975,0.020063694267515975,326.17727272727274,363.0,-0.02,,0.0,0.1,0.75,1.0
fresh_negative,-0.1,-0.02,212,455,0.0636942675159235,0.0454545454545454,-0.018239722061378097,0.018239722061378097,0.929936305732484,0.95,0.020063694267515975,0.020063694267515975,413.6433121019109,326.17727272727274,,0.97,0.0,0.1,0.75,1.0
fresh_positive,0.85,1.0,618,699,0.0636942675159235,0.0454545454545454,-0.018239722061378097,0.018239722061378097,0.9363057324840764,0.9545454545454546,0.01823972206137814,0.01823972206137814,420.0127388535032,306.7,0.0,0.97,0.0,0.25,0.25,
fresh_negative,-0.02,0.0,442,685,0.2,0.1818181818181818,-0.018181818181818216,0.018181818181818216,0.78,0.8181818181818182,0.038181818181818206,0.038181818181818206,981.1,934.6181818181818,,0.97,-0.1,0.0,0.5,1.0
fresh_p_positive,0.97,0.995,442,469,0.2,0.1818181818181818,-0.018181818181818216,0.018181818181818216,0.78,0.8181818181818182,0.038181818181818206,0.038181818181818206,981.1,930.6727272727272,-0.02,,-0.1,0.0,0.5,1.0
fresh_positive,0.85,1.0,604,685,0.2,0.1818181818181818,-0.018181818181818216,0.018181818181818216,0.8,0.8181818181818182,0.018181818181818188,0.018181818181818188,1035.62,934.6181818181818,0.0,0.97,-0.1,0.0,0.5,
previous_negative,-0.25,-0.1,653,662,0.2,0.1818181818181818,-0.018181818181818216,0.018181818181818216,0.8,0.8181818181818182,0.018181818181818188,0.018181818181818188,1139.8,980.6363636363636,0.0,0.9,,0.1,0.75,1.0
fresh_negative,-0.02,0.0,419,662,0.2,0.1818181818181818,-0.018181818181818216,0.018181818181818216,0.8,0.8181818181818182,0.018181818181818188,0.018181818181818188,1144.16,980.6363636363636,,0.9,-0.1,0.1,0.75,1.0
fresh_negative,-0.02,0.0,340,583,0.2,0.1818181818181818,-0.018181818181818216,0.018181818181818216,0.8,0.8,0.0,0.0,1341.72,1305.3090909090909,,0.9,-0.1,0.25,0.5,0.85
fresh_positive,0.7,0.85,71,152,0.0495049504950495,0.0313479623824451,-0.018156988112604397,0.018156988112604397,0.9455445544554456,0.9686520376175548,0.0231074831621092,0.0231074831621092,322.5495049504951,208.89655172413796,-0.1,0.995,-0.1,0.25,0.75,
fresh_positive,0.7,0.85,314,395,0.0495049504950495,0.0313479623824451,-0.018156988112604397,0.018156988112604397,0.9504950495049505,0.9686520376175548,0.018156988112604355,0.018156988112604355,341.7277227722772,202.31974921630092,-0.02,0.995,-0.1,0.25,0.75,
fresh_negative,-0.02,0.0,449,692,0.0344827586206896,0.0526315789473684,0.018148820326678798,0.018148820326678798,0.9655172413793104,0.9421052631578948,-0.023411978221415608,0.023411978221415608,272.05172413793105,380.8263157894737,,0.97,-0.1,0.25,0.75,1.0
previous_negative,-0.1,0.0,692,701,0.0526315789473684,0.0344827586206896,-0.018148820326678798,0.018148820326678798,0.9421052631578948,0.9655172413793104,0.023411978221415608,0.023411978221415608,380.8263157894737,241.9,0.0,0.97,,0.25,0.75,1.0
fresh_positive,0.85,1.0,337,418,0.2222222222222222,0.2040816326530612,-0.01814058956916101,0.01814058956916101,0.7555555555555555,0.7959183673469388,0.040362811791383235,0.040362811791383235,1477.8666666666666,1171.142857142857,-0.02,0.9,-0.1,0.1,0.5,
previous_positive,0.0,0.1,387,390,0.2222222222222222,0.2040816326530612,-0.01814058956916101,0.01814058956916101,0.7777777777777778,0.7959183673469388,0.01814058956916098,0.01814058956916098,963.6666666666666,949.734693877551,-0.02,0.995,-0.1,,0.25,0.85
previous_p_positive,0.25,0.5,660,661,0.2222222222222222,0.2040816326530612,-0.01814058956916101,0.01814058956916101,0.7777777777777778,0.7959183673469388,0.01814058956916098,0.01814058956916098,1364.2,1093.9591836734694,0.0,0.9,-0.1,0.1,,1.0
fresh_positive,0.85,1.0,387,468,0.2222222222222222,0.2040816326530612,-0.01814058956916101,0.01814058956916101,0.7777777777777778,0.7755102040816326,-0.0022675736961451642,0.0022675736961451642,963.6666666666666,973.2244897959184,-0.02,0.995,-0.1,0.0,0.25,
previous_p_positive,0.25,0.5,420,421,0.2222222222222222,0.2040816326530612,-0.01814058956916101,0.01814058956916101,0.7777777777777778,0.7755102040816326,-0.0022675736961451642,0.0022675736961451642,1122.1555555555556,1154.1020408163265,-0.02,0.9,-0.1,0.25,,1.0
previous_positive,0.1,0.25,507,510,0.4347826086956521,0.4166666666666667,-0.01811594202898542,0.01811594202898542,0.4782608695652174,0.5833333333333334,0.10507246376811596,0.10507246376811596,2469.5652173913045,2128.2916666666665,0.0,0.9,0.0,,0.25,0.7
previous_p_positive,0.5,0.75,523,524,0.4166666666666667,0.4347826086956521,0.01811594202898542,0.01811594202898542,0.5416666666666666,0.5217391304347826,-0.019927536231884035,0.019927536231884035,2131.0416666666665,1969.695652173913,0.0,0.97,-0.1,0.0,,0.7
fresh_negative,-0.02,0.0,406,649,0.4166666666666667,0.4347826086956521,0.01811594202898542,0.01811594202898542,0.5833333333333334,0.5652173913043478,-0.018115942028985588,0.018115942028985588,2017.75,1878.1304347826087,,0.9,-0.25,0.0,0.5,1.0
fresh_negative,-0.02,0.0,354,597,0.4347826086956521,0.4166666666666667,-0.01811594202898542,0.01811594202898542,0.5652173913043478,0.5833333333333334,0.018115942028985588,0.018115942028985588,1886.5652173913045,1919.5,,0.97,-0.25,0.1,0.25,0.85
fresh_p_positive,0.97,0.995,354,381,0.4347826086956521,0.4166666666666667,-0.01811594202898542,0.01811594202898542,0.5652173913043478,0.5833333333333334,0.018115942028985588,0.018115942028985588,1886.5652173913045,1835.4583333333333,-0.02,,-0.25,0.1,0.25,0.85
previous_positive,0.0,0.1,594,597,0.4347826086956521,0.4166666666666667,-0.01811594202898542,0.01811594202898542,0.5652173913043478,0.5833333333333334,0.018115942028985588,0.018115942028985588,2116.086956521739,1919.5,0.0,0.97,-0.25,,0.25,0.85
previous_negative,-0.1,0.0,314,323,0.0495049504950495,0.0671140939597315,0.017609143464682002,0.017609143464682002,0.9504950495049505,0.9328859060402684,-0.01760914346468201,0.01760914346468201,341.7277227722772,369.3087248322148,-0.02,0.995,,0.25,0.75,0.7
fresh_positive,0.85,1.0,375,456,0.0495049504950495,0.0671140939597315,0.017609143464682002,0.017609143464682002,0.9504950495049505,0.9328859060402684,-0.01760914346468201,0.01760914346468201,385.8019801980198,386.76510067114094,-0.02,0.97,0.0,0.25,0.25,
previous_p_positive,0.25,0.5,456,457,0.0671140939597315,0.0495049504950495,-0.017609143464682002,0.017609143464682002,0.9328859060402684,0.9504950495049505,0.01760914346468201,0.01760914346468201,386.76510067114094,317.05940594059405,-0.02,0.97,0.0,0.25,,1.0
fresh_positive,0.85,1.0,132,213,0.0495049504950495,0.0671140939597315,0.017609143464682002,0.017609143464682002,0.9455445544554456,0.9328859060402684,-0.012658648415177165,0.012658648415177165,466.1534653465346,477.38926174496646,-0.1,0.97,0.0,0.25,0.25,
previous_positive,0.1,0.25,229,232,0.0671140939597315,0.0495049504950495,-0.017609143464682002,0.017609143464682002,0.9328859060402684,0.9455445544554456,0.012658648415177165,0.012658648415177165,428.18791946308727,303.5,-0.1,0.995,-0.1,,0.5,1.0
fresh_positive,0.85,1.0,617,698,0.0671140939597315,0.0495049504950495,-0.017609143464682002,0.017609143464682002,0.9328859060402684,0.9405940594059404,0.007708153365671988,0.007708153365671988,417.241610738255,365.5495049504951,0.0,0.97,0.0,0.1,0.75,
fresh_negative,-0.02,0.0,412,655,0.25,0.2325581395348837,-0.01744186046511631,0.01744186046511631,0.75,0.7209302325581395,-0.029069767441860517,0.029069767441860517,1363.975,1383.9302325581396,,0.9,-0.25,0.25,0.5,1.0
previous_p_positive,0.25,0.5,585,586,0.25,0.2325581395348837,-0.01744186046511631,0.01744186046511631,0.725,0.7441860465116279,0.01918604651162792,0.01918604651162792,1401.175,1368.9767441860463,0.0,0.9,0.0,0.0,,0.85
fresh_negative,-0.02,0.0,414,657,0.2325581395348837,0.25,0.01744186046511631,0.01744186046511631,0.7674418604651163,0.75,-0.01744186046511631,0.01744186046511631,1294.5348837209303,1351.025,,0.9,-0.1,0.0,0.25,1.0
previous_p_positive,0.5,0.75,343,344,0.2325581395348837,0.25,0.01744186046511631,0.01744186046511631,0.7441860465116279,0.75,0.005813953488372103,0.005813953488372103,1336.0,1300.725,-0.02,0.9,0.0,0.0,,0.85
fresh_negative,-0.02,0.0,319,562,0.217391304347826,0.2,-0.017391304347825987,0.017391304347825987,0.7391304347826086,0.78,0.04086956521739138,0.04086956521739138,1101.6304347826087,1102.78,,0.995,0.0,0.1,0.5,0.7
previous_p_positive,0.25,0.5,561,562,0.217391304347826,0.2,-0.017391304347825987,0.017391304347825987,0.7391304347826086,0.78,0.04086956521739138,0.04086956521739138,1315.0869565217392,1102.78,0.0,0.995,0.0,0.1,,0.7
fresh_p_positive,0.97,0.995,275,302,0.217391304347826,0.2,-0.017391304347825987,0.017391304347825987,0.7391304347826086,0.78,0.04086956521739138,0.04086956521739138,1385.5652173913045,1341.88,-0.02,,-0.25,0.1,0.75,0.7
previous_p_positive,0.5,0.75,388,389,0.217391304347826,0.2,-0.017391304347825987,0.017391304347825987,0.7608695652173914,0.8,0.03913043478260869,0.03913043478260869,952.2608695652174,874.44,-0.02,0.995,-0.1,0.0,,0.85
fresh_p_positive,0.97,0.995,434,461,0.217391304347826,0.2,-0.017391304347825987,0.017391304347825987,0.7608695652173914,0.8,0.03913043478260869,0.03913043478260869,981.9782608695652,844.22,-0.02,,-0.25,0.0,0.75,1.0
previous_positive,0.0,0.1,603,606,0.217391304347826,0.2,-0.017391304347825987,0.017391304347825987,0.7608695652173914,0.8,0.03913043478260869,0.03913043478260869,1135.3260869565215,989.34,0.0,0.97,-0.1,,0.25,0.85
previous_p_positive,0.25,0.5,603,604,0.217391304347826,0.2,-0.017391304347825987,0.017391304347825987,0.7608695652173914,0.8,0.03913043478260869,0.03913043478260869,1135.3260869565215,1035.62,0.0,0.97,-0.1,0.0,,0.85
previous_positive,0.0,0.1,144,147,0.217391304347826,0.2,-0.017391304347825987,0.017391304347825987,0.7608695652173914,0.8,0.03913043478260869,0.03913043478260869,1147.3695652173913,951.34,-0.1,0.995,-0.1,,0.25,0.85
previous_positive,0.1,0.25,534,537,0.217391304347826,0.2,-0.017391304347825987,0.017391304347825987,0.7608695652173914,0.8,0.03913043478260869,0.03913043478260869,1390.2173913043478,1123.74,0.0,0.97,0.0,,0.25,0.7
previous_negative,-0.1,0.0,580,589,0.217391304347826,0.2,-0.017391304347825987,0.017391304347825987,0.7608695652173914,0.8,0.03913043478260869,0.03913043478260869,1433.0217391304348,1122.14,0.0,0.9,,0.1,0.5,0.85
fresh_positive,0.85,1.0,360,441,0.217391304347826,0.2,-0.017391304347825987,0.017391304347825987,0.782608695652174,0.76,-0.022608695652173938,0.022608695652173938,1053.4565217391305,1143.22,-0.02,0.97,-0.1,0.0,0.25,
fresh_negative,-0.1,-0.02,68,311,0.2,0.217391304347826,0.017391304347825987,0.017391304347825987,0.78,0.7608695652173914,-0.019130434782608674,0.019130434782608674,1049.8,1018.8695652173913,,0.995,-0.1,0.1,0.75,0.7
previous_negative,-0.25,-0.1,302,311,0.2,0.217391304347826,0.017391304347825987,0.017391304347825987,0.78,0.7608695652173914,-0.019130434782608674,0.019130434782608674,1341.88,1018.8695652173913,-0.02,0.995,,0.1,0.75,0.7
fresh_p_positive,0.97,0.995,198,225,0.2,0.217391304347826,0.017391304347825987,0.017391304347825987,0.8,0.782608695652174,-0.017391304347826098,0.017391304347826098,1089.84,875.0217391304348,-0.1,,-0.1,0.0,0.25,1.0
previous_positive,0.0,0.1,360,363,0.217391304347826,0.2,-0.017391304347825987,0.017391304347825987,0.782608695652174,0.8,0.017391304347826098,0.017391304347826098,1053.4565217391305,1012.68,-0.02,0.97,-0.1,,0.25,0.85
previous_p_positive,0.25,0.5,588,589,0.217391304347826,0.2,-0.017391304347825987,0.017391304347825987,0.782608695652174,0.8,0.017391304347826098,0.017391304347826098,1343.0434782608695,1122.14,0.0,0.9,0.0,0.1,,0.85
fresh_positive,0.85,1.0,151,232,0.0323624595469255,0.0495049504950495,0.017142490948124,0.017142490948124,0.9676375404530744,0.9455445544554456,-0.022092985997628767,0.022092985997628767,284.06472491909386,303.5,-0.1,0.995,-0.1,0.25,0.5,
previous_negative,-0.1,0.0,232,241,0.0495049504950495,0.0323624595469255,-0.017142490948124,0.017142490948124,0.9455445544554456,0.964401294498382,0.01885674004293636,0.01885674004293636,303.5,231.1747572815534,-0.1,0.995,,0.25,0.5,1.0
fresh_positive,0.85,1.0,376,457,0.0323624595469255,0.0495049504950495,0.017142490948124,0.017142490948124,0.9676375404530744,0.9504950495049505,-0.017142490948123923,0.017142490948123923,235.48543689320388,317.05940594059405,-0.02,0.97,0.0,0.25,0.5,
previous_p_positive,0.25,0.5,159,160,0.0495049504950495,0.0323624595469255,-0.017142490948124,0.017142490948124,0.9504950495049505,0.9676375404530744,0.017142490948123923,0.017142490948123923,328.9306930693069,205.6990291262136,-0.1,0.995,0.0,0.25,,0.85
fresh_negative,-0.1,-0.02,133,376,0.0495049504950495,0.0323624595469255,-0.017142490948124,0.017142490948124,0.9504950495049505,0.9676375404530744,0.017142490948123923,0.017142490948123923,376.8217821782178,235.48543689320388,,0.97,0.0,0.25,0.5,0.85
fresh_p_positive,0.97,0.995,133,160,0.0495049504950495,0.0323624595469255,-0.017142490948124,0.017142490948124,0.9504950495049505,0.9676375404530744,0.017142490948123923,0.017142490948123923,376.8217821782178,205.6990291262136,-0.1,,0.0,0.25,0.5,0.85
previous_p_positive,0.25,0.5,375,376,0.0495049504950495,0.0323624595469255,-0.017142490948124,0.017142490948124,0.9504950495049505,0.9676375404530744,0.017142490948123923,0.017142490948123923,385.8019801980198,235.48543689320388,-0.02,0.97,0.0,0.25,,0.85
previous_positive,0.1,0.25,716,719,0.0526315789473684,0.0355871886120996,-0.0170443903352688,0.0170443903352688,0.936842105263158,0.9644128113879004,0.027570706124742328,0.027570706124742328,330.66315789473686,224.067615658363,0.0,0.995,-0.1,,0.75,1.0
fresh_p_positive,0.97,0.995,692,719,0.0526315789473684,0.0355871886120996,-0.0170443903352688,0.0170443903352688,0.9421052631578948,0.9644128113879004,0.02230754823000558,0.02230754823000558,380.8263157894737,224.067615658363,0.0,,-0.1,0.25,0.75,1.0
fresh_positive,0.85,1.0,392,473,0.0806451612903225,0.0636942675159235,-0.016950893774398998,0.016950893774398998,0.9112903225806452,0.9363057324840764,0.025015409903431207,0.025015409903431207,434.4032258064516,385.9426751592357,-0.02,0.995,-0.1,0.1,0.75,
previous_negative,-0.25,-0.1,709,718,0.0806451612903225,0.0636942675159235,-0.016950893774398998,0.016950893774398998,0.9112903225806452,0.9363057324840764,0.025015409903431207,0.025015409903431207,573.5403225806451,351.61146496815286,0.0,0.995,,0.25,0.5,1.0
previous_negative,-0.1,0.0,205,214,0.0806451612903225,0.0636942675159235,-0.016950893774398998,0.016950893774398998,0.9193548387096774,0.9363057324840764,0.016950893774399067,0.016950893774399067,491.31451612903226,374.108280254777,-0.1,0.97,,0.25,0.5,1.0
previous_positive,0.1,0.25,680,683,0.0806451612903225,0.0636942675159235,-0.016950893774398998,0.016950893774398998,0.9193548387096774,0.9363057324840764,0.016950893774399067,0.016950893774399067,519.6290322580645,381.8407643312102,0.0,0.97,-0.25,,0.75,1.0
previous_positive,0.1,0.25,615,618,0.0806451612903225,0.0636942675159235,-0.016950893774398998,0.016950893774398998,0.9193548387096774,0.9363057324840764,0.016950893774399067,0.016950893774399067,521.7741935483871,420.0127388535032,0.0,0.97,0.0,,0.25,0.85
fresh_p_positive,0.97,0.995,521,548,0.0806451612903225,0.0636942675159235,-0.016950893774398998,0.016950893774398998,0.9193548387096774,0.9363057324840764,0.016950893774399067,0.016950893774399067,578.75,387.1656050955414,0.0,,-0.25,0.25,0.75,0.7
previous_p_positive,0.25,0.5,210,211,0.0806451612903225,0.0636942675159235,-0.016950893774398998,0.016950893774398998,0.9193548387096774,0.929936305732484,0.010581467022806601,0.010581467022806601,476.75,435.0254777070064,-0.1,0.97,0.0,0.1,,1.0
previous_positive,0.0,0.1,209,212,0.0806451612903225,0.0636942675159235,-0.016950893774398998,0.016950893774398998,0.9193548387096774,0.929936305732484,0.010581467022806601,0.010581467022806601,595.7903225806451,413.6433121019109,-0.1,0.97,0.0,,0.75,1.0
fresh_positive,0.85,1.0,358,439,0.1219512195121951,0.1388888888888889,0.01693766937669379,0.01693766937669379,0.8780487804878049,0.8472222222222222,-0.03082655826558267,0.03082655826558267,741.5365853658536,882.4305555555555,-0.02,0.97,-0.25,0.25,0.5,
fresh_negative,-0.1,-0.02,202,445,0.1388888888888889,0.1219512195121951,-0.01693766937669379,0.01693766937669379,0.8611111111111112,0.8780487804878049,0.01693766937669372,0.01693766937669372,844.8888888888889,736.0853658536586,,0.97,-0.1,0.1,0.5,1.0
fresh_p_positive,0.97,0.995,39,66,0.4,0.4166666666666667,0.016666666666666663,0.016666666666666663,0.6,0.5,-0.09999999999999998,0.09999999999999998,2061.96,2343.5416666666665,-0.1,,-0.1,0.1,0.25,0.7
previous_positive,0.1,0.25,39,42,0.4,0.4166666666666667,0.016666666666666663,0.016666666666666663,0.6,0.5416666666666666,-0.05833333333333335,0.05833333333333335,2061.96,2078.625,-0.1,0.97,-0.1,,0.25,0.7
previous_negative,-0.1,0.0,523,532,0.4166666666666667,0.4,-0.016666666666666663,0.016666666666666663,0.5416666666666666,0.6,0.05833333333333335,0.05833333333333335,2131.0416666666665,1825.72,0.0,0.97,,0.0,0.5,0.7
fresh_negative,-0.02,0.0,301,544,0.4,0.4166666666666667,0.016666666666666663,0.016666666666666663,0.56,0.5833333333333334,0.023333333333333317,0.023333333333333317,1917.52,2065.6666666666665,,0.995,-0.25,0.1,0.5,0.7
fresh_p_positive,0.97,0.995,281,308,0.4,0.4166666666666667,0.016666666666666663,0.016666666666666663,0.52,0.5,-0.020000000000000018,0.020000000000000018,2164.36,2289.4166666666665,-0.02,,-0.1,0.0,0.75,0.7
fresh_p_positive,0.97,0.995,274,301,0.4166666666666667,0.4,-0.016666666666666663,0.016666666666666663,0.5416666666666666,0.56,0.018333333333333424,0.018333333333333424,2300.0,1917.52,-0.02,,-0.25,0.1,0.5,0.7
fresh_positive,0.85,1.0,624,705,0.4,0.4166666666666667,0.016666666666666663,0.016666666666666663,0.6,0.5833333333333334,-0.016666666666666607,0.016666666666666607,1700.44,1903.2916666666667,0.0,0.995,-0.25,0.1,0.25,
fresh_negative,-0.1,-0.02,138,381,0.4,0.4166666666666667,0.016666666666666663,0.016666666666666663,0.6,0.5833333333333334,-0.016666666666666607,0.016666666666666607,2129.04,1835.4583333333333,,0.995,-0.25,0.1,0.25,0.85
fresh_positive,0.85,1.0,138,219,0.4,0.4166666666666667,0.016666666666666663,0.016666666666666663,0.6,0.5833333333333334,-0.016666666666666607,0.016666666666666607,2129.04,2001.75,-0.1,0.995,-0.25,0.1,0.25,
fresh_negative,-0.02,0.0,381,624,0.4166666666666667,0.4,-0.016666666666666663,0.016666666666666663,0.5833333333333334,0.6,0.016666666666666607,0.016666666666666607,1835.4583333333333,1700.44,,0.995,-0.25,0.1,0.25,0.85
fresh_p_positive,0.97,0.995,597,624,0.4166666666666667,0.4,-0.016666666666666663,0.016666666666666663,0.5833333333333334,0.6,0.016666666666666607,0.016666666666666607,1919.5,1700.44,0.0,,-0.25,0.1,0.25,0.85
previous_positive,0.1,0.25,462,465,0.4166666666666667,0.4,-0.016666666666666663,0.016666666666666663,0.5833333333333334,0.6,0.016666666666666607,0.016666666666666607,2002.2916666666667,1678.44,-0.02,0.995,-0.25,,0.25,1.0
previous_positive,0.1,0.25,454,457,0.0657894736842105,0.0495049504950495,-0.016284523189160995,0.016284523189160995,0.9276315789473684,0.9504950495049505,0.02286347055758209,0.02286347055758209,440.4934210526316,317.05940594059405,-0.02,0.97,0.0,,0.5,1.0
fresh_p_positive,0.97,0.995,287,314,0.0657894736842105,0.0495049504950495,-0.016284523189160995,0.016284523189160995,0.9276315789473684,0.9504950495049505,0.02286347055758209,0.02286347055758209,448.7105263157895,341.7277227722772,-0.02,,-0.1,0.25,0.75,0.7
previous_negative,-0.1,0.0,124,133,0.0657894736842105,0.0495049504950495,-0.016284523189160995,0.016284523189160995,0.9276315789473684,0.9504950495049505,0.02286347055758209,0.02286347055758209,456.17105263157896,376.8217821782178,-0.1,0.97,,0.25,0.5,0.85
fresh_negative,-0.1,-0.02,232,475,0.0495049504950495,0.0657894736842105,0.016284523189160995,0.016284523189160995,0.9455445544554456,0.9276315789473684,-0.017912975508077245,0.017912975508077245,303.5,400.4144736842105,,0.995,-0.1,0.25,0.5,1.0
fresh_p_positive,0.97,0.995,457,484,0.0495049504950495,0.0333333333333333,-0.016171617161716202,0.016171617161716202,0.9504950495049505,0.9633333333333334,0.012838283828382924,0.012838283828382924,317.05940594059405,208.78666666666663,-0.02,,0.0,0.25,0.5,1.0
fresh_p_positive,0.97,0.995,50,77,0.1923076923076923,0.2083333333333333,0.016025641025640996,0.016025641025640996,0.8076923076923077,0.75,-0.05769230769230771,0.05769230769230771,1094.826923076923,1075.6875,-0.1,,0.0,0.1,0.75,0.7
fresh_p_positive,0.97,0.995,436,463,0.2083333333333333,0.1923076923076923,-0.016025641025640996,0.016025641025640996,0.7916666666666666,0.7692307692307693,-0.022435897435897356,0.022435897435897356,969.1458333333334,1066.4038461538462,-0.02,,-0.25,0.1,0.5,1.0
fresh_negative,-0.1,-0.02,104,347,0.2083333333333333,0.1923076923076923,-0.016025641025640996,0.016025641025640996,0.7708333333333334,0.7884615384615384,0.017628205128205066,0.017628205128205066,1334.0833333333333,1234.6346153846157,,0.9,0.0,0.1,0.75,0.85
previous_negative,-0.1,0.0,41,50,0.2083333333333333,0.1923076923076923,-0.016025641025640996,0.016025641025640996,0.7916666666666666,0.8076923076923077,0.01602564102564108,0.01602564102564108,1180.8333333333333,1094.826923076923,-0.1,0.97,,0.1,0.75,0.7
previous_negative,-0.1,0.0,338,347,0.2083333333333333,0.1923076923076923,-0.016025641025640996,0.016025641025640996,0.7916666666666666,0.7884615384615384,-0.0032051282051281937,0.0032051282051281937,1281.6041666666667,1234.6346153846157,-0.02,0.9,,0.1,0.75,0.85
fresh_negative,-0.1,-0.02,177,420,0.238095238095238,0.2222222222222222,-0.01587301587301579,0.01587301587301579,0.7380952380952381,0.7777777777777778,0.03968253968253965,0.03968253968253965,1490.595238095238,1122.1555555555556,,0.9,-0.1,0.25,0.25,1.0
previous_negative,-0.1,0.0,177,186,0.238095238095238,0.2222222222222222,-0.01587301587301579,0.01587301587301579,0.7380952380952381,0.7777777777777778,0.03968253968253965,0.03968253968253965,1490.595238095238,1346.2,-0.1,0.9,,0.25,0.25,1.0
fresh_negative,-0.02,0.0,387,630,0.2222222222222222,0.238095238095238,0.01587301587301579,0.01587301587301579,0.7777777777777778,0.7619047619047619,-0.015873015873015928,0.015873015873015928,963.6666666666666,997.3333333333334,,0.995,-0.1,0.0,0.25,0.85
fresh_negative,-0.1,-0.02,173,416,0.238095238095238,0.2222222222222222,-0.01587301587301579,0.01587301587301579,0.7619047619047619,0.7777777777777778,0.015873015873015928,0.015873015873015928,1320.7857142857142,1165.2666666666669,,0.9,-0.1,0.0,0.75,1.0
fresh_positive,0.85,1.0,127,208,0.1388888888888889,0.1234567901234567,-0.015432098765432195,0.015432098765432195,0.8472222222222222,0.8765432098765432,0.029320987654321007,0.029320987654321007,774.6111111111111,736.6296296296297,-0.1,0.97,0.0,0.0,0.5,
fresh_positive,0.85,1.0,154,235,0.1388888888888889,0.1234567901234567,-0.015432098765432195,0.015432098765432195,0.8611111111111112,0.8765432098765432,0.015432098765432056,0.015432098765432056,690.5694444444445,652.0493827160494,-0.1,0.995,0.0,0.0,0.5,
fresh_positive,0.85,1.0,641,722,0.1388888888888889,0.1234567901234567,-0.015432098765432195,0.015432098765432195,0.8611111111111112,0.8765432098765432,0.015432098765432056,0.015432098765432056,724.6527777777778,620.074074074074,0.0,0.995,0.0,0.0,0.75,
previous_p_positive,0.25,0.5,207,208,0.1388888888888889,0.1234567901234567,-0.015432098765432195,0.015432098765432195,0.8611111111111112,0.8765432098765432,0.015432098765432056,0.015432098765432056,792.75,736.6296296296297,-0.1,0.97,0.0,0.0,,1.0
previous_p_positive,0.5,0.75,118,119,0.2040816326530612,0.1886792452830188,-0.015402387370042403,0.015402387370042403,0.7755102040816326,0.8113207547169812,0.03581055063534855,0.03581055063534855,1049.1020408163265,949.8679245283018,-0.1,0.97,-0.1,0.0,,0.85
previous_negative,-0.1,0.0,117,126,0.2040816326530612,0.1886792452830188,-0.015402387370042403,0.015402387370042403,0.7755102040816326,0.8113207547169812,0.03581055063534855,0.03581055063534855,1214.1020408163265,877.3396226415094,-0.1,0.97,,0.0,0.25,0.85
previous_p_positive,0.5,0.75,361,362,0.2040816326530612,0.1886792452830188,-0.015402387370042403,0.015402387370042403,0.7959183673469388,0.8113207547169812,0.015402387370042403,0.015402387370042403,1017.1632653061224,1026.433962264151,-0.02,0.97,-0.1,0.0,,0.85
previous_negative,-0.1,0.0,551,560,0.3846153846153846,0.4,0.015384615384615441,0.015384615384615441,0.5,0.56,0.06000000000000005,0.06000000000000005,2271.3846153846152,1898.32,0.0,0.995,,0.0,0.75,0.7
fresh_p_positive,0.97,0.995,45,72,0.4,0.3846153846153846,-0.015384615384615441,0.015384615384615441,0.6,0.5769230769230769,-0.023076923076923106,0.023076923076923106,1829.4,1888.0,-0.1,,0.0,0.0,0.25,0.7
previous_p_positive,0.25,0.5,39,40,0.4,0.3846153846153846,-0.015384615384615441,0.015384615384615441,0.6,0.5769230769230769,-0.023076923076923106,0.023076923076923106,2061.96,1868.1538461538464,-0.1,0.97,-0.1,0.1,,0.7
fresh_negative,-0.1,-0.02,72,315,0.3846153846153846,0.4,0.015384615384615441,0.015384615384615441,0.5769230769230769,0.56,-0.01692307692307682,0.01692307692307682,1888.0,1900.76,,0.995,0.0,0.0,0.25,0.7
fresh_p_positive,0.97,0.995,531,558,0.4,0.3846153846153846,-0.015384615384615441,0.015384615384615441,0.56,0.5769230769230769,0.01692307692307682,0.01692307692307682,1788.0,1844.9615384615383,0.0,,0.0,0.0,0.25,0.7
fresh_negative,-0.02,0.0,315,558,0.4,0.3846153846153846,-0.015384615384615441,0.015384615384615441,0.56,0.5769230769230769,0.01692307692307682,0.01692307692307682,1900.76,1844.9615384615383,,0.995,0.0,0.0,0.25,0.7
fresh_positive,0.85,1.0,343,424,0.2325581395348837,0.217391304347826,-0.015166835187057692,0.015166835187057692,0.7441860465116279,0.782608695652174,0.03842264914054605,0.03842264914054605,1336.0,1179.5652173913045,-0.02,0.9,0.0,0.0,0.5,
previous_negative,-0.25,-0.1,251,260,0.2325581395348837,0.217391304347826,-0.015166835187057692,0.015166835187057692,0.7441860465116279,0.782608695652174,0.03842264914054605,0.03842264914054605,1637.3720930232555,1328.2826086956522,-0.02,0.9,,0.25,0.75,0.7
previous_p_positive,0.25,0.5,180,181,0.2325581395348837,0.217391304347826,-0.015166835187057692,0.015166835187057692,0.7674418604651163,0.782608695652174,0.015166835187057637,0.015166835187057637,1297.3953488372092,1101.2608695652175,-0.1,0.9,0.0,0.0,,1.0
previous_positive,0.1,0.25,698,701,0.0495049504950495,0.0344827586206896,-0.015022191874359901,0.015022191874359901,0.9405940594059404,0.9655172413793104,0.024923181973369957,0.024923181973369957,365.5495049504951,241.9,0.0,0.97,0.0,,0.75,1.0
previous_p_positive,0.25,0.5,645,646,0.0495049504950495,0.0344827586206896,-0.015022191874359901,0.015022191874359901,0.9455445544554456,0.9655172413793104,0.01997268692386478,0.01997268692386478,292.51485148514854,199.3448275862069,0.0,0.995,0.0,0.25,,0.85
fresh_negative,-0.02,0.0,457,700,0.0495049504950495,0.0344827586206896,-0.015022191874359901,0.015022191874359901,0.9504950495049505,0.9655172413793104,0.015022191874359936,0.015022191874359936,317.05940594059405,248.67586206896556,,0.97,0.0,0.25,0.5,1.0
previous_negative,-0.1,0.0,637,646,0.0495049504950495,0.0344827586206896,-0.015022191874359901,0.015022191874359901,0.9504950495049505,0.9655172413793104,0.015022191874359936,0.015022191874359936,323.480198019802,199.3448275862069,0.0,0.995,,0.25,0.5,0.85
fresh_p_positive,0.97,0.995,610,637,0.0344827586206896,0.0495049504950495,0.015022191874359901,0.015022191874359901,0.9620689655172414,0.9504950495049505,-0.011573916012290963,0.011573916012290963,299.3172413793104,323.480198019802,0.0,,-0.1,0.25,0.5,0.85
fresh_positive,0.85,1.0,638,719,0.0206185567010309,0.0355871886120996,0.0149686319110687,0.0149686319110687,0.979381443298969,0.9644128113879004,-0.014968631911068675,0.014968631911068675,160.64536082474226,224.067615658363,0.0,0.995,-0.1,0.25,0.75,
previous_positive,0.0,0.1,236,239,0.0806451612903225,0.0657894736842105,-0.014855687606112,0.014855687606112,0.9032258064516128,0.9342105263157896,0.030984719864176835,0.030984719864176835,512.258064516129,342.88157894736844,-0.1,0.995,0.0,,0.75,1.0
fresh_negative,-0.1,-0.02,149,392,0.0657894736842105,0.0806451612903225,0.014855687606112,0.014855687606112,0.9342105263157896,0.9112903225806452,-0.022920203735144362,0.022920203735144362,419.7763157894737,434.4032258064516,,0.995,-0.1,0.1,0.75,0.85
fresh_negative,-0.02,0.0,392,635,0.0806451612903225,0.0657894736842105,-0.014855687606112,0.014855687606112,0.9112903225806452,0.9210526315789472,0.009762308998301994,0.009762308998301994,434.4032258064516,459.1513157894737,,0.995,-0.1,0.1,0.75,0.85
fresh_positive,0.85,1.0,124,205,0.0657894736842105,0.0806451612903225,0.014855687606112,0.014855687606112,0.9276315789473684,0.9193548387096774,-0.008276740237690983,0.008276740237690983,456.17105263157896,491.31451612903226,-0.1,0.97,-0.1,0.25,0.5,
fresh_negative,-0.02,0.0,356,599,0.0657894736842105,0.0806451612903225,0.014855687606112,0.014855687606112,0.9276315789473684,0.9193548387096774,-0.008276740237690983,0.008276740237690983,578.5921052631579,567.3387096774194,,0.97,-0.25,0.1,0.75,0.85
fresh_positive,0.85,1.0,373,454,0.0806451612903225,0.0657894736842105,-0.014855687606112,0.014855687606112,0.9193548387096774,0.9276315789473684,0.008276740237690983,0.008276740237690983,440.6774193548387,440.4934210526316,-0.02,0.97,0.0,0.1,0.5,
previous_p_positive,0.5,0.75,295,296,0.0671140939597315,0.0526315789473684,-0.014482515012363105,0.014482515012363105,0.9261744966442952,0.9473684210526316,0.02119392440833645,0.02119392440833645,534.771812080537,377.16315789473686,-0.02,0.97,0.0,0.25,,0.7
fresh_p_positive,0.97,0.995,296,323,0.0526315789473684,0.0671140939597315,0.014482515012363105,0.014482515012363105,0.9473684210526316,0.9328859060402684,-0.014482515012363195,0.014482515012363195,377.16315789473686,369.3087248322148,-0.02,,0.0,0.25,0.75,0.7
fresh_p_positive,0.97,0.995,539,566,0.0526315789473684,0.0671140939597315,0.014482515012363105,0.014482515012363105,0.9473684210526316,0.9328859060402684,-0.014482515012363195,0.014482515012363195,379.5052631578947,329.3959731543624,0.0,,0.0,0.25,0.75,0.7
fresh_negative,-0.1,-0.02,53,296,0.0671140939597315,0.0526315789473684,-0.014482515012363105,0.014482515012363105,0.9328859060402684,0.9473684210526316,0.014482515012363195,0.014482515012363195,416.4295302013423,377.16315789473686,,0.97,0.0,0.25,0.75,0.7
previous_negative,-0.25,-0.1,707,716,0.0671140939597315,0.0526315789473684,-0.014482515012363105,0.014482515012363105,0.9328859060402684,0.936842105263158,0.003956199222889589,0.003956199222889589,415.77852348993287,330.66315789473686,0.0,0.995,,0.1,0.75,1.0
previous_p_positive,0.5,0.75,469,470,0.1818181818181818,0.196078431372549,0.014260249554367194,0.014260249554367194,0.8181818181818182,0.803921568627451,-0.014260249554367221,0.014260249554367221,930.6727272727272,852.2941176470588,-0.02,0.995,-0.1,0.0,,1.0
previous_p_positive,0.5,0.75,685,686,0.1818181818181818,0.196078431372549,0.014260249554367194,0.014260249554367194,0.8181818181818182,0.803921568627451,-0.014260249554367221,0.014260249554367221,934.6181818181818,890.2352941176471,0.0,0.97,-0.1,0.0,,1.0
fresh_p_positive,0.97,0.995,444,471,0.196078431372549,0.1818181818181818,-0.014260249554367194,0.014260249554367194,0.803921568627451,0.8181818181818182,0.014260249554367221,0.014260249554367221,976.0980392156864,981.9090909090908,-0.02,,-0.1,0.1,0.25,1.0
fresh_negative,-0.02,0.0,314,557,0.0495049504950495,0.0636942675159235,0.014189317020873997,0.014189317020873997,0.9504950495049505,0.929936305732484,-0.02055874377246647,0.02055874377246647,341.7277227722772,372.8089171974522,,0.995,-0.1,0.25,0.75,0.7
fresh_positive,0.85,1.0,637,718,0.0495049504950495,0.0636942675159235,0.014189317020873997,0.014189317020873997,0.9504950495049505,0.9363057324840764,-0.014189317020874004,0.014189317020874004,323.480198019802,351.61146496815286,0.0,0.995,-0.1,0.25,0.5,
fresh_positive,0.85,1.0,133,214,0.0495049504950495,0.0636942675159235,0.014189317020873997,0.014189317020873997,0.9504950495049505,0.9363057324840764,-0.014189317020874004,0.014189317020874004,376.8217821782178,374.108280254777,-0.1,0.97,0.0,0.25,0.5,
fresh_negative,-0.02,0.0,375,618,0.0495049504950495,0.0636942675159235,0.014189317020873997,0.014189317020873997,0.9504950495049505,0.9363057324840764,-0.014189317020874004,0.014189317020874004,385.8019801980198,420.0127388535032,,0.97,0.0,0.25,0.25,0.85
fresh_negative,-0.1,-0.02,214,457,0.0636942675159235,0.0495049504950495,-0.014189317020873997,0.014189317020873997,0.9363057324840764,0.9504950495049505,0.014189317020874004,0.014189317020874004,374.108280254777,317.05940594059405,,0.97,0.0,0.25,0.5,1.0
fresh_p_positive,0.97,0.995,618,645,0.0636942675159235,0.0495049504950495,-0.014189317020873997,0.014189317020873997,0.9363057324840764,0.9455445544554456,0.00923882197136916,0.00923882197136916,420.0127388535032,292.51485148514854,0.0,,0.0,0.25,0.25,0.85
fresh_p_positive,0.97,0.995,698,725,0.0495049504950495,0.0636942675159235,0.014189317020873997,0.014189317020873997,0.9405940594059404,0.9363057324840764,-0.004288326921863983,0.004288326921863983,365.5495049504951,327.1210191082803,0.0,,0.0,0.1,0.75,1.0
fresh_positive,0.85,1.0,399,480,0.0806451612903225,0.0666666666666666,-0.013978494623655899,0.013978494623655899,0.9032258064516128,0.9333333333333332,0.03010752688172047,0.03010752688172047,502.78225806451616,391.4666666666666,-0.02,0.995,0.0,0.1,0.25,
fresh_negative,-0.1,-0.02,236,479,0.0806451612903225,0.0666666666666666,-0.013978494623655899,0.013978494623655899,0.9032258064516128,0.9266666666666666,0.02344086021505387,0.02344086021505387,512.258064516129,478.62,,0.995,0.0,0.0,0.75,1.0
previous_negative,-0.25,-0.1,221,230,0.0806451612903225,0.0666666666666666,-0.013978494623655899,0.013978494623655899,0.9193548387096774,0.9333333333333332,0.013978494623655857,0.013978494623655857,452.8225806451613,366.34,-0.1,0.995,,0.1,0.75,1.0
previous_positive,0.0,0.1,478,481,0.0806451612903225,0.0666666666666666,-0.013978494623655899,0.013978494623655899,0.9193548387096774,0.9266666666666666,0.007311827956989259,0.007311827956989259,502.81451612903226,350.9866666666667,-0.02,0.995,0.0,,0.5,1.0
previous_p_positive,0.5,0.75,478,479,0.0806451612903225,0.0666666666666666,-0.013978494623655899,0.013978494623655899,0.9193548387096774,0.9266666666666666,0.007311827956989259,0.007311827956989259,502.81451612903226,478.62,-0.02,0.995,0.0,0.0,,1.0
fresh_p_positive,0.97,0.995,599,626,0.0806451612903225,0.0666666666666666,-0.013978494623655899,0.013978494623655899,0.9193548387096774,0.92,0.00064516129032266,0.00064516129032266,567.3387096774194,485.3933333333333,0.0,,-0.25,0.1,0.75,0.85
previous_p_positive,0.5,0.75,232,233,0.0495049504950495,0.0355871886120996,-0.013917761882949901,0.013917761882949901,0.9455445544554456,0.9644128113879004,0.018868256932454752,0.018868256932454752,303.5,219.73665480427047,-0.1,0.995,-0.1,0.25,,1.0
previous_p_positive,0.5,0.75,457,458,0.0495049504950495,0.0355871886120996,-0.013917761882949901,0.013917761882949901,0.9504950495049505,0.9644128113879004,0.013917761882949908,0.013917761882949908,317.05940594059405,267.7259786476868,-0.02,0.97,0.0,0.25,,1.0
fresh_p_positive,0.97,0.995,528,555,0.2222222222222222,0.2083333333333333,-0.013888888888888923,0.013888888888888923,0.7333333333333333,0.7708333333333334,0.03750000000000009,0.03750000000000009,1580.3555555555556,1378.2291666666667,0.0,,-0.1,0.25,0.25,0.7
fresh_negative,-0.02,0.0,277,520,0.2222222222222222,0.2083333333333333,-0.013888888888888923,0.013888888888888923,0.7555555555555555,0.7916666666666666,0.036111111111111094,0.036111111111111094,1433.3111111111111,1329.8333333333333,,0.97,-0.25,0.25,0.5,0.7
previous_p_positive,0.5,0.75,337,338,0.2222222222222222,0.2083333333333333,-0.013888888888888923,0.013888888888888923,0.7555555555555555,0.7916666666666666,0.036111111111111094,0.036111111111111094,1477.8666666666666,1281.6041666666667,-0.02,0.9,-0.1,0.1,,0.85
previous_p_positive,0.25,0.5,291,292,0.2222222222222222,0.2083333333333333,-0.013888888888888923,0.013888888888888923,0.7777777777777778,0.75,-0.02777777777777779,0.02777777777777779,1276.4444444444443,1177.3333333333333,-0.02,0.97,0.0,0.1,,0.7
fresh_negative,-0.02,0.0,425,668,0.2083333333333333,0.2222222222222222,0.013888888888888923,0.013888888888888923,0.7916666666666666,0.7777777777777778,-0.01388888888888884,0.01388888888888884,1137.9166666666667,1116.088888888889,,0.9,0.0,0.0,0.75,1.0
previous_negative,-0.1,0.0,416,425,0.2222222222222222,0.2083333333333333,-0.013888888888888923,0.013888888888888923,0.7777777777777778,0.7916666666666666,0.01388888888888884,0.01388888888888884,1165.2666666666669,1137.9166666666667,-0.02,0.9,,0.0,0.75,1.0
previous_negative,-0.1,0.0,446,455,0.059171597633136,0.0454545454545454,-0.013717052178590601,0.013717052178590601,0.9349112426035504,0.95,0.015088757396449548,0.015088757396449548,388.6390532544379,326.17727272727274,-0.02,0.97,,0.1,0.75,1.0
fresh_p_positive,0.97,0.995,699,726,0.0454545454545454,0.059171597633136,0.013717052178590601,0.013717052178590601,0.9545454545454546,0.940828402366864,-0.013717052178590539,0.013717052178590539,306.7,353.9940828402367,0.0,,0.0,0.25,0.25,1.0
previous_positive,0.1,0.25,696,699,0.059171597633136,0.0454545454545454,-0.013717052178590601,0.013717052178590601,0.940828402366864,0.9545454545454546,0.013717052178590539,0.013717052178590539,418.4733727810651,306.7,0.0,0.97,0.0,,0.25,1.0
fresh_positive,0.85,1.0,374,455,0.059171597633136,0.0454545454545454,-0.013717052178590601,0.013717052178590601,0.940828402366864,0.95,0.009171597633135908,0.009171597633135908,382.7396449704142,326.17727272727274,-0.02,0.97,0.0,0.1,0.75,
previous_p_positive,0.5,0.75,664,665,0.1587301587301587,0.1724137931034483,0.013683634373289594,0.013683634373289594,0.8253968253968254,0.8275862068965517,0.0021893814997263616,0.0021893814997263616,1073.0,969.0172413793103,0.0,0.9,-0.1,0.25,,1.0
fresh_negative,-0.02,0.0,394,637,0.0359712230215827,0.0495049504950495,0.013533727473466803,0.013533727473466803,0.9640287769784172,0.9504950495049505,-0.013533727473466706,0.013533727473466706,232.9748201438849,323.480198019802,,0.995,-0.1,0.25,0.5,0.85
previous_p_positive,0.25,0.5,399,400,0.0806451612903225,0.0671140939597315,-0.013531067330590993,0.013531067330590993,0.9032258064516128,0.9261744966442952,0.02294869019268242,0.02294869019268242,502.78225806451616,393.248322147651,-0.02,0.995,0.0,0.1,,0.85
fresh_p_positive,0.97,0.995,365,392,0.0671140939597315,0.0806451612903225,0.013531067330590993,0.013531067330590993,0.9328859060402684,0.9112903225806452,-0.021595583459623202,0.021595583459623202,401.5570469798658,434.4032258064516,-0.02,,-0.1,0.1,0.75,0.85
previous_negative,-0.1,0.0,392,401,0.0806451612903225,0.0671140939597315,-0.013531067330590993,0.013531067330590993,0.9112903225806452,0.9328859060402684,0.021595583459623202,0.021595583459623202,434.4032258064516,353.4630872483221,-0.02,0.995,,0.1,0.75,0.85
previous_positive,0.0,0.1,234,237,0.0806451612903225,0.0671140939597315,-0.013531067330590993,0.013531067330590993,0.9112903225806452,0.9328859060402684,0.021595583459623202,0.021595583459623202,480.3467741935484,391.9664429530201,-0.1,0.995,0.0,,0.25,1.0
fresh_positive,0.85,1.0,156,237,0.0806451612903225,0.0671140939597315,-0.013531067330590993,0.013531067330590993,0.9112903225806452,0.9328859060402684,0.021595583459623202,0.021595583459623202,537.2741935483871,391.9664429530201,-0.1,0.995,0.0,0.1,0.25,
fresh_negative,-0.02,0.0,373,616,0.0806451612903225,0.0671140939597315,-0.013531067330590993,0.013531067330590993,0.9193548387096774,0.9328859060402684,0.013531067330591062,0.013531067330591062,440.6774193548387,461.5234899328859,,0.97,0.0,0.1,0.5,0.85
fresh_p_positive,0.97,0.995,210,237,0.0806451612903225,0.0671140939597315,-0.013531067330590993,0.013531067330590993,0.9193548387096774,0.9328859060402684,0.013531067330591062,0.013531067330591062,476.75,391.9664429530201,-0.1,,0.0,0.1,0.25,1.0
previous_positive,0.1,0.25,210,213,0.0806451612903225,0.0671140939597315,-0.013531067330590993,0.013531067330590993,0.9193548387096774,0.9328859060402684,0.013531067330591062,0.013531067330591062,476.75,477.38926174496646,-0.1,0.97,0.0,,0.25,1.0
fresh_p_positive,0.97,0.995,680,707,0.0806451612903225,0.0671140939597315,-0.013531067330590993,0.013531067330590993,0.9193548387096774,0.9328859060402684,0.013531067330591062,0.013531067330591062,519.6290322580645,415.77852348993287,0.0,,-0.25,0.1,0.75,1.0
previous_p_positive,0.25,0.5,615,616,0.0806451612903225,0.0671140939597315,-0.013531067330590993,0.013531067330590993,0.9193548387096774,0.9328859060402684,0.013531067330591062,0.013531067330591062,521.7741935483871,461.5234899328859,0.0,0.97,0.0,0.1,,0.85
fresh_positive,0.85,1.0,140,221,0.0671140939597315,0.0806451612903225,0.013531067330590993,0.013531067330590993,0.9261744966442952,0.9193548387096774,-0.0068196579346178066,0.0068196579346178066,483.241610738255,452.8225806451613,-0.1,0.995,-0.25,0.1,0.75,
fresh_negative,-0.02,0.0,278,521,0.0671140939597315,0.0806451612903225,0.013531067330590993,0.013531067330590993,0.9261744966442952,0.9193548387096774,-0.0068196579346178066,0.0068196579346178066,558.4563758389262,578.75,,0.97,-0.25,0.25,0.75,0.7
fresh_p_positive,0.97,0.995,373,400,0.0806451612903225,0.0671140939597315,-0.013531067330590993,0.013531067330590993,0.9193548387096774,0.9261744966442952,0.0068196579346178066,0.0068196579346178066,440.6774193548387,393.248322147651,-0.02,,0.0,0.1,0.5,0.85
fresh_negative,-0.1,-0.02,79,322,0.0806451612903225,0.0671140939597315,-0.013531067330590993,0.013531067330590993,0.9193548387096774,0.9261744966442952,0.0068196579346178066,0.0068196579346178066,498.2741935483871,429.87919463087246,,0.995,0.0,0.25,0.5,0.7
fresh_negative,-0.1,-0.02,209,452,0.0806451612903225,0.0671140939597315,-0.013531067330590993,0.013531067330590993,0.9193548387096774,0.9194630872483222,0.00010824853864477291,0.00010824853864477291,595.7903225806451,509.5838926174497,,0.97,0.0,0.0,0.75,1.0
fresh_p_positive,0.97,0.995,359,386,0.0355871886120996,0.0221238938053097,-0.0134632948067899,0.0134632948067899,0.9644128113879004,0.9778761061946902,0.013463294806789872,0.013463294806789872,260.8683274021352,199.38053097345133,-0.02,,-0.25,0.25,0.75,0.85
fresh_p_positive,0.97,0.995,34,61,0.217391304347826,0.2040816326530612,-0.013309671694764796,0.013309671694764796,0.7391304347826086,0.7959183673469388,0.056787932564330124,0.056787932564330124,1635.0,1380.2857142857142,-0.1,,-0.25,0.25,0.5,0.7
fresh_negative,-0.1,-0.02,76,319,0.2040816326530612,0.217391304347826,0.013309671694764796,0.013309671694764796,0.7755102040816326,0.7391304347826086,-0.03637976929902398,0.03637976929902398,1132.4489795918366,1101.6304347826087,,0.995,0.0,0.1,0.5,0.7
previous_p_positive,0.5,0.75,319,320,0.217391304347826,0.2040816326530612,-0.013309671694764796,0.013309671694764796,0.7391304347826086,0.7755102040816326,0.03637976929902398,0.03637976929902398,1101.6304347826087,984.7755102040816,-0.02,0.995,0.0,0.1,,0.7
previous_negative,-0.25,-0.1,275,284,0.217391304347826,0.2040816326530612,-0.013309671694764796,0.013309671694764796,0.7391304347826086,0.7755102040816326,0.03637976929902398,0.03637976929902398,1385.5652173913045,1169.3061224489795,-0.02,0.97,,0.1,0.75,0.7
fresh_p_positive,0.97,0.995,361,388,0.2040816326530612,0.217391304347826,0.013309671694764796,0.013309671694764796,0.7959183673469388,0.7608695652173914,-0.03504880212954742,0.03504880212954742,1017.1632653061224,952.2608695652174,-0.02,,-0.1,0.0,0.5,0.85
fresh_negative,-0.02,0.0,388,631,0.217391304347826,0.2040816326530612,-0.013309671694764796,0.013309671694764796,0.7608695652173914,0.7959183673469388,0.03504880212954742,0.03504880212954742,952.2608695652174,903.8163265306124,,0.995,-0.1,0.0,0.5,0.85
fresh_positive,0.85,1.0,603,684,0.217391304347826,0.2040816326530612,-0.013309671694764796,0.013309671694764796,0.7608695652173914,0.7959183673469388,0.03504880212954742,0.03504880212954742,1135.3260869565215,1063.2857142857142,0.0,0.97,-0.1,0.0,0.25,
previous_negative,-0.25,-0.1,89,98,0.217391304347826,0.2040816326530612,-0.013309671694764796,0.013309671694764796,0.7608695652173914,0.7959183673469388,0.03504880212954742,0.03504880212954742,1425.4565217391305,1209.9591836734694,-0.1,0.9,,0.25,0.75,0.85
fresh_positive,0.85,1.0,580,661,0.217391304347826,0.2040816326530612,-0.013309671694764796,0.013309671694764796,0.7608695652173914,0.7959183673469388,0.03504880212954742,0.03504880212954742,1433.0217391304348,1093.9591836734694,0.0,0.9,-0.1,0.1,0.5,
fresh_p_positive,0.97,0.995,284,311,0.2040816326530612,0.217391304347826,0.013309671694764796,0.013309671694764796,0.7755102040816326,0.7608695652173914,-0.014640638864241273,0.014640638864241273,1169.3061224489795,1018.8695652173913,-0.02,,-0.1,0.1,0.75,0.7
fresh_p_positive,0.97,0.995,117,144,0.2040816326530612,0.217391304347826,0.013309671694764796,0.013309671694764796,0.7755102040816326,0.7608695652173914,-0.014640638864241273,0.014640638864241273,1214.1020408163265,1147.3695652173913,-0.1,,-0.1,0.0,0.25,0.85
previous_negative,-0.1,0.0,311,320,0.217391304347826,0.2040816326530612,-0.013309671694764796,0.013309671694764796,0.7608695652173914,0.7755102040816326,0.014640638864241273,0.014640638864241273,1018.8695652173913,984.7755102040816,-0.02,0.995,,0.1,0.75,0.7
previous_p_positive,0.5,0.75,580,581,0.217391304347826,0.2040816326530612,-0.013309671694764796,0.013309671694764796,0.7608695652173914,0.7755102040816326,0.014640638864241273,0.014640638864241273,1433.0217391304348,1237.734693877551,0.0,0.9,-0.1,0.1,,0.85
previous_p_positive,0.25,0.5,423,424,0.2040816326530612,0.217391304347826,0.013309671694764796,0.013309671694764796,0.7959183673469388,0.782608695652174,-0.013309671694764824,0.013309671694764824,1149.0816326530612,1179.5652173913045,-0.02,0.9,0.0,0.0,,1.0
previous_p_positive,0.25,0.5,360,361,0.217391304347826,0.2040816326530612,-0.013309671694764796,0.013309671694764796,0.782608695652174,0.7959183673469388,0.013309671694764824,0.013309671694764824,1053.4565217391305,1017.1632653061224,-0.02,0.97,-0.1,0.0,,0.85
previous_negative,-0.1,0.0,503,512,0.217391304347826,0.2040816326530612,-0.013309671694764796,0.013309671694764796,0.782608695652174,0.7959183673469388,0.013309671694764824,0.013309671694764824,1137.8695652173913,1288.428571428571,0.0,0.9,,0.25,0.75,0.7
fresh_p_positive,0.97,0.995,118,145,0.2040816326530612,0.217391304347826,0.013309671694764796,0.013309671694764796,0.7755102040816326,0.782608695652174,0.007098491570541321,0.007098491570541321,1049.1020408163265,946.4130434782608,-0.1,,-0.1,0.0,0.5,0.85
fresh_negative,-0.1,-0.02,117,360,0.2040816326530612,0.217391304347826,0.013309671694764796,0.013309671694764796,0.7755102040816326,0.782608695652174,0.007098491570541321,0.007098491570541321,1214.1020408163265,1053.4565217391305,,0.97,-0.1,0.0,0.25,0.85
previous_negative,-0.25,-0.1,494,503,0.2040816326530612,0.217391304347826,0.013309671694764796,0.013309671694764796,0.7755102040816326,0.782608695652174,0.007098491570541321,0.007098491570541321,1628.9591836734694,1137.8695652173913,0.0,0.9,,0.25,0.75,0.7
fresh_negative,-0.1,-0.02,225,468,0.217391304347826,0.2040816326530612,-0.013309671694764796,0.013309671694764796,0.782608695652174,0.7755102040816326,-0.007098491570541321,0.007098491570541321,875.0217391304348,973.2244897959184,,0.995,-0.1,0.0,0.25,1.0
previous_negative,-0.1,0.0,287,296,0.0657894736842105,0.0526315789473684,-0.013157894736842098,0.013157894736842098,0.9276315789473684,0.9473684210526316,0.019736842105263275,0.019736842105263275,448.7105263157895,377.16315789473686,-0.02,0.97,,0.25,0.75,0.7
fresh_positive,0.85,1.0,635,716,0.0657894736842105,0.0526315789473684,-0.013157894736842098,0.013157894736842098,0.9210526315789472,0.936842105263158,0.015789473684210797,0.015789473684210797,459.1513157894737,330.66315789473686,0.0,0.995,-0.1,0.1,0.75,
fresh_p_positive,0.97,0.995,190,217,0.2631578947368421,0.25,-0.01315789473684209,0.01315789473684209,0.7368421052631579,0.75,0.013157894736842146,0.013157894736842146,1315.921052631579,1185.375,-0.1,,-0.25,0.0,0.5,1.0
previous_negative,-0.25,-0.1,326,335,0.2631578947368421,0.25,-0.01315789473684209,0.01315789473684209,0.7368421052631579,0.75,0.013157894736842146,0.013157894736842146,1543.1315789473683,1622.05,-0.02,0.9,,0.0,0.75,0.85
previous_positive,0.0,0.1,326,329,0.2631578947368421,0.25,-0.01315789473684209,0.01315789473684209,0.7368421052631579,0.75,0.013157894736842146,0.013157894736842146,1543.1315789473683,1332.15,-0.02,0.9,-0.25,,0.75,0.85
previous_p_positive,0.5,0.75,577,578,0.2631578947368421,0.25,-0.01315789473684209,0.01315789473684209,0.7368421052631579,0.75,0.013157894736842146,0.013157894736842146,1544.157894736842,1365.8,0.0,0.9,-0.1,0.0,,0.85
fresh_negative,-0.02,0.0,283,526,0.25,0.2631578947368421,0.01315789473684209,0.01315789473684209,0.725,0.7368421052631579,0.011842105263157876,0.011842105263157876,1433.275,1634.4473684210527,,0.97,-0.1,0.1,0.5,0.7
fresh_negative,-0.02,0.0,385,628,0.0671140939597315,0.054054054054054,-0.0130600399056775,0.0130600399056775,0.9328859060402684,0.945945945945946,0.013060039905677612,0.013060039905677612,470.8590604026846,388.8216216216216,,0.995,-0.25,0.25,0.5,0.85
previous_negative,-0.1,0.0,634,643,0.0840336134453781,0.0714285714285714,-0.012605042016806706,0.012605042016806706,0.8991596638655462,0.9214285714285714,0.02226890756302513,0.02226890756302513,551.4957983193277,422.5785714285714,0.0,0.995,,0.1,0.5,0.85
fresh_positive,0.85,1.0,608,689,0.0714285714285714,0.059171597633136,-0.012256973795435396,0.012256973795435396,0.9214285714285714,0.940828402366864,0.019399830938292673,0.019399830938292673,449.65,376.38461538461536,0.0,0.97,-0.1,0.1,0.75,
fresh_negative,-0.02,0.0,453,696,0.0714285714285714,0.059171597633136,-0.012256973795435396,0.012256973795435396,0.9214285714285714,0.940828402366864,0.019399830938292673,0.019399830938292673,501.6,418.4733727810651,,0.97,0.0,0.1,0.25,1.0
previous_p_positive,0.5,0.75,688,689,0.0714285714285714,0.059171597633136,-0.012256973795435396,0.012256973795435396,0.9214285714285714,0.940828402366864,0.019399830938292673,0.019399830938292673,525.5857142857143,376.38461538461536,0.0,0.97,-0.1,0.1,,1.0
previous_negative,-0.1,0.0,688,697,0.0714285714285714,0.059171597633136,-0.012256973795435396,0.012256973795435396,0.9214285714285714,0.9349112426035504,0.013482671174979033,0.013482671174979033,525.5857142857143,380.97633136094674,0.0,0.97,,0.1,0.5,1.0
previous_positive,0.1,0.25,688,691,0.0714285714285714,0.059171597633136,-0.012256973795435396,0.012256973795435396,0.9214285714285714,0.9349112426035504,0.013482671174979033,0.013482671174979033,525.5857142857143,428.14201183431953,0.0,0.97,-0.1,,0.5,1.0
fresh_negative,-0.1,-0.02,49,292,0.196078431372549,0.2083333333333333,0.012254901960784298,0.012254901960784298,0.7843137254901961,0.75,-0.03431372549019607,0.03431372549019607,1189.3333333333333,1177.3333333333333,,0.97,0.0,0.1,0.5,0.7
fresh_negative,-0.1,-0.02,187,430,0.196078431372549,0.2083333333333333,0.012254901960784298,0.012254901960784298,0.803921568627451,0.7916666666666666,-0.012254901960784381,0.012254901960784381,1291.3529411764705,1058.4375,,0.9,0.0,0.25,0.5,1.0
previous_negative,-0.25,-0.1,191,200,0.2083333333333333,0.196078431372549,-0.012254901960784298,0.012254901960784298,0.7916666666666666,0.803921568627451,0.012254901960784381,0.012254901960784381,948.6875,887.8627450980392,-0.1,0.97,,0.0,0.75,1.0
fresh_negative,-0.1,-0.02,51,294,0.2083333333333333,0.196078431372549,-0.012254901960784298,0.012254901960784298,0.7916666666666666,0.803921568627451,0.012254901960784381,0.012254901960784381,1136.3541666666667,1057.3725490196075,,0.97,0.0,0.25,0.25,0.7
fresh_p_positive,0.97,0.995,51,78,0.2083333333333333,0.196078431372549,-0.012254901960784298,0.012254901960784298,0.7916666666666666,0.803921568627451,0.012254901960784381,0.012254901960784381,1136.3541666666667,924.5490196078432,-0.1,,0.0,0.25,0.25,0.7
previous_positive,0.0,0.1,425,428,0.2083333333333333,0.196078431372549,-0.012254901960784298,0.012254901960784298,0.7916666666666666,0.803921568627451,0.012254901960784381,0.012254901960784381,1137.9166666666667,1103.7450980392157,-0.02,0.9,0.0,,0.75,1.0
fresh_p_positive,0.97,0.995,520,547,0.2083333333333333,0.196078431372549,-0.012254901960784298,0.012254901960784298,0.7916666666666666,0.803921568627451,0.012254901960784381,0.012254901960784381,1329.8333333333333,1278.7843137254902,0.0,,-0.25,0.25,0.5,0.7
fresh_negative,-0.02,0.0,357,600,0.238095238095238,0.25,0.011904761904762001,0.011904761904762001,0.7142857142857143,0.75,0.0357142857142857,0.0357142857142857,1444.6190476190477,1233.5,,0.97,-0.25,0.25,0.25,0.85
fresh_negative,-0.1,-0.02,114,357,0.25,0.238095238095238,-0.011904761904762001,0.011904761904762001,0.75,0.7142857142857143,-0.0357142857142857,0.0357142857142857,1362.975,1444.6190476190477,,0.97,-0.25,0.25,0.25,0.85
fresh_p_positive,0.97,0.995,595,622,0.238095238095238,0.25,0.011904761904762001,0.011904761904762001,0.7619047619047619,0.75,-0.011904761904761862,0.011904761904761862,1420.142857142857,1281.525,0.0,,-0.25,0.0,0.5,0.85
fresh_negative,-0.02,0.0,268,511,0.238095238095238,0.25,0.011904761904762001,0.011904761904762001,0.7619047619047619,0.75,-0.011904761904761862,0.011904761904761862,1504.6190476190477,1333.3,,0.9,0.0,0.25,0.5,0.7
fresh_positive,0.85,1.0,623,704,0.1923076923076923,0.2040816326530612,0.01177394034536891,0.01177394034536891,0.8076923076923077,0.7959183673469388,-0.011773940345368938,0.011773940345368938,968.9423076923076,815.6122448979592,0.0,0.995,-0.25,0.0,0.75,
previous_p_positive,0.5,0.75,631,632,0.2040816326530612,0.1923076923076923,-0.01177394034536891,0.01177394034536891,0.7959183673469388,0.7884615384615384,-0.007456828885400335,0.007456828885400335,903.8163265306124,912.2692307692308,0.0,0.995,-0.1,0.0,,0.85
previous_negative,-0.25,-0.1,629,638,0.0323624595469255,0.0206185567010309,-0.011743902845894601,0.011743902845894601,0.9676375404530744,0.979381443298969,0.01174390284589466,0.01174390284589466,200.6472491909385,160.64536082474226,0.0,0.995,,0.25,0.75,0.85
fresh_p_positive,0.97,0.995,448,475,0.054054054054054,0.0657894736842105,0.011735419630156493,0.011735419630156493,0.945945945945946,0.9276315789473684,-0.01831436699857769,0.01831436699857769,392.7783783783784,400.4144736842105,-0.02,,-0.1,0.25,0.5,1.0
fresh_positive,0.85,1.0,601,682,0.1234567901234567,0.1351351351351351,0.011678345011678387,0.011678345011678387,0.8641975308641975,0.8513513513513513,-0.012846179512846168,0.012846179512846168,765.2716049382716,898.8243243243244,0.0,0.97,-0.25,0.25,0.5,
fresh_positive,0.85,1.0,642,723,0.0787401574803149,0.0671140939597315,-0.011626063520583402,0.011626063520583402,0.9133858267716536,0.9328859060402684,0.019500079268614856,0.019500079268614856,486.5118110236221,350.06040268456377,0.0,0.995,0.0,0.1,0.25,
fresh_negative,-0.1,-0.02,99,342,0.3448275862068966,0.3333333333333333,-0.01149425287356326,0.01149425287356326,0.6206896551724138,0.6666666666666666,0.04597701149425282,0.04597701149425282,2060.758620689656,1736.2,,0.9,0.0,0.0,0.25,0.85
previous_negative,-0.25,-0.1,110,119,0.2,0.1886792452830188,-0.011320754716981213,0.011320754716981213,0.76,0.8113207547169812,0.051320754716981165,0.051320754716981165,1051.62,949.8679245283018,-0.1,0.97,,0.0,0.75,0.85
previous_negative,-0.25,-0.1,137,146,0.2,0.1886792452830188,-0.011320754716981213,0.011320754716981213,0.78,0.8113207547169812,0.03132075471698115,0.03132075471698115,1005.98,912.5283018867924,-0.1,0.995,,0.0,0.75,0.85
fresh_negative,-0.1,-0.02,146,389,0.1886792452830188,0.2,0.011320754716981213,0.011320754716981213,0.8113207547169812,0.8,-0.01132075471698113,0.01132075471698113,912.5283018867924,874.44,,0.995,-0.1,0.0,0.75,0.85
fresh_positive,0.85,1.0,625,706,0.1886792452830188,0.2,0.011320754716981213,0.011320754716981213,0.8113207547169812,0.8,-0.01132075471698113,0.01132075471698113,957.5849056603772,979.64,0.0,0.995,-0.25,0.1,0.5,
fresh_positive,0.85,1.0,139,220,0.1886792452830188,0.2,0.011320754716981213,0.011320754716981213,0.8113207547169812,0.8,-0.01132075471698113,0.01132075471698113,1007.7735849056604,947.8,-0.1,0.995,-0.25,0.1,0.5,
fresh_p_positive,0.97,0.995,362,389,0.1886792452830188,0.2,0.011320754716981213,0.011320754716981213,0.8113207547169812,0.8,-0.01132075471698113,0.01132075471698113,1026.433962264151,874.44,-0.02,,-0.1,0.0,0.75,0.85
previous_negative,-0.1,0.0,389,398,0.2,0.1886792452830188,-0.011320754716981213,0.011320754716981213,0.8,0.8113207547169812,0.01132075471698113,0.01132075471698113,874.44,819.2264150943396,-0.02,0.995,,0.0,0.75,0.85
fresh_positive,0.85,1.0,147,228,0.2,0.1886792452830188,-0.011320754716981213,0.011320754716981213,0.8,0.8113207547169812,0.01132075471698113,0.01132075471698113,951.34,1006.0377358490566,-0.1,0.995,-0.1,0.1,0.25,
previous_positive,0.1,0.25,120,123,0.2,0.1886792452830188,-0.011320754716981213,0.011320754716981213,0.8,0.8113207547169812,0.01132075471698113,0.01132075471698113,971.84,990.0377358490566,-0.1,0.97,-0.1,,0.25,0.85
previous_negative,-0.25,-0.1,596,605,0.2,0.1886792452830188,-0.011320754716981213,0.011320754716981213,0.8,0.8113207547169812,0.01132075471698113,0.01132075471698113,1018.88,958.0188679245284,0.0,0.97,,0.0,0.75,0.85
previous_p_positive,0.5,0.75,604,605,0.2,0.1886792452830188,-0.011320754716981213,0.011320754716981213,0.8,0.8113207547169812,0.01132075471698113,0.01132075471698113,1035.62,958.0188679245284,0.0,0.97,-0.1,0.0,,0.85
previous_negative,-0.25,-0.1,304,313,0.2,0.1886792452830188,-0.011320754716981213,0.011320754716981213,0.8,0.8113207547169812,0.01132075471698113,0.01132075471698113,1122.3,1020.245283018868,-0.02,0.995,,0.25,0.5,0.7
fresh_p_positive,0.97,0.995,537,564,0.2,0.1886792452830188,-0.011320754716981213,0.011320754716981213,0.8,0.7924528301886793,-0.007547169811320753,0.007547169811320753,1123.74,1002.8867924528302,0.0,,0.0,0.25,0.25,0.7
previous_positive,0.1,0.25,669,672,0.1612903225806451,0.1724137931034483,0.011123470522803186,0.011123470522803186,0.8387096774193549,0.8275862068965517,-0.011123470522803158,0.011123470522803158,1114.354838709677,1040.9137931034484,0.0,0.9,0.0,,0.25,1.0
previous_p_positive,0.25,0.5,669,670,0.1612903225806451,0.1724137931034483,0.011123470522803186,0.011123470522803186,0.8387096774193549,0.8275862068965517,-0.011123470522803158,0.011123470522803158,1114.354838709677,1109.896551724138,0.0,0.9,0.0,0.1,,1.0
fresh_negative,-0.02,0.0,426,669,0.1724137931034483,0.1612903225806451,-0.011123470522803186,0.011123470522803186,0.8275862068965517,0.8387096774193549,0.011123470522803158,0.011123470522803158,1010.3620689655172,1114.354838709677,,0.9,0.0,0.1,0.25,1.0
previous_negative,-0.25,-0.1,683,692,0.0636942675159235,0.0526315789473684,-0.0110626885685551,0.0110626885685551,0.9363057324840764,0.9421052631578948,0.005799530673818332,0.005799530673818332,381.8407643312102,380.8263157894737,0.0,0.97,,0.25,0.75,1.0
previous_negative,-0.1,0.0,716,725,0.0526315789473684,0.0636942675159235,0.0110626885685551,0.0110626885685551,0.936842105263158,0.9363057324840764,-0.0005363727790815842,0.0005363727790815842,330.66315789473686,327.1210191082803,0.0,0.995,,0.1,0.75,1.0
fresh_negative,-0.02,0.0,473,716,0.0636942675159235,0.0526315789473684,-0.0110626885685551,0.0110626885685551,0.9363057324840764,0.936842105263158,0.0005363727790815842,0.0005363727790815842,385.9426751592357,330.66315789473686,,0.995,-0.1,0.1,0.75,1.0
previous_p_positive,0.25,0.5,699,700,0.0454545454545454,0.0344827586206896,-0.010971786833855801,0.010971786833855801,0.9545454545454546,0.9655172413793104,0.010971786833855801,0.010971786833855801,306.7,248.67586206896556,0.0,0.97,0.0,0.25,,1.0
previous_positive,0.1,0.25,175,178,0.2272727272727272,0.238095238095238,0.010822510822510789,0.010822510822510789,0.7727272727272727,0.7619047619047619,-0.010822510822510845,0.010822510822510845,1316.8636363636365,1312.0,-0.1,0.9,-0.1,,0.5,1.0
previous_positive,0.0,0.1,182,185,0.238095238095238,0.2272727272727272,-0.010822510822510789,0.010822510822510789,0.7619047619047619,0.7727272727272727,0.010822510822510845,0.010822510822510845,1177.1666666666667,1220.2045454545455,-0.1,0.9,0.0,,0.75,1.0
previous_positive,0.0,0.1,173,176,0.238095238095238,0.2272727272727272,-0.010822510822510789,0.010822510822510789,0.7619047619047619,0.7727272727272727,0.010822510822510845,0.010822510822510845,1320.7857142857142,1256.659090909091,-0.1,0.9,-0.1,,0.75,1.0
fresh_negative,-0.02,0.0,395,638,0.0313479623824451,0.0206185567010309,-0.010729405681414204,0.010729405681414204,0.9686520376175548,0.979381443298969,0.010729405681414228,0.010729405681414228,202.31974921630092,160.64536082474226,,0.995,-0.1,0.25,0.75,0.85
fresh_p_positive,0.97,0.995,611,638,0.0313479623824451,0.0206185567010309,-0.010729405681414204,0.010729405681414204,0.9686520376175548,0.979381443298969,0.010729405681414228,0.010729405681414228,235.4451410658307,160.64536082474226,0.0,,-0.1,0.25,0.75,0.85
fresh_positive,0.85,1.0,161,242,0.0218818380743982,0.0323624595469255,0.010480621472527301,0.010480621472527301,0.9781181619256016,0.9676375404530744,-0.010480621472527263,0.010480621472527263,187.59080962800877,206.9967637540453,-0.1,0.995,0.0,0.25,0.75,
previous_p_positive,0.5,0.75,160,161,0.0323624595469255,0.0218818380743982,-0.010480621472527301,0.010480621472527301,0.9676375404530744,0.9781181619256016,0.010480621472527263,0.010480621472527263,205.6990291262136,187.59080962800877,-0.1,0.995,0.0,0.25,,0.85
fresh_positive,0.85,1.0,586,667,0.2325581395348837,0.2222222222222222,-0.01033591731266148,0.01033591731266148,0.7441860465116279,0.7777777777777778,0.03359173126614989,0.03359173126614989,1368.9767441860463,1109.9555555555555,0.0,0.9,0.0,0.0,0.5,
previous_positive,0.0,0.1,180,183,0.2325581395348837,0.2222222222222222,-0.01033591731266148,0.01033591731266148,0.7674418604651163,0.7777777777777778,0.01033591731266148,0.01033591731266148,1297.3953488372092,1327.0666666666666,-0.1,0.9,0.0,,0.25,1.0
fresh_negative,-0.02,0.0,386,629,0.0221238938053097,0.0323624595469255,0.010238565741615802,0.010238565741615802,0.9778761061946902,0.9676375404530744,-0.010238565741615857,0.010238565741615857,199.38053097345133,200.6472491909385,,0.995,-0.25,0.25,0.75,0.85
fresh_positive,0.85,1.0,386,467,0.0221238938053097,0.0323624595469255,0.010238565741615802,0.010238565741615802,0.9778761061946902,0.9676375404530744,-0.010238565741615857,0.010238565741615857,199.38053097345133,258.0744336569579,-0.02,0.995,-0.25,0.25,0.75,
previous_p_positive,0.5,0.75,433,434,0.2272727272727272,0.217391304347826,-0.009881422924901212,0.009881422924901212,0.75,0.7608695652173914,0.010869565217391353,0.010869565217391353,1300.6818181818182,981.9782608695652,-0.02,0.97,-0.25,0.0,,1.0
fresh_negative,-0.1,-0.02,32,275,0.2272727272727272,0.217391304347826,-0.009881422924901212,0.009881422924901212,0.75,0.7391304347826086,-0.010869565217391353,0.010869565217391353,1396.5454545454545,1385.5652173913045,,0.97,-0.25,0.1,0.75,0.7
previous_p_positive,0.5,0.75,184,185,0.217391304347826,0.2272727272727272,0.009881422924901212,0.009881422924901212,0.782608695652174,0.7727272727272727,-0.00988142292490124,0.00988142292490124,1281.7608695652175,1220.2045454545455,-0.1,0.9,0.0,0.1,,1.0
previous_p_positive,0.5,0.75,658,659,0.2272727272727272,0.217391304347826,-0.009881422924901212,0.009881422924901212,0.7727272727272727,0.782608695652174,0.00988142292490124,0.00988142292490124,1238.909090909091,1251.2608695652175,0.0,0.9,-0.1,0.0,,1.0
previous_negative,-0.1,0.0,175,184,0.2272727272727272,0.217391304347826,-0.009881422924901212,0.009881422924901212,0.7727272727272727,0.782608695652174,0.00988142292490124,0.00988142292490124,1316.8636363636365,1281.7608695652175,-0.1,0.9,,0.1,0.5,1.0
previous_positive,0.1,0.25,455,458,0.0454545454545454,0.0355871886120996,-0.009867356842445801,0.009867356842445801,0.95,0.9644128113879004,0.014412811387900404,0.014412811387900404,326.17727272727274,267.7259786476868,-0.02,0.97,0.0,,0.75,1.0
previous_negative,-0.1,0.0,71,80,0.0495049504950495,0.059171597633136,0.009666647138086501,0.009666647138086501,0.9455445544554456,0.9289940828402368,-0.01655047161520884,0.01655047161520884,322.5495049504951,370.3550295857988,-0.1,0.995,,0.25,0.75,0.7
fresh_p_positive,0.97,0.995,44,71,0.059171597633136,0.0495049504950495,-0.009666647138086501,0.009666647138086501,0.9289940828402368,0.9455445544554456,0.01655047161520884,0.01655047161520884,512.6272189349113,322.5495049504951,-0.1,,-0.1,0.25,0.75,0.7
previous_negative,-0.25,-0.1,305,314,0.059171597633136,0.0495049504950495,-0.009666647138086501,0.009666647138086501,0.9349112426035504,0.9504950495049505,0.015583806901400044,0.015583806901400044,440.5680473372781,341.7277227722772,-0.02,0.995,,0.25,0.75,0.7
fresh_negative,-0.1,-0.02,159,402,0.0495049504950495,0.059171597633136,0.009666647138086501,0.009666647138086501,0.9504950495049505,0.940828402366864,-0.009666647138086404,0.009666647138086404,328.9306930693069,359.396449704142,,0.995,0.0,0.25,0.25,0.85
fresh_positive,0.85,1.0,159,240,0.0495049504950495,0.059171597633136,0.009666647138086501,0.009666647138086501,0.9504950495049505,0.940828402366864,-0.009666647138086404,0.009666647138086404,328.9306930693069,361.792899408284,-0.1,0.995,0.0,0.25,0.25,
fresh_p_positive,0.97,0.995,375,402,0.0495049504950495,0.059171597633136,0.009666647138086501,0.009666647138086501,0.9504950495049505,0.940828402366864,-0.009666647138086404,0.009666647138086404,385.8019801980198,359.396449704142,-0.02,,0.0,0.25,0.25,0.85
previous_p_positive,0.5,0.75,697,698,0.059171597633136,0.0495049504950495,-0.009666647138086501,0.009666647138086501,0.9349112426035504,0.9405940594059404,0.005682816802390023,0.005682816802390023,380.97633136094674,365.5495049504951,0.0,0.97,0.0,0.1,,1.0
fresh_positive,0.85,1.0,645,726,0.0495049504950495,0.059171597633136,0.009666647138086501,0.009666647138086501,0.9455445544554456,0.940828402366864,-0.00471615208858156,0.00471615208858156,292.51485148514854,353.9940828402367,0.0,0.995,0.0,0.25,0.25,
fresh_negative,-0.02,0.0,402,645,0.059171597633136,0.0495049504950495,-0.009666647138086501,0.009666647138086501,0.940828402366864,0.9455445544554456,0.00471615208858156,0.00471615208858156,359.396449704142,292.51485148514854,,0.995,0.0,0.25,0.25,0.85
previous_negative,-0.1,0.0,689,698,0.059171597633136,0.0495049504950495,-0.009666647138086501,0.009666647138086501,0.940828402366864,0.9405940594059404,-0.00023434296092361695,0.00023434296092361695,376.38461538461536,365.5495049504951,0.0,0.97,,0.1,0.75,1.0
previous_positive,0.1,0.25,212,215,0.0636942675159235,0.054054054054054,-0.009640213461869496,0.009640213461869496,0.929936305732484,0.9405405405405406,0.010604234808056612,0.010604234808056612,413.6433121019109,363.05945945945945,-0.1,0.97,0.0,,0.75,1.0
fresh_positive,0.85,1.0,367,448,0.0636942675159235,0.054054054054054,-0.009640213461869496,0.009640213461869496,0.9363057324840764,0.945945945945946,0.009640213461869607,0.009640213461869607,372.92356687898086,392.7783783783784,-0.02,0.97,-0.1,0.25,0.5,
previous_p_positive,0.5,0.75,214,215,0.0636942675159235,0.054054054054054,-0.009640213461869496,0.009640213461869496,0.9363057324840764,0.9405405405405406,0.0042348080564641455,0.0042348080564641455,374.108280254777,363.05945945945945,-0.1,0.97,0.0,0.25,,1.0
previous_negative,-0.1,0.0,152,161,0.0313479623824451,0.0218818380743982,-0.009466124308046903,0.009466124308046903,0.9686520376175548,0.9781181619256016,0.00946612430804683,0.00946612430804683,208.89655172413796,187.59080962800877,-0.1,0.995,,0.25,0.75,0.85
previous_positive,0.1,0.25,662,665,0.1818181818181818,0.1724137931034483,-0.009404388714733508,0.009404388714733508,0.8181818181818182,0.8275862068965517,0.00940438871473348,0.00940438871473348,980.6363636363636,969.0172413793103,0.0,0.9,-0.1,,0.75,1.0
fresh_negative,-0.1,-0.02,226,469,0.1724137931034483,0.1818181818181818,0.009404388714733508,0.009404388714733508,0.8103448275862069,0.8181818181818182,0.007836990595611382,0.007836990595611382,894.8103448275862,930.6727272727272,,0.995,-0.1,0.0,0.5,1.0
fresh_negative,-0.02,0.0,364,607,0.1204819277108433,0.1298701298701298,0.009388202159286499,0.009388202159286499,0.8795180722891566,0.8701298701298701,-0.009388202159286485,0.009388202159286485,786.0120481927711,635.9090909090909,,0.97,-0.1,0.1,0.5,0.85
fresh_negative,-0.1,-0.02,121,364,0.1111111111111111,0.1204819277108433,0.009370816599732198,0.009370816599732198,0.8666666666666667,0.8795180722891566,0.012851405622489875,0.012851405622489875,789.2777777777778,786.0120481927711,,0.97,-0.1,0.1,0.5,0.85
previous_negative,-0.1,0.0,638,647,0.0206185567010309,0.0298507462686567,0.009232189567625799,0.009232189567625799,0.979381443298969,0.9701492537313432,-0.009232189567625837,0.009232189567625837,160.64536082474226,189.9074626865672,0.0,0.995,,0.25,0.75,0.85
previous_negative,-0.25,-0.1,386,395,0.0221238938053097,0.0313479623824451,0.009224068577135404,0.009224068577135404,0.9778761061946902,0.9686520376175548,-0.009224068577135425,0.009224068577135425,199.38053097345133,202.31974921630092,-0.02,0.995,,0.25,0.75,0.85
fresh_negative,-0.1,-0.02,143,386,0.0313479623824451,0.0221238938053097,-0.009224068577135404,0.009224068577135404,0.9686520376175548,0.9778761061946902,0.009224068577135425,0.009224068577135425,228.64890282131665,199.38053097345133,,0.995,-0.25,0.25,0.75,0.85
previous_positive,0.0,0.1,450,453,0.0806451612903225,0.0714285714285714,-0.009216589861751098,0.009216589861751098,0.9112903225806452,0.9214285714285714,0.010138248847926135,0.010138248847926135,564.766129032258,501.6,-0.02,0.97,0.0,,0.25,1.0
previous_p_positive,0.25,0.5,156,157,0.0806451612903225,0.0714285714285714,-0.009216589861751098,0.009216589861751098,0.9112903225806452,0.9142857142857144,0.002995391705069128,0.002995391705069128,537.2741935483871,419.8357142857143,-0.1,0.995,0.0,0.1,,0.85
fresh_negative,-0.1,-0.02,130,373,0.0714285714285714,0.0806451612903225,0.009216589861751098,0.009216589861751098,0.9214285714285714,0.9193548387096774,-0.0020737327188939947,0.0020737327188939947,487.82142857142856,440.6774193548387,,0.97,0.0,0.1,0.5,0.85
fresh_negative,-0.1,-0.02,210,453,0.0806451612903225,0.0714285714285714,-0.009216589861751098,0.009216589861751098,0.9193548387096774,0.9214285714285714,0.0020737327188939947,0.0020737327188939947,476.75,501.6,,0.97,0.0,0.1,0.25,1.0
previous_p_positive,0.25,0.5,129,130,0.0806451612903225,0.0714285714285714,-0.009216589861751098,0.009216589861751098,0.9193548387096774,0.9214285714285714,0.0020737327188939947,0.0020737327188939947,554.5645161290323,487.82142857142856,-0.1,0.97,0.0,0.1,,0.85
previous_negative,-0.25,-0.1,599,608,0.0806451612903225,0.0714285714285714,-0.009216589861751098,0.009216589861751098,0.9193548387096774,0.9214285714285714,0.0020737327188939947,0.0020737327188939947,567.3387096774194,449.65,0.0,0.97,,0.1,0.75,0.85
fresh_negative,-0.02,0.0,359,602,0.0355871886120996,0.026525198938992,-0.0090619896731076,0.0090619896731076,0.9644128113879004,0.9708222811671088,0.006409469779208421,0.006409469779208421,260.8683274021352,261.3050397877984,,0.97,-0.25,0.25,0.75,0.85
fresh_p_positive,0.97,0.995,518,545,0.217391304347826,0.2083333333333333,-0.00905797101449271,0.00905797101449271,0.7391304347826086,0.7708333333333334,0.03170289855072472,0.03170289855072472,1480.6521739130435,1136.4791666666667,0.0,,-0.25,0.1,0.75,0.7
previous_negative,-0.25,-0.1,518,527,0.217391304347826,0.2083333333333333,-0.00905797101449271,0.00905797101449271,0.7391304347826086,0.7708333333333334,0.03170289855072472,0.03170289855072472,1480.6521739130435,1007.3541666666666,0.0,0.97,,0.1,0.75,0.7
fresh_negative,-0.1,-0.02,191,434,0.2083333333333333,0.217391304347826,0.00905797101449271,0.00905797101449271,0.7916666666666666,0.7608695652173914,-0.030797101449275277,0.030797101449275277,948.6875,981.9782608695652,,0.97,-0.25,0.0,0.75,1.0
previous_p_positive,0.25,0.5,534,535,0.217391304347826,0.2083333333333333,-0.00905797101449271,0.00905797101449271,0.7608695652173914,0.7916666666666666,0.030797101449275277,0.030797101449275277,1390.2173913043478,1099.7708333333333,0.0,0.97,0.0,0.1,,0.7
fresh_negative,-0.1,-0.02,141,384,0.2083333333333333,0.217391304347826,0.00905797101449271,0.00905797101449271,0.7708333333333334,0.782608695652174,0.011775362318840576,0.011775362318840576,1159.0625,1113.4130434782608,,0.995,-0.25,0.25,0.25,0.85
previous_negative,-0.1,0.0,260,269,0.217391304347826,0.2083333333333333,-0.00905797101449271,0.00905797101449271,0.782608695652174,0.7708333333333334,-0.011775362318840576,0.011775362318840576,1328.2826086956522,1196.5208333333333,-0.02,0.9,,0.25,0.75,0.7
fresh_p_positive,0.97,0.995,292,319,0.2083333333333333,0.217391304347826,0.00905797101449271,0.00905797101449271,0.75,0.7391304347826086,-0.010869565217391353,0.010869565217391353,1177.3333333333333,1101.6304347826087,-0.02,,0.0,0.1,0.5,0.7
fresh_negative,-0.02,0.0,311,554,0.217391304347826,0.2083333333333333,-0.00905797101449271,0.00905797101449271,0.7608695652173914,0.7708333333333334,0.009963768115942018,0.009963768115942018,1018.8695652173913,977.2083333333334,,0.995,-0.1,0.1,0.75,0.7
fresh_positive,0.85,1.0,89,170,0.217391304347826,0.2083333333333333,-0.00905797101449271,0.00905797101449271,0.7608695652173914,0.7708333333333334,0.009963768115942018,0.009963768115942018,1425.4565217391305,1374.9166666666667,-0.1,0.9,-0.25,0.25,0.75,
previous_p_positive,0.5,0.75,424,425,0.217391304347826,0.2083333333333333,-0.00905797101449271,0.00905797101449271,0.782608695652174,0.7916666666666666,0.009057971014492683,0.009057971014492683,1179.5652173913045,1137.9166666666667,-0.02,0.9,0.0,0.0,,1.0
fresh_negative,-0.02,0.0,370,613,0.1298701298701298,0.1388888888888889,0.009018759018759093,0.009018759018759093,0.8441558441558441,0.8611111111111112,0.016955266955267057,0.016955266955267057,783.1818181818181,705.4444444444445,,0.97,0.0,0.0,0.5,0.85
fresh_negative,-0.1,-0.02,128,371,0.1388888888888889,0.1298701298701298,-0.009018759018759093,0.009018759018759093,0.8472222222222222,0.8571428571428571,0.009920634920634885,0.009920634920634885,811.2361111111111,869.8701298701299,,0.97,0.0,0.0,0.75,0.85
fresh_p_positive,0.97,0.995,439,466,0.1388888888888889,0.1298701298701298,-0.009018759018759093,0.009018759018759093,0.8472222222222222,0.8571428571428571,0.009920634920634885,0.009920634920634885,882.4305555555555,731.5194805194806,-0.02,,-0.25,0.25,0.5,1.0
fresh_negative,-0.1,-0.02,148,391,0.1298701298701298,0.1388888888888889,0.009018759018759093,0.009018759018759093,0.8701298701298701,0.8611111111111112,-0.009018759018758926,0.009018759018758926,664.9090909090909,615.8611111111111,,0.995,-0.1,0.1,0.5,0.85
fresh_positive,0.85,1.0,639,720,0.1388888888888889,0.1298701298701298,-0.009018759018759093,0.009018759018759093,0.8611111111111112,0.8571428571428571,-0.003968253968254065,0.003968253968254065,732.7638888888889,698.1948051948052,0.0,0.995,0.0,0.0,0.25,
fresh_negative,-0.1,-0.02,127,370,0.1388888888888889,0.1298701298701298,-0.009018759018759093,0.009018759018759093,0.8472222222222222,0.8441558441558441,-0.003066378066378106,0.003066378066378106,774.6111111111111,783.1818181818181,,0.97,0.0,0.0,0.5,0.85
fresh_positive,0.85,1.0,110,191,0.2,0.2083333333333333,0.008333333333333276,0.008333333333333276,0.76,0.7916666666666666,0.03166666666666662,0.03166666666666662,1051.62,948.6875,-0.1,0.97,-0.25,0.0,0.75,
previous_negative,-0.1,0.0,68,77,0.2,0.2083333333333333,0.008333333333333276,0.008333333333333276,0.78,0.75,-0.030000000000000027,0.030000000000000027,1049.8,1075.6875,-0.1,0.995,,0.1,0.75,0.7
previous_negative,-0.1,0.0,553,562,0.2083333333333333,0.2,-0.008333333333333276,0.008333333333333276,0.75,0.78,0.030000000000000027,0.030000000000000027,1378.2916666666667,1102.78,0.0,0.995,,0.1,0.5,0.7
previous_negative,-0.1,0.0,527,536,0.2083333333333333,0.2,-0.008333333333333276,0.008333333333333276,0.7708333333333334,0.8,0.029166666666666674,0.029166666666666674,1007.3541666666666,1030.24,0.0,0.97,,0.1,0.75,0.7
previous_negative,-0.25,-0.1,170,179,0.2083333333333333,0.2,-0.008333333333333276,0.008333333333333276,0.7708333333333334,0.8,0.029166666666666674,0.029166666666666674,1374.9166666666667,1248.6,-0.1,0.9,,0.25,0.75,1.0
fresh_p_positive,0.97,0.995,535,562,0.2083333333333333,0.2,-0.008333333333333276,0.008333333333333276,0.7916666666666666,0.78,-0.011666666666666603,0.011666666666666603,1099.7708333333333,1102.78,0.0,,0.0,0.1,0.5,0.7
fresh_p_positive,0.97,0.995,41,68,0.2083333333333333,0.2,-0.008333333333333276,0.008333333333333276,0.7916666666666666,0.78,-0.011666666666666603,0.011666666666666603,1180.8333333333333,1049.8,-0.1,,-0.1,0.1,0.75,0.7
previous_p_positive,0.5,0.75,292,293,0.2083333333333333,0.2,-0.008333333333333276,0.008333333333333276,0.75,0.76,0.010000000000000009,0.010000000000000009,1177.3333333333333,1085.3,-0.02,0.97,0.0,0.1,,0.7
fresh_negative,-0.02,0.0,302,545,0.2,0.2083333333333333,0.008333333333333276,0.008333333333333276,0.78,0.7708333333333334,-0.009166666666666656,0.009166666666666656,1341.88,1136.4791666666667,,0.995,-0.25,0.1,0.75,0.7
previous_negative,-0.1,0.0,554,563,0.2083333333333333,0.2,-0.008333333333333276,0.008333333333333276,0.7708333333333334,0.78,0.009166666666666656,0.009166666666666656,977.2083333333334,1041.76,0.0,0.995,,0.1,0.75,0.7
fresh_negative,-0.1,-0.02,59,302,0.2083333333333333,0.2,-0.008333333333333276,0.008333333333333276,0.7708333333333334,0.78,0.009166666666666656,0.009166666666666656,1184.3333333333333,1341.88,,0.995,-0.25,0.1,0.75,0.7
previous_negative,-0.25,-0.1,59,68,0.2083333333333333,0.2,-0.008333333333333276,0.008333333333333276,0.7708333333333334,0.78,0.009166666666666656,0.009166666666666656,1184.3333333333333,1049.8,-0.1,0.995,,0.1,0.75,0.7
fresh_positive,0.85,1.0,355,436,0.2,0.2083333333333333,0.008333333333333276,0.008333333333333276,0.8,0.7916666666666666,-0.008333333333333415,0.008333333333333415,1068.04,969.1458333333334,-0.02,0.97,-0.25,0.1,0.5,
previous_p_positive,0.25,0.5,429,430,0.2,0.2083333333333333,0.008333333333333276,0.008333333333333276,0.8,0.7916666666666666,-0.008333333333333415,0.008333333333333415,1103.96,1058.4375,-0.02,0.9,0.0,0.25,,1.0
previous_p_positive,0.5,0.75,712,713,0.2083333333333333,0.2,-0.008333333333333276,0.008333333333333276,0.7916666666666666,0.8,0.008333333333333415,0.008333333333333415,817.5,867.62,0.0,0.995,-0.1,0.0,,1.0
fresh_p_positive,0.97,0.995,191,218,0.2083333333333333,0.2,-0.008333333333333276,0.008333333333333276,0.7916666666666666,0.8,0.008333333333333415,0.008333333333333415,948.6875,893.32,-0.1,,-0.25,0.0,0.75,1.0
previous_p_positive,0.5,0.75,430,431,0.2083333333333333,0.2,-0.008333333333333276,0.008333333333333276,0.7916666666666666,0.8,0.008333333333333415,0.008333333333333415,1058.4375,960.28,-0.02,0.9,0.0,0.25,,1.0
previous_p_positive,0.5,0.75,535,536,0.2083333333333333,0.2,-0.008333333333333276,0.008333333333333276,0.7916666666666666,0.8,0.008333333333333415,0.008333333333333415,1099.7708333333333,1030.24,0.0,0.97,0.0,0.1,,0.7
fresh_negative,-0.1,-0.02,112,355,0.2083333333333333,0.2,-0.008333333333333276,0.008333333333333276,0.7916666666666666,0.8,0.008333333333333415,0.008333333333333415,1165.25,1068.04,,0.97,-0.25,0.1,0.5,0.85
fresh_positive,0.85,1.0,572,653,0.2083333333333333,0.2,-0.008333333333333276,0.008333333333333276,0.7916666666666666,0.8,0.008333333333333415,0.008333333333333415,1211.0416666666667,1139.8,0.0,0.9,-0.25,0.1,0.75,
fresh_positive,0.85,1.0,338,419,0.2083333333333333,0.2,-0.008333333333333276,0.008333333333333276,0.7916666666666666,0.8,0.008333333333333415,0.008333333333333415,1281.6041666666667,1144.16,-0.02,0.9,-0.1,0.1,0.75,
previous_p_positive,0.5,0.75,187,188,0.196078431372549,0.2040816326530612,0.008003201280512212,0.008003201280512212,0.803921568627451,0.7755102040816326,-0.028411364545818385,0.028411364545818385,1291.3529411764705,1189.0,-0.1,0.9,0.0,0.25,,1.0
fresh_positive,0.85,1.0,118,199,0.2040816326530612,0.196078431372549,-0.008003201280512212,0.008003201280512212,0.7755102040816326,0.803921568627451,0.028411364545818385,0.028411364545818385,1049.1020408163265,1016.2352941176472,-0.1,0.97,-0.1,0.0,0.5,
previous_p_positive,0.5,0.75,421,422,0.2040816326530612,0.196078431372549,-0.008003201280512212,0.008003201280512212,0.7755102040816326,0.803921568627451,0.028411364545818385,0.028411364545818385,1154.1020408163265,1060.1176470588234,-0.02,0.9,-0.1,0.25,,1.0
previous_negative,-0.1,0.0,581,590,0.2040816326530612,0.196078431372549,-0.008003201280512212,0.008003201280512212,0.7755102040816326,0.803921568627451,0.028411364545818385,0.028411364545818385,1237.734693877551,1109.8235294117646,0.0,0.9,,0.1,0.75,0.85
fresh_p_positive,0.97,0.995,49,76,0.196078431372549,0.2040816326530612,0.008003201280512212,0.008003201280512212,0.7843137254901961,0.7755102040816326,-0.008803521408563442,0.008803521408563442,1189.3333333333333,1132.4489795918366,-0.1,,0.0,0.1,0.5,0.7
fresh_p_positive,0.97,0.995,677,704,0.196078431372549,0.2040816326530612,0.008003201280512212,0.008003201280512212,0.803921568627451,0.7959183673469388,-0.00800320128051224,0.00800320128051224,1031.235294117647,815.6122448979592,0.0,,-0.25,0.0,0.75,1.0
fresh_positive,0.85,1.0,598,679,0.196078431372549,0.2040816326530612,0.008003201280512212,0.008003201280512212,0.803921568627451,0.7959183673469388,-0.00800320128051224,0.00800320128051224,1106.7254901960785,964.1224489795918,0.0,0.97,-0.25,0.1,0.5,
previous_negative,-0.25,-0.1,413,422,0.2040816326530612,0.196078431372549,-0.008003201280512212,0.008003201280512212,0.7959183673469388,0.803921568627451,0.00800320128051224,0.00800320128051224,1105.2448979591836,1060.1176470588234,-0.02,0.9,,0.25,0.75,1.0
previous_negative,-0.1,0.0,69,78,0.2040816326530612,0.196078431372549,-0.008003201280512212,0.008003201280512212,0.7959183673469388,0.803921568627451,0.00800320128051224,0.00800320128051224,1352.7755102040817,924.5490196078432,-0.1,0.995,,0.25,0.25,0.7
fresh_negative,-0.1,-0.02,161,404,0.0218818380743982,0.0298507462686567,0.007968908194258498,0.007968908194258498,0.9781181619256016,0.9671641791044776,-0.010953982821124031,0.010953982821124031,187.59080962800877,198.17014925373132,,0.995,0.0,0.25,0.75,0.85
fresh_p_positive,0.97,0.995,278,305,0.0671140939597315,0.059171597633136,-0.007942496326595501,0.007942496326595501,0.9261744966442952,0.9349112426035504,0.008736745959255221,0.008736745959255221,558.4563758389262,440.5680473372781,-0.02,,-0.25,0.25,0.75,0.7
fresh_negative,-0.02,0.0,374,617,0.059171597633136,0.0671140939597315,0.007942496326595501,0.007942496326595501,0.940828402366864,0.9328859060402684,-0.007942496326595605,0.007942496326595605,382.7396449704142,417.241610738255,,0.97,0.0,0.1,0.75,0.85
fresh_p_positive,0.97,0.995,374,401,0.059171597633136,0.0671140939597315,0.007942496326595501,0.007942496326595501,0.940828402366864,0.9328859060402684,-0.007942496326595605,0.007942496326595605,382.7396449704142,353.4630872483221,-0.02,,0.0,0.1,0.75,0.85
fresh_p_positive,0.97,0.995,696,723,0.059171597633136,0.0671140939597315,0.007942496326595501,0.007942496326595501,0.940828402366864,0.9328859060402684,-0.007942496326595605,0.007942496326595605,418.4733727810651,350.06040268456377,0.0,,0.0,0.1,0.25,1.0
previous_positive,0.1,0.25,723,726,0.0671140939597315,0.059171597633136,-0.007942496326595501,0.007942496326595501,0.9328859060402684,0.940828402366864,0.007942496326595605,0.007942496326595605,350.06040268456377,353.9940828402367,0.0,0.995,0.0,,0.25,1.0
previous_positive,0.1,0.25,237,240,0.0671140939597315,0.059171597633136,-0.007942496326595501,0.007942496326595501,0.9328859060402684,0.940828402366864,0.007942496326595605,0.007942496326595605,391.9664429530201,361.792899408284,-0.1,0.995,0.0,,0.25,1.0
previous_negative,-0.1,0.0,365,374,0.0671140939597315,0.059171597633136,-0.007942496326595501,0.007942496326595501,0.9328859060402684,0.940828402366864,0.007942496326595605,0.007942496326595605,401.5570469798658,382.7396449704142,-0.02,0.97,,0.1,0.75,0.85
fresh_p_positive,0.97,0.995,213,240,0.0671140939597315,0.059171597633136,-0.007942496326595501,0.007942496326595501,0.9328859060402684,0.940828402366864,0.007942496326595605,0.007942496326595605,477.38926174496646,361.792899408284,-0.1,,0.0,0.25,0.25,1.0
fresh_negative,-0.1,-0.02,80,323,0.059171597633136,0.0671140939597315,0.007942496326595501,0.007942496326595501,0.9289940828402368,0.9328859060402684,0.0038918232000316744,0.0038918232000316744,370.3550295857988,369.3087248322148,,0.995,0.0,0.25,0.75,0.7
previous_negative,-0.1,0.0,44,53,0.059171597633136,0.0671140939597315,0.007942496326595501,0.007942496326595501,0.9289940828402368,0.9328859060402684,0.0038918232000316744,0.0038918232000316744,512.6272189349113,416.4295302013423,-0.1,0.97,,0.25,0.75,0.7
fresh_p_positive,0.97,0.995,53,80,0.0671140939597315,0.059171597633136,-0.007942496326595501,0.007942496326595501,0.9328859060402684,0.9289940828402368,-0.0038918232000316744,0.0038918232000316744,416.4295302013423,370.3550295857988,-0.1,,0.0,0.25,0.75,0.7
fresh_positive,0.85,1.0,365,446,0.0671140939597315,0.059171597633136,-0.007942496326595501,0.007942496326595501,0.9328859060402684,0.9349112426035504,0.0020253365632819653,0.0020253365632819653,401.5570469798658,388.6390532544379,-0.02,0.97,-0.1,0.1,0.75,
fresh_positive,0.85,1.0,616,697,0.0671140939597315,0.059171597633136,-0.007942496326595501,0.007942496326595501,0.9328859060402684,0.9349112426035504,0.0020253365632819653,0.0020253365632819653,461.5234899328859,380.97633136094674,0.0,0.97,0.0,0.1,0.5,
fresh_positive,0.85,1.0,157,238,0.0714285714285714,0.0636942675159235,-0.0077343039126479,0.0077343039126479,0.9142857142857144,0.929936305732484,0.015650591446769613,0.015650591446769613,419.8357142857143,365.3503184713376,-0.1,0.995,0.0,0.1,0.5,
previous_p_positive,0.5,0.75,472,473,0.0714285714285714,0.0636942675159235,-0.0077343039126479,0.0077343039126479,0.9214285714285714,0.9363057324840764,0.014877161055505073,0.014877161055505073,427.45,385.9426751592357,-0.02,0.995,-0.1,0.1,,1.0
fresh_positive,0.85,1.0,130,211,0.0714285714285714,0.0636942675159235,-0.0077343039126479,0.0077343039126479,0.9214285714285714,0.929936305732484,0.008507734303912606,0.008507734303912606,487.82142857142856,435.0254777070064,-0.1,0.97,0.0,0.1,0.5,
previous_p_positive,0.5,0.75,556,557,0.0714285714285714,0.0636942675159235,-0.0077343039126479,0.0077343039126479,0.9285714285714286,0.929936305732484,0.0013648771610553778,0.0013648771610553778,572.0714285714286,372.8089171974522,0.0,0.995,-0.1,0.25,,0.7
fresh_negative,-0.1,-0.02,50,293,0.1923076923076923,0.2,0.0076923076923077205,0.0076923076923077205,0.8076923076923077,0.76,-0.0476923076923077,0.0476923076923077,1094.826923076923,1085.3,,0.97,0.0,0.1,0.75,0.7
fresh_negative,-0.02,0.0,463,706,0.1923076923076923,0.2,0.0076923076923077205,0.0076923076923077205,0.7692307692307693,0.8,0.03076923076923077,0.03076923076923077,1066.4038461538462,979.64,,0.995,-0.25,0.1,0.5,1.0
fresh_negative,-0.1,-0.02,220,463,0.2,0.1923076923076923,-0.0076923076923077205,0.0076923076923077205,0.8,0.7692307692307693,-0.03076923076923077,0.03076923076923077,947.8,1066.4038461538462,,0.995,-0.25,0.1,0.5,1.0
fresh_positive,0.85,1.0,632,713,0.1923076923076923,0.2,0.0076923076923077205,0.0076923076923077205,0.7884615384615384,0.8,0.011538461538461608,0.011538461538461608,912.2692307692308,867.62,0.0,0.995,-0.1,0.0,0.75,
fresh_negative,-0.02,0.0,389,632,0.2,0.1923076923076923,-0.0076923076923077205,0.0076923076923077205,0.8,0.7884615384615384,-0.011538461538461608,0.011538461538461608,874.44,912.2692307692308,,0.995,-0.1,0.0,0.75,0.85
previous_p_positive,0.5,0.75,346,347,0.2,0.1923076923076923,-0.0076923076923077205,0.0076923076923077205,0.8,0.7884615384615384,-0.011538461538461608,0.011538461538461608,1195.3,1234.6346153846157,-0.02,0.9,0.0,0.1,,0.85
fresh_negative,-0.02,0.0,380,623,0.2,0.1923076923076923,-0.0076923076923077205,0.0076923076923077205,0.8,0.8076923076923077,0.007692307692307665,0.007692307692307665,938.06,968.9423076923076,,0.995,-0.25,0.0,0.75,0.85
fresh_p_positive,0.97,0.995,596,623,0.2,0.1923076923076923,-0.0076923076923077205,0.0076923076923077205,0.8,0.8076923076923077,0.007692307692307665,0.007692307692307665,1018.88,968.9423076923076,0.0,,-0.25,0.0,0.75,0.85
fresh_p_positive,0.97,0.995,355,382,0.2,0.1923076923076923,-0.0076923076923077205,0.0076923076923077205,0.8,0.8076923076923077,0.007692307692307665,0.007692307692307665,1068.04,933.8461538461538,-0.02,,-0.25,0.1,0.5,0.85
fresh_p_positive,0.97,0.995,697,724,0.059171597633136,0.0666666666666666,0.007495069033530595,0.007495069033530595,0.9349112426035504,0.9333333333333332,-0.0015779092702171704,0.0015779092702171704,380.97633136094674,341.8933333333333,0.0,,0.0,0.1,0.5,1.0
fresh_positive,0.85,1.0,620,701,0.027027027027027,0.0344827586206896,0.007455731593662598,0.007455731593662598,0.972972972972973,0.9655172413793104,-0.00745573159366264,0.00745573159366264,207.0837837837838,241.9,0.0,0.97,0.0,0.25,0.75,
previous_p_positive,0.5,0.75,619,620,0.0344827586206896,0.027027027027027,-0.007455731593662598,0.007455731593662598,0.9655172413793104,0.972972972972973,0.00745573159366264,0.00745573159366264,264.57586206896553,207.0837837837838,0.0,0.97,0.0,0.25,,0.85
fresh_positive,0.85,1.0,119,200,0.1886792452830188,0.196078431372549,0.007399186089530191,0.007399186089530191,0.8113207547169812,0.803921568627451,-0.007399186089530163,0.007399186089530163,949.8679245283018,887.8627450980392,-0.1,0.97,-0.1,0.0,0.75,
fresh_positive,0.85,1.0,605,686,0.1886792452830188,0.196078431372549,0.007399186089530191,0.007399186089530191,0.8113207547169812,0.803921568627451,-0.007399186089530163,0.007399186089530163,958.0188679245284,890.2352941176471,0.0,0.97,-0.1,0.0,0.75,
previous_negative,-0.25,-0.1,353,362,0.196078431372549,0.1886792452830188,-0.007399186089530191,0.007399186089530191,0.803921568627451,0.8113207547169812,0.007399186089530163,0.007399186089530163,1074.6666666666667,1026.433962264151,-0.02,0.97,,0.0,0.75,0.85
fresh_p_positive,0.97,0.995,598,625,0.196078431372549,0.1886792452830188,-0.007399186089530191,0.007399186089530191,0.803921568627451,0.8113207547169812,0.007399186089530163,0.007399186089530163,1106.7254901960785,957.5849056603772,0.0,,-0.25,0.1,0.5,0.85
previous_p_positive,0.25,0.5,642,643,0.0787401574803149,0.0714285714285714,-0.007311586051743507,0.007311586051743507,0.9133858267716536,0.9214285714285714,0.008042744656917789,0.008042744656917789,486.5118110236221,422.5785714285714,0.0,0.995,0.0,0.1,,0.85
fresh_negative,-0.1,-0.02,228,471,0.1886792452830188,0.1818181818181818,-0.006861063464837003,0.006861063464837003,0.8113207547169812,0.8181818181818182,0.006861063464837058,0.006861063464837058,1006.0377358490566,981.9090909090908,,0.995,-0.1,0.1,0.25,1.0
fresh_negative,-0.02,0.0,454,697,0.0657894736842105,0.059171597633136,-0.0066178760510744936,0.0066178760510744936,0.9276315789473684,0.9349112426035504,0.007279663656182045,0.007279663656182045,440.4934210526316,380.97633136094674,,0.97,0.0,0.1,0.5,1.0
fresh_negative,-0.02,0.0,287,530,0.0657894736842105,0.059171597633136,-0.0066178760510744936,0.0066178760510744936,0.9276315789473684,0.9349112426035504,0.007279663656182045,0.007279663656182045,448.7105263157895,427.9704142011834,,0.97,-0.1,0.25,0.75,0.7
fresh_positive,0.85,1.0,402,483,0.059171597633136,0.0657894736842105,0.0066178760510744936,0.0066178760510744936,0.940828402366864,0.9342105263157896,-0.006617876051074445,0.006617876051074445,359.396449704142,354.88157894736844,-0.02,0.995,0.0,0.25,0.25,
fresh_negative,-0.1,-0.02,240,483,0.059171597633136,0.0657894736842105,0.0066178760510744936,0.0066178760510744936,0.940828402366864,0.9342105263157896,-0.006617876051074445,0.006617876051074445,361.792899408284,354.88157894736844,,0.995,0.0,0.25,0.25,1.0
fresh_negative,-0.02,0.0,483,726,0.0657894736842105,0.059171597633136,-0.0066178760510744936,0.0066178760510744936,0.9342105263157896,0.940828402366864,0.006617876051074445,0.006617876051074445,354.88157894736844,353.9940828402367,,0.995,0.0,0.25,0.25,1.0
fresh_negative,-0.1,-0.02,131,374,0.0657894736842105,0.059171597633136,-0.0066178760510744936,0.0066178760510744936,0.9342105263157896,0.940828402366864,0.006617876051074445,0.006617876051074445,419.7368421052632,382.7396449704142,,0.97,0.0,0.1,0.75,0.85
fresh_negative,-0.1,-0.02,44,287,0.059171597633136,0.0657894736842105,0.0066178760510744936,0.0066178760510744936,0.9289940828402368,0.9276315789473684,-0.0013625038928684052,0.0013625038928684052,512.6272189349113,448.7105263157895,,0.97,-0.1,0.25,0.75,0.7
fresh_negative,-0.1,-0.02,203,446,0.0657894736842105,0.059171597633136,-0.0066178760510744936,0.0066178760510744936,0.9342105263157896,0.9349112426035504,0.0007007162877608053,0.0007007162877608053,431.6578947368421,388.6390532544379,,0.97,-0.1,0.1,0.75,1.0
previous_negative,-0.1,0.0,530,539,0.059171597633136,0.0526315789473684,-0.006540018685767604,0.006540018685767604,0.9349112426035504,0.9473684210526316,0.01245717844908123,0.01245717844908123,427.9704142011834,379.5052631578947,0.0,0.97,,0.25,0.75,0.7
fresh_negative,-0.1,-0.02,62,305,0.0526315789473684,0.059171597633136,0.006540018685767604,0.006540018685767604,0.9421052631578948,0.9349112426035504,-0.007194020554344371,0.007194020554344371,419.2263157894737,440.5680473372781,,0.995,-0.25,0.25,0.75,0.7
previous_p_positive,0.5,0.75,691,692,0.059171597633136,0.0526315789473684,-0.006540018685767604,0.006540018685767604,0.9349112426035504,0.9421052631578948,0.007194020554344371,0.007194020554344371,428.14201183431953,380.8263157894737,0.0,0.97,-0.1,0.25,,1.0
fresh_p_positive,0.97,0.995,689,716,0.059171597633136,0.0526315789473684,-0.006540018685767604,0.006540018685767604,0.940828402366864,0.936842105263158,-0.003986297103706016,0.003986297103706016,376.38461538461536,330.66315789473686,0.0,,-0.1,0.1,0.75,1.0
previous_positive,0.1,0.25,689,692,0.059171597633136,0.0526315789473684,-0.006540018685767604,0.006540018685767604,0.940828402366864,0.9421052631578948,0.0012768607910307317,0.0012768607910307317,376.38461538461536,380.8263157894737,0.0,0.97,-0.1,,0.75,1.0
fresh_negative,-0.02,0.0,477,720,0.1234567901234567,0.1298701298701298,0.006413339746673102,0.006413339746673102,0.8765432098765432,0.8571428571428571,-0.01940035273368612,0.01940035273368612,607.1728395061729,698.1948051948052,,0.995,0.0,0.0,0.25,1.0
fresh_negative,-0.1,-0.02,208,451,0.1234567901234567,0.1298701298701298,0.006413339746673102,0.006413339746673102,0.8765432098765432,0.8571428571428571,-0.01940035273368612,0.01940035273368612,736.6296296296297,741.1558441558442,,0.97,0.0,0.0,0.5,1.0
previous_p_positive,0.25,0.5,720,721,0.1298701298701298,0.1234567901234567,-0.006413339746673102,0.006413339746673102,0.8571428571428571,0.8641975308641975,0.007054673721340388,0.007054673721340388,698.1948051948052,609.6543209876543,0.0,0.995,0.0,0.0,,1.0
fresh_p_positive,0.97,0.995,690,717,0.1234567901234567,0.1298701298701298,0.006413339746673102,0.006413339746673102,0.8765432098765432,0.8701298701298701,-0.00641333974667313,0.00641333974667313,751.0987654320987,659.4025974025974,0.0,,-0.1,0.25,0.25,1.0
fresh_positive,0.85,1.0,383,464,0.1298701298701298,0.1234567901234567,-0.006413339746673102,0.006413339746673102,0.8701298701298701,0.8765432098765432,0.00641333974667313,0.00641333974667313,570.8051948051948,599.8024691358024,-0.02,0.995,-0.25,0.1,0.75,
fresh_negative,-0.1,-0.02,204,447,0.1298701298701298,0.1234567901234567,-0.006413339746673102,0.006413339746673102,0.8701298701298701,0.8765432098765432,0.00641333974667313,0.00641333974667313,809.2597402597403,695.1851851851852,,0.97,-0.1,0.25,0.25,1.0
fresh_p_positive,0.97,0.995,204,231,0.1298701298701298,0.1234567901234567,-0.006413339746673102,0.006413339746673102,0.8701298701298701,0.8765432098765432,0.00641333974667313,0.00641333974667313,809.2597402597403,627.5802469135803,-0.1,,-0.1,0.25,0.25,1.0
fresh_positive,0.85,1.0,609,690,0.1298701298701298,0.1234567901234567,-0.006413339746673102,0.006413339746673102,0.8701298701298701,0.8765432098765432,0.00641333974667313,0.00641333974667313,824.9090909090909,751.0987654320987,0.0,0.97,-0.1,0.25,0.25,
fresh_negative,-0.02,0.0,366,609,0.1234567901234567,0.1298701298701298,0.006413339746673102,0.006413339746673102,0.8641975308641975,0.8701298701298701,0.005932339265672604,0.005932339265672604,763.2469135802469,824.9090909090909,,0.97,-0.1,0.25,0.25,0.85
fresh_p_positive,0.97,0.995,366,393,0.1234567901234567,0.1298701298701298,0.006413339746673102,0.006413339746673102,0.8641975308641975,0.8701298701298701,0.005932339265672604,0.005932339265672604,763.2469135802469,631.987012987013,-0.02,,-0.1,0.25,0.25,0.85
fresh_p_positive,0.97,0.995,134,161,0.0280112044817927,0.0218818380743982,-0.006129366407394501,0.006129366407394501,0.969187675070028,0.9781181619256016,0.008930486855573627,0.008930486855573627,231.83193277310923,187.59080962800877,-0.1,,0.0,0.25,0.75,0.85
previous_negative,-0.25,-0.1,116,125,0.0359712230215827,0.0298507462686567,-0.006120476752925999,0.006120476752925999,0.9640287769784172,0.9701492537313432,0.006120476752926041,0.006120476752926041,337.6007194244604,226.3910447761194,-0.1,0.97,,0.25,0.75,0.85
fresh_p_positive,0.97,0.995,602,629,0.026525198938992,0.0323624595469255,0.0058372606079335025,0.0058372606079335025,0.9708222811671088,0.9676375404530744,-0.0031847407140344064,0.0031847407140344064,261.3050397877984,200.6472491909385,0.0,,-0.25,0.25,0.75,0.85
previous_negative,-0.1,0.0,719,728,0.0355871886120996,0.0298507462686567,-0.0057364423434429004,0.0057364423434429004,0.9644128113879004,0.9701492537313432,0.005736442343442838,0.005736442343442838,224.067615658363,219.74029850746268,0.0,0.995,,0.25,0.75,1.0
fresh_negative,-0.1,-0.02,115,358,0.1162790697674418,0.1219512195121951,0.005672149744753302,0.005672149744753302,0.8837209302325582,0.8780487804878049,-0.005672149744753274,0.005672149744753274,875.953488372093,741.5365853658536,,0.97,-0.25,0.25,0.5,0.85
previous_p_positive,0.5,0.75,157,158,0.0714285714285714,0.0657894736842105,-0.005639097744360902,0.005639097744360902,0.9142857142857144,0.9276315789473684,0.013345864661653994,0.013345864661653994,419.8357142857143,353.4671052631579,-0.1,0.995,0.0,0.1,,0.85
previous_negative,-0.1,0.0,474,483,0.0714285714285714,0.0657894736842105,-0.005639097744360902,0.005639097744360902,0.9214285714285714,0.9342105263157896,0.012781954887218228,0.012781954887218228,470.7642857142857,354.88157894736844,-0.02,0.995,,0.25,0.25,1.0
previous_p_positive,0.5,0.75,130,131,0.0714285714285714,0.0657894736842105,-0.005639097744360902,0.005639097744360902,0.9214285714285714,0.9342105263157896,0.012781954887218228,0.012781954887218228,487.82142857142856,419.7368421052632,-0.1,0.97,0.0,0.1,,0.85
previous_positive,0.1,0.25,472,475,0.0714285714285714,0.0657894736842105,-0.005639097744360902,0.005639097744360902,0.9214285714285714,0.9276315789473684,0.006203007518796988,0.006203007518796988,427.45,400.4144736842105,-0.02,0.995,-0.1,,0.5,1.0
previous_p_positive,0.25,0.5,474,475,0.0714285714285714,0.0657894736842105,-0.005639097744360902,0.005639097744360902,0.9214285714285714,0.9276315789473684,0.006203007518796988,0.006203007518796988,470.7642857142857,400.4144736842105,-0.02,0.995,-0.1,0.25,,1.0
previous_p_positive,0.25,0.5,453,454,0.0714285714285714,0.0657894736842105,-0.005639097744360902,0.005639097744360902,0.9214285714285714,0.9276315789473684,0.006203007518796988,0.006203007518796988,501.6,440.4934210526316,-0.02,0.97,0.0,0.1,,1.0
fresh_p_positive,0.97,0.995,538,565,0.0714285714285714,0.0657894736842105,-0.005639097744360902,0.005639097744360902,0.9285714285714286,0.9342105263157896,0.005639097744360999,0.005639097744360999,557.1357142857142,427.23026315789474,0.0,,0.0,0.25,0.5,0.7
previous_negative,-0.1,0.0,556,565,0.0714285714285714,0.0657894736842105,-0.005639097744360902,0.005639097744360902,0.9285714285714286,0.9342105263157896,0.005639097744360999,0.005639097744360999,572.0714285714286,427.23026315789474,0.0,0.995,,0.25,0.5,0.7
previous_p_positive,0.5,0.75,643,644,0.0714285714285714,0.0657894736842105,-0.005639097744360902,0.005639097744360902,0.9214285714285714,0.9210526315789472,-0.0003759398496241406,0.0003759398496241406,422.5785714285714,394.7631578947368,0.0,0.995,0.0,0.1,,0.85
fresh_p_positive,0.97,0.995,608,635,0.0714285714285714,0.0657894736842105,-0.005639097744360902,0.005639097744360902,0.9214285714285714,0.9210526315789472,-0.0003759398496241406,0.0003759398496241406,449.65,459.1513157894737,0.0,,-0.1,0.1,0.75,0.85
fresh_positive,0.85,1.0,574,655,0.238095238095238,0.2325581395348837,-0.005537098560354309,0.005537098560354309,0.7619047619047619,0.7209302325581395,-0.04097452934662238,0.04097452934662238,1407.2857142857142,1383.9302325581396,0.0,0.9,-0.25,0.25,0.5,
fresh_positive,0.85,1.0,97,178,0.2325581395348837,0.238095238095238,0.005537098560354309,0.005537098560354309,0.7674418604651163,0.7619047619047619,-0.005537098560354448,0.005537098560354448,1484.1627906976744,1312.0,-0.1,0.9,-0.1,0.25,0.5,
previous_p_positive,0.5,0.75,586,587,0.2325581395348837,0.2272727272727272,-0.00528541226215648,0.00528541226215648,0.7441860465116279,0.7272727272727273,-0.016913319238900604,0.016913319238900604,1368.9767441860463,1367.6136363636365,0.0,0.9,0.0,0.0,,0.85
fresh_negative,-0.02,0.0,448,691,0.054054054054054,0.059171597633136,0.005117543579082,0.005117543579082,0.945945945945946,0.9349112426035504,-0.011034703342395646,0.011034703342395646,392.7783783783784,428.14201183431953,,0.97,-0.1,0.25,0.5,1.0
fresh_p_positive,0.97,0.995,197,224,0.059171597633136,0.054054054054054,-0.005117543579082,0.005117543579082,0.9349112426035504,0.945945945945946,0.011034703342395646,0.011034703342395646,478.4674556213018,302.46486486486486,-0.1,,-0.25,0.25,0.75,1.0
fresh_positive,0.85,1.0,587,668,0.2272727272727272,0.2222222222222222,-0.005050505050505,0.005050505050505,0.7272727272727273,0.7777777777777778,0.0505050505050505,0.0505050505050505,1367.6136363636365,1116.088888888889,0.0,0.9,0.0,0.0,0.75,
fresh_p_positive,0.97,0.995,109,136,0.2272727272727272,0.2222222222222222,-0.005050505050505,0.005050505050505,0.75,0.7777777777777778,0.02777777777777779,0.02777777777777779,1331.3636363636365,1198.7333333333331,-0.1,,-0.25,0.0,0.5,0.85
previous_negative,-0.1,0.0,658,667,0.2272727272727272,0.2222222222222222,-0.005050505050505,0.005050505050505,0.7727272727272727,0.7777777777777778,0.005050505050505083,0.005050505050505083,1238.909090909091,1109.9555555555555,0.0,0.9,,0.0,0.5,1.0
previous_negative,-0.25,-0.1,379,388,0.2222222222222222,0.217391304347826,-0.004830917874396212,0.004830917874396212,0.7333333333333333,0.7608695652173914,0.02753623188405807,0.02753623188405807,1289.8444444444444,952.2608695652174,-0.02,0.995,,0.0,0.5,0.85
fresh_negative,-0.02,0.0,345,588,0.2222222222222222,0.217391304347826,-0.004830917874396212,0.004830917874396212,0.7555555555555555,0.782608695652174,0.02705314009661841,0.02705314009661841,1372.9333333333334,1343.0434782608695,,0.9,0.0,0.1,0.25,0.85
fresh_negative,-0.1,-0.02,144,387,0.217391304347826,0.2222222222222222,0.004830917874396212,0.004830917874396212,0.7608695652173914,0.7777777777777778,0.016908212560386437,0.016908212560386437,1147.3695652173913,963.6666666666666,,0.995,-0.1,0.0,0.25,0.85
previous_p_positive,0.25,0.5,387,388,0.2222222222222222,0.217391304347826,-0.004830917874396212,0.004830917874396212,0.7777777777777778,0.7608695652173914,-0.016908212560386437,0.016908212560386437,963.6666666666666,952.2608695652174,-0.02,0.995,-0.1,0.0,,0.85
fresh_negative,-0.02,0.0,291,534,0.2222222222222222,0.217391304347826,-0.004830917874396212,0.004830917874396212,0.7777777777777778,0.7608695652173914,-0.016908212560386437,0.016908212560386437,1276.4444444444443,1390.2173913043478,,0.97,0.0,0.1,0.25,0.7
fresh_negative,-0.1,-0.02,34,277,0.217391304347826,0.2222222222222222,0.004830917874396212,0.004830917874396212,0.7391304347826086,0.7555555555555555,0.01642512077294689,0.01642512077294689,1635.0,1433.3111111111111,,0.97,-0.25,0.25,0.5,0.7
fresh_negative,-0.02,0.0,318,561,0.2222222222222222,0.217391304347826,-0.004830917874396212,0.004830917874396212,0.7555555555555555,0.7391304347826086,-0.01642512077294689,0.01642512077294689,1215.3777777777775,1315.0869565217392,,0.995,0.0,0.1,0.25,0.7
previous_p_positive,0.25,0.5,318,319,0.2222222222222222,0.217391304347826,-0.004830917874396212,0.004830917874396212,0.7555555555555555,0.7391304347826086,-0.01642512077294689,0.01642512077294689,1215.3777777777775,1101.6304347826087,-0.02,0.995,0.0,0.1,,0.7
fresh_negative,-0.02,0.0,337,580,0.2222222222222222,0.217391304347826,-0.004830917874396212,0.004830917874396212,0.7555555555555555,0.7608695652173914,0.005314009661835817,0.005314009661835817,1477.8666666666666,1433.0217391304348,,0.9,-0.1,0.1,0.5,0.85
fresh_p_positive,0.97,0.995,360,387,0.217391304347826,0.2222222222222222,0.004830917874396212,0.004830917874396212,0.782608695652174,0.7777777777777778,-0.004830917874396157,0.004830917874396157,1053.4565217391305,963.6666666666666,-0.02,,-0.1,0.0,0.25,0.85
fresh_negative,-0.02,0.0,384,627,0.217391304347826,0.2222222222222222,0.004830917874396212,0.004830917874396212,0.782608695652174,0.7777777777777778,-0.004830917874396157,0.004830917874396157,1113.4130434782608,1201.4666666666667,,0.995,-0.25,0.25,0.25,0.85
fresh_negative,-0.02,0.0,424,667,0.217391304347826,0.2222222222222222,0.004830917874396212,0.004830917874396212,0.782608695652174,0.7777777777777778,-0.004830917874396157,0.004830917874396157,1179.5652173913045,1109.9555555555555,,0.9,0.0,0.0,0.5,1.0
previous_negative,-0.1,0.0,659,668,0.217391304347826,0.2222222222222222,0.004830917874396212,0.004830917874396212,0.782608695652174,0.7777777777777778,-0.004830917874396157,0.004830917874396157,1251.2608695652175,1116.088888888889,0.0,0.9,,0.0,0.75,1.0
fresh_negative,-0.02,0.0,420,663,0.2222222222222222,0.217391304347826,-0.004830917874396212,0.004830917874396212,0.7777777777777778,0.782608695652174,0.004830917874396157,0.004830917874396157,1122.1555555555556,1296.3695652173913,,0.9,-0.1,0.25,0.25,1.0
fresh_negative,-0.02,0.0,416,659,0.2222222222222222,0.217391304347826,-0.004830917874396212,0.004830917874396212,0.7777777777777778,0.782608695652174,0.004830917874396157,0.004830917874396157,1165.2666666666669,1251.2608695652175,,0.9,-0.1,0.0,0.75,1.0
previous_negative,-0.25,-0.1,136,145,0.2222222222222222,0.217391304347826,-0.004830917874396212,0.004830917874396212,0.7777777777777778,0.782608695652174,0.004830917874396157,0.004830917874396157,1198.7333333333331,946.4130434782608,-0.1,0.995,,0.0,0.5,0.85
previous_p_positive,0.25,0.5,183,184,0.2222222222222222,0.217391304347826,-0.004830917874396212,0.004830917874396212,0.7777777777777778,0.782608695652174,0.004830917874396157,0.004830917874396157,1327.0666666666666,1281.7608695652175,-0.1,0.9,0.0,0.1,,1.0
previous_positive,0.1,0.25,660,663,0.2222222222222222,0.217391304347826,-0.004830917874396212,0.004830917874396212,0.7777777777777778,0.782608695652174,0.004830917874396157,0.004830917874396157,1364.2,1296.3695652173913,0.0,0.9,-0.1,,0.25,1.0
fresh_positive,0.85,1.0,582,663,0.2222222222222222,0.217391304347826,-0.004830917874396212,0.004830917874396212,0.7777777777777778,0.782608695652174,0.004830917874396157,0.004830917874396157,1467.8444444444444,1296.3695652173913,0.0,0.9,-0.1,0.25,0.25,
previous_negative,-0.25,-0.1,602,611,0.026525198938992,0.0313479623824451,0.004822763443453105,0.004822763443453105,0.9708222811671088,0.9686520376175548,-0.002170243549553974,0.002170243549553974,261.3050397877984,235.4451410658307,0.0,0.97,,0.25,0.75,0.85
fresh_positive,0.85,1.0,643,724,0.0714285714285714,0.0666666666666666,-0.0047619047619048005,0.0047619047619048005,0.9214285714285714,0.9333333333333332,0.011904761904761862,0.011904761904761862,422.5785714285714,341.8933333333333,0.0,0.995,0.0,0.1,0.5,
fresh_p_positive,0.97,0.995,453,480,0.0714285714285714,0.0666666666666666,-0.0047619047619048005,0.0047619047619048005,0.9214285714285714,0.9333333333333332,0.011904761904761862,0.011904761904761862,501.6,391.4666666666666,-0.02,,0.0,0.1,0.25,1.0
previous_negative,-0.1,0.0,472,481,0.0714285714285714,0.0666666666666666,-0.0047619047619048005,0.0047619047619048005,0.9214285714285714,0.9266666666666666,0.005238095238095264,0.005238095238095264,427.45,350.9866666666667,-0.02,0.995,,0.1,0.5,1.0
fresh_positive,0.85,1.0,125,206,0.0298507462686567,0.0344827586206896,0.004632012352032901,0.004632012352032901,0.9701492537313432,0.9655172413793104,-0.0046320123520328105,0.0046320123520328105,226.3910447761194,280.4103448275862,-0.1,0.97,-0.1,0.25,0.75,
fresh_negative,-0.02,0.0,485,728,0.0344827586206896,0.0298507462686567,-0.004632012352032901,0.004632012352032901,0.9655172413793104,0.9701492537313432,0.0046320123520328105,0.0046320123520328105,187.3551724137931,219.74029850746268,,0.995,0.0,0.25,0.75,1.0
previous_p_positive,0.5,0.75,646,647,0.0344827586206896,0.0298507462686567,-0.004632012352032901,0.004632012352032901,0.9655172413793104,0.9701492537313432,0.0046320123520328105,0.0046320123520328105,199.3448275862069,189.9074626865672,0.0,0.995,0.0,0.25,,0.85
fresh_p_positive,0.97,0.995,701,728,0.0344827586206896,0.0298507462686567,-0.004632012352032901,0.004632012352032901,0.9655172413793104,0.9701492537313432,0.0046320123520328105,0.0046320123520328105,241.9,219.74029850746268,0.0,,0.0,0.25,0.75,1.0
fresh_positive,0.85,1.0,404,485,0.0298507462686567,0.0344827586206896,0.004632012352032901,0.004632012352032901,0.9671641791044776,0.9655172413793104,-0.001646937725167219,0.001646937725167219,198.17014925373132,187.3551724137931,-0.02,0.995,0.0,0.25,0.75,
previous_p_positive,0.5,0.75,394,395,0.0359712230215827,0.0313479623824451,-0.004623260639137594,0.004623260639137594,0.9640287769784172,0.9686520376175548,0.00462326063913765,0.00462326063913765,232.9748201438849,202.31974921630092,-0.02,0.995,-0.1,0.25,,0.85
fresh_p_positive,0.97,0.995,116,143,0.0359712230215827,0.0313479623824451,-0.004623260639137594,0.004623260639137594,0.9640287769784172,0.9686520376175548,0.00462326063913765,0.00462326063913765,337.6007194244604,228.64890282131665,-0.1,,-0.25,0.25,0.75,0.85
previous_negative,-0.25,-0.1,628,637,0.054054054054054,0.0495049504950495,-0.004549103559004501,0.004549103559004501,0.945945945945946,0.9504950495049505,0.004549103559004397,0.004549103559004397,388.8216216216216,323.480198019802,0.0,0.995,,0.25,0.5,0.85
previous_negative,-0.1,0.0,448,457,0.054054054054054,0.0495049504950495,-0.004549103559004501,0.004549103559004501,0.945945945945946,0.9504950495049505,0.004549103559004397,0.004549103559004397,392.7783783783784,317.05940594059405,-0.02,0.97,,0.25,0.5,1.0
fresh_p_positive,0.97,0.995,530,557,0.059171597633136,0.0636942675159235,0.004522669882787496,0.004522669882787496,0.9349112426035504,0.929936305732484,-0.004974936871066427,0.004974936871066427,427.9704142011834,372.8089171974522,0.0,,-0.1,0.25,0.75,0.7
fresh_p_positive,0.97,0.995,446,473,0.059171597633136,0.0636942675159235,0.004522669882787496,0.004522669882787496,0.9349112426035504,0.9363057324840764,0.0013944898805260397,0.0013944898805260397,388.6390532544379,385.9426751592357,-0.02,,-0.1,0.1,0.75,1.0
fresh_negative,-0.02,0.0,440,683,0.059171597633136,0.0636942675159235,0.004522669882787496,0.004522669882787496,0.9349112426035504,0.9363057324840764,0.0013944898805260397,0.0013944898805260397,399.0769230769231,381.8407643312102,,0.97,-0.25,0.25,0.75,1.0
fresh_p_positive,0.97,0.995,691,718,0.059171597633136,0.0636942675159235,0.004522669882787496,0.004522669882787496,0.9349112426035504,0.9363057324840764,0.0013944898805260397,0.0013944898805260397,428.14201183431953,351.61146496815286,0.0,,-0.1,0.25,0.5,1.0
fresh_negative,-0.02,0.0,305,548,0.059171597633136,0.0636942675159235,0.004522669882787496,0.004522669882787496,0.9349112426035504,0.9363057324840764,0.0013944898805260397,0.0013944898805260397,440.5680473372781,387.1656050955414,,0.995,-0.25,0.25,0.75,0.7
fresh_negative,-0.02,0.0,377,620,0.0313479623824451,0.027027027027027,-0.004320935355418103,0.004320935355418103,0.9686520376175548,0.972972972972973,0.004320935355418221,0.004320935355418221,228.1630094043887,207.0837837837838,,0.97,0.0,0.25,0.75,0.85
previous_negative,-0.1,0.0,611,620,0.0313479623824451,0.027027027027027,-0.004320935355418103,0.004320935355418103,0.9686520376175548,0.972972972972973,0.004320935355418221,0.004320935355418221,235.4451410658307,207.0837837837838,0.0,0.97,,0.25,0.75,0.85
fresh_negative,-0.1,-0.02,157,400,0.0714285714285714,0.0671140939597315,-0.004314477468839895,0.004314477468839895,0.9142857142857144,0.9261744966442952,0.011888782358580818,0.011888782358580818,419.8357142857143,393.248322147651,,0.995,0.0,0.1,0.5,0.85
fresh_negative,-0.02,0.0,365,608,0.0671140939597315,0.0714285714285714,0.004314477468839895,0.004314477468839895,0.9328859060402684,0.9214285714285714,-0.011457334611697068,0.011457334611697068,401.5570469798658,449.65,,0.97,-0.1,0.1,0.75,0.85
fresh_negative,-0.1,-0.02,229,472,0.0671140939597315,0.0714285714285714,0.004314477468839895,0.004314477468839895,0.9328859060402684,0.9214285714285714,-0.011457334611697068,0.011457334611697068,428.18791946308727,427.45,,0.995,-0.1,0.1,0.5,1.0
fresh_p_positive,0.97,0.995,616,643,0.0671140939597315,0.0714285714285714,0.004314477468839895,0.004314477468839895,0.9328859060402684,0.9214285714285714,-0.011457334611697068,0.011457334611697068,461.5234899328859,422.5785714285714,0.0,,0.0,0.1,0.5,0.85
previous_negative,-0.1,0.0,608,617,0.0714285714285714,0.0671140939597315,-0.004314477468839895,0.004314477468839895,0.9214285714285714,0.9328859060402684,0.011457334611697068,0.011457334611697068,449.65,417.241610738255,0.0,0.97,,0.1,0.75,0.85
previous_positive,0.1,0.25,453,456,0.0714285714285714,0.0671140939597315,-0.004314477468839895,0.004314477468839895,0.9214285714285714,0.9328859060402684,0.011457334611697068,0.011457334611697068,501.6,386.76510067114094,-0.02,0.97,0.0,,0.25,1.0
fresh_negative,-0.02,0.0,400,643,0.0671140939597315,0.0714285714285714,0.004314477468839895,0.004314477468839895,0.9261744966442952,0.9214285714285714,-0.004745925215723812,0.004745925215723812,393.248322147651,422.5785714285714,,0.995,0.0,0.1,0.5,0.85
fresh_negative,-0.02,0.0,295,538,0.0671140939597315,0.0714285714285714,0.004314477468839895,0.004314477468839895,0.9261744966442952,0.9285714285714286,0.0023969319271334166,0.0023969319271334166,534.771812080537,557.1357142857142,,0.97,0.0,0.25,0.5,0.7
fresh_negative,-0.1,-0.02,69,312,0.2040816326530612,0.2083333333333333,0.004251700680272086,0.004251700680272086,0.7959183673469388,0.75,-0.04591836734693877,0.04591836734693877,1352.7755102040817,1340.7291666666667,,0.995,-0.1,0.25,0.25,0.7
previous_p_positive,0.5,0.75,76,77,0.2040816326530612,0.2083333333333333,0.004251700680272086,0.004251700680272086,0.7755102040816326,0.75,-0.025510204081632626,0.025510204081632626,1132.4489795918366,1075.6875,-0.1,0.995,0.0,0.1,,0.7
fresh_negative,-0.1,-0.02,77,320,0.2083333333333333,0.2040816326530612,-0.004251700680272086,0.004251700680272086,0.75,0.7755102040816326,0.025510204081632626,0.025510204081632626,1075.6875,984.7755102040816,,0.995,0.0,0.1,0.75,0.7
fresh_negative,-0.02,0.0,269,512,0.2083333333333333,0.2040816326530612,-0.004251700680272086,0.004251700680272086,0.7708333333333334,0.7959183673469388,0.0250850340136054,0.0250850340136054,1196.5208333333333,1288.428571428571,,0.9,0.0,0.25,0.75,0.7
previous_positive,0.1,0.25,104,107,0.2083333333333333,0.2040816326530612,-0.004251700680272086,0.004251700680272086,0.7708333333333334,0.7959183673469388,0.0250850340136054,0.0250850340136054,1334.0833333333333,1123.0,-0.1,0.9,0.0,,0.75,0.85
fresh_negative,-0.1,-0.02,170,413,0.2083333333333333,0.2040816326530612,-0.004251700680272086,0.004251700680272086,0.7708333333333334,0.7959183673469388,0.0250850340136054,0.0250850340136054,1374.9166666666667,1105.2448979591836,,0.9,-0.25,0.25,0.75,1.0
fresh_negative,-0.02,0.0,468,711,0.2040816326530612,0.2083333333333333,0.004251700680272086,0.004251700680272086,0.7755102040816326,0.7916666666666666,0.016156462585034004,0.016156462585034004,973.2244897959184,909.0208333333334,,0.995,-0.1,0.0,0.25,1.0
previous_negative,-0.1,0.0,421,430,0.2040816326530612,0.2083333333333333,0.004251700680272086,0.004251700680272086,0.7755102040816326,0.7916666666666666,0.016156462585034004,0.016156462585034004,1154.1020408163265,1058.4375,-0.02,0.9,,0.25,0.5,1.0
fresh_negative,-0.1,-0.02,41,284,0.2083333333333333,0.2040816326530612,-0.004251700680272086,0.004251700680272086,0.7916666666666666,0.7755102040816326,-0.016156462585034004,0.016156462585034004,1180.8333333333333,1169.3061224489795,,0.97,-0.1,0.1,0.75,0.7
previous_negative,-0.25,-0.1,572,581,0.2083333333333333,0.2040816326530612,-0.004251700680272086,0.004251700680272086,0.7916666666666666,0.7755102040816326,-0.016156462585034004,0.016156462585034004,1211.0416666666667,1237.734693877551,0.0,0.9,,0.1,0.75,0.85
fresh_negative,-0.02,0.0,338,581,0.2083333333333333,0.2040816326530612,-0.004251700680272086,0.004251700680272086,0.7916666666666666,0.7755102040816326,-0.016156462585034004,0.016156462585034004,1281.6041666666667,1237.734693877551,,0.9,-0.1,0.1,0.75,0.85
fresh_negative,-0.02,0.0,284,527,0.2040816326530612,0.2083333333333333,0.004251700680272086,0.004251700680272086,0.7755102040816326,0.7708333333333334,-0.0046768707482992555,0.0046768707482992555,1169.3061224489795,1007.3541666666666,,0.97,-0.1,0.1,0.75,0.7
fresh_positive,0.85,1.0,631,712,0.2040816326530612,0.2083333333333333,0.004251700680272086,0.004251700680272086,0.7959183673469388,0.7916666666666666,-0.004251700680272141,0.004251700680272141,903.8163265306124,817.5,0.0,0.995,-0.1,0.0,0.5,
fresh_p_positive,0.97,0.995,684,711,0.2040816326530612,0.2083333333333333,0.004251700680272086,0.004251700680272086,0.7959183673469388,0.7916666666666666,-0.004251700680272141,0.004251700680272141,1063.2857142857142,909.0208333333334,0.0,,-0.1,0.0,0.25,1.0
previous_positive,0.0,0.1,711,714,0.2083333333333333,0.2040816326530612,-0.004251700680272086,0.004251700680272086,0.7916666666666666,0.7959183673469388,0.004251700680272141,0.004251700680272141,909.0208333333334,850.8163265306123,0.0,0.995,-0.1,,0.25,1.0
fresh_negative,-0.02,0.0,436,679,0.2083333333333333,0.2040816326530612,-0.004251700680272086,0.004251700680272086,0.7916666666666666,0.7959183673469388,0.004251700680272141,0.004251700680272141,969.1458333333334,964.1224489795918,,0.97,-0.25,0.1,0.5,1.0
fresh_positive,0.85,1.0,395,476,0.0313479623824451,0.0355871886120996,0.0042392262296544955,0.0042392262296544955,0.9686520376175548,0.9644128113879004,-0.004239226229654447,0.004239226229654447,202.31974921630092,225.4697508896797,-0.02,0.995,-0.1,0.25,0.75,
fresh_positive,0.85,1.0,152,233,0.0313479623824451,0.0355871886120996,0.0042392262296544955,0.0042392262296544955,0.9686520376175548,0.9644128113879004,-0.004239226229654447,0.004239226229654447,208.89655172413796,219.73665480427047,-0.1,0.995,-0.1,0.25,0.75,
fresh_positive,0.85,1.0,377,458,0.0313479623824451,0.0355871886120996,0.0042392262296544955,0.0042392262296544955,0.9686520376175548,0.9644128113879004,-0.004239226229654447,0.004239226229654447,228.1630094043887,267.7259786476868,-0.02,0.97,0.0,0.25,0.75,
previous_negative,-0.25,-0.1,359,368,0.0355871886120996,0.0313479623824451,-0.0042392262296544955,0.0042392262296544955,0.9644128113879004,0.9686520376175548,0.004239226229654447,0.004239226229654447,260.8683274021352,239.5485893416928,-0.02,0.97,,0.25,0.75,0.85
fresh_negative,-0.02,0.0,441,684,0.2,0.2040816326530612,0.00408163265306119,0.00408163265306119,0.76,0.7959183673469388,0.03591836734693876,0.03591836734693876,1143.22,1063.2857142857142,,0.97,-0.1,0.0,0.25,1.0
fresh_negative,-0.02,0.0,423,666,0.2040816326530612,0.2,-0.00408163265306119,0.00408163265306119,0.7959183673469388,0.76,-0.03591836734693876,0.03591836734693876,1149.0816326530612,1101.32,,0.9,0.0,0.0,0.25,1.0
previous_negative,-0.1,0.0,179,188,0.2,0.2040816326530612,0.00408163265306119,0.00408163265306119,0.8,0.7755102040816326,-0.02448979591836742,0.02448979591836742,1248.6,1189.0,-0.1,0.9,,0.25,0.75,1.0
fresh_positive,0.85,1.0,340,421,0.2,0.2040816326530612,0.00408163265306119,0.00408163265306119,0.8,0.7755102040816326,-0.02448979591836742,0.02448979591836742,1341.72,1154.1020408163265,-0.02,0.9,-0.1,0.25,0.5,
fresh_negative,-0.1,-0.02,188,431,0.2040816326530612,0.2,-0.00408163265306119,0.00408163265306119,0.7755102040816326,0.8,0.02448979591836742,0.02448979591836742,1189.0,960.28,,0.9,0.0,0.25,0.75,1.0
fresh_positive,0.85,1.0,117,198,0.2040816326530612,0.2,-0.00408163265306119,0.00408163265306119,0.7755102040816326,0.8,0.02448979591836742,0.02448979591836742,1214.1020408163265,1089.84,-0.1,0.97,-0.1,0.0,0.25,
previous_positive,0.0,0.1,117,120,0.2040816326530612,0.2,-0.00408163265306119,0.00408163265306119,0.7755102040816326,0.8,0.02448979591836742,0.02448979591836742,1214.1020408163265,971.84,-0.1,0.97,-0.1,,0.25,0.85
fresh_positive,0.85,1.0,361,442,0.2040816326530612,0.2,-0.00408163265306119,0.00408163265306119,0.7959183673469388,0.78,-0.015918367346938744,0.015918367346938744,1017.1632653061224,981.1,-0.02,0.97,-0.1,0.0,0.5,
fresh_p_positive,0.97,0.995,293,320,0.2,0.2040816326530612,0.00408163265306119,0.00408163265306119,0.76,0.7755102040816326,0.015510204081632617,0.015510204081632617,1085.3,984.7755102040816,-0.02,,0.0,0.1,0.75,0.7
fresh_p_positive,0.97,0.995,441,468,0.2,0.2040816326530612,0.00408163265306119,0.00408163265306119,0.76,0.7755102040816326,0.015510204081632617,0.015510204081632617,1143.22,973.2244897959184,-0.02,,-0.1,0.0,0.25,1.0
previous_negative,-0.1,0.0,284,293,0.2040816326530612,0.2,-0.00408163265306119,0.00408163265306119,0.7755102040816326,0.76,-0.015510204081632617,0.015510204081632617,1169.3061224489795,1085.3,-0.02,0.97,,0.1,0.75,0.7
fresh_negative,-0.02,0.0,320,563,0.2040816326530612,0.2,-0.00408163265306119,0.00408163265306119,0.7755102040816326,0.78,0.004489795918367401,0.004489795918367401,984.7755102040816,1041.76,,0.995,0.0,0.1,0.75,0.7
fresh_negative,-0.02,0.0,461,704,0.2,0.2040816326530612,0.00408163265306119,0.00408163265306119,0.8,0.7959183673469388,-0.004081632653061273,0.004081632653061273,844.22,815.6122448979592,,0.995,-0.25,0.0,0.75,1.0
fresh_negative,-0.1,-0.02,147,390,0.2,0.2040816326530612,0.00408163265306119,0.00408163265306119,0.8,0.7959183673469388,-0.004081632653061273,0.004081632653061273,951.34,949.734693877551,,0.995,-0.1,0.1,0.25,0.85
fresh_p_positive,0.97,0.995,606,633,0.2,0.2040816326530612,0.00408163265306119,0.00408163265306119,0.8,0.7959183673469388,-0.004081632653061273,0.004081632653061273,989.34,862.1428571428571,0.0,,-0.1,0.1,0.25,0.85
fresh_p_positive,0.97,0.995,363,390,0.2,0.2040816326530612,0.00408163265306119,0.00408163265306119,0.8,0.7959183673469388,-0.004081632653061273,0.004081632653061273,1012.68,949.734693877551,-0.02,,-0.1,0.1,0.25,0.85
fresh_p_positive,0.97,0.995,604,631,0.2,0.2040816326530612,0.00408163265306119,0.00408163265306119,0.8,0.7959183673469388,-0.004081632653061273,0.004081632653061273,1035.62,903.8163265306124,0.0,,-0.1,0.0,0.5,0.85
previous_p_positive,0.5,0.75,106,107,0.2,0.2040816326530612,0.00408163265306119,0.00408163265306119,0.8,0.7959183673469388,-0.004081632653061273,0.004081632653061273,1308.92,1123.0,-0.1,0.9,0.0,0.25,,0.85
previous_negative,-0.25,-0.1,704,713,0.2040816326530612,0.2,-0.00408163265306119,0.00408163265306119,0.7959183673469388,0.8,0.004081632653061273,0.004081632653061273,815.6122448979592,867.62,0.0,0.995,,0.0,0.75,1.0
fresh_p_positive,0.97,0.995,679,706,0.2040816326530612,0.2,-0.00408163265306119,0.00408163265306119,0.7959183673469388,0.8,0.004081632653061273,0.004081632653061273,964.1224489795918,979.64,0.0,,-0.25,0.1,0.5,1.0
fresh_negative,-0.02,0.0,361,604,0.2040816326530612,0.2,-0.00408163265306119,0.00408163265306119,0.7959183673469388,0.8,0.004081632653061273,0.004081632653061273,1017.1632653061224,1035.62,,0.97,-0.1,0.0,0.5,0.85
fresh_negative,-0.02,0.0,413,656,0.2040816326530612,0.2,-0.00408163265306119,0.00408163265306119,0.7959183673469388,0.8,0.004081632653061273,0.004081632653061273,1105.2448979591836,1117.68,,0.9,-0.25,0.25,0.75,1.0
previous_p_positive,0.5,0.75,418,419,0.2040816326530612,0.2,-0.00408163265306119,0.00408163265306119,0.7959183673469388,0.8,0.004081632653061273,0.004081632653061273,1171.142857142857,1144.16,-0.02,0.9,-0.1,0.1,,1.0
fresh_positive,0.85,1.0,98,179,0.2040816326530612,0.2,-0.00408163265306119,0.00408163265306119,0.7959183673469388,0.8,0.004081632653061273,0.004081632653061273,1209.9591836734694,1248.6,-0.1,0.9,-0.1,0.25,0.75,
fresh_negative,-0.02,0.0,410,653,0.2040816326530612,0.2,-0.00408163265306119,0.00408163265306119,0.7959183673469388,0.8,0.004081632653061273,0.004081632653061273,1214.061224489796,1139.8,,0.9,-0.25,0.1,0.75,1.0
previous_negative,-0.25,-0.1,410,419,0.2040816326530612,0.2,-0.00408163265306119,0.00408163265306119,0.7959183673469388,0.8,0.004081632653061273,0.004081632653061273,1214.061224489796,1144.16,-0.02,0.9,,0.1,0.75,1.0
fresh_negative,-0.1,-0.02,61,304,0.2040816326530612,0.2,-0.00408163265306119,0.00408163265306119,0.7959183673469388,0.8,0.004081632653061273,0.004081632653061273,1380.2857142857142,1122.3,,0.995,-0.25,0.25,0.5,0.7
fresh_negative,-0.02,0.0,455,698,0.0454545454545454,0.0495049504950495,0.0040504050405041,0.0040504050405041,0.95,0.9405940594059404,-0.009405940594059525,0.009405940594059525,326.17727272727274,365.5495049504951,,0.97,0.0,0.1,0.75,1.0
fresh_negative,-0.1,-0.02,110,353,0.2,0.196078431372549,-0.003921568627451022,0.003921568627451022,0.76,0.803921568627451,0.043921568627451,0.043921568627451,1051.62,1074.6666666666667,,0.97,-0.25,0.0,0.75,0.85
previous_positive,0.0,0.1,441,444,0.2,0.196078431372549,-0.003921568627451022,0.003921568627451022,0.76,0.803921568627451,0.043921568627451,0.043921568627451,1143.22,976.0980392156864,-0.02,0.97,-0.1,,0.25,1.0
fresh_negative,-0.1,-0.02,199,442,0.196078431372549,0.2,0.003921568627451022,0.003921568627451022,0.803921568627451,0.78,-0.023921568627450984,0.023921568627450984,1016.2352941176472,981.1,,0.97,-0.1,0.0,0.5,1.0
fresh_negative,-0.02,0.0,348,591,0.2,0.196078431372549,-0.003921568627451022,0.003921568627451022,0.8,0.7843137254901961,-0.015686274509803977,0.015686274509803977,1194.48,1204.2941176470588,,0.9,0.0,0.25,0.25,0.85
fresh_negative,-0.02,0.0,470,713,0.196078431372549,0.2,0.003921568627451022,0.003921568627451022,0.803921568627451,0.8,-0.0039215686274509665,0.0039215686274509665,852.2941176470588,867.62,,0.995,-0.1,0.0,0.75,1.0
fresh_p_positive,0.97,0.995,686,713,0.196078431372549,0.2,0.003921568627451022,0.003921568627451022,0.803921568627451,0.8,-0.0039215686274509665,0.0039215686274509665,890.2352941176471,867.62,0.0,,-0.1,0.0,0.75,1.0
fresh_negative,-0.02,0.0,294,537,0.196078431372549,0.2,0.003921568627451022,0.003921568627451022,0.803921568627451,0.8,-0.0039215686274509665,0.0039215686274509665,1057.3725490196075,1123.74,,0.97,0.0,0.25,0.25,0.7
previous_negative,-0.1,0.0,422,431,0.196078431372549,0.2,0.003921568627451022,0.003921568627451022,0.803921568627451,0.8,-0.0039215686274509665,0.0039215686274509665,1060.1176470588234,960.28,-0.02,0.9,,0.25,0.75,1.0
fresh_negative,-0.02,0.0,353,596,0.196078431372549,0.2,0.003921568627451022,0.003921568627451022,0.803921568627451,0.8,-0.0039215686274509665,0.0039215686274509665,1074.6666666666667,1018.88,,0.97,-0.25,0.0,0.75,0.85
fresh_p_positive,0.97,0.995,353,380,0.196078431372549,0.2,0.003921568627451022,0.003921568627451022,0.803921568627451,0.8,-0.0039215686274509665,0.0039215686274509665,1074.6666666666667,938.06,-0.02,,-0.25,0.0,0.75,0.85
previous_positive,0.1,0.25,428,431,0.196078431372549,0.2,0.003921568627451022,0.003921568627451022,0.803921568627451,0.8,-0.0039215686274509665,0.0039215686274509665,1103.7450980392157,960.28,-0.02,0.9,0.0,,0.75,1.0
previous_negative,-0.25,-0.1,461,470,0.2,0.196078431372549,-0.003921568627451022,0.003921568627451022,0.8,0.803921568627451,0.0039215686274509665,0.0039215686274509665,844.22,852.2941176470588,-0.02,0.995,,0.0,0.75,1.0
fresh_positive,0.85,1.0,389,470,0.2,0.196078431372549,-0.003921568627451022,0.003921568627451022,0.8,0.803921568627451,0.0039215686274509665,0.0039215686274509665,874.44,852.2941176470588,-0.02,0.995,-0.1,0.0,0.75,
fresh_negative,-0.02,0.0,431,674,0.2,0.196078431372549,-0.003921568627451022,0.003921568627451022,0.8,0.803921568627451,0.0039215686274509665,0.0039215686274509665,960.28,934.5098039215686,,0.9,0.0,0.25,0.75,1.0
fresh_positive,0.85,1.0,363,444,0.2,0.196078431372549,-0.003921568627451022,0.003921568627451022,0.8,0.803921568627451,0.0039215686274509665,0.0039215686274509665,1012.68,976.0980392156864,-0.02,0.97,-0.1,0.1,0.25,
fresh_positive,0.85,1.0,596,677,0.2,0.196078431372549,-0.003921568627451022,0.003921568627451022,0.8,0.803921568627451,0.0039215686274509665,0.0039215686274509665,1018.88,1031.235294117647,0.0,0.97,-0.25,0.0,0.75,
fresh_negative,-0.02,0.0,355,598,0.2,0.196078431372549,-0.003921568627451022,0.003921568627451022,0.8,0.803921568627451,0.0039215686274509665,0.0039215686274509665,1068.04,1106.7254901960785,,0.97,-0.25,0.1,0.5,0.85
previous_p_positive,0.25,0.5,198,199,0.2,0.196078431372549,-0.003921568627451022,0.003921568627451022,0.8,0.803921568627451,0.0039215686274509665,0.0039215686274509665,1089.84,1016.2352941176472,-0.1,0.97,-0.1,0.0,,1.0
previous_p_positive,0.5,0.75,589,590,0.2,0.196078431372549,-0.003921568627451022,0.003921568627451022,0.8,0.803921568627451,0.0039215686274509665,0.0039215686274509665,1122.14,1109.8235294117646,0.0,0.9,0.0,0.1,,0.85
fresh_negative,-0.02,0.0,304,547,0.2,0.196078431372549,-0.003921568627451022,0.003921568627451022,0.8,0.803921568627451,0.0039215686274509665,0.0039215686274509665,1122.3,1278.7843137254902,,0.995,-0.25,0.25,0.5,0.7
previous_negative,-0.1,0.0,419,428,0.2,0.196078431372549,-0.003921568627451022,0.003921568627451022,0.8,0.803921568627451,0.0039215686274509665,0.0039215686274509665,1144.16,1103.7450980392157,-0.02,0.9,,0.1,0.75,1.0
previous_positive,0.1,0.25,419,422,0.2,0.196078431372549,-0.003921568627451022,0.003921568627451022,0.8,0.803921568627451,0.0039215686274509665,0.0039215686274509665,1144.16,1060.1176470588234,-0.02,0.9,-0.1,,0.75,1.0
fresh_negative,-0.1,-0.02,179,422,0.2,0.196078431372549,-0.003921568627451022,0.003921568627451022,0.8,0.803921568627451,0.0039215686274509665,0.0039215686274509665,1248.6,1060.1176470588234,,0.9,-0.1,0.25,0.75,1.0
fresh_positive,0.85,1.0,106,187,0.2,0.196078431372549,-0.003921568627451022,0.003921568627451022,0.8,0.803921568627451,0.0039215686274509665,0.0039215686274509665,1308.92,1291.3529411764705,-0.1,0.9,0.0,0.25,0.5,
previous_p_positive,0.5,0.75,49,50,0.196078431372549,0.1923076923076923,-0.0037707390648566985,0.0037707390648566985,0.7843137254901961,0.8076923076923077,0.023378582202111642,0.023378582202111642,1189.3333333333333,1094.826923076923,-0.1,0.97,0.0,0.1,,0.7
fresh_negative,-0.02,0.0,347,590,0.1923076923076923,0.196078431372549,0.0037707390648566985,0.0037707390648566985,0.7884615384615384,0.803921568627451,0.015460030165912575,0.015460030165912575,1234.6346153846157,1109.8235294117646,,0.9,0.0,0.1,0.75,0.85
fresh_positive,0.85,1.0,347,428,0.1923076923076923,0.196078431372549,0.0037707390648566985,0.0037707390648566985,0.7884615384615384,0.803921568627451,0.015460030165912575,0.015460030165912575,1234.6346153846157,1103.7450980392157,-0.02,0.9,0.0,0.1,0.75,
fresh_negative,-0.02,0.0,439,682,0.1388888888888889,0.1351351351351351,-0.003753753753753808,0.003753753753753808,0.8472222222222222,0.8513513513513513,0.0041291291291291055,0.0041291291291291055,882.4305555555555,898.8243243243244,,0.97,-0.25,0.25,0.5,1.0
fresh_p_positive,0.97,0.995,605,632,0.1886792452830188,0.1923076923076923,0.0036284470246734923,0.0036284470246734923,0.8113207547169812,0.7884615384615384,-0.022859216255442738,0.022859216255442738,958.0188679245284,912.2692307692308,0.0,,-0.1,0.0,0.75,0.85
previous_p_positive,0.5,0.75,397,398,0.1923076923076923,0.1886792452830188,-0.0036284470246734923,0.0036284470246734923,0.7884615384615384,0.8113207547169812,0.022859216255442738,0.022859216255442738,852.1923076923077,819.2264150943396,-0.02,0.995,0.0,0.0,,0.85
fresh_negative,-0.1,-0.02,126,369,0.1886792452830188,0.1923076923076923,0.0036284470246734923,0.0036284470246734923,0.8113207547169812,0.8076923076923077,-0.0036284470246734646,0.0036284470246734646,877.3396226415094,913.75,,0.97,0.0,0.0,0.25,0.85
fresh_p_positive,0.97,0.995,126,153,0.1886792452830188,0.1923076923076923,0.0036284470246734923,0.0036284470246734923,0.8113207547169812,0.8076923076923077,-0.0036284470246734646,0.0036284470246734646,877.3396226415094,827.4038461538462,-0.1,,0.0,0.0,0.25,0.85
fresh_negative,-0.1,-0.02,139,382,0.1886792452830188,0.1923076923076923,0.0036284470246734923,0.0036284470246734923,0.8113207547169812,0.8076923076923077,-0.0036284470246734646,0.0036284470246734646,1007.7735849056604,933.8461538461538,,0.995,-0.25,0.1,0.5,0.85
fresh_negative,-0.02,0.0,382,625,0.1923076923076923,0.1886792452830188,-0.0036284470246734923,0.0036284470246734923,0.8076923076923077,0.8113207547169812,0.0036284470246734646,0.0036284470246734646,933.8461538461538,957.5849056603772,,0.995,-0.25,0.1,0.5,0.85
fresh_positive,0.85,1.0,629,710,0.0323624595469255,0.0359712230215827,0.0036087634746571964,0.0036087634746571964,0.9676375404530744,0.9640287769784172,-0.0036087634746572173,0.0036087634746572173,200.6472491909385,244.74100719424465,0.0,0.995,-0.25,0.25,0.75,
fresh_negative,-0.02,0.0,467,710,0.0323624595469255,0.0359712230215827,0.0036087634746571964,0.0036087634746571964,0.9676375404530744,0.9640287769784172,-0.0036087634746572173,0.0036087634746572173,258.0744336569579,244.74100719424465,,0.995,-0.25,0.25,0.75,1.0
fresh_negative,-0.1,-0.02,151,394,0.0323624595469255,0.0359712230215827,0.0036087634746571964,0.0036087634746571964,0.9676375404530744,0.9640287769784172,-0.0036087634746572173,0.0036087634746572173,284.06472491909386,232.9748201438849,,0.995,-0.1,0.25,0.5,0.85
previous_negative,-0.1,0.0,394,403,0.0359712230215827,0.0323624595469255,-0.0036087634746571964,0.0036087634746571964,0.9640287769784172,0.9676375404530744,0.0036087634746572173,0.0036087634746572173,232.9748201438849,217.1812297734628,-0.02,0.995,,0.25,0.5,0.85
previous_p_positive,0.25,0.5,213,214,0.0671140939597315,0.0636942675159235,-0.003419826443808005,0.003419826443808005,0.9328859060402684,0.9363057324840764,0.003419826443808005,0.003419826443808005,477.38926174496646,374.108280254777,-0.1,0.97,0.0,0.25,,1.0
previous_negative,-0.1,0.0,557,566,0.0636942675159235,0.0671140939597315,0.003419826443808005,0.003419826443808005,0.929936305732484,0.9328859060402684,0.0029496003077844613,0.0029496003077844613,372.8089171974522,329.3959731543624,0.0,0.995,,0.25,0.75,0.7
fresh_negative,-0.1,-0.02,122,365,0.0636942675159235,0.0671140939597315,0.003419826443808005,0.003419826443808005,0.929936305732484,0.9328859060402684,0.0029496003077844613,0.0029496003077844613,463.2229299363057,401.5570469798658,,0.97,-0.1,0.1,0.75,0.85
fresh_positive,0.85,1.0,401,482,0.0671140939597315,0.0636942675159235,-0.003419826443808005,0.003419826443808005,0.9328859060402684,0.929936305732484,-0.0029496003077844613,0.0029496003077844613,353.4630872483221,363.0,-0.02,0.995,0.0,0.1,0.75,
previous_p_positive,0.25,0.5,237,238,0.0671140939597315,0.0636942675159235,-0.003419826443808005,0.003419826443808005,0.9328859060402684,0.929936305732484,-0.0029496003077844613,0.0029496003077844613,391.9664429530201,365.3503184713376,-0.1,0.995,0.0,0.1,,1.0
previous_negative,-0.1,0.0,229,238,0.0671140939597315,0.0636942675159235,-0.003419826443808005,0.003419826443808005,0.9328859060402684,0.929936305732484,-0.0029496003077844613,0.0029496003077844613,428.18791946308727,365.3503184713376,-0.1,0.995,,0.1,0.5,1.0
fresh_negative,-0.1,-0.02,134,377,0.0280112044817927,0.0313479623824451,0.0033367579006524026,0.0033367579006524026,0.969187675070028,0.9686520376175548,-0.0005356374524732033,0.0005356374524732033,231.83193277310923,228.1630094043887,,0.97,0.0,0.25,0.75,0.85
previous_negative,-0.25,-0.1,467,476,0.0323624595469255,0.0355871886120996,0.003224729065174098,0.003224729065174098,0.9676375404530744,0.9644128113879004,-0.0032247290651740146,0.0032247290651740146,258.0744336569579,225.4697508896797,-0.02,0.995,,0.25,0.75,1.0
previous_negative,-0.1,0.0,233,242,0.0355871886120996,0.0323624595469255,-0.003224729065174098,0.003224729065174098,0.9644128113879004,0.9676375404530744,0.0032247290651740146,0.0032247290651740146,219.73665480427047,206.9967637540453,-0.1,0.995,,0.25,0.75,1.0
previous_p_positive,0.5,0.75,610,611,0.0344827586206896,0.0313479623824451,-0.0031347962382444958,0.0031347962382444958,0.9620689655172414,0.9686520376175548,0.006583072100313392,0.006583072100313392,299.3172413793104,235.4451410658307,0.0,0.97,-0.1,0.25,,0.85
fresh_positive,0.85,1.0,368,449,0.0313479623824451,0.0344827586206896,0.0031347962382444958,0.0031347962382444958,0.9686520376175548,0.9655172413793104,-0.0031347962382444194,0.0031347962382444194,239.5485893416928,272.05172413793105,-0.02,0.97,-0.1,0.25,0.75,
fresh_positive,0.85,1.0,646,727,0.0344827586206896,0.0313479623824451,-0.0031347962382444958,0.0031347962382444958,0.9655172413793104,0.9655172413793104,0.0,0.0,199.3448275862069,243.98746081504703,0.0,0.995,0.0,0.25,0.5,
fresh_p_positive,0.97,0.995,700,727,0.0344827586206896,0.0313479623824451,-0.0031347962382444958,0.0031347962382444958,0.9655172413793104,0.9655172413793104,0.0,0.0,248.67586206896556,243.98746081504703,0.0,,0.0,0.25,0.5,1.0
previous_negative,-0.25,-0.1,62,71,0.0526315789473684,0.0495049504950495,-0.003126628452318897,0.003126628452318897,0.9421052631578948,0.9455445544554456,0.0034392912975508283,0.0034392912975508283,419.2263157894737,322.5495049504951,-0.1,0.995,,0.25,0.75,0.7
fresh_negative,-0.1,-0.02,238,481,0.0636942675159235,0.0666666666666666,0.002972399150743099,0.002972399150743099,0.929936305732484,0.9266666666666666,-0.0032696390658173424,0.0032696390658173424,365.3503184713376,350.9866666666667,,0.995,0.0,0.1,0.5,1.0
previous_p_positive,0.5,0.75,481,482,0.0666666666666666,0.0636942675159235,-0.002972399150743099,0.002972399150743099,0.9266666666666666,0.929936305732484,0.0032696390658173424,0.0032696390658173424,350.9866666666667,363.0,-0.02,0.995,0.0,0.1,,1.0
previous_positive,0.0,0.1,479,482,0.0666666666666666,0.0636942675159235,-0.002972399150743099,0.002972399150743099,0.9266666666666666,0.929936305732484,0.0032696390658173424,0.0032696390658173424,478.62,363.0,-0.02,0.995,0.0,,0.75,1.0
previous_p_positive,0.5,0.75,724,725,0.0666666666666666,0.0636942675159235,-0.002972399150743099,0.002972399150743099,0.9333333333333332,0.9363057324840764,0.00297239915074321,0.00297239915074321,341.8933333333333,327.1210191082803,0.0,0.995,0.0,0.1,,1.0
fresh_negative,-0.1,-0.02,230,473,0.0666666666666666,0.0636942675159235,-0.002972399150743099,0.002972399150743099,0.9333333333333332,0.9363057324840764,0.00297239915074321,0.00297239915074321,366.34,385.9426751592357,,0.995,-0.1,0.1,0.75,1.0
fresh_p_positive,0.97,0.995,620,647,0.027027027027027,0.0298507462686567,0.0028237192416296977,0.0028237192416296977,0.972972972972973,0.9701492537313432,-0.0028237192416298296,0.0028237192416298296,207.0837837837838,189.9074626865672,0.0,,0.0,0.25,0.75,0.85
previous_p_positive,0.5,0.75,403,404,0.0323624595469255,0.0298507462686567,-0.0025117132782688026,0.0025117132782688026,0.9676375404530744,0.9671641791044776,-0.00047336134859676804,0.00047336134859676804,217.1812297734628,198.17014925373132,-0.02,0.995,0.0,0.25,,0.85
fresh_negative,-0.1,-0.02,242,485,0.0323624595469255,0.0344827586206896,0.002120299073764098,0.002120299073764098,0.9676375404530744,0.9655172413793104,-0.002120299073763987,0.002120299073763987,206.9967637540453,187.3551724137931,,0.995,0.0,0.25,0.75,1.0
fresh_negative,-0.02,0.0,403,646,0.0323624595469255,0.0344827586206896,0.002120299073764098,0.002120299073764098,0.9676375404530744,0.9655172413793104,-0.002120299073763987,0.002120299073763987,217.1812297734628,199.3448275862069,,0.995,0.0,0.25,0.5,0.85
fresh_negative,-0.02,0.0,376,619,0.0323624595469255,0.0344827586206896,0.002120299073764098,0.002120299073764098,0.9676375404530744,0.9655172413793104,-0.002120299073763987,0.002120299073763987,235.48543689320388,264.57586206896553,,0.97,0.0,0.25,0.5,0.85
fresh_positive,0.85,1.0,644,725,0.0657894736842105,0.0636942675159235,-0.0020952061682869977,0.0020952061682869977,0.9210526315789472,0.9363057324840764,0.015253100905129213,0.015253100905129213,394.7631578947368,327.1210191082803,0.0,0.995,0.0,0.1,0.75,
fresh_negative,-0.02,0.0,475,718,0.0657894736842105,0.0636942675159235,-0.0020952061682869977,0.0020952061682869977,0.9276315789473684,0.9363057324840764,0.008674153536708085,0.008674153536708085,400.4144736842105,351.61146496815286,,0.995,-0.1,0.25,0.5,1.0
fresh_negative,-0.1,-0.02,124,367,0.0657894736842105,0.0636942675159235,-0.0020952061682869977,0.0020952061682869977,0.9276315789473684,0.9363057324840764,0.008674153536708085,0.008674153536708085,456.17105263157896,372.92356687898086,,0.97,-0.1,0.25,0.5,0.85
previous_p_positive,0.5,0.75,238,239,0.0636942675159235,0.0657894736842105,0.0020952061682869977,0.0020952061682869977,0.929936305732484,0.9342105263157896,0.004274220583305621,0.004274220583305621,365.3503184713376,342.88157894736844,-0.1,0.995,0.0,0.1,,1.0
fresh_p_positive,0.97,0.995,212,239,0.0636942675159235,0.0657894736842105,0.0020952061682869977,0.0020952061682869977,0.929936305732484,0.9342105263157896,0.004274220583305621,0.004274220583305621,413.6433121019109,342.88157894736844,-0.1,,0.0,0.1,0.75,1.0
fresh_positive,0.85,1.0,122,203,0.0636942675159235,0.0657894736842105,0.0020952061682869977,0.0020952061682869977,0.929936305732484,0.9342105263157896,0.004274220583305621,0.004274220583305621,463.2229299363057,431.6578947368421,-0.1,0.97,-0.1,0.1,0.75,
fresh_p_positive,0.97,0.995,122,149,0.0636942675159235,0.0657894736842105,0.0020952061682869977,0.0020952061682869977,0.929936305732484,0.9342105263157896,0.004274220583305621,0.004274220583305621,463.2229299363057,419.7763157894737,-0.1,,-0.1,0.1,0.75,0.85
previous_negative,-0.1,0.0,122,131,0.0636942675159235,0.0657894736842105,0.0020952061682869977,0.0020952061682869977,0.929936305732484,0.9342105263157896,0.004274220583305621,0.004274220583305621,463.2229299363057,419.7368421052632,-0.1,0.97,,0.1,0.75,0.85
fresh_negative,-0.1,-0.02,239,482,0.0657894736842105,0.0636942675159235,-0.0020952061682869977,0.0020952061682869977,0.9342105263157896,0.929936305732484,-0.004274220583305621,0.004274220583305621,342.88157894736844,363.0,,0.995,0.0,0.1,0.75,1.0
fresh_positive,0.85,1.0,131,212,0.0657894736842105,0.0636942675159235,-0.0020952061682869977,0.0020952061682869977,0.9342105263157896,0.929936305732484,-0.004274220583305621,0.004274220583305621,419.7368421052632,413.6433121019109,-0.1,0.97,0.0,0.1,0.75,
previous_negative,-0.1,0.0,203,212,0.0657894736842105,0.0636942675159235,-0.0020952061682869977,0.0020952061682869977,0.9342105263157896,0.929936305732484,-0.004274220583305621,0.004274220583305621,431.6578947368421,413.6433121019109,-0.1,0.97,,0.1,0.75,1.0
fresh_negative,-0.1,-0.02,211,454,0.0636942675159235,0.0657894736842105,0.0020952061682869977,0.0020952061682869977,0.929936305732484,0.9276315789473684,-0.0023047267851156183,0.0023047267851156183,435.0254777070064,440.4934210526316,,0.97,0.0,0.1,0.5,1.0
fresh_negative,-0.02,0.0,484,727,0.0333333333333333,0.0313479623824451,-0.0019853709508881948,0.0019853709508881948,0.9633333333333334,0.9655172413793104,0.002183908045977012,0.002183908045977012,208.78666666666663,243.98746081504703,,0.995,0.0,0.25,0.5,1.0
fresh_negative,-0.02,0.0,399,642,0.0806451612903225,0.0787401574803149,-0.0019050038100075911,0.0019050038100075911,0.9032258064516128,0.9133858267716536,0.010160020320040819,0.010160020320040819,502.78225806451616,486.5118110236221,,0.995,0.0,0.1,0.25,0.85
fresh_p_positive,0.97,0.995,615,642,0.0806451612903225,0.0787401574803149,-0.0019050038100075911,0.0019050038100075911,0.9193548387096774,0.9133858267716536,-0.005969011938023794,0.005969011938023794,521.7741935483871,486.5118110236221,0.0,,0.0,0.1,0.25,0.85
previous_negative,-0.1,0.0,125,134,0.0298507462686567,0.0280112044817927,-0.0018395417868639977,0.0018395417868639977,0.9701492537313432,0.969187675070028,-0.0009615786613151878,0.0009615786613151878,226.3910447761194,231.83193277310923,-0.1,0.97,,0.25,0.75,0.85
fresh_negative,-0.02,0.0,358,601,0.1219512195121951,0.1234567901234567,0.0015055706112615946,0.0015055706112615946,0.8780487804878049,0.8641975308641975,-0.013851249623607398,0.013851249623607398,741.5365853658536,765.2716049382716,,0.97,-0.25,0.25,0.5,0.85
fresh_negative,-0.02,0.0,350,593,0.1219512195121951,0.1234567901234567,0.0015055706112615946,0.0015055706112615946,0.8780487804878049,0.8765432098765432,-0.001505570611261664,0.001505570611261664,906.170731707317,826.4444444444445,,0.9,0.0,0.25,0.75,0.85
previous_p_positive,0.5,0.75,727,728,0.0313479623824451,0.0298507462686567,-0.001497216113788405,0.001497216113788405,0.9655172413793104,0.9701492537313432,0.0046320123520328105,0.0046320123520328105,243.98746081504703,219.74029850746268,0.0,0.995,0.0,0.25,,1.0
fresh_negative,-0.1,-0.02,125,368,0.0298507462686567,0.0313479623824451,0.001497216113788405,0.001497216113788405,0.9701492537313432,0.9686520376175548,-0.001497216113788391,0.001497216113788391,226.3910447761194,239.5485893416928,,0.97,-0.1,0.25,0.75,0.85
fresh_p_positive,0.97,0.995,125,152,0.0298507462686567,0.0313479623824451,0.001497216113788405,0.001497216113788405,0.9701492537313432,0.9686520376175548,-0.001497216113788391,0.001497216113788391,226.3910447761194,208.89655172413796,-0.1,,-0.1,0.25,0.75,0.85
previous_negative,-0.1,0.0,395,404,0.0313479623824451,0.0298507462686567,-0.001497216113788405,0.001497216113788405,0.9686520376175548,0.9671641791044776,-0.0014878585130772004,0.0014878585130772004,202.31974921630092,198.17014925373132,-0.02,0.995,,0.25,0.75,0.85
fresh_p_positive,0.97,0.995,377,404,0.0313479623824451,0.0298507462686567,-0.001497216113788405,0.001497216113788405,0.9686520376175548,0.9671641791044776,-0.0014878585130772004,0.0014878585130772004,228.1630094043887,198.17014925373132,-0.02,,0.0,0.25,0.75,0.85
fresh_positive,0.85,1.0,364,445,0.1204819277108433,0.1219512195121951,0.001469291801351802,0.001469291801351802,0.8795180722891566,0.8780487804878049,-0.001469291801351691,0.001469291801351691,786.0120481927711,736.0853658536586,-0.02,0.97,-0.1,0.1,0.5,
fresh_negative,-0.02,0.0,401,644,0.0671140939597315,0.0657894736842105,-0.0013246202755210074,0.0013246202755210074,0.9328859060402684,0.9210526315789472,-0.011833274461321208,0.011833274461321208,353.4630872483221,394.7631578947368,,0.995,0.0,0.1,0.75,0.85
fresh_p_positive,0.97,0.995,617,644,0.0671140939597315,0.0657894736842105,-0.0013246202755210074,0.0013246202755210074,0.9328859060402684,0.9210526315789472,-0.011833274461321208,0.011833274461321208,417.241610738255,394.7631578947368,0.0,,0.0,0.1,0.75,0.85
fresh_negative,-0.02,0.0,322,565,0.0671140939597315,0.0657894736842105,-0.0013246202755210074,0.0013246202755210074,0.9261744966442952,0.9342105263157896,0.008036029671494416,0.008036029671494416,429.87919463087246,427.23026315789474,,0.995,0.0,0.25,0.5,0.7
previous_negative,-0.25,-0.1,140,149,0.0671140939597315,0.0657894736842105,-0.0013246202755210074,0.0013246202755210074,0.9261744966442952,0.9342105263157896,0.008036029671494416,0.008036029671494416,483.241610738255,419.7763157894737,-0.1,0.995,,0.1,0.75,0.85
fresh_negative,-0.1,-0.02,158,401,0.0657894736842105,0.0671140939597315,0.0013246202755210074,0.0013246202755210074,0.9276315789473684,0.9328859060402684,0.00525432709290008,0.00525432709290008,353.4671052631579,353.4630872483221,,0.995,0.0,0.1,0.75,0.85
previous_negative,-0.25,-0.1,356,365,0.0657894736842105,0.0671140939597315,0.0013246202755210074,0.0013246202755210074,0.9276315789473684,0.9328859060402684,0.00525432709290008,0.00525432709290008,578.5921052631579,401.5570469798658,-0.02,0.97,,0.1,0.75,0.85
previous_negative,-0.25,-0.1,278,287,0.0671140939597315,0.0657894736842105,-0.0013246202755210074,0.0013246202755210074,0.9261744966442952,0.9276315789473684,0.001457082303073176,0.001457082303073176,558.4563758389262,448.7105263157895,-0.02,0.97,,0.25,0.75,0.7
previous_p_positive,0.5,0.75,565,566,0.0657894736842105,0.0671140939597315,0.0013246202755210074,0.0013246202755210074,0.9342105263157896,0.9328859060402684,-0.00132462027552116,0.00132462027552116,427.23026315789474,329.3959731543624,0.0,0.995,0.0,0.25,,0.7
fresh_negative,-0.1,-0.02,142,385,0.0657894736842105,0.0671140939597315,0.0013246202755210074,0.0013246202755210074,0.9342105263157896,0.9328859060402684,-0.00132462027552116,0.00132462027552116,505.30263157894734,470.8590604026846,,0.995,-0.25,0.25,0.5,0.85
fresh_p_positive,0.97,0.995,456,483,0.0671140939597315,0.0657894736842105,-0.0013246202755210074,0.0013246202755210074,0.9328859060402684,0.9342105263157896,0.00132462027552116,0.00132462027552116,386.76510067114094,354.88157894736844,-0.02,,0.0,0.25,0.25,1.0
previous_p_positive,0.5,0.75,484,485,0.0333333333333333,0.0344827586206896,0.001149425287356301,0.001149425287356301,0.9633333333333334,0.9655172413793104,0.002183908045977012,0.002183908045977012,208.78666666666663,187.3551724137931,-0.02,0.995,0.0,0.25,,1.0
fresh_p_positive,0.97,0.995,449,476,0.0344827586206896,0.0355871886120996,0.0011044299914099998,0.0011044299914099998,0.9655172413793104,0.9644128113879004,-0.0011044299914100275,0.0011044299914100275,272.05172413793105,225.4697508896797,-0.02,,-0.1,0.25,0.75,1.0
previous_negative,-0.1,0.0,449,458,0.0344827586206896,0.0355871886120996,0.0011044299914099998,0.0011044299914099998,0.9655172413793104,0.9644128113879004,-0.0011044299914100275,0.0011044299914100275,272.05172413793105,267.7259786476868,-0.02,0.97,,0.25,0.75,1.0
fresh_p_positive,0.97,0.995,206,233,0.0344827586206896,0.0355871886120996,0.0011044299914099998,0.0011044299914099998,0.9655172413793104,0.9644128113879004,-0.0011044299914100275,0.0011044299914100275,280.4103448275862,219.73665480427047,-0.1,,-0.1,0.25,0.75,1.0
previous_negative,-0.1,0.0,476,485,0.0355871886120996,0.0344827586206896,-0.0011044299914099998,0.0011044299914099998,0.9644128113879004,0.9655172413793104,0.0011044299914100275,0.0011044299914100275,225.4697508896797,187.3551724137931,-0.02,0.995,,0.25,0.75,1.0
fresh_negative,-0.02,0.0,458,701,0.0355871886120996,0.0344827586206896,-0.0011044299914099998,0.0011044299914099998,0.9644128113879004,0.9655172413793104,0.0011044299914100275,0.0011044299914100275,267.7259786476868,241.9,,0.97,0.0,0.25,0.75,1.0
fresh_p_positive,0.97,0.995,458,485,0.0355871886120996,0.0344827586206896,-0.0011044299914099998,0.0011044299914099998,0.9644128113879004,0.9655172413793104,0.0011044299914100275,0.0011044299914100275,267.7259786476868,187.3551724137931,-0.02,,0.0,0.25,0.75,1.0
previous_p_positive,0.5,0.75,376,377,0.0323624595469255,0.0313479623824451,-0.0010144971644803977,0.0010144971644803977,0.9676375404530744,0.9686520376175548,0.0010144971644804324,0.0010144971644804324,235.48543689320388,228.1630094043887,-0.02,0.97,0.0,0.25,,0.85
previous_p_positive,0.5,0.75,151,152,0.0323624595469255,0.0313479623824451,-0.0010144971644803977,0.0010144971644803977,0.9676375404530744,0.9686520376175548,0.0010144971644804324,0.0010144971644804324,284.06472491909386,208.89655172413796,-0.1,0.995,-0.1,0.25,,0.85
fresh_positive,0.85,1.0,403,484,0.0323624595469255,0.0333333333333333,0.0009708737864077971,0.0009708737864077971,0.9676375404530744,0.9633333333333334,-0.004304207119740999,0.004304207119740999,217.1812297734628,208.78666666666663,-0.02,0.995,0.0,0.25,0.5,
fresh_negative,-0.1,-0.02,241,484,0.0323624595469255,0.0333333333333333,0.0009708737864077971,0.0009708737864077971,0.964401294498382,0.9633333333333334,-0.001067961165048592,0.001067961165048592,231.1747572815534,208.78666666666663,,0.995,0.0,0.25,0.5,1.0
previous_negative,-0.25,-0.1,626,635,0.0666666666666666,0.0657894736842105,-0.0008771929824561014,0.0008771929824561014,0.92,0.9210526315789472,0.001052631578947194,0.001052631578947194,485.3933333333333,459.1513157894737,0.0,0.995,,0.1,0.75,0.85
fresh_p_positive,0.97,0.995,454,481,0.0657894736842105,0.0666666666666666,0.0008771929824561014,0.0008771929824561014,0.9276315789473684,0.9266666666666666,-0.0009649122807017241,0.0009649122807017241,440.4934210526316,350.9866666666667,-0.02,,0.0,0.1,0.5,1.0
fresh_positive,0.85,1.0,149,230,0.0657894736842105,0.0666666666666666,0.0008771929824561014,0.0008771929824561014,0.9342105263157896,0.9333333333333332,-0.0008771929824563651,0.0008771929824563651,419.7763157894737,366.34,-0.1,0.995,-0.1,0.1,0.75,
fresh_p_positive,0.97,0.995,203,230,0.0657894736842105,0.0666666666666666,0.0008771929824561014,0.0008771929824561014,0.9342105263157896,0.9333333333333332,-0.0008771929824563651,0.0008771929824563651,431.6578947368421,366.34,-0.1,,-0.1,0.1,0.75,1.0
previous_negative,-0.1,0.0,230,239,0.0666666666666666,0.0657894736842105,-0.0008771929824561014,0.0008771929824561014,0.9333333333333332,0.9342105263157896,0.0008771929824563651,0.0008771929824563651,366.34,342.88157894736844,-0.1,0.995,,0.1,0.75,1.0
previous_positive,0.1,0.25,480,483,0.0666666666666666,0.0657894736842105,-0.0008771929824561014,0.0008771929824561014,0.9333333333333332,0.9342105263157896,0.0008771929824563651,0.0008771929824563651,391.4666666666666,354.88157894736844,-0.02,0.995,0.0,,0.25,1.0
fresh_positive,0.85,1.0,626,707,0.0666666666666666,0.0671140939597315,0.0004474272930649059,0.0004474272930649059,0.92,0.9328859060402684,0.012885906040268402,0.012885906040268402,485.3933333333333,415.77852348993287,0.0,0.995,-0.25,0.1,0.75,
fresh_p_positive,0.97,0.995,452,479,0.0671140939597315,0.0666666666666666,-0.0004474272930649059,0.0004474272930649059,0.9194630872483222,0.9266666666666666,0.007203579418344486,0.007203579418344486,509.5838926174497,478.62,-0.02,,0.0,0.0,0.75,1.0
fresh_positive,0.85,1.0,400,481,0.0671140939597315,0.0666666666666666,-0.0004474272930649059,0.0004474272930649059,0.9261744966442952,0.9266666666666666,0.000492170022371452,0.000492170022371452,393.248322147651,350.9866666666667,-0.02,0.995,0.0,0.1,0.5,
fresh_negative,-0.02,0.0,480,723,0.0666666666666666,0.0671140939597315,0.0004474272930649059,0.0004474272930649059,0.9333333333333332,0.9328859060402684,-0.0004474272930647949,0.0004474272930647949,391.4666666666666,350.06040268456377,,0.995,0.0,0.1,0.25,1.0
previous_p_positive,0.25,0.5,723,724,0.0671140939597315,0.0666666666666666,-0.0004474272930649059,0.0004474272930649059,0.9328859060402684,0.9333333333333332,0.0004474272930647949,0.0004474272930647949,350.06040268456377,341.8933333333333,0.0,0.995,0.0,0.1,,1.0
fresh_negative,-0.1,-0.02,237,480,0.0671140939597315,0.0666666666666666,-0.0004474272930649059,0.0004474272930649059,0.9328859060402684,0.9333333333333332,0.0004474272930647949,0.0004474272930647949,391.9664429530201,391.4666666666666,,0.995,0.0,0.1,0.25,1.0
previous_p_positive,0.5,0.75,229,230,0.0671140939597315,0.0666666666666666,-0.0004474272930649059,0.0004474272930649059,0.9328859060402684,0.9333333333333332,0.0004474272930647949,0.0004474272930647949,428.18791946308727,366.34,-0.1,0.995,-0.1,0.1,,1.0
previous_negative,-0.25,-0.1,710,719,0.0359712230215827,0.0355871886120996,-0.0003840344094830986,0.0003840344094830986,0.9640287769784172,0.9644128113879004,0.00038403440948320267,0.00038403440948320267,244.74100719424465,224.067615658363,0.0,0.995,,0.25,0.75,1.0
fresh_negative,-0.1,-0.02,116,359,0.0359712230215827,0.0355871886120996,-0.0003840344094830986,0.0003840344094830986,0.9640287769784172,0.9644128113879004,0.00038403440948320267,0.00038403440948320267,337.6007194244604,260.8683274021352,,0.97,-0.25,0.25,0.75,0.85
fresh_negative,-0.02,0.0,254,497,0.625,0.625,0.0,0.0,0.375,0.25,-0.125,0.125,2630.0,3053.125,,0.9,-0.1,0.0,0.75,0.7
fresh_negative,-0.1,-0.02,166,409,0.3703703703703703,0.3703703703703703,0.0,0.0,0.5185185185185185,0.6296296296296297,0.11111111111111116,0.11111111111111116,2310.259259259259,1848.1851851851848,,0.9,-0.25,0.1,0.5,1.0
previous_positive,0.1,0.25,166,169,0.3703703703703703,0.3703703703703703,0.0,0.0,0.5185185185185185,0.6296296296296297,0.11111111111111116,0.11111111111111116,2310.259259259259,2031.5185185185185,-0.1,0.9,-0.25,,0.5,1.0
fresh_negative,-0.02,0.0,262,505,0.5,0.5,0.0,0.0,0.5,0.4,-0.09999999999999998,0.09999999999999998,2542.2,2678.95,,0.9,0.0,0.0,0.5,0.7
previous_positive,0.1,0.25,264,267,0.4761904761904761,0.4761904761904761,0.0,0.0,0.4285714285714285,0.5238095238095238,0.09523809523809534,0.09523809523809534,2451.285714285714,2284.3809523809523,-0.02,0.9,0.0,,0.25,0.7
fresh_negative,-0.02,0.0,255,498,0.8333333333333334,0.8333333333333334,0.0,0.0,0.0833333333333333,0.1666666666666666,0.0833333333333333,0.0833333333333333,3620.75,3285.4166666666665,,0.9,-0.1,0.1,0.25,0.7
previous_negative,-0.1,0.0,281,290,0.4,0.4,0.0,0.0,0.52,0.6,0.07999999999999996,0.07999999999999996,2164.36,1759.48,-0.02,0.97,,0.0,0.75,0.7
previous_negative,-0.1,0.0,252,261,0.7142857142857143,0.7142857142857143,0.0,0.0,0.2142857142857142,0.2857142857142857,0.07142857142857151,0.07142857142857151,3232.6428571428573,2917.214285714286,-0.02,0.9,,0.0,0.25,0.7
previous_p_positive,0.25,0.5,252,253,0.7142857142857143,0.7142857142857143,0.0,0.0,0.2142857142857142,0.2857142857142857,0.07142857142857151,0.07142857142857151,3232.6428571428573,3091.3571428571427,-0.02,0.9,-0.1,0.0,,0.7
fresh_negative,-0.1,-0.02,87,330,0.625,0.625,0.0,0.0,0.3125,0.375,0.0625,0.0625,2722.3125,2671.625,,0.9,-0.25,0.25,0.25,0.85
fresh_negative,-0.1,-0.02,63,306,0.625,0.625,0.0,0.0,0.25,0.3125,0.0625,0.0625,2822.875,2781.6875,,0.995,-0.1,0.0,0.25,0.7
fresh_p_positive,0.97,0.995,522,549,0.5555555555555556,0.5555555555555556,0.0,0.0,0.4444444444444444,0.3888888888888889,-0.055555555555555525,0.055555555555555525,2383.722222222222,2762.555555555556,0.0,,-0.1,0.0,0.25,0.7
fresh_p_positive,0.97,0.995,33,60,0.5555555555555556,0.5555555555555556,0.0,0.0,0.4444444444444444,0.3888888888888889,-0.055555555555555525,0.055555555555555525,2387.333333333333,2510.055555555556,-0.1,,-0.25,0.25,0.25,0.7
fresh_negative,-0.02,0.0,279,522,0.5555555555555556,0.5555555555555556,0.0,0.0,0.3888888888888889,0.4444444444444444,0.055555555555555525,0.055555555555555525,2590.777777777778,2383.722222222222,,0.97,-0.1,0.0,0.25,0.7
fresh_p_positive,0.9,0.97,648,675,0.5555555555555556,0.5555555555555556,0.0,0.0,0.3888888888888889,0.4444444444444444,0.055555555555555525,0.055555555555555525,2598.333333333333,2288.1666666666665,0.0,,-0.25,0.0,0.25,1.0
fresh_negative,-0.1,-0.02,36,279,0.5555555555555556,0.5555555555555556,0.0,0.0,0.4444444444444444,0.3888888888888889,-0.055555555555555525,0.055555555555555525,2614.1111111111118,2590.777777777778,,0.97,-0.1,0.0,0.25,0.7
fresh_positive,0.85,1.0,567,648,0.5555555555555556,0.5555555555555556,0.0,0.0,0.4444444444444444,0.3888888888888889,-0.055555555555555525,0.055555555555555525,2646.3888888888887,2598.333333333333,0.0,0.9,-0.25,0.0,0.25,
fresh_negative,-0.02,0.0,256,499,0.5555555555555556,0.5555555555555556,0.0,0.0,0.3888888888888889,0.4444444444444444,0.055555555555555525,0.055555555555555525,2811.333333333333,2674.277777777778,,0.9,-0.1,0.1,0.5,0.7
fresh_negative,-0.1,-0.02,216,459,0.5,0.5,0.0,0.0,0.45,0.5,0.04999999999999999,0.04999999999999999,2364.5,2144.7,,0.995,-0.25,0.0,0.25,1.0
fresh_p_positive,0.97,0.995,189,216,0.5,0.5,0.0,0.0,0.5,0.45,-0.04999999999999999,0.04999999999999999,2387.75,2364.5,-0.1,,-0.25,0.0,0.25,1.0
previous_negative,-0.1,0.0,550,559,0.4761904761904761,0.4761904761904761,0.0,0.0,0.4285714285714285,0.4761904761904761,0.047619047619047616,0.047619047619047616,2456.3809523809523,2198.5238095238096,0.0,0.995,,0.0,0.5,0.7
fresh_negative,-0.1,-0.02,136,379,0.2222222222222222,0.2222222222222222,0.0,0.0,0.7777777777777778,0.7333333333333333,-0.04444444444444451,0.04444444444444451,1198.7333333333331,1289.8444444444444,,0.995,-0.25,0.0,0.5,0.85
previous_negative,-0.1,0.0,38,47,0.4347826086956521,0.4347826086956521,0.0,0.0,0.5217391304347826,0.5652173913043478,0.04347826086956519,0.04347826086956519,2021.782608695652,1778.608695652174,-0.1,0.97,,0.0,0.75,0.7
fresh_p_positive,0.97,0.995,594,621,0.4347826086956521,0.4347826086956521,0.0,0.0,0.5652173913043478,0.5217391304347826,-0.04347826086956519,0.04347826086956519,2116.086956521739,2135.9565217391305,0.0,,-0.25,0.0,0.25,0.85
previous_positive,0.0,0.1,83,86,0.4347826086956521,0.4347826086956521,0.0,0.0,0.5652173913043478,0.5217391304347826,-0.04347826086956519,0.04347826086956519,2423.217391304348,2181.826086956521,-0.1,0.9,-0.25,,0.75,0.85
fresh_negative,-0.02,0.0,292,535,0.2083333333333333,0.2083333333333333,0.0,0.0,0.75,0.7916666666666666,0.04166666666666663,0.04166666666666663,1177.3333333333333,1099.7708333333333,,0.97,0.0,0.1,0.5,0.7
fresh_negative,-0.02,0.0,293,536,0.2,0.2,0.0,0.0,0.76,0.8,0.040000000000000036,0.040000000000000036,1085.3,1030.24,,0.97,0.0,0.1,0.75,0.7
fresh_negative,-0.1,-0.02,198,441,0.2,0.2,0.0,0.0,0.8,0.76,-0.040000000000000036,0.040000000000000036,1089.84,1143.22,,0.97,-0.1,0.0,0.25,1.0
previous_p_positive,0.25,0.5,531,532,0.4,0.4,0.0,0.0,0.56,0.6,0.039999999999999925,0.039999999999999925,1788.0,1825.72,0.0,0.97,0.0,0.0,,0.7
fresh_negative,-0.02,0.0,289,532,0.4,0.4,0.0,0.0,0.56,0.6,0.039999999999999925,0.039999999999999925,1961.76,1825.72,,0.97,0.0,0.0,0.5,0.7
previous_p_positive,0.5,0.75,289,290,0.4,0.4,0.0,0.0,0.56,0.6,0.039999999999999925,0.039999999999999925,1961.76,1759.48,-0.02,0.97,0.0,0.0,,0.7
fresh_positive,0.85,1.0,382,463,0.1923076923076923,0.1923076923076923,0.0,0.0,0.8076923076923077,0.7692307692307693,-0.038461538461538436,0.038461538461538436,933.8461538461538,1066.4038461538462,-0.02,0.995,-0.25,0.1,0.5,
fresh_negative,-0.1,-0.02,88,331,0.3703703703703703,0.3703703703703703,0.0,0.0,0.5925925925925926,0.6296296296296297,0.03703703703703709,0.03703703703703709,1768.7407407407406,1849.2962962962963,,0.9,-0.25,0.25,0.5,0.85
fresh_positive,0.85,1.0,88,169,0.3703703703703703,0.3703703703703703,0.0,0.0,0.5925925925925926,0.6296296296296297,0.03703703703703709,0.03703703703703709,1768.7407407407406,2031.5185185185185,-0.1,0.9,-0.25,0.25,0.5,
fresh_negative,-0.1,-0.02,217,460,0.25,0.25,0.0,0.0,0.75,0.725,-0.025000000000000022,0.025000000000000022,1185.375,1186.725,,0.995,-0.25,0.0,0.5,1.0
previous_p_positive,0.25,0.5,177,178,0.238095238095238,0.238095238095238,0.0,0.0,0.7380952380952381,0.7619047619047619,0.023809523809523725,0.023809523809523725,1490.595238095238,1312.0,-0.1,0.9,-0.1,0.25,,1.0
fresh_p_positive,0.97,0.995,291,318,0.2222222222222222,0.2222222222222222,0.0,0.0,0.7777777777777778,0.7555555555555555,-0.022222222222222254,0.022222222222222254,1276.4444444444443,1215.3777777777775,-0.02,,0.0,0.1,0.25,0.7
fresh_p_positive,0.97,0.995,534,561,0.217391304347826,0.217391304347826,0.0,0.0,0.7608695652173914,0.7391304347826086,-0.021739130434782705,0.021739130434782705,1390.2173913043478,1315.0869565217392,0.0,,0.0,0.1,0.25,0.7
fresh_negative,-0.1,-0.02,145,388,0.217391304347826,0.217391304347826,0.0,0.0,0.782608695652174,0.7608695652173914,-0.021739130434782594,0.021739130434782594,946.4130434782608,952.2608695652174,,0.995,-0.1,0.0,0.5,0.85
fresh_negative,-0.02,0.0,360,603,0.217391304347826,0.217391304347826,0.0,0.0,0.782608695652174,0.7608695652173914,-0.021739130434782594,0.021739130434782594,1053.4565217391305,1135.3260869565215,,0.97,-0.1,0.0,0.25,0.85
fresh_positive,0.85,1.0,144,225,0.217391304347826,0.217391304347826,0.0,0.0,0.7608695652173914,0.782608695652174,0.021739130434782594,0.021739130434782594,1147.3695652173913,875.0217391304348,-0.1,0.995,-0.1,0.0,0.25,
previous_p_positive,0.25,0.5,144,145,0.217391304347826,0.217391304347826,0.0,0.0,0.7608695652173914,0.782608695652174,0.021739130434782594,0.021739130434782594,1147.3695652173913,946.4130434782608,-0.1,0.995,-0.1,0.0,,0.85
fresh_negative,-0.02,0.0,312,555,0.2083333333333333,0.2083333333333333,0.0,0.0,0.75,0.7708333333333334,0.02083333333333337,0.02083333333333337,1340.7291666666667,1378.2291666666667,,0.995,-0.1,0.25,0.25,0.7
previous_p_positive,0.5,0.75,553,554,0.2083333333333333,0.2083333333333333,0.0,0.0,0.75,0.7708333333333334,0.02083333333333337,0.02083333333333337,1378.2916666666667,977.2083333333334,0.0,0.995,-0.1,0.1,,0.7
fresh_negative,-0.1,-0.02,118,361,0.2040816326530612,0.2040816326530612,0.0,0.0,0.7755102040816326,0.7959183673469388,0.020408163265306145,0.020408163265306145,1049.1020408163265,1017.1632653061224,,0.97,-0.1,0.0,0.5,0.85
fresh_positive,0.85,1.0,107,188,0.2040816326530612,0.2040816326530612,0.0,0.0,0.7959183673469388,0.7755102040816326,-0.020408163265306145,0.020408163265306145,1123.0,1189.0,-0.1,0.9,0.0,0.25,0.75,
previous_positive,0.1,0.25,418,421,0.2040816326530612,0.2040816326530612,0.0,0.0,0.7959183673469388,0.7755102040816326,-0.020408163265306145,0.020408163265306145,1171.142857142857,1154.1020408163265,-0.02,0.9,-0.1,,0.5,1.0
fresh_negative,-0.1,-0.02,137,380,0.2,0.2,0.0,0.0,0.78,0.8,0.020000000000000018,0.020000000000000018,1005.98,938.06,,0.995,-0.25,0.0,0.75,0.85
fresh_positive,0.85,1.0,137,218,0.2,0.2,0.0,0.0,0.78,0.8,0.020000000000000018,0.020000000000000018,1005.98,893.32,-0.1,0.995,-0.25,0.0,0.75,
fresh_p_positive,0.97,0.995,536,563,0.2,0.2,0.0,0.0,0.8,0.78,-0.020000000000000018,0.020000000000000018,1030.24,1041.76,0.0,,0.0,0.1,0.75,0.7
fresh_p_positive,0.97,0.995,110,137,0.2,0.2,0.0,0.0,0.76,0.78,0.020000000000000018,0.020000000000000018,1051.62,1005.98,-0.1,,-0.25,0.0,0.75,0.85
previous_p_positive,0.25,0.5,441,442,0.2,0.2,0.0,0.0,0.76,0.78,0.020000000000000018,0.020000000000000018,1143.22,981.1,-0.02,0.97,-0.1,0.0,,1.0
previous_p_positive,0.25,0.5,396,397,0.1923076923076923,0.1923076923076923,0.0,0.0,0.8076923076923077,0.7884615384615384,-0.019230769230769273,0.019230769230769273,794.2884615384615,852.1923076923077,-0.02,0.995,0.0,0.0,,0.85
previous_negative,-0.25,-0.1,623,632,0.1923076923076923,0.1923076923076923,0.0,0.0,0.8076923076923077,0.7884615384615384,-0.019230769230769273,0.019230769230769273,968.9423076923076,912.2692307692308,0.0,0.995,,0.0,0.75,0.85
fresh_p_positive,0.97,0.995,209,236,0.0806451612903225,0.0806451612903225,0.0,0.0,0.9193548387096774,0.9032258064516128,-0.016129032258064613,0.016129032258064613,595.7903225806451,512.258064516129,-0.1,,0.0,0.0,0.75,1.0
previous_p_positive,0.5,0.75,154,155,0.1388888888888889,0.1388888888888889,0.0,0.0,0.8611111111111112,0.8472222222222222,-0.01388888888888895,0.01388888888888895,690.5694444444445,792.0694444444445,-0.1,0.995,0.0,0.0,,0.85
fresh_p_positive,0.97,0.995,612,639,0.1388888888888889,0.1388888888888889,0.0,0.0,0.8472222222222222,0.8611111111111112,0.01388888888888895,0.01388888888888895,773.8055555555555,732.7638888888889,0.0,,0.0,0.0,0.25,0.85
previous_p_positive,0.25,0.5,612,613,0.1388888888888889,0.1388888888888889,0.0,0.0,0.8472222222222222,0.8611111111111112,0.01388888888888895,0.01388888888888895,773.8055555555555,705.4444444444445,0.0,0.97,0.0,0.0,,0.85
fresh_p_positive,0.97,0.995,127,154,0.1388888888888889,0.1388888888888889,0.0,0.0,0.8472222222222222,0.8611111111111112,0.01388888888888895,0.01388888888888895,774.6111111111111,690.5694444444445,-0.1,,0.0,0.0,0.5,0.85
fresh_positive,0.85,1.0,370,451,0.1298701298701298,0.1298701298701298,0.0,0.0,0.8441558441558441,0.8571428571428571,0.012987012987012991,0.012987012987012991,783.1818181818181,741.1558441558442,-0.02,0.97,0.0,0.0,0.5,
previous_p_positive,0.5,0.75,370,371,0.1298701298701298,0.1298701298701298,0.0,0.0,0.8441558441558441,0.8571428571428571,0.012987012987012991,0.012987012987012991,783.1818181818181,869.8701298701299,-0.02,0.97,0.0,0.0,,0.85
previous_p_positive,0.5,0.75,721,722,0.1234567901234567,0.1234567901234567,0.0,0.0,0.8641975308641975,0.8765432098765432,0.012345679012345734,0.012345679012345734,609.6543209876543,620.074074074074,0.0,0.995,0.0,0.0,,1.0
fresh_p_positive,0.97,0.995,695,722,0.1234567901234567,0.1234567901234567,0.0,0.0,0.8641975308641975,0.8765432098765432,0.012345679012345734,0.012345679012345734,667.2716049382716,620.074074074074,0.0,,0.0,0.0,0.75,1.0
fresh_positive,0.85,1.0,366,447,0.1234567901234567,0.1234567901234567,0.0,0.0,0.8641975308641975,0.8765432098765432,0.012345679012345734,0.012345679012345734,763.2469135802469,695.1851851851852,-0.02,0.97,-0.1,0.25,0.25,
fresh_negative,-0.1,-0.02,156,399,0.0806451612903225,0.0806451612903225,0.0,0.0,0.9112903225806452,0.9032258064516128,-0.008064516129032473,0.008064516129032473,537.2741935483871,502.78225806451616,,0.995,0.0,0.1,0.25,0.85
previous_p_positive,0.25,0.5,693,694,0.0806451612903225,0.0806451612903225,0.0,0.0,0.9193548387096774,0.9112903225806452,-0.00806451612903214,0.00806451612903214,511.1532258064516,497.25,0.0,0.97,0.0,0.0,,1.0
fresh_p_positive,0.97,0.995,129,156,0.0806451612903225,0.0806451612903225,0.0,0.0,0.9193548387096774,0.9112903225806452,-0.00806451612903214,0.00806451612903214,554.5645161290323,537.2741935483871,-0.1,,0.0,0.1,0.25,0.85
fresh_negative,-0.02,0.0,450,693,0.0806451612903225,0.0806451612903225,0.0,0.0,0.9112903225806452,0.9193548387096774,0.00806451612903214,0.00806451612903214,564.766129032258,511.1532258064516,,0.97,0.0,0.0,0.25,1.0
fresh_p_positive,0.97,0.995,130,157,0.0714285714285714,0.0714285714285714,0.0,0.0,0.9214285714285714,0.9142857142857144,-0.0071428571428570065,0.0071428571428570065,487.82142857142856,419.8357142857143,-0.1,,0.0,0.1,0.5,0.85
previous_p_positive,0.5,0.75,400,401,0.0671140939597315,0.0671140939597315,0.0,0.0,0.9261744966442952,0.9328859060402684,0.006711409395973256,0.006711409395973256,393.248322147651,353.4630872483221,-0.02,0.995,0.0,0.1,,0.85
previous_p_positive,0.5,0.75,322,323,0.0671140939597315,0.0671140939597315,0.0,0.0,0.9261744966442952,0.9328859060402684,0.006711409395973256,0.006711409395973256,429.87919463087246,369.3087248322148,-0.02,0.995,0.0,0.25,,0.7
fresh_negative,-0.02,0.0,481,724,0.0666666666666666,0.0666666666666666,0.0,0.0,0.9266666666666666,0.9333333333333332,0.006666666666666599,0.006666666666666599,350.9866666666667,341.8933333333333,,0.995,0.0,0.1,0.5,1.0
previous_p_positive,0.25,0.5,480,481,0.0666666666666666,0.0666666666666666,0.0,0.0,0.9333333333333332,0.9266666666666666,-0.006666666666666599,0.006666666666666599,391.4666666666666,350.9866666666667,-0.02,0.995,0.0,0.1,,1.0
fresh_positive,0.85,1.0,158,239,0.0657894736842105,0.0657894736842105,0.0,0.0,0.9276315789473684,0.9342105263157896,0.00657894736842124,0.00657894736842124,353.4671052631579,342.88157894736844,-0.1,0.995,0.0,0.1,0.75,
fresh_p_positive,0.97,0.995,131,158,0.0657894736842105,0.0657894736842105,0.0,0.0,0.9342105263157896,0.9276315789473684,-0.00657894736842124,0.00657894736842124,419.7368421052632,353.4671052631579,-0.1,,0.0,0.1,0.75,0.85
previous_negative,-0.1,0.0,149,158,0.0657894736842105,0.0657894736842105,0.0,0.0,0.9342105263157896,0.9276315789473684,-0.00657894736842124,0.00657894736842124,419.7763157894737,353.4671052631579,-0.1,0.995,,0.1,0.75,0.85
fresh_negative,-0.02,0.0,482,725,0.0636942675159235,0.0636942675159235,0.0,0.0,0.929936305732484,0.9363057324840764,0.006369426751592466,0.006369426751592466,363.0,327.1210191082803,,0.995,0.0,0.1,0.75,1.0
previous_negative,-0.1,0.0,473,482,0.0636942675159235,0.0636942675159235,0.0,0.0,0.9363057324840764,0.929936305732484,-0.006369426751592466,0.006369426751592466,385.9426751592357,363.0,-0.02,0.995,,0.1,0.75,1.0
previous_negative,-0.25,-0.1,548,557,0.0636942675159235,0.0636942675159235,0.0,0.0,0.9363057324840764,0.929936305732484,-0.006369426751592466,0.006369426751592466,387.1656050955414,372.8089171974522,0.0,0.995,,0.25,0.75,0.7
previous_positive,0.1,0.25,211,214,0.0636942675159235,0.0636942675159235,0.0,0.0,0.929936305732484,0.9363057324840764,0.006369426751592466,0.006369426751592466,435.0254777070064,374.108280254777,-0.1,0.97,0.0,,0.5,1.0
fresh_negative,-0.02,0.0,446,689,0.059171597633136,0.059171597633136,0.0,0.0,0.9349112426035504,0.940828402366864,0.00591715976331364,0.00591715976331364,388.6390532544379,376.38461538461536,,0.97,-0.1,0.1,0.75,1.0
previous_p_positive,0.25,0.5,696,697,0.059171597633136,0.059171597633136,0.0,0.0,0.940828402366864,0.9349112426035504,-0.00591715976331364,0.00591715976331364,418.4733727810651,380.97633136094674,0.0,0.97,0.0,0.1,,1.0
fresh_negative,-0.1,-0.02,71,314,0.0495049504950495,0.0495049504950495,0.0,0.0,0.9455445544554456,0.9504950495049505,0.004950495049504844,0.004950495049504844,322.5495049504951,341.7277227722772,,0.995,-0.1,0.25,0.75,0.7
fresh_negative,-0.1,-0.02,132,375,0.0495049504950495,0.0495049504950495,0.0,0.0,0.9455445544554456,0.9504950495049505,0.004950495049504844,0.004950495049504844,466.1534653465346,385.8019801980198,,0.97,0.0,0.25,0.25,0.85
fresh_p_positive,0.97,0.995,132,159,0.0495049504950495,0.0495049504950495,0.0,0.0,0.9455445544554456,0.9504950495049505,0.004950495049504844,0.004950495049504844,466.1534653465346,328.9306930693069,-0.1,,0.0,0.25,0.25,0.85
previous_p_positive,0.25,0.5,132,133,0.0495049504950495,0.0495049504950495,0.0,0.0,0.9455445544554456,0.9504950495049505,0.004950495049504844,0.004950495049504844,466.1534653465346,376.8217821782178,-0.1,0.97,0.0,0.25,,0.85
previous_negative,-0.1,0.0,610,619,0.0344827586206896,0.0344827586206896,0.0,0.0,0.9620689655172414,0.9655172413793104,0.0034482758620689724,0.0034482758620689724,299.3172413793104,264.57586206896553,0.0,0.97,,0.25,0.5,0.85
fresh_positive,0.85,1.0,160,241,0.0323624595469255,0.0323624595469255,0.0,0.0,0.9676375404530744,0.964401294498382,-0.003236245954692407,0.003236245954692407,205.6990291262136,231.1747572815534,-0.1,0.995,0.0,0.25,0.5,
previous_p_positive,0.5,0.75,241,242,0.0323624595469255,0.0323624595469255,0.0,0.0,0.964401294498382,0.9676375404530744,0.003236245954692407,0.003236245954692407,231.1747572815534,206.9967637540453,-0.1,0.995,0.0,0.25,,1.0
fresh_negative,-0.02,0.0,404,647,0.0298507462686567,0.0298507462686567,0.0,0.0,0.9671641791044776,0.9701492537313432,0.0029850746268655914,0.0029850746268655914,198.17014925373132,189.9074626865672,,0.995,0.0,0.25,0.75,0.85
fresh_positive,0.85,1.0,647,728,0.0298507462686567,0.0298507462686567,0.0,0.0,0.9701492537313432,0.9701492537313432,0.0,0.0,189.9074626865672,219.74029850746268,0.0,0.995,0.0,0.25,0.75,
fresh_negative,-0.1,-0.02,152,395,0.0313479623824451,0.0313479623824451,0.0,0.0,0.9686520376175548,0.9686520376175548,0.0,0.0,208.89655172413796,202.31974921630092,,0.995,-0.1,0.25,0.75,0.85
previous_negative,-0.25,-0.1,143,152,0.0313479623824451,0.0313479623824451,0.0,0.0,0.9686520376175548,0.9686520376175548,0.0,0.0,228.64890282131665,208.89655172413796,-0.1,0.995,,0.25,0.75,0.85
fresh_negative,-0.02,0.0,368,611,0.0313479623824451,0.0313479623824451,0.0,0.0,0.9686520376175548,0.9686520376175548,0.0,0.0,239.5485893416928,235.4451410658307,,0.97,-0.1,0.25,0.75,0.85
fresh_p_positive,0.97,0.995,368,395,0.0313479623824451,0.0313479623824451,0.0,0.0,0.9686520376175548,0.9686520376175548,0.0,0.0,239.5485893416928,202.31974921630092,-0.02,,-0.1,0.25,0.75,0.85
previous_negative,-0.1,0.0,368,377,0.0313479623824451,0.0313479623824451,0.0,0.0,0.9686520376175548,0.9686520376175548,0.0,0.0,239.5485893416928,228.1630094043887,-0.02,0.97,,0.25,0.75,0.85
fresh_negative,-0.1,-0.02,160,403,0.0323624595469255,0.0323624595469255,0.0,0.0,0.9676375404530744,0.9676375404530744,0.0,0.0,205.6990291262136,217.1812297734628,,0.995,0.0,0.25,0.5,0.85
fresh_p_positive,0.97,0.995,376,403,0.0323624595469255,0.0323624595469255,0.0,0.0,0.9676375404530744,0.9676375404530744,0.0,0.0,235.48543689320388,217.1812297734628,-0.02,,0.0,0.25,0.5,0.85
previous_negative,-0.1,0.0,151,160,0.0323624595469255,0.0323624595469255,0.0,0.0,0.9676375404530744,0.9676375404530744,0.0,0.0,284.06472491909386,205.6990291262136,-0.1,0.995,,0.25,0.5,0.85
previous_p_positive,0.5,0.75,700,701,0.0344827586206896,0.0344827586206896,0.0,0.0,0.9655172413793104,0.9655172413793104,0.0,0.0,248.67586206896556,241.9,0.0,0.97,0.0,0.25,,1.0
fresh_positive,0.85,1.0,619,700,0.0344827586206896,0.0344827586206896,0.0,0.0,0.9655172413793104,0.9655172413793104,0.0,0.0,264.57586206896553,248.67586206896556,0.0,0.97,0.0,0.25,0.5,
fresh_p_positive,0.97,0.995,619,646,0.0344827586206896,0.0344827586206896,0.0,0.0,0.9655172413793104,0.9655172413793104,0.0,0.0,264.57586206896553,199.3448275862069,0.0,,0.0,0.25,0.5,0.85
fresh_negative,-0.1,-0.02,206,449,0.0344827586206896,0.0344827586206896,0.0,0.0,0.9655172413793104,0.9655172413793104,0.0,0.0,280.4103448275862,272.05172413793105,,0.97,-0.1,0.25,0.75,1.0
fresh_negative,-0.1,-0.02,233,476,0.0355871886120996,0.0355871886120996,0.0,0.0,0.9644128113879004,0.9644128113879004,0.0,0.0,219.73665480427047,225.4697508896797,,0.995,-0.1,0.25,0.75,1.0
fresh_negative,-0.02,0.0,476,719,0.0355871886120996,0.0355871886120996,0.0,0.0,0.9644128113879004,0.9644128113879004,0.0,0.0,225.4697508896797,224.067615658363,,0.995,-0.1,0.25,0.75,1.0
fresh_negative,-0.02,0.0,296,539,0.0526315789473684,0.0526315789473684,0.0,0.0,0.9473684210526316,0.9473684210526316,0.0,0.0,377.16315789473686,379.5052631578947,,0.97,0.0,0.25,0.75,0.7
fresh_negative,-0.1,-0.02,197,440,0.059171597633136,0.059171597633136,0.0,0.0,0.9349112426035504,0.9349112426035504,0.0,0.0,478.4674556213018,399.0769230769231,,0.97,-0.25,0.25,0.75,1.0
fresh_p_positive,0.97,0.995,211,238,0.0636942675159235,0.0636942675159235,0.0,0.0,0.929936305732484,0.929936305732484,0.0,0.0,435.0254777070064,365.3503184713376,-0.1,,0.0,0.1,0.5,1.0
previous_p_positive,0.5,0.75,211,212,0.0636942675159235,0.0636942675159235,0.0,0.0,0.929936305732484,0.929936305732484,0.0,0.0,435.0254777070064,413.6433121019109,-0.1,0.97,0.0,0.1,,1.0
previous_negative,-0.1,0.0,635,644,0.0657894736842105,0.0657894736842105,0.0,0.0,0.9210526315789472,0.9210526315789472,0.0,0.0,459.1513157894737,394.7631578947368,0.0,0.995,,0.1,0.75,0.85
fresh_negative,-0.02,0.0,323,566,0.0671140939597315,0.0671140939597315,0.0,0.0,0.9328859060402684,0.9328859060402684,0.0,0.0,369.3087248322148,329.3959731543624,,0.995,0.0,0.25,0.75,0.7
previous_p_positive,0.5,0.75,616,617,0.0671140939597315,0.0671140939597315,0.0,0.0,0.9328859060402684,0.9328859060402684,0.0,0.0,461.5234899328859,417.241610738255,0.0,0.97,0.0,0.1,,0.85
fresh_negative,-0.1,-0.02,213,456,0.0671140939597315,0.0671140939597315,0.0,0.0,0.9328859060402684,0.9328859060402684,0.0,0.0,477.38926174496646,386.76510067114094,,0.97,0.0,0.25,0.25,1.0
fresh_p_positive,0.97,0.995,295,322,0.0671140939597315,0.0671140939597315,0.0,0.0,0.9261744966442952,0.9261744966442952,0.0,0.0,534.771812080537,429.87919463087246,-0.02,,0.0,0.25,0.5,0.7
fresh_positive,0.85,1.0,129,210,0.0806451612903225,0.0806451612903225,0.0,0.0,0.9193548387096774,0.9193548387096774,0.0,0.0,554.5645161290323,476.75,-0.1,0.97,0.0,0.1,0.25,
fresh_positive,0.85,1.0,599,680,0.0806451612903225,0.0806451612903225,0.0,0.0,0.9193548387096774,0.9193548387096774,0.0,0.0,567.3387096774194,519.6290322580645,0.0,0.97,-0.25,0.1,0.75,
fresh_negative,-0.02,0.0,447,690,0.1234567901234567,0.1234567901234567,0.0,0.0,0.8765432098765432,0.8765432098765432,0.0,0.0,695.1851851851852,751.0987654320987,,0.97,-0.1,0.25,0.25,1.0
fresh_p_positive,0.97,0.995,437,464,0.1234567901234567,0.1234567901234567,0.0,0.0,0.8765432098765432,0.8765432098765432,0.0,0.0,728.1851851851852,599.8024691358024,-0.02,,-0.25,0.1,0.75,1.0
fresh_negative,-0.1,-0.02,194,437,0.1234567901234567,0.1234567901234567,0.0,0.0,0.8765432098765432,0.8765432098765432,0.0,0.0,733.8271604938271,728.1851851851852,,0.97,-0.25,0.1,0.75,1.0
fresh_p_positive,0.97,0.995,208,235,0.1234567901234567,0.1234567901234567,0.0,0.0,0.8765432098765432,0.8765432098765432,0.0,0.0,736.6296296296297,652.0493827160494,-0.1,,0.0,0.0,0.5,1.0
fresh_negative,-0.02,0.0,393,636,0.1298701298701298,0.1298701298701298,0.0,0.0,0.8701298701298701,0.8701298701298701,0.0,0.0,631.987012987013,650.3116883116883,,0.995,-0.1,0.25,0.25,0.85
fresh_positive,0.85,1.0,636,717,0.1298701298701298,0.1298701298701298,0.0,0.0,0.8701298701298701,0.8701298701298701,0.0,0.0,650.3116883116883,659.4025974025974,0.0,0.995,-0.1,0.25,0.25,
fresh_negative,-0.1,-0.02,223,466,0.1298701298701298,0.1298701298701298,0.0,0.0,0.8571428571428571,0.8571428571428571,0.0,0.0,756.6233766233767,731.5194805194806,,0.995,-0.25,0.25,0.5,1.0
fresh_p_positive,0.97,0.995,609,636,0.1298701298701298,0.1298701298701298,0.0,0.0,0.8701298701298701,0.8701298701298701,0.0,0.0,824.9090909090909,650.3116883116883,0.0,,-0.1,0.25,0.25,0.85
previous_p_positive,0.5,0.75,127,128,0.1388888888888889,0.1388888888888889,0.0,0.0,0.8472222222222222,0.8472222222222222,0.0,0.0,774.6111111111111,811.2361111111111,-0.1,0.97,0.0,0.0,,0.85
fresh_p_positive,0.97,0.995,128,155,0.1388888888888889,0.1388888888888889,0.0,0.0,0.8472222222222222,0.8472222222222222,0.0,0.0,811.2361111111111,792.0694444444445,-0.1,,0.0,0.0,0.75,0.85
fresh_negative,-0.02,0.0,332,575,0.1587301587301587,0.1587301587301587,0.0,0.0,0.8412698412698413,0.8412698412698413,0.0,0.0,1167.3650793650793,1122.5396825396826,,0.9,-0.25,0.25,0.75,0.85
previous_negative,-0.25,-0.1,332,341,0.1587301587301587,0.1587301587301587,0.0,0.0,0.8412698412698413,0.8412698412698413,0.0,0.0,1167.3650793650793,950.6349206349206,-0.02,0.9,,0.25,0.75,0.85
fresh_negative,-0.02,0.0,427,670,0.1724137931034483,0.1724137931034483,0.0,0.0,0.8275862068965517,0.8275862068965517,0.0,0.0,999.8103448275862,1109.896551724138,,0.9,0.0,0.1,0.5,1.0
previous_p_positive,0.25,0.5,426,427,0.1724137931034483,0.1724137931034483,0.0,0.0,0.8275862068965517,0.8275862068965517,0.0,0.0,1010.3620689655172,999.8103448275862,-0.02,0.9,0.0,0.1,,1.0
fresh_negative,-0.1,-0.02,119,362,0.1886792452830188,0.1886792452830188,0.0,0.0,0.8113207547169812,0.8113207547169812,0.0,0.0,949.8679245283018,1026.433962264151,,0.97,-0.1,0.0,0.75,0.85
fresh_p_positive,0.97,0.995,119,146,0.1886792452830188,0.1886792452830188,0.0,0.0,0.8113207547169812,0.8113207547169812,0.0,0.0,949.8679245283018,912.5283018867924,-0.1,,-0.1,0.0,0.75,0.85
previous_negative,-0.1,0.0,605,614,0.1886792452830188,0.1886792452830188,0.0,0.0,0.8113207547169812,0.8113207547169812,0.0,0.0,958.0188679245284,917.1698113207548,0.0,0.97,,0.0,0.75,0.85
fresh_negative,-0.02,0.0,362,605,0.1886792452830188,0.1886792452830188,0.0,0.0,0.8113207547169812,0.8113207547169812,0.0,0.0,1026.433962264151,958.0188679245284,,0.97,-0.1,0.0,0.75,0.85
fresh_negative,-0.1,-0.02,153,396,0.1923076923076923,0.1923076923076923,0.0,0.0,0.8076923076923077,0.8076923076923077,0.0,0.0,827.4038461538462,794.2884615384615,,0.995,0.0,0.0,0.25,0.85
fresh_p_positive,0.97,0.995,369,396,0.1923076923076923,0.1923076923076923,0.0,0.0,0.8076923076923077,0.8076923076923077,0.0,0.0,913.75,794.2884615384615,-0.02,,0.0,0.0,0.25,0.85
previous_p_positive,0.5,0.75,199,200,0.196078431372549,0.196078431372549,0.0,0.0,0.803921568627451,0.803921568627451,0.0,0.0,1016.2352941176472,887.8627450980392,-0.1,0.97,-0.1,0.0,,1.0
previous_negative,-0.25,-0.1,677,686,0.196078431372549,0.196078431372549,0.0,0.0,0.803921568627451,0.803921568627451,0.0,0.0,1031.235294117647,890.2352941176471,0.0,0.97,,0.0,0.75,1.0
fresh_negative,-0.1,-0.02,218,461,0.2,0.2,0.0,0.0,0.8,0.8,0.0,0.0,893.32,844.22,,0.995,-0.25,0.0,0.75,1.0
fresh_positive,0.85,1.0,380,461,0.2,0.2,0.0,0.0,0.8,0.8,0.0,0.0,938.06,844.22,-0.02,0.995,-0.25,0.0,0.75,
previous_negative,-0.25,-0.1,380,389,0.2,0.2,0.0,0.0,0.8,0.8,0.0,0.0,938.06,874.44,-0.02,0.995,,0.0,0.75,0.85
fresh_negative,-0.1,-0.02,120,363,0.2,0.2,0.0,0.0,0.8,0.8,0.0,0.0,971.84,1012.68,,0.97,-0.1,0.1,0.25,0.85
fresh_p_positive,0.97,0.995,120,147,0.2,0.2,0.0,0.0,0.8,0.8,0.0,0.0,971.84,951.34,-0.1,,-0.1,0.1,0.25,0.85
fresh_negative,-0.02,0.0,363,606,0.2,0.2,0.0,0.0,0.8,0.8,0.0,0.0,1012.68,989.34,,0.97,-0.1,0.1,0.25,0.85
previous_p_positive,0.5,0.75,562,563,0.2,0.2,0.0,0.0,0.78,0.78,0.0,0.0,1102.78,1041.76,0.0,0.995,0.0,0.1,,0.7
previous_positive,0.1,0.25,653,656,0.2,0.2,0.0,0.0,0.8,0.8,0.0,0.0,1139.8,1117.68,0.0,0.9,-0.25,,0.75,1.0
fresh_positive,0.85,1.0,348,429,0.2,0.2,0.0,0.0,0.8,0.8,0.0,0.0,1194.48,1103.96,-0.02,0.9,0.0,0.25,0.25,
fresh_negative,-0.02,0.0,346,589,0.2,0.2,0.0,0.0,0.8,0.8,0.0,0.0,1195.3,1122.14,,0.9,0.0,0.1,0.5,0.85
fresh_positive,0.85,1.0,633,714,0.2040816326530612,0.2040816326530612,0.0,0.0,0.7959183673469388,0.7959183673469388,0.0,0.0,862.1428571428571,850.8163265306123,0.0,0.995,-0.1,0.1,0.25,
fresh_negative,-0.02,0.0,390,633,0.2040816326530612,0.2040816326530612,0.0,0.0,0.7959183673469388,0.7959183673469388,0.0,0.0,949.734693877551,862.1428571428571,,0.995,-0.1,0.1,0.25,0.85
fresh_negative,-0.02,0.0,418,661,0.2040816326530612,0.2040816326530612,0.0,0.0,0.7959183673469388,0.7959183673469388,0.0,0.0,1171.142857142857,1093.9591836734694,,0.9,-0.1,0.1,0.5,1.0
previous_negative,-0.1,0.0,98,107,0.2040816326530612,0.2040816326530612,0.0,0.0,0.7959183673469388,0.7959183673469388,0.0,0.0,1209.9591836734694,1123.0,-0.1,0.9,,0.25,0.75,0.85
previous_positive,0.1,0.25,410,413,0.2040816326530612,0.2040816326530612,0.0,0.0,0.7959183673469388,0.7959183673469388,0.0,0.0,1214.061224489796,1105.2448979591836,-0.02,0.9,-0.25,,0.75,1.0
previous_p_positive,0.25,0.5,117,118,0.2040816326530612,0.2040816326530612,0.0,0.0,0.7755102040816326,0.7755102040816326,0.0,0.0,1214.1020408163265,1049.1020408163265,-0.1,0.97,-0.1,0.0,,0.85
previous_p_positive,0.25,0.5,711,712,0.2083333333333333,0.2083333333333333,0.0,0.0,0.7916666666666666,0.7916666666666666,0.0,0.0,909.0208333333334,817.5,0.0,0.995,-0.1,0.0,,1.0
fresh_p_positive,0.97,0.995,527,554,0.2083333333333333,0.2083333333333333,0.0,0.0,0.7708333333333334,0.7708333333333334,0.0,0.0,1007.3541666666666,977.2083333333334,0.0,,-0.1,0.1,0.75,0.7
previous_negative,-0.25,-0.1,545,554,0.2083333333333333,0.2083333333333333,0.0,0.0,0.7708333333333334,0.7708333333333334,0.0,0.0,1136.4791666666667,977.2083333333334,0.0,0.995,,0.1,0.75,0.7
fresh_negative,-0.1,-0.02,181,424,0.217391304347826,0.217391304347826,0.0,0.0,0.782608695652174,0.782608695652174,0.0,0.0,1101.2608695652175,1179.5652173913045,,0.9,0.0,0.0,0.5,1.0
previous_positive,0.0,0.1,181,184,0.217391304347826,0.217391304347826,0.0,0.0,0.782608695652174,0.782608695652174,0.0,0.0,1101.2608695652175,1281.7608695652175,-0.1,0.9,0.0,,0.5,1.0
fresh_negative,-0.02,0.0,260,503,0.217391304347826,0.217391304347826,0.0,0.0,0.782608695652174,0.782608695652174,0.0,0.0,1328.2826086956522,1137.8695652173913,,0.9,-0.1,0.25,0.75,0.7
fresh_negative,-0.02,0.0,275,518,0.217391304347826,0.217391304347826,0.0,0.0,0.7391304347826086,0.7391304347826086,0.0,0.0,1385.5652173913045,1480.6521739130435,,0.97,-0.25,0.1,0.75,0.7
previous_p_positive,0.5,0.75,667,668,0.2222222222222222,0.2222222222222222,0.0,0.0,0.7777777777777778,0.7777777777777778,0.0,0.0,1109.9555555555555,1116.088888888889,0.0,0.9,0.0,0.0,,1.0
previous_positive,0.1,0.25,183,186,0.2222222222222222,0.2222222222222222,0.0,0.0,0.7777777777777778,0.7777777777777778,0.0,0.0,1327.0666666666666,1346.2,-0.1,0.9,0.0,,0.25,1.0
previous_negative,-0.1,0.0,176,185,0.2272727272727272,0.2272727272727272,0.0,0.0,0.7727272727272727,0.7727272727272727,0.0,0.0,1256.659090909091,1220.2045454545455,-0.1,0.9,,0.1,0.75,1.0
previous_p_positive,0.5,0.75,175,176,0.2272727272727272,0.2272727272727272,0.0,0.0,0.7727272727272727,0.7727272727272727,0.0,0.0,1316.8636363636365,1256.659090909091,-0.1,0.9,-0.1,0.1,,1.0
fresh_negative,-0.02,0.0,343,586,0.2325581395348837,0.2325581395348837,0.0,0.0,0.7441860465116279,0.7441860465116279,0.0,0.0,1336.0,1368.9767441860463,,0.9,0.0,0.0,0.5,0.85
previous_negative,-0.1,0.0,173,182,0.238095238095238,0.238095238095238,0.0,0.0,0.7619047619047619,0.7619047619047619,0.0,0.0,1320.7857142857142,1177.1666666666667,-0.1,0.9,,0.0,0.75,1.0
fresh_p_positive,0.97,0.995,283,310,0.25,0.25,0.0,0.0,0.725,0.725,0.0,0.0,1433.275,1303.25,-0.02,,-0.1,0.1,0.5,0.7
fresh_negative,-0.02,0.0,335,578,0.25,0.25,0.0,0.0,0.75,0.75,0.0,0.0,1622.05,1365.8,,0.9,-0.1,0.0,0.75,0.85
previous_negative,-0.1,0.0,335,344,0.25,0.25,0.0,0.0,0.75,0.75,0.0,0.0,1622.05,1300.725,-0.02,0.9,,0.0,0.75,0.85
fresh_p_positive,0.97,0.995,681,708,0.3703703703703703,0.3703703703703703,0.0,0.0,0.6296296296296297,0.6296296296296297,0.0,0.0,1627.074074074074,1647.6296296296296,0.0,,-0.25,0.25,0.25,1.0
fresh_negative,-0.02,0.0,409,652,0.3703703703703703,0.3703703703703703,0.0,0.0,0.6296296296296297,0.6296296296296297,0.0,0.0,1848.1851851851848,1617.148148148148,,0.9,-0.25,0.1,0.5,1.0
previous_p_positive,0.5,0.75,100,101,0.3703703703703703,0.3703703703703703,0.0,0.0,0.6296296296296297,0.6296296296296297,0.0,0.0,1854.0,1741.7777777777778,-0.1,0.9,0.0,0.0,,0.85
previous_p_positive,0.25,0.5,333,334,0.3703703703703703,0.3703703703703703,0.0,0.0,0.6296296296296297,0.6296296296296297,0.0,0.0,1905.6666666666667,1807.555555555556,-0.02,0.9,-0.1,0.0,,0.85
fresh_negative,-0.1,-0.02,164,407,0.3703703703703703,0.3703703703703703,0.0,0.0,0.6296296296296297,0.6296296296296297,0.0,0.0,1924.851851851852,1586.2592592592594,,0.9,-0.25,0.0,0.75,1.0
previous_p_positive,0.25,0.5,171,172,0.3703703703703703,0.3703703703703703,0.0,0.0,0.6296296296296297,0.6296296296296297,0.0,0.0,2071.3703703703704,1815.037037037037,-0.1,0.9,-0.1,0.0,,1.0
previous_p_positive,0.25,0.5,315,316,0.4,0.4,0.0,0.0,0.56,0.56,0.0,0.0,1900.76,2055.44,-0.02,0.995,0.0,0.0,,0.7
fresh_p_positive,0.97,0.995,289,316,0.4,0.4,0.0,0.0,0.56,0.56,0.0,0.0,1961.76,2055.44,-0.02,,0.0,0.0,0.5,0.7
fresh_p_positive,0.97,0.995,111,138,0.4,0.4,0.0,0.0,0.6,0.6,0.0,0.0,1976.84,2129.04,-0.1,,-0.25,0.1,0.25,0.85
fresh_negative,-0.1,-0.02,96,339,0.4,0.4,0.0,0.0,0.6,0.6,0.0,0.0,2046.8,1905.96,,0.9,-0.1,0.25,0.25,0.85
previous_negative,-0.1,0.0,17,26,0.4,0.4,0.0,0.0,0.6,0.6,0.0,0.0,2142.36,1808.16,-0.1,0.9,,0.25,0.75,0.7
fresh_negative,-0.1,-0.02,58,301,0.4,0.4,0.0,0.0,0.56,0.56,0.0,0.0,2167.08,1917.52,,0.995,-0.25,0.1,0.5,0.7
fresh_positive,0.85,1.0,381,462,0.4166666666666667,0.4166666666666667,0.0,0.0,0.5833333333333334,0.5833333333333334,0.0,0.0,1835.4583333333333,2002.2916666666667,-0.02,0.995,-0.25,0.1,0.25,
fresh_positive,0.85,1.0,597,678,0.4166666666666667,0.4166666666666667,0.0,0.0,0.5833333333333334,0.5833333333333334,0.0,0.0,1919.5,2014.75,0.0,0.97,-0.25,0.1,0.25,
fresh_negative,-0.1,-0.02,219,462,0.4166666666666667,0.4166666666666667,0.0,0.0,0.5833333333333334,0.5833333333333334,0.0,0.0,2001.75,2002.2916666666667,,0.995,-0.25,0.1,0.25,1.0
fresh_negative,-0.02,0.0,462,705,0.4166666666666667,0.4166666666666667,0.0,0.0,0.5833333333333334,0.5833333333333334,0.0,0.0,2002.2916666666667,1903.2916666666667,,0.995,-0.25,0.1,0.25,1.0
fresh_p_positive,0.97,0.995,678,705,0.4166666666666667,0.4166666666666667,0.0,0.0,0.5833333333333334,0.5833333333333334,0.0,0.0,2014.75,1903.2916666666667,0.0,,-0.25,0.1,0.25,1.0
fresh_negative,-0.02,0.0,351,594,0.4347826086956521,0.4347826086956521,0.0,0.0,0.5652173913043478,0.5652173913043478,0.0,0.0,2070.8695652173915,2116.086956521739,,0.97,-0.25,0.0,0.25,0.85
previous_positive,0.0,0.1,351,354,0.4347826086956521,0.4347826086956521,0.0,0.0,0.5652173913043478,0.5652173913043478,0.0,0.0,2070.8695652173915,1886.5652173913045,-0.02,0.97,-0.25,,0.25,0.85
fresh_positive,0.85,1.0,568,649,0.4347826086956521,0.4347826086956521,0.0,0.0,0.5652173913043478,0.5652173913043478,0.0,0.0,2573.304347826087,1878.1304347826087,0.0,0.9,-0.25,0.0,0.5,
fresh_negative,-0.1,-0.02,192,435,0.4761904761904761,0.4761904761904761,0.0,0.0,0.5238095238095238,0.5238095238095238,0.0,0.0,1999.2857142857144,2376.619047619048,,0.97,-0.25,0.1,0.25,1.0
previous_positive,0.0,0.1,432,435,0.4761904761904761,0.4761904761904761,0.0,0.0,0.5238095238095238,0.5238095238095238,0.0,0.0,2214.4761904761904,2376.619047619048,-0.02,0.97,-0.25,,0.25,1.0
fresh_p_positive,0.97,0.995,282,309,0.5,0.5,0.0,0.0,0.5,0.5,0.0,0.0,2160.4,2158.8,-0.02,,-0.1,0.1,0.25,0.7
fresh_positive,0.85,1.0,378,459,0.5,0.5,0.0,0.0,0.5,0.5,0.0,0.0,2254.05,2144.7,-0.02,0.995,-0.25,0.0,0.25,
previous_positive,0.0,0.1,262,265,0.5,0.5,0.0,0.0,0.5,0.5,0.0,0.0,2542.2,2159.55,-0.02,0.9,0.0,,0.5,0.7
fresh_negative,-0.02,0.0,272,515,0.5555555555555556,0.5555555555555556,0.0,0.0,0.4444444444444444,0.4444444444444444,0.0,0.0,2407.6111111111118,2193.5,,0.97,-0.25,0.0,0.75,0.7
fresh_p_positive,0.97,0.995,272,299,0.5555555555555556,0.5555555555555556,0.0,0.0,0.4444444444444444,0.4444444444444444,0.0,0.0,2407.6111111111118,2192.6111111111118,-0.02,,-0.25,0.0,0.75,0.7
previous_p_positive,0.25,0.5,36,37,0.5555555555555556,0.5555555555555556,0.0,0.0,0.4444444444444444,0.4444444444444444,0.0,0.0,2614.1111111111118,2420.9444444444443,-0.1,0.97,-0.1,0.0,,0.7
fresh_negative,-0.1,-0.02,165,408,0.5882352941176471,0.5882352941176471,0.0,0.0,0.4117647058823529,0.4117647058823529,0.0,0.0,2680.529411764706,2683.6470588235293,,0.9,-0.25,0.1,0.25,1.0
previous_negative,-0.1,0.0,254,263,0.625,0.625,0.0,0.0,0.375,0.375,0.0,0.0,2630.0,2877.125,-0.02,0.9,,0.0,0.75,0.7
previous_p_positive,0.5,0.75,28,29,0.6666666666666666,0.6666666666666666,0.0,0.0,0.3333333333333333,0.3333333333333333,0.0,0.0,2903.5333333333333,2564.8,-0.1,0.97,-0.25,0.0,,0.7
fresh_positive,0.85,1.0,324,405,0.7692307692307693,0.7692307692307693,0.0,0.0,0.2307692307692307,0.2307692307692307,0.0,0.0,3129.769230769231,2927.230769230769,-0.02,0.9,-0.25,0.0,0.25,
previous_p_positive,0.25,0.5,54,55,0.8333333333333334,0.8333333333333334,0.0,0.0,0.1666666666666666,0.1666666666666666,0.0,0.0,3135.5,3161.583333333333,-0.1,0.995,-0.25,0.0,,0.7
previous_p_positive,0.5,0.75,487,488,0.8333333333333334,0.8333333333333334,0.0,0.0,0.1666666666666666,0.1666666666666666,0.0,0.0,3362.1666666666665,3106.333333333333,0.0,0.9,-0.25,0.0,,0.7
previous_positive,0.0,0.1,495,498,0.8333333333333334,0.8333333333333334,0.0,0.0,0.1666666666666666,0.1666666666666666,0.0,0.0,3363.4166666666665,3285.4166666666665,0.0,0.9,-0.1,,0.25,0.7
fresh_negative,-0.1,-0.02,30,273,0.8333333333333334,0.8333333333333334,0.0,0.0,0.1666666666666666,0.1666666666666666,0.0,0.0,3372.0,3268.833333333333,,0.97,-0.25,0.1,0.25,0.7
previous_positive,0.0,0.1,10,13,0.9090909090909092,0.9090909090909092,0.0,0.0,0.0909090909090909,0.0909090909090909,0.0,0.0,3345.909090909091,3447.0,-0.1,0.9,-0.1,,0.5,0.7
fresh_p_positive,0.97,0.995,270,297,0.9090909090909092,0.9090909090909092,0.0,0.0,0.0909090909090909,0.0909090909090909,0.0,0.0,3353.818181818182,3354.090909090909,-0.02,,-0.25,0.0,0.25,0.7
previous_negative,-0.1,0.0,9,18,0.9090909090909092,0.9090909090909092,0.0,0.0,0.0909090909090909,0.0909090909090909,0.0,0.0,3364.3636363636365,3643.363636363637,-0.1,0.9,,0.0,0.25,0.7
previous_p_positive,0.25,0.5,9,10,0.9090909090909092,0.9090909090909092,0.0,0.0,0.0909090909090909,0.0909090909090909,0.0,0.0,3364.3636363636365,3345.909090909091,-0.1,0.9,-0.1,0.0,,0.7
fresh_negative,-0.1,-0.02,27,270,0.9090909090909092,0.9090909090909092,0.0,0.0,0.0909090909090909,0.0909090909090909,0.0,0.0,3369.7272727272725,3353.818181818182,,0.97,-0.25,0.0,0.25,0.7
previous_positive,0.1,0.25,489,492,0.9090909090909092,0.9090909090909092,0.0,0.0,0.0909090909090909,0.0909090909090909,0.0,0.0,3490.090909090909,3441.7272727272725,0.0,0.9,-0.25,,0.25,0.7
previous_positive,0.0,0.1,486,489,0.9090909090909092,0.9090909090909092,0.0,0.0,0.0909090909090909,0.0909090909090909,0.0,0.0,3491.7272727272725,3490.090909090909,0.0,0.9,-0.25,,0.25,0.7
previous_negative,-0.25,-0.1,4,13,0.9090909090909092,0.9090909090909092,0.0,0.0,0.0909090909090909,0.0909090909090909,0.0,0.0,3523.090909090909,3447.0,-0.1,0.9,,0.1,0.5,0.7
fresh_negative,-0.1,-0.02,2,245,0.9090909090909092,0.9090909090909092,0.0,0.0,0.0909090909090909,0.0909090909090909,0.0,0.0,3533.3636363636365,3353.6363636363635,,0.9,-0.25,0.0,0.75,0.7
fresh_negative,-0.02,0.0,246,489,0.9090909090909092,0.9090909090909092,0.0,0.0,0.0909090909090909,0.0909090909090909,0.0,0.0,3590.181818181818,3490.090909090909,,0.9,-0.25,0.1,0.25,0.7
fresh_negative,-0.1,-0.02,0,243,1.0,1.0,0.0,0.0,0.0,0.0,0.0,0.0,3680.0,3680.0,,0.9,-0.25,0.0,0.25,0.7
previous_positive,0.0,0.1,0,3,1.0,1.0,0.0,0.0,0.0,0.0,0.0,0.0,3680.0,3680.0,-0.1,0.9,-0.25,,0.25,0.7
previous_p_positive,0.25,0.5,0,1,1.0,1.0,0.0,0.0,0.0,0.0,0.0,0.0,3680.0,3680.0,-0.1,0.9,-0.25,0.0,,0.7
fresh_negative,-0.1,-0.02,1,244,1.0,1.0,0.0,0.0,0.0,0.0,0.0,0.0,3680.0,3680.0,,0.9,-0.25,0.0,0.5,0.7
previous_negative,-0.25,-0.1,3,12,1.0,1.0,0.0,0.0,0.0,0.0,0.0,0.0,3680.0,3680.0,-0.1,0.9,,0.1,0.25,0.7
previous_positive,0.1,0.25,3,6,1.0,1.0,0.0,0.0,0.0,0.0,0.0,0.0,3680.0,3680.0,-0.1,0.9,-0.25,,0.25,0.7
fresh_negative,-0.1,-0.02,6,249,1.0,1.0,0.0,0.0,0.0,0.0,0.0,0.0,3680.0,3680.0,,0.9,-0.25,0.25,0.25,0.7
previous_p_positive,0.25,0.5,243,244,1.0,1.0,0.0,0.0,0.0,0.0,0.0,0.0,3680.0,3680.0,-0.02,0.9,-0.25,0.0,,0.7
